customer_id,email,first_name,last_name,signup_date,country,gender,birth_year,loyalty_tier
C00001,morgan.nguyen1@example.com,Morgan,Nguyen,2022-04-06,France,M,1978,Bronze
C00002,sam.wilson2@example.com,Sam,Wilson,2025-01-06,United States,F,1986,Gold
C00003,alex.lee3@example.com,Alex,Lee,2025-02-17,Canada,F,2000,Bronze
C00004,morgan.patel4@example.com,Morgan,Patel,2023-05-06,France,Other,1970,Bronze
C00005,taylor.wilson5@example.com,Taylor,Wilson,2023-03-28,United States,Other,1991,Bronze
C00006,blake.kumar6@example.com,Blake,Kumar,2022-07-01,India,Other,1975,Silver
C00007,cameron.nguyen7@example.com,Cameron,Nguyen,2024-06-28,United States,Other,1985,Bronze
C00008,blake.martin8@example.com,Blake,Martin,2024-04-02,Canada,M,2002,Silver
C00009,cameron.wilson9@example.com,Cameron,Wilson,2022-01-07,India,F,1964,Silver
C00010,morgan.singh10@example.com,Morgan,Singh,2024-02-14,United Kingdom,F,1987,Bronze
C00011,robin.garcia11@example.com,Robin,Garcia,2022-05-31,Australia,Other,1975,Gold
C00012,riley.wilson12@example.com,Riley,Wilson,2022-05-27,India,F,2002,Silver
C00013,chris.brown13@example.com,Chris,Brown,2024-07-03,India,Other,1990,Bronze
C00014,pat.lopez14@example.com,Pat,Lopez,2025-08-01,India,Other,1972,Silver
C00015,jamie.kumar15@example.com,Jamie,Kumar,2023-05-29,France,M,1955,Silver
C00016,robin.lee16@example.com,Robin,Lee,2024-03-25,United Kingdom,Other,1959,Silver
C00017,pat.lee17@example.com,Pat,Lee,2024-01-16,Brazil,Other,1956,Silver
C00018,chris.brown18@example.com,Chris,Brown,2023-12-08,Brazil,M,1977,Bronze
C00019,taylor.lopez19@example.com,Taylor,Lopez,2025-02-16,Canada,F,1966,Silver
C00020,morgan.nguyen20@example.com,Morgan,Nguyen,2022-09-18,Canada,F,1991,Silver
C00021,jamie.garcia21@example.com,Jamie,Garcia,2024-07-22,United States,M,1984,Silver
C00022,blake.kumar22@example.com,Blake,Kumar,2024-06-23,Brazil,F,1988,Gold
C00023,taylor.johnson23@example.com,Taylor,Johnson,2024-12-12,Brazil,F,1998,Silver
C00024,alex.khan24@example.com,Alex,Khan,2024-05-03,United States,F,1998,Silver
C00025,jordan.kumar25@example.com,Jordan,Kumar,2025-07-27,India,Other,1971,Bronze
C00026,riley.martin26@example.com,Riley,Martin,2023-12-15,France,Other,1984,Gold
C00027,avery.singh27@example.com,Avery,Singh,2023-09-24,France,Other,2000,Bronze
C00028,jamie.johnson28@example.com,Jamie,Johnson,2022-05-08,Germany,F,1986,Bronze
C00029,drew.brown29@example.com,Drew,Brown,2023-12-22,Brazil,Other,2004,Bronze
C00030,jamie.nguyen30@example.com,Jamie,Nguyen,2025-02-12,United States,Other,1971,Bronze
C00031,chris.brown31@example.com,Chris,Brown,2023-06-10,United Kingdom,Other,1963,Bronze
C00032,sam.johnson32@example.com,Sam,Johnson,2023-07-06,United States,M,1956,Bronze
C00033,cameron.brown33@example.com,Cameron,Brown,2022-08-25,United States,Other,1979,Bronze
C00034,jamie.garcia34@example.com,Jamie,Garcia,2025-05-09,United States,F,1976,Silver
C00035,blake.kumar35@example.com,Blake,Kumar,2025-06-12,Canada,Other,2000,Silver
C00036,morgan.lopez36@example.com,Morgan,Lopez,2022-01-04,United States,F,1980,Bronze
C00037,avery.chen37@example.com,Avery,Chen,2023-03-18,India,Other,1983,Silver
C00038,drew.patel38@example.com,Drew,Patel,2025-02-06,France,F,1988,Bronze
C00039,morgan.lopez39@example.com,Morgan,Lopez,2024-03-15,United States,Other,1965,Bronze
C00040,drew.garcia40@example.com,Drew,Garcia,2024-04-17,Germany,M,1972,Silver
C00041,riley.khan41@example.com,Riley,Khan,2022-05-08,United States,Other,1975,Bronze
C00042,robin.smith42@example.com,Robin,Smith,2022-02-11,United States,F,1990,Bronze
C00043,jordan.smith43@example.com,Jordan,Smith,2022-02-10,United Kingdom,F,1992,Bronze
C00044,pat.martin44@example.com,Pat,Martin,2022-02-03,Brazil,F,1971,Bronze
C00045,chris.chen45@example.com,Chris,Chen,2025-03-22,United States,Other,1992,Bronze
C00046,alex.martin46@example.com,Alex,Martin,2023-08-11,United States,Other,1977,Bronze
C00047,alex.kumar47@example.com,Alex,Kumar,2022-12-08,United States,M,1975,Bronze
C00048,riley.johnson48@example.com,Riley,Johnson,2022-01-27,United States,M,1985,Bronze
C00049,riley.brown49@example.com,Riley,Brown,2023-10-08,India,F,1981,Bronze
C00050,jordan.patel50@example.com,Jordan,Patel,2022-06-17,Canada,M,1988,Silver
C00051,drew.chen51@example.com,Drew,Chen,2022-09-25,United States,Other,1999,Bronze
C00052,alex.wilson52@example.com,Alex,Wilson,2024-03-31,Canada,F,1961,Gold
C00053,morgan.singh53@example.com,Morgan,Singh,2024-06-24,United States,Other,1999,Bronze
C00054,taylor.lee54@example.com,Taylor,Lee,2024-07-10,Germany,Other,1975,Bronze
C00055,riley.kumar55@example.com,Riley,Kumar,2023-12-03,United States,M,2000,Platinum
C00056,pat.khan56@example.com,Pat,Khan,2022-05-10,India,Other,1997,Bronze
C00057,robin.martin57@example.com,Robin,Martin,2024-03-29,United States,F,1990,Bronze
C00058,sam.garcia58@example.com,Sam,Garcia,2024-03-04,France,F,1983,Silver
C00059,cameron.johnson59@example.com,Cameron,Johnson,2022-05-29,India,Other,1965,Silver
C00060,chris.patel60@example.com,Chris,Patel,2025-08-12,Brazil,F,1965,Bronze
C00061,jamie.garcia61@example.com,Jamie,Garcia,2023-11-07,Brazil,F,2003,Bronze
C00062,avery.brown62@example.com,Avery,Brown,2022-07-06,Brazil,F,1993,Bronze
C00063,taylor.kumar63@example.com,Taylor,Kumar,2024-01-14,India,F,1989,Silver
C00064,pat.smith64@example.com,Pat,Smith,2025-08-26,India,F,1988,Bronze
C00065,taylor.martin65@example.com,Taylor,Martin,2022-02-24,Brazil,Other,2001,Bronze
C00066,cameron.wilson66@example.com,Cameron,Wilson,2023-10-26,Canada,M,1976,Bronze
C00067,sam.brown67@example.com,Sam,Brown,2022-03-10,Germany,M,1987,Bronze
C00068,cameron.lopez68@example.com,Cameron,Lopez,2024-01-21,Australia,M,1974,Bronze
C00069,sam.wilson69@example.com,Sam,Wilson,2025-06-21,United States,F,1997,Silver
C00070,robin.patel70@example.com,Robin,Patel,2024-08-15,United Kingdom,F,1999,Bronze
C00071,morgan.singh71@example.com,Morgan,Singh,2023-04-27,Canada,F,1963,Bronze
C00072,chris.wilson72@example.com,Chris,Wilson,2022-06-03,United Kingdom,M,1956,Bronze
C00073,pat.lee73@example.com,Pat,Lee,2022-03-14,Germany,Other,1963,Gold
C00074,jordan.brown74@example.com,Jordan,Brown,2022-10-23,United States,Other,1971,Bronze
C00075,riley.kumar75@example.com,Riley,Kumar,2025-05-25,India,M,1997,Bronze
C00076,avery.brown76@example.com,Avery,Brown,2022-02-11,United Kingdom,F,1979,Bronze
C00077,alex.singh77@example.com,Alex,Singh,2024-11-28,India,M,1989,Bronze
C00078,casey.wilson78@example.com,Casey,Wilson,2022-05-11,Germany,F,2004,Bronze
C00079,sam.chen79@example.com,Sam,Chen,2025-06-06,United States,F,1998,Bronze
C00080,jamie.martin80@example.com,Jamie,Martin,2022-06-21,United States,F,1984,Bronze
C00081,sam.chen81@example.com,Sam,Chen,2022-04-12,United States,Other,1988,Bronze
C00082,robin.nguyen82@example.com,Robin,Nguyen,2023-06-08,United States,Other,1973,Bronze
C00083,chris.lee83@example.com,Chris,Lee,2024-12-03,France,F,2003,Bronze
C00084,riley.patel84@example.com,Riley,Patel,2024-08-14,Brazil,Other,1971,Bronze
C00085,morgan.lopez85@example.com,Morgan,Lopez,2022-11-26,France,Other,2003,Bronze
C00086,morgan.wilson86@example.com,Morgan,Wilson,2022-01-12,Canada,Other,1970,Bronze
C00087,sam.kumar87@example.com,Sam,Kumar,2022-08-04,United States,Other,1973,Bronze
C00088,sam.johnson88@example.com,Sam,Johnson,2023-10-23,United States,M,1971,Bronze
C00089,alex.garcia89@example.com,Alex,Garcia,2023-01-09,India,F,1970,Bronze
C00090,alex.brown90@example.com,Alex,Brown,2023-12-11,United Kingdom,F,1962,Bronze
C00091,sam.nguyen91@example.com,Sam,Nguyen,2023-04-11,United States,Other,1979,Bronze
C00092,riley.nguyen92@example.com,Riley,Nguyen,2025-07-15,Brazil,M,1969,Bronze
C00093,casey.brown93@example.com,Casey,Brown,2023-05-04,Australia,M,1999,Gold
C00094,sam.smith94@example.com,Sam,Smith,2022-02-16,United States,Other,1986,Bronze
C00095,avery.patel95@example.com,Avery,Patel,2024-02-17,France,F,1970,Bronze
C00096,cameron.wilson96@example.com,Cameron,Wilson,2023-12-12,Germany,Other,1971,Gold
C00097,casey.lopez97@example.com,Casey,Lopez,2024-09-07,India,F,1976,Bronze
C00098,cameron.martin98@example.com,Cameron,Martin,2022-09-07,Canada,M,1961,Bronze
C00099,robin.chen99@example.com,Robin,Chen,2022-12-01,Brazil,M,1961,Bronze
C00100,drew.nguyen100@example.com,Drew,Nguyen,2022-05-17,Brazil,M,2002,Bronze
C00101,jamie.khan101@example.com,Jamie,Khan,2024-04-06,Australia,M,1977,Gold
C00102,riley.garcia102@example.com,Riley,Garcia,2023-08-17,Australia,M,1985,Bronze
C00103,jamie.martin103@example.com,Jamie,Martin,2024-09-16,India,M,1993,Bronze
C00104,avery.johnson104@example.com,Avery,Johnson,2024-09-21,United Kingdom,F,1972,Silver
C00105,robin.garcia105@example.com,Robin,Garcia,2023-09-07,Brazil,F,1971,Bronze
C00106,sam.martin106@example.com,Sam,Martin,2025-03-28,United Kingdom,F,1978,Bronze
C00107,avery.khan107@example.com,Avery,Khan,2024-09-21,Brazil,Other,1998,Bronze
C00108,jamie.garcia108@example.com,Jamie,Garcia,2022-07-07,United States,Other,1999,Bronze
C00109,drew.lopez109@example.com,Drew,Lopez,2025-01-26,Canada,M,1957,Silver
C00110,chris.khan110@example.com,Chris,Khan,2024-03-15,United States,Other,1997,Bronze
C00111,jamie.lee111@example.com,Jamie,Lee,2024-07-24,United States,M,1980,Silver
C00112,cameron.johnson112@example.com,Cameron,Johnson,2022-07-02,United Kingdom,F,1977,Bronze
C00113,sam.brown113@example.com,Sam,Brown,2022-12-30,France,F,1993,Gold
C00114,sam.nguyen114@example.com,Sam,Nguyen,2023-05-12,Brazil,Other,1958,Bronze
C00115,chris.khan115@example.com,Chris,Khan,2024-09-08,Germany,F,1979,Bronze
C00116,jamie.brown116@example.com,Jamie,Brown,2023-12-23,India,M,1987,Bronze
C00117,blake.patel117@example.com,Blake,Patel,2022-01-16,India,M,1999,Gold
C00118,chris.kumar118@example.com,Chris,Kumar,2025-02-05,Brazil,Other,1956,Bronze
C00119,chris.chen119@example.com,Chris,Chen,2022-11-07,United States,Other,1989,Silver
C00120,riley.nguyen120@example.com,Riley,Nguyen,2025-04-08,India,Other,1988,Bronze
C00121,jamie.martin121@example.com,Jamie,Martin,2023-02-18,United Kingdom,F,1967,Silver
C00122,jamie.martin122@example.com,Jamie,Martin,2025-03-10,Brazil,M,1972,Platinum
C00123,riley.garcia123@example.com,Riley,Garcia,2024-11-28,United States,M,2000,Silver
C00124,pat.singh124@example.com,Pat,Singh,2022-01-29,India,F,2003,Gold
C00125,morgan.nguyen125@example.com,Morgan,Nguyen,2023-04-22,Brazil,M,1998,Silver
C00126,jamie.smith126@example.com,Jamie,Smith,2023-11-28,United States,F,1970,Gold
C00127,avery.lee127@example.com,Avery,Lee,2025-06-16,Brazil,Other,1964,Bronze
C00128,blake.lopez128@example.com,Blake,Lopez,2024-07-14,United States,Other,1979,Bronze
C00129,jordan.lee129@example.com,Jordan,Lee,2022-12-06,India,F,1959,Gold
C00130,riley.singh130@example.com,Riley,Singh,2023-07-31,India,F,1984,Bronze
C00131,avery.nguyen131@example.com,Avery,Nguyen,2022-01-03,Brazil,F,1999,Bronze
C00132,robin.singh132@example.com,Robin,Singh,2025-03-11,France,Other,1984,Bronze
C00133,alex.patel133@example.com,Alex,Patel,2022-11-20,United States,F,1972,Silver
C00134,taylor.singh134@example.com,Taylor,Singh,2022-10-20,United States,Other,1979,Platinum
C00135,cameron.chen135@example.com,Cameron,Chen,2023-03-08,United States,F,1955,Bronze
C00136,blake.smith136@example.com,Blake,Smith,2024-08-06,United States,F,2000,Silver
C00137,pat.martin137@example.com,Pat,Martin,2023-08-08,India,F,1969,Bronze
C00138,riley.nguyen138@example.com,Riley,Nguyen,2024-03-27,Brazil,M,1978,Bronze
C00139,riley.chen139@example.com,Riley,Chen,2024-08-21,India,F,1966,Silver
C00140,blake.patel140@example.com,Blake,Patel,2022-07-06,United States,F,1991,Bronze
C00141,jamie.wilson141@example.com,Jamie,Wilson,2022-03-02,Australia,F,1991,Gold
C00142,blake.wilson142@example.com,Blake,Wilson,2024-07-27,Australia,F,1960,Bronze
C00143,pat.patel143@example.com,Pat,Patel,2024-03-17,United Kingdom,Other,2000,Gold
C00144,chris.lopez144@example.com,Chris,Lopez,2022-01-11,Brazil,F,1967,Bronze
C00145,avery.lopez145@example.com,Avery,Lopez,2022-08-14,United States,F,1979,Bronze
C00146,riley.wilson146@example.com,Riley,Wilson,2023-07-18,France,Other,1958,Bronze
C00147,morgan.wilson147@example.com,Morgan,Wilson,2025-08-26,United States,Other,1999,Gold
C00148,alex.patel148@example.com,Alex,Patel,2025-02-04,Germany,F,1988,Silver
C00149,drew.kumar149@example.com,Drew,Kumar,2024-04-04,United States,M,1980,Silver
C00150,robin.brown150@example.com,Robin,Brown,2024-07-25,Canada,Other,2003,Silver
C00151,drew.nguyen151@example.com,Drew,Nguyen,2023-05-21,Australia,M,1957,Bronze
C00152,blake.nguyen152@example.com,Blake,Nguyen,2022-02-23,Australia,F,2001,Bronze
C00153,alex.patel153@example.com,Alex,Patel,2023-12-28,United Kingdom,F,2003,Bronze
C00154,pat.singh154@example.com,Pat,Singh,2025-01-27,India,Other,1974,Bronze
C00155,blake.martin155@example.com,Blake,Martin,2023-02-23,India,M,2004,Gold
C00156,chris.chen156@example.com,Chris,Chen,2024-04-29,France,F,1971,Gold
C00157,cameron.chen157@example.com,Cameron,Chen,2022-08-04,United Kingdom,M,1957,Bronze
C00158,jordan.kumar158@example.com,Jordan,Kumar,2022-06-09,France,Other,1989,Gold
C00159,robin.garcia159@example.com,Robin,Garcia,2024-02-20,France,F,2001,Silver
C00160,sam.kumar160@example.com,Sam,Kumar,2025-01-17,India,M,1963,Bronze
C00161,jamie.martin161@example.com,Jamie,Martin,2023-08-03,Australia,Other,1968,Silver
C00162,morgan.chen162@example.com,Morgan,Chen,2025-07-14,Australia,Other,1995,Bronze
C00163,taylor.lopez163@example.com,Taylor,Lopez,2024-08-09,United States,Other,1957,Gold
C00164,pat.patel164@example.com,Pat,Patel,2023-09-27,United States,F,1982,Bronze
C00165,blake.singh165@example.com,Blake,Singh,2025-05-03,United Kingdom,M,1979,Bronze
C00166,alex.smith166@example.com,Alex,Smith,2024-01-08,United Kingdom,M,1966,Bronze
C00167,taylor.khan167@example.com,Taylor,Khan,2022-06-19,United States,Other,1963,Bronze
C00168,cameron.singh168@example.com,Cameron,Singh,2022-02-09,France,Other,1979,Bronze
C00169,cameron.johnson169@example.com,Cameron,Johnson,2025-07-08,France,F,1965,Silver
C00170,riley.garcia170@example.com,Riley,Garcia,2024-08-12,France,Other,1988,Bronze
C00171,pat.brown171@example.com,Pat,Brown,2024-09-10,India,F,1969,Gold
C00172,sam.nguyen172@example.com,Sam,Nguyen,2022-02-07,United Kingdom,Other,1962,Gold
C00173,pat.smith173@example.com,Pat,Smith,2025-06-28,India,M,1959,Bronze
C00174,avery.chen174@example.com,Avery,Chen,2025-04-14,India,Other,1980,Silver
C00175,robin.patel175@example.com,Robin,Patel,2024-07-02,France,F,1960,Bronze
C00176,taylor.johnson176@example.com,Taylor,Johnson,2022-02-06,Brazil,Other,2002,Bronze
C00177,taylor.patel177@example.com,Taylor,Patel,2024-08-30,United States,F,1982,Gold
C00178,drew.johnson178@example.com,Drew,Johnson,2024-08-30,Brazil,F,1971,Bronze
C00179,avery.johnson179@example.com,Avery,Johnson,2025-02-11,France,M,1994,Bronze
C00180,sam.nguyen180@example.com,Sam,Nguyen,2025-08-17,Brazil,F,1986,Bronze
C00181,drew.kumar181@example.com,Drew,Kumar,2022-11-14,United States,M,1983,Bronze
C00182,chris.smith182@example.com,Chris,Smith,2022-04-25,United States,M,1957,Bronze
C00183,cameron.lee183@example.com,Cameron,Lee,2024-11-29,India,Other,1988,Silver
C00184,riley.lee184@example.com,Riley,Lee,2022-02-09,India,Other,1981,Bronze
C00185,alex.singh185@example.com,Alex,Singh,2025-08-05,Brazil,Other,1960,Gold
C00186,chris.lopez186@example.com,Chris,Lopez,2022-08-04,Australia,F,1973,Bronze
C00187,avery.garcia187@example.com,Avery,Garcia,2022-12-02,India,Other,1994,Bronze
C00188,blake.lopez188@example.com,Blake,Lopez,2022-04-02,United States,Other,1987,Bronze
C00189,jordan.lee189@example.com,Jordan,Lee,2023-07-25,United States,Other,2002,Silver
C00190,casey.singh190@example.com,Casey,Singh,2024-02-20,United Kingdom,Other,1997,Platinum
C00191,chris.lopez191@example.com,Chris,Lopez,2023-07-11,India,Other,1979,Bronze
C00192,sam.chen192@example.com,Sam,Chen,2025-04-08,Australia,Other,1990,Gold
C00193,cameron.chen193@example.com,Cameron,Chen,2022-07-10,United States,M,1981,Bronze
C00194,morgan.martin194@example.com,Morgan,Martin,2023-02-26,Brazil,Other,1961,Bronze
C00195,sam.martin195@example.com,Sam,Martin,2022-05-13,India,F,1997,Silver
C00196,jordan.nguyen196@example.com,Jordan,Nguyen,2023-07-11,France,M,1985,Bronze
C00197,sam.garcia197@example.com,Sam,Garcia,2023-06-19,United States,M,1996,Silver
C00198,casey.smith198@example.com,Casey,Smith,2023-11-03,Canada,F,1997,Bronze
C00199,robin.lee199@example.com,Robin,Lee,2022-03-23,India,F,1990,Gold
C00200,avery.singh200@example.com,Avery,Singh,2025-07-05,United States,F,1968,Bronze
C00201,pat.lee201@example.com,Pat,Lee,2023-08-12,Canada,Other,1983,Bronze
C00202,jamie.brown202@example.com,Jamie,Brown,2022-10-22,Brazil,Other,1956,Bronze
C00203,pat.lee203@example.com,Pat,Lee,2025-06-01,Brazil,F,1967,Bronze
C00204,avery.khan204@example.com,Avery,Khan,2024-12-05,France,Other,1981,Silver
C00205,robin.nguyen205@example.com,Robin,Nguyen,2025-02-10,Canada,Other,1995,Silver
C00206,avery.singh206@example.com,Avery,Singh,2022-01-17,United Kingdom,Other,1994,Bronze
C00207,drew.wilson207@example.com,Drew,Wilson,2025-05-31,France,M,1988,Bronze
C00208,avery.johnson208@example.com,Avery,Johnson,2023-12-01,Canada,M,1978,Bronze
C00209,cameron.nguyen209@example.com,Cameron,Nguyen,2022-12-31,France,Other,1989,Bronze
C00210,taylor.garcia210@example.com,Taylor,Garcia,2024-10-04,India,F,1960,Bronze
C00211,chris.singh211@example.com,Chris,Singh,2023-04-12,United Kingdom,Other,1984,Gold
C00212,sam.smith212@example.com,Sam,Smith,2023-08-09,United States,M,1995,Silver
C00213,robin.lee213@example.com,Robin,Lee,2025-06-01,United Kingdom,F,1988,Silver
C00214,riley.lopez214@example.com,Riley,Lopez,2023-07-26,India,Other,1969,Bronze
C00215,sam.martin215@example.com,Sam,Martin,2025-05-30,India,Other,1991,Bronze
C00216,riley.lopez216@example.com,Riley,Lopez,2024-09-15,India,M,1976,Bronze
C00217,morgan.patel217@example.com,Morgan,Patel,2025-05-04,United States,M,1974,Bronze
C00218,drew.johnson218@example.com,Drew,Johnson,2023-04-29,Brazil,M,2004,Bronze
C00219,alex.lopez219@example.com,Alex,Lopez,2024-01-01,Germany,F,1971,Bronze
C00220,casey.singh220@example.com,Casey,Singh,2023-06-08,United States,Other,1976,Bronze
C00221,drew.martin221@example.com,Drew,Martin,2023-02-05,United States,M,1964,Gold
C00222,morgan.smith222@example.com,Morgan,Smith,2024-06-04,India,F,1955,Bronze
C00223,riley.garcia223@example.com,Riley,Garcia,2022-01-22,Canada,F,1980,Silver
C00224,chris.lee224@example.com,Chris,Lee,2025-02-17,India,M,1972,Gold
C00225,drew.patel225@example.com,Drew,Patel,2022-11-02,India,F,1968,Silver
C00226,sam.garcia226@example.com,Sam,Garcia,2023-12-05,Brazil,Other,2001,Bronze
C00227,morgan.khan227@example.com,Morgan,Khan,2022-10-12,United States,Other,1966,Gold
C00228,pat.brown228@example.com,Pat,Brown,2024-02-02,United Kingdom,Other,1989,Bronze
C00229,robin.lee229@example.com,Robin,Lee,2024-08-05,India,F,1966,Bronze
C00230,pat.singh230@example.com,Pat,Singh,2024-10-27,France,M,1983,Silver
C00231,taylor.lee231@example.com,Taylor,Lee,2024-06-25,United States,Other,1987,Bronze
C00232,jordan.kumar232@example.com,Jordan,Kumar,2024-05-28,Germany,Other,1969,Bronze
C00233,jamie.lopez233@example.com,Jamie,Lopez,2024-08-04,Germany,F,1965,Silver
C00234,robin.patel234@example.com,Robin,Patel,2023-07-24,Australia,F,1977,Platinum
C00235,avery.nguyen235@example.com,Avery,Nguyen,2024-01-08,United Kingdom,F,1983,Bronze
C00236,jamie.nguyen236@example.com,Jamie,Nguyen,2023-05-31,United Kingdom,M,1971,Bronze
C00237,pat.khan237@example.com,Pat,Khan,2025-01-27,United States,M,1967,Bronze
C00238,alex.martin238@example.com,Alex,Martin,2022-02-08,Brazil,M,1969,Bronze
C00239,riley.patel239@example.com,Riley,Patel,2024-06-05,India,Other,1983,Bronze
C00240,drew.singh240@example.com,Drew,Singh,2022-06-06,France,Other,1965,Bronze
C00241,robin.brown241@example.com,Robin,Brown,2024-06-02,United Kingdom,M,1986,Bronze
C00242,alex.lopez242@example.com,Alex,Lopez,2025-02-27,United States,F,2001,Gold
C00243,cameron.lee243@example.com,Cameron,Lee,2024-08-31,India,M,1974,Bronze
C00244,cameron.lopez244@example.com,Cameron,Lopez,2024-11-11,France,Other,1965,Bronze
C00245,jordan.martin245@example.com,Jordan,Martin,2024-04-28,India,F,1998,Bronze
C00246,drew.martin246@example.com,Drew,Martin,2024-09-15,Australia,Other,1975,Bronze
C00247,robin.martin247@example.com,Robin,Martin,2022-10-30,United States,Other,1970,Bronze
C00248,morgan.wilson248@example.com,Morgan,Wilson,2024-05-18,United Kingdom,Other,1974,Gold
C00249,avery.johnson249@example.com,Avery,Johnson,2025-07-04,United Kingdom,M,1992,Bronze
C00250,blake.martin250@example.com,Blake,Martin,2025-03-31,United Kingdom,Other,1989,Silver
C00251,morgan.johnson251@example.com,Morgan,Johnson,2024-10-05,Canada,F,1979,Gold
C00252,casey.garcia252@example.com,Casey,Garcia,2024-03-02,Australia,M,1966,Bronze
C00253,robin.singh253@example.com,Robin,Singh,2025-07-18,Brazil,Other,1998,Silver
C00254,blake.khan254@example.com,Blake,Khan,2022-07-27,United States,Other,1981,Silver
C00255,pat.smith255@example.com,Pat,Smith,2024-12-19,United Kingdom,M,2000,Bronze
C00256,pat.kumar256@example.com,Pat,Kumar,2024-09-11,India,M,1971,Bronze
C00257,jordan.lee257@example.com,Jordan,Lee,2025-08-25,United Kingdom,Other,1962,Silver
C00258,drew.khan258@example.com,Drew,Khan,2023-08-14,Brazil,M,1981,Gold
C00259,robin.martin259@example.com,Robin,Martin,2022-07-18,Brazil,Other,1957,Silver
C00260,morgan.johnson260@example.com,Morgan,Johnson,2022-12-15,United States,Other,1998,Silver
C00261,drew.johnson261@example.com,Drew,Johnson,2023-11-24,Germany,F,1978,Bronze
C00262,robin.singh262@example.com,Robin,Singh,2023-01-13,United States,F,1957,Bronze
C00263,drew.singh263@example.com,Drew,Singh,2024-07-04,Brazil,M,2000,Bronze
C00264,chris.kumar264@example.com,Chris,Kumar,2023-06-11,Brazil,M,1979,Gold
C00265,pat.nguyen265@example.com,Pat,Nguyen,2024-01-04,France,F,1968,Platinum
C00266,drew.wilson266@example.com,Drew,Wilson,2023-03-31,Brazil,F,1971,Bronze
C00267,jordan.chen267@example.com,Jordan,Chen,2025-06-13,United States,F,1974,Silver
C00268,alex.nguyen268@example.com,Alex,Nguyen,2023-06-05,India,M,1992,Bronze
C00269,cameron.chen269@example.com,Cameron,Chen,2024-10-13,India,M,1976,Bronze
C00270,drew.johnson270@example.com,Drew,Johnson,2024-10-10,United Kingdom,M,1956,Gold
C00271,avery.garcia271@example.com,Avery,Garcia,2023-08-07,United States,F,1965,Gold
C00272,blake.martin272@example.com,Blake,Martin,2024-12-23,France,F,1967,Bronze
C00273,casey.martin273@example.com,Casey,Martin,2023-12-22,United States,F,1962,Platinum
C00274,taylor.smith274@example.com,Taylor,Smith,2022-10-01,United Kingdom,Other,1984,Bronze
C00275,robin.martin275@example.com,Robin,Martin,2025-09-05,Brazil,F,1972,Bronze
C00276,blake.chen276@example.com,Blake,Chen,2023-08-30,India,Other,1992,Silver
C00277,jamie.lopez277@example.com,Jamie,Lopez,2022-01-11,Canada,M,1999,Gold
C00278,chris.brown278@example.com,Chris,Brown,2023-12-30,Brazil,Other,1987,Bronze
C00279,riley.khan279@example.com,Riley,Khan,2022-04-12,India,M,1995,Silver
C00280,chris.lee280@example.com,Chris,Lee,2024-02-18,United States,Other,1976,Bronze
C00281,jamie.lee281@example.com,Jamie,Lee,2025-01-16,United States,Other,1995,Gold
C00282,casey.smith282@example.com,Casey,Smith,2023-02-05,Australia,Other,1966,Bronze
C00283,jordan.wilson283@example.com,Jordan,Wilson,2024-06-07,India,M,2000,Silver
C00284,riley.garcia284@example.com,Riley,Garcia,2023-08-15,United States,Other,1976,Silver
C00285,pat.lee285@example.com,Pat,Lee,2022-04-02,France,Other,1974,Bronze
C00286,casey.smith286@example.com,Casey,Smith,2023-11-04,India,Other,1964,Bronze
C00287,morgan.martin287@example.com,Morgan,Martin,2024-07-24,United Kingdom,M,1986,Bronze
C00288,pat.brown288@example.com,Pat,Brown,2022-08-30,Germany,Other,1987,Silver
C00289,cameron.kumar289@example.com,Cameron,Kumar,2022-01-02,United Kingdom,Other,1987,Bronze
C00290,pat.chen290@example.com,Pat,Chen,2024-03-11,Australia,Other,1995,Silver
C00291,jamie.singh291@example.com,Jamie,Singh,2023-08-12,India,M,1980,Bronze
C00292,sam.singh292@example.com,Sam,Singh,2024-07-06,Brazil,F,1993,Bronze
C00293,taylor.smith293@example.com,Taylor,Smith,2022-07-13,Brazil,F,1992,Gold
C00294,blake.wilson294@example.com,Blake,Wilson,2024-05-20,India,Other,1980,Platinum
C00295,jamie.wilson295@example.com,Jamie,Wilson,2022-05-02,United States,F,2004,Silver
C00296,pat.chen296@example.com,Pat,Chen,2022-05-23,Brazil,F,1988,Gold
C00297,chris.lee297@example.com,Chris,Lee,2022-04-16,Brazil,F,1998,Bronze
C00298,cameron.lopez298@example.com,Cameron,Lopez,2025-08-21,France,M,1994,Bronze
C00299,jamie.singh299@example.com,Jamie,Singh,2022-11-13,India,Other,1957,Gold
C00300,chris.kumar300@example.com,Chris,Kumar,2023-09-27,United States,F,1960,Bronze
C00301,riley.chen301@example.com,Riley,Chen,2022-01-09,United States,M,1960,Bronze
C00302,sam.martin302@example.com,Sam,Martin,2025-01-01,Australia,Other,1993,Bronze
C00303,cameron.garcia303@example.com,Cameron,Garcia,2022-08-11,United States,F,1986,Bronze
C00304,alex.singh304@example.com,Alex,Singh,2023-07-07,Brazil,F,2004,Bronze
C00305,chris.nguyen305@example.com,Chris,Nguyen,2023-12-17,France,M,1962,Gold
C00306,robin.nguyen306@example.com,Robin,Nguyen,2025-09-03,India,Other,1974,Bronze
C00307,robin.johnson307@example.com,Robin,Johnson,2025-09-03,France,Other,2001,Bronze
C00308,robin.kumar308@example.com,Robin,Kumar,2022-09-08,India,M,1961,Bronze
C00309,drew.nguyen309@example.com,Drew,Nguyen,2023-04-04,United Kingdom,Other,1974,Bronze
C00310,alex.patel310@example.com,Alex,Patel,2022-07-27,United States,F,1958,Bronze
C00311,pat.lopez311@example.com,Pat,Lopez,2025-08-30,Brazil,Other,1976,Bronze
C00312,pat.garcia312@example.com,Pat,Garcia,2023-02-14,United Kingdom,M,1957,Bronze
C00313,alex.singh313@example.com,Alex,Singh,2025-02-24,United States,Other,1995,Bronze
C00314,sam.wilson314@example.com,Sam,Wilson,2024-05-23,Brazil,M,1968,Silver
C00315,riley.wilson315@example.com,Riley,Wilson,2024-08-28,Germany,M,1972,Platinum
C00316,sam.johnson316@example.com,Sam,Johnson,2024-10-10,Brazil,Other,1966,Bronze
C00317,jamie.lee317@example.com,Jamie,Lee,2022-03-28,Brazil,F,1966,Gold
C00318,robin.martin318@example.com,Robin,Martin,2024-06-27,Germany,F,1979,Bronze
C00319,blake.wilson319@example.com,Blake,Wilson,2025-08-17,Brazil,Other,1973,Silver
C00320,robin.johnson320@example.com,Robin,Johnson,2024-01-20,Brazil,M,1990,Bronze
C00321,taylor.kumar321@example.com,Taylor,Kumar,2023-11-16,United States,M,1962,Silver
C00322,pat.khan322@example.com,Pat,Khan,2022-11-05,Canada,Other,1986,Bronze
C00323,jordan.patel323@example.com,Jordan,Patel,2022-11-03,France,F,1998,Bronze
C00324,cameron.singh324@example.com,Cameron,Singh,2024-07-02,India,F,1973,Bronze
C00325,avery.patel325@example.com,Avery,Patel,2023-10-24,United States,Other,1991,Platinum
C00326,sam.lopez326@example.com,Sam,Lopez,2022-11-08,India,M,1995,Bronze
C00327,blake.chen327@example.com,Blake,Chen,2024-12-18,Brazil,M,1957,Silver
C00328,drew.johnson328@example.com,Drew,Johnson,2024-07-12,India,M,1964,Gold
C00329,avery.lee329@example.com,Avery,Lee,2024-01-25,India,M,1989,Bronze
C00330,pat.singh330@example.com,Pat,Singh,2023-03-21,United States,Other,1983,Gold
C00331,blake.wilson331@example.com,Blake,Wilson,2025-05-15,Brazil,Other,1987,Bronze
C00332,casey.wilson332@example.com,Casey,Wilson,2024-06-21,United States,Other,1966,Bronze
C00333,sam.khan333@example.com,Sam,Khan,2024-05-11,Australia,Other,1975,Bronze
C00334,jordan.johnson334@example.com,Jordan,Johnson,2022-06-08,Australia,Other,1978,Silver
C00335,pat.chen335@example.com,Pat,Chen,2023-02-08,France,M,1991,Bronze
C00336,sam.smith336@example.com,Sam,Smith,2023-05-31,France,F,1982,Silver
C00337,robin.brown337@example.com,Robin,Brown,2023-06-16,Brazil,Other,1978,Bronze
C00338,alex.lopez338@example.com,Alex,Lopez,2024-08-04,France,Other,1986,Bronze
C00339,chris.lopez339@example.com,Chris,Lopez,2023-02-24,United States,F,1988,Silver
C00340,chris.lopez340@example.com,Chris,Lopez,2023-08-01,United States,F,1969,Bronze
C00341,morgan.lopez341@example.com,Morgan,Lopez,2024-07-20,India,M,1960,Bronze
C00342,pat.chen342@example.com,Pat,Chen,2022-10-22,Germany,F,1996,Silver
C00343,morgan.johnson343@example.com,Morgan,Johnson,2024-01-25,Brazil,M,1966,Bronze
C00344,pat.brown344@example.com,Pat,Brown,2025-06-14,India,M,1972,Bronze
C00345,jordan.lee345@example.com,Jordan,Lee,2022-01-21,United States,Other,1969,Gold
C00346,morgan.brown346@example.com,Morgan,Brown,2024-05-16,France,F,1980,Gold
C00347,blake.patel347@example.com,Blake,Patel,2022-04-10,Germany,M,2002,Bronze
C00348,jamie.khan348@example.com,Jamie,Khan,2023-04-23,India,F,1977,Gold
C00349,alex.lee349@example.com,Alex,Lee,2025-08-14,France,M,1998,Bronze
C00350,taylor.patel350@example.com,Taylor,Patel,2023-06-10,United Kingdom,F,1968,Bronze
C00351,riley.chen351@example.com,Riley,Chen,2022-01-02,Australia,Other,1991,Bronze
C00352,alex.chen352@example.com,Alex,Chen,2024-04-16,United States,F,1992,Bronze
C00353,cameron.martin353@example.com,Cameron,Martin,2024-10-01,Brazil,F,1995,Bronze
C00354,alex.patel354@example.com,Alex,Patel,2022-11-14,Canada,F,2001,Bronze
C00355,sam.garcia355@example.com,Sam,Garcia,2022-01-14,India,F,1993,Silver
C00356,avery.patel356@example.com,Avery,Patel,2025-01-12,Australia,M,1956,Bronze
C00357,morgan.martin357@example.com,Morgan,Martin,2024-04-17,Brazil,F,1971,Bronze
C00358,drew.johnson358@example.com,Drew,Johnson,2024-06-09,United States,Other,1979,Bronze
C00359,alex.smith359@example.com,Alex,Smith,2022-01-28,United States,F,1956,Silver
C00360,casey.lopez360@example.com,Casey,Lopez,2025-04-01,United States,M,1991,Gold
C00361,pat.patel361@example.com,Pat,Patel,2022-09-18,United Kingdom,Other,1955,Bronze
C00362,cameron.chen362@example.com,Cameron,Chen,2023-04-05,United Kingdom,Other,1990,Bronze
C00363,casey.lopez363@example.com,Casey,Lopez,2022-10-28,Germany,M,1977,Bronze
C00364,pat.martin364@example.com,Pat,Martin,2025-08-19,Australia,Other,1985,Platinum
C00365,chris.kumar365@example.com,Chris,Kumar,2024-10-30,France,Other,1957,Gold
C00366,alex.patel366@example.com,Alex,Patel,2023-09-22,India,Other,1968,Gold
C00367,riley.brown367@example.com,Riley,Brown,2023-08-15,Germany,M,1964,Bronze
C00368,casey.nguyen368@example.com,Casey,Nguyen,2024-04-23,Germany,F,1984,Silver
C00369,jordan.chen369@example.com,Jordan,Chen,2025-07-04,Australia,Other,1959,Bronze
C00370,sam.brown370@example.com,Sam,Brown,2025-07-23,United States,M,1962,Bronze
C00371,morgan.singh371@example.com,Morgan,Singh,2024-08-29,United States,Other,1955,Bronze
C00372,blake.lopez372@example.com,Blake,Lopez,2022-11-09,Brazil,M,1974,Silver
C00373,cameron.johnson373@example.com,Cameron,Johnson,2025-07-31,India,Other,1997,Bronze
C00374,jamie.khan374@example.com,Jamie,Khan,2023-11-18,India,F,1991,Gold
C00375,blake.khan375@example.com,Blake,Khan,2025-05-12,United Kingdom,Other,1991,Bronze
C00376,robin.nguyen376@example.com,Robin,Nguyen,2022-11-01,Brazil,F,2003,Bronze
C00377,taylor.brown377@example.com,Taylor,Brown,2022-06-05,United Kingdom,F,2001,Bronze
C00378,drew.wilson378@example.com,Drew,Wilson,2023-09-12,Germany,F,1974,Silver
C00379,pat.lopez379@example.com,Pat,Lopez,2022-11-30,United Kingdom,Other,1956,Gold
C00380,chris.wilson380@example.com,Chris,Wilson,2024-08-26,United States,F,1991,Silver
C00381,blake.garcia381@example.com,Blake,Garcia,2024-11-09,Brazil,M,1980,Gold
C00382,chris.smith382@example.com,Chris,Smith,2024-03-07,United Kingdom,F,1955,Silver
C00383,blake.lopez383@example.com,Blake,Lopez,2022-04-29,Australia,M,1989,Silver
C00384,taylor.chen384@example.com,Taylor,Chen,2022-07-17,India,Other,1991,Gold
C00385,chris.johnson385@example.com,Chris,Johnson,2024-12-18,United States,M,1959,Silver
C00386,taylor.smith386@example.com,Taylor,Smith,2025-03-30,Australia,Other,2003,Bronze
C00387,taylor.smith387@example.com,Taylor,Smith,2023-11-22,United States,F,1968,Bronze
C00388,sam.nguyen388@example.com,Sam,Nguyen,2024-11-01,Brazil,Other,1996,Bronze
C00389,blake.johnson389@example.com,Blake,Johnson,2022-10-03,India,F,2004,Gold
C00390,jamie.nguyen390@example.com,Jamie,Nguyen,2025-05-24,United States,F,1997,Gold
C00391,chris.nguyen391@example.com,Chris,Nguyen,2022-05-06,United States,Other,1988,Silver
C00392,riley.brown392@example.com,Riley,Brown,2022-08-05,India,M,2004,Silver
C00393,blake.johnson393@example.com,Blake,Johnson,2025-04-23,India,M,1993,Silver
C00394,avery.garcia394@example.com,Avery,Garcia,2025-05-31,Brazil,Other,2001,Bronze
C00395,avery.wilson395@example.com,Avery,Wilson,2023-03-03,Brazil,Other,2004,Bronze
C00396,riley.lee396@example.com,Riley,Lee,2024-07-07,France,F,1998,Bronze
C00397,robin.khan397@example.com,Robin,Khan,2025-08-10,India,M,1974,Gold
C00398,avery.khan398@example.com,Avery,Khan,2022-05-31,India,M,1999,Bronze
C00399,pat.johnson399@example.com,Pat,Johnson,2022-11-04,Germany,Other,1970,Silver
C00400,jordan.smith400@example.com,Jordan,Smith,2024-01-16,Germany,Other,1962,Silver
C00401,robin.kumar401@example.com,Robin,Kumar,2022-05-09,United States,Other,1962,Silver
C00402,blake.garcia402@example.com,Blake,Garcia,2023-10-31,Brazil,M,1986,Bronze
C00403,morgan.nguyen403@example.com,Morgan,Nguyen,2023-06-01,United States,F,2001,Platinum
C00404,pat.brown404@example.com,Pat,Brown,2022-03-27,United States,F,2001,Bronze
C00405,drew.wilson405@example.com,Drew,Wilson,2025-05-01,France,Other,1980,Bronze
C00406,riley.smith406@example.com,Riley,Smith,2023-03-03,United Kingdom,M,1964,Bronze
C00407,alex.nguyen407@example.com,Alex,Nguyen,2022-04-24,United States,F,1972,Bronze
C00408,robin.khan408@example.com,Robin,Khan,2025-03-14,France,F,1980,Gold
C00409,cameron.lee409@example.com,Cameron,Lee,2022-10-30,Australia,F,1994,Gold
C00410,riley.brown410@example.com,Riley,Brown,2023-08-11,United States,M,1981,Bronze
C00411,jamie.singh411@example.com,Jamie,Singh,2022-12-11,France,Other,2000,Bronze
C00412,casey.lopez412@example.com,Casey,Lopez,2024-03-11,Germany,M,1955,Silver
C00413,drew.brown413@example.com,Drew,Brown,2025-03-16,Australia,M,1985,Bronze
C00414,casey.lopez414@example.com,Casey,Lopez,2024-12-12,India,Other,2002,Bronze
C00415,sam.smith415@example.com,Sam,Smith,2024-12-28,Brazil,M,1995,Gold
C00416,riley.khan416@example.com,Riley,Khan,2025-05-28,United States,Other,1956,Bronze
C00417,jamie.lee417@example.com,Jamie,Lee,2024-10-06,Australia,F,1960,Silver
C00418,sam.khan418@example.com,Sam,Khan,2023-07-29,India,M,1963,Bronze
C00419,casey.garcia419@example.com,Casey,Garcia,2025-03-30,India,F,1995,Bronze
C00420,robin.kumar420@example.com,Robin,Kumar,2025-01-17,United Kingdom,F,2002,Bronze
C00421,avery.smith421@example.com,Avery,Smith,2024-02-20,Germany,M,1963,Bronze
C00422,morgan.martin422@example.com,Morgan,Martin,2023-08-12,Germany,M,1985,Bronze
C00423,blake.lee423@example.com,Blake,Lee,2023-05-04,France,F,1965,Bronze
C00424,morgan.johnson424@example.com,Morgan,Johnson,2025-01-30,Brazil,Other,2000,Silver
C00425,robin.garcia425@example.com,Robin,Garcia,2022-01-19,India,F,1960,Gold
C00426,avery.garcia426@example.com,Avery,Garcia,2023-02-01,India,Other,1995,Silver
C00427,avery.khan427@example.com,Avery,Khan,2025-07-26,United States,M,1973,Gold
C00428,jordan.khan428@example.com,Jordan,Khan,2024-04-01,India,M,1961,Bronze
C00429,avery.smith429@example.com,Avery,Smith,2023-12-26,Germany,F,1969,Platinum
C00430,robin.singh430@example.com,Robin,Singh,2024-12-24,India,M,1966,Bronze
C00431,taylor.lopez431@example.com,Taylor,Lopez,2023-12-12,United Kingdom,Other,1969,Bronze
C00432,drew.lee432@example.com,Drew,Lee,2024-07-05,United States,Other,1973,Silver
C00433,drew.smith433@example.com,Drew,Smith,2024-04-07,United States,Other,1983,Bronze
C00434,alex.lopez434@example.com,Alex,Lopez,2022-11-01,Canada,M,1986,Silver
C00435,taylor.singh435@example.com,Taylor,Singh,2022-10-18,United States,Other,1998,Bronze
C00436,taylor.kumar436@example.com,Taylor,Kumar,2022-04-12,Brazil,Other,1980,Bronze
C00437,chris.brown437@example.com,Chris,Brown,2025-07-14,Brazil,F,1989,Silver
C00438,riley.patel438@example.com,Riley,Patel,2024-08-25,Brazil,M,2000,Silver
C00439,chris.johnson439@example.com,Chris,Johnson,2024-08-31,France,F,1964,Bronze
C00440,chris.wilson440@example.com,Chris,Wilson,2024-08-19,United States,Other,2000,Gold
C00441,blake.johnson441@example.com,Blake,Johnson,2024-10-23,Canada,F,1975,Bronze
C00442,alex.martin442@example.com,Alex,Martin,2022-11-24,France,Other,2002,Silver
C00443,pat.singh443@example.com,Pat,Singh,2023-03-30,India,F,1982,Bronze
C00444,jordan.kumar444@example.com,Jordan,Kumar,2023-09-21,India,M,1983,Bronze
C00445,chris.chen445@example.com,Chris,Chen,2025-03-23,Germany,M,1979,Silver
C00446,casey.garcia446@example.com,Casey,Garcia,2022-01-12,France,M,1959,Bronze
C00447,morgan.brown447@example.com,Morgan,Brown,2022-10-31,United Kingdom,M,1991,Bronze
C00448,blake.lopez448@example.com,Blake,Lopez,2024-09-01,Brazil,Other,1998,Bronze
C00449,avery.brown449@example.com,Avery,Brown,2024-02-22,United States,Other,1997,Bronze
C00450,riley.smith450@example.com,Riley,Smith,2024-08-01,Brazil,Other,1977,Bronze
C00451,cameron.nguyen451@example.com,Cameron,Nguyen,2023-05-13,Canada,F,1998,Bronze
C00452,chris.smith452@example.com,Chris,Smith,2024-06-09,United States,Other,1997,Bronze
C00453,sam.singh453@example.com,Sam,Singh,2024-10-01,France,M,1975,Bronze
C00454,cameron.patel454@example.com,Cameron,Patel,2023-02-11,Germany,M,1997,Bronze
C00455,casey.martin455@example.com,Casey,Martin,2024-10-11,Brazil,Other,1970,Bronze
C00456,robin.martin456@example.com,Robin,Martin,2025-02-14,United Kingdom,F,1969,Bronze
C00457,jamie.lee457@example.com,Jamie,Lee,2024-03-03,Brazil,F,1990,Silver
C00458,blake.brown458@example.com,Blake,Brown,2023-12-16,India,Other,1969,Bronze
C00459,avery.brown459@example.com,Avery,Brown,2022-11-20,Germany,Other,1975,Bronze
C00460,blake.patel460@example.com,Blake,Patel,2022-05-21,Canada,M,1976,Bronze
C00461,taylor.martin461@example.com,Taylor,Martin,2024-02-26,United States,M,1988,Bronze
C00462,jamie.khan462@example.com,Jamie,Khan,2024-08-21,Australia,F,2002,Silver
C00463,drew.chen463@example.com,Drew,Chen,2023-01-08,India,Other,2000,Silver
C00464,jamie.lopez464@example.com,Jamie,Lopez,2024-01-21,United States,M,1982,Silver
C00465,jordan.singh465@example.com,Jordan,Singh,2022-10-18,India,Other,1962,Bronze
C00466,robin.smith466@example.com,Robin,Smith,2025-03-13,India,M,1996,Silver
C00467,avery.nguyen467@example.com,Avery,Nguyen,2023-11-01,United States,M,1972,Bronze
C00468,avery.nguyen468@example.com,Avery,Nguyen,2022-01-02,United States,M,2003,Silver
C00469,taylor.khan469@example.com,Taylor,Khan,2023-08-12,India,Other,1958,Bronze
C00470,robin.patel470@example.com,Robin,Patel,2022-03-31,France,M,1979,Silver
C00471,alex.khan471@example.com,Alex,Khan,2022-12-16,Canada,Other,1965,Bronze
C00472,cameron.wilson472@example.com,Cameron,Wilson,2025-07-10,India,Other,1985,Bronze
C00473,avery.singh473@example.com,Avery,Singh,2025-02-05,Australia,M,1964,Silver
C00474,sam.lee474@example.com,Sam,Lee,2024-11-28,India,Other,1967,Bronze
C00475,casey.wilson475@example.com,Casey,Wilson,2022-06-08,Brazil,F,1961,Bronze
C00476,sam.martin476@example.com,Sam,Martin,2024-08-16,France,M,2003,Bronze
C00477,cameron.brown477@example.com,Cameron,Brown,2023-03-21,United Kingdom,M,1996,Silver
C00478,robin.chen478@example.com,Robin,Chen,2024-08-09,Australia,F,1990,Bronze
C00479,morgan.garcia479@example.com,Morgan,Garcia,2025-01-12,Canada,M,1958,Bronze
C00480,cameron.johnson480@example.com,Cameron,Johnson,2025-04-10,United States,Other,1999,Silver
C00481,drew.martin481@example.com,Drew,Martin,2023-07-13,Canada,M,1967,Gold
C00482,blake.khan482@example.com,Blake,Khan,2024-06-05,France,Other,1976,Bronze
C00483,blake.patel483@example.com,Blake,Patel,2025-02-15,India,M,1975,Bronze
C00484,robin.wilson484@example.com,Robin,Wilson,2023-12-27,France,M,1982,Bronze
C00485,jordan.chen485@example.com,Jordan,Chen,2024-11-15,United Kingdom,Other,1963,Gold
C00486,jordan.kumar486@example.com,Jordan,Kumar,2022-01-10,Brazil,M,1978,Silver
C00487,chris.johnson487@example.com,Chris,Johnson,2023-01-13,Canada,F,1996,Bronze
C00488,robin.khan488@example.com,Robin,Khan,2023-08-07,United Kingdom,M,1978,Silver
C00489,drew.singh489@example.com,Drew,Singh,2023-12-21,Germany,F,2003,Bronze
C00490,alex.lee490@example.com,Alex,Lee,2025-03-23,India,F,1981,Silver
C00491,riley.kumar491@example.com,Riley,Kumar,2025-08-09,Canada,F,1958,Bronze
C00492,alex.nguyen492@example.com,Alex,Nguyen,2022-02-19,United Kingdom,F,1978,Platinum
C00493,taylor.martin493@example.com,Taylor,Martin,2023-06-15,Canada,M,1990,Bronze
C00494,robin.patel494@example.com,Robin,Patel,2024-12-19,Australia,Other,1993,Bronze
C00495,chris.kumar495@example.com,Chris,Kumar,2025-05-10,United States,F,1979,Bronze
C00496,jordan.garcia496@example.com,Jordan,Garcia,2022-05-26,Germany,Other,1973,Silver
C00497,morgan.martin497@example.com,Morgan,Martin,2024-09-19,United Kingdom,F,2004,Bronze
C00498,jamie.martin498@example.com,Jamie,Martin,2023-08-04,Brazil,M,2001,Bronze
C00499,jordan.garcia499@example.com,Jordan,Garcia,2023-04-28,India,F,1998,Bronze
C00500,sam.smith500@example.com,Sam,Smith,2025-06-03,United States,Other,1987,Bronze
C00501,riley.kumar501@example.com,Riley,Kumar,2023-09-23,United Kingdom,F,1975,Bronze
C00502,morgan.garcia502@example.com,Morgan,Garcia,2023-10-24,Brazil,Other,2002,Silver
C00503,blake.brown503@example.com,Blake,Brown,2024-03-15,Canada,F,1969,Bronze
C00504,jordan.johnson504@example.com,Jordan,Johnson,2023-02-23,United Kingdom,M,1982,Bronze
C00505,sam.johnson505@example.com,Sam,Johnson,2025-03-29,India,F,1965,Bronze
C00506,drew.lee506@example.com,Drew,Lee,2023-10-12,United Kingdom,Other,1963,Gold
C00507,robin.lopez507@example.com,Robin,Lopez,2023-08-13,Canada,M,1967,Bronze
C00508,jordan.wilson508@example.com,Jordan,Wilson,2023-05-24,United States,Other,1979,Bronze
C00509,morgan.kumar509@example.com,Morgan,Kumar,2024-02-09,Brazil,F,1989,Bronze
C00510,avery.chen510@example.com,Avery,Chen,2022-09-20,Brazil,M,1975,Platinum
C00511,chris.martin511@example.com,Chris,Martin,2023-09-29,Canada,F,1993,Silver
C00512,pat.johnson512@example.com,Pat,Johnson,2023-04-04,France,F,1993,Gold
C00513,cameron.singh513@example.com,Cameron,Singh,2025-07-27,Australia,M,2000,Gold
C00514,pat.garcia514@example.com,Pat,Garcia,2025-05-26,United Kingdom,F,1992,Silver
C00515,sam.patel515@example.com,Sam,Patel,2023-07-08,United States,M,1986,Platinum
C00516,robin.kumar516@example.com,Robin,Kumar,2025-04-05,Canada,F,1999,Gold
C00517,cameron.brown517@example.com,Cameron,Brown,2024-10-02,India,Other,1990,Bronze
C00518,sam.chen518@example.com,Sam,Chen,2024-01-14,Brazil,Other,1991,Silver
C00519,jamie.johnson519@example.com,Jamie,Johnson,2022-12-19,Australia,Other,1990,Bronze
C00520,jordan.singh520@example.com,Jordan,Singh,2022-03-14,India,F,1962,Bronze
C00521,riley.lopez521@example.com,Riley,Lopez,2024-12-29,Canada,Other,1995,Bronze
C00522,morgan.khan522@example.com,Morgan,Khan,2024-09-25,United States,Other,1958,Gold
C00523,blake.kumar523@example.com,Blake,Kumar,2023-07-15,India,M,1956,Silver
C00524,sam.kumar524@example.com,Sam,Kumar,2024-08-13,United States,M,1959,Silver
C00525,robin.patel525@example.com,Robin,Patel,2023-03-04,United States,Other,1981,Platinum
C00526,robin.garcia526@example.com,Robin,Garcia,2022-06-09,France,F,1975,Bronze
C00527,sam.smith527@example.com,Sam,Smith,2024-02-15,United States,Other,1992,Bronze
C00528,casey.khan528@example.com,Casey,Khan,2022-03-08,Canada,F,1998,Bronze
C00529,pat.garcia529@example.com,Pat,Garcia,2023-01-16,India,Other,1957,Silver
C00530,casey.johnson530@example.com,Casey,Johnson,2022-12-08,United Kingdom,M,1960,Bronze
C00531,chris.garcia531@example.com,Chris,Garcia,2025-02-27,France,Other,1977,Bronze
C00532,jordan.martin532@example.com,Jordan,Martin,2025-04-10,United Kingdom,M,1956,Bronze
C00533,casey.lopez533@example.com,Casey,Lopez,2023-09-06,United Kingdom,Other,1971,Bronze
C00534,cameron.lopez534@example.com,Cameron,Lopez,2022-12-20,United Kingdom,Other,1977,Bronze
C00535,sam.smith535@example.com,Sam,Smith,2022-04-26,Brazil,Other,1962,Silver
C00536,drew.johnson536@example.com,Drew,Johnson,2023-10-24,France,Other,1998,Silver
C00537,jordan.khan537@example.com,Jordan,Khan,2023-03-29,United States,F,1967,Bronze
C00538,taylor.kumar538@example.com,Taylor,Kumar,2022-10-14,India,Other,2001,Bronze
C00539,robin.garcia539@example.com,Robin,Garcia,2024-10-13,India,M,1970,Silver
C00540,jamie.patel540@example.com,Jamie,Patel,2023-09-10,India,M,1984,Bronze
C00541,taylor.wilson541@example.com,Taylor,Wilson,2023-09-25,Germany,M,1970,Silver
C00542,riley.lee542@example.com,Riley,Lee,2024-11-01,Brazil,F,1971,Bronze
C00543,pat.brown543@example.com,Pat,Brown,2024-09-06,India,F,1957,Bronze
C00544,casey.nguyen544@example.com,Casey,Nguyen,2022-08-25,United Kingdom,F,1977,Bronze
C00545,riley.lee545@example.com,Riley,Lee,2022-12-14,United Kingdom,Other,1994,Silver
C00546,jordan.chen546@example.com,Jordan,Chen,2023-09-22,Australia,Other,1959,Silver
C00547,riley.lee547@example.com,Riley,Lee,2025-06-25,Australia,M,1998,Bronze
C00548,chris.lee548@example.com,Chris,Lee,2022-11-17,United States,Other,1984,Silver
C00549,morgan.garcia549@example.com,Morgan,Garcia,2022-05-29,Canada,F,1974,Bronze
C00550,jordan.lopez550@example.com,Jordan,Lopez,2023-02-10,Australia,Other,1972,Silver
C00551,blake.johnson551@example.com,Blake,Johnson,2023-04-01,Canada,M,1993,Bronze
C00552,jordan.martin552@example.com,Jordan,Martin,2024-03-10,Brazil,F,1987,Silver
C00553,alex.lopez553@example.com,Alex,Lopez,2024-10-09,United States,Other,1970,Silver
C00554,casey.nguyen554@example.com,Casey,Nguyen,2023-04-05,India,F,1992,Silver
C00555,cameron.chen555@example.com,Cameron,Chen,2024-01-08,India,Other,1968,Bronze
C00556,alex.kumar556@example.com,Alex,Kumar,2023-04-26,Brazil,F,1977,Bronze
C00557,taylor.khan557@example.com,Taylor,Khan,2022-04-24,United Kingdom,Other,1999,Silver
C00558,cameron.kumar558@example.com,Cameron,Kumar,2022-12-27,Brazil,M,1975,Bronze
C00559,riley.lee559@example.com,Riley,Lee,2024-02-09,United Kingdom,F,1981,Bronze
C00560,casey.chen560@example.com,Casey,Chen,2024-01-31,Germany,F,1963,Silver
C00561,casey.brown561@example.com,Casey,Brown,2023-03-25,France,Other,1965,Bronze
C00562,drew.brown562@example.com,Drew,Brown,2024-04-14,United Kingdom,F,1977,Platinum
C00563,chris.martin563@example.com,Chris,Martin,2025-05-04,Brazil,M,1972,Bronze
C00564,drew.kumar564@example.com,Drew,Kumar,2022-11-07,United States,Other,1960,Silver
C00565,cameron.martin565@example.com,Cameron,Martin,2023-02-10,Brazil,F,1997,Silver
C00566,jordan.patel566@example.com,Jordan,Patel,2022-05-23,United States,M,1976,Bronze
C00567,drew.smith567@example.com,Drew,Smith,2025-09-01,Canada,Other,1991,Bronze
C00568,casey.johnson568@example.com,Casey,Johnson,2022-09-01,United Kingdom,F,1996,Silver
C00569,riley.wilson569@example.com,Riley,Wilson,2022-01-12,France,Other,2001,Bronze
C00570,avery.lee570@example.com,Avery,Lee,2023-07-15,United States,F,1996,Silver
C00571,blake.smith571@example.com,Blake,Smith,2023-11-09,France,M,1972,Gold
C00572,cameron.chen572@example.com,Cameron,Chen,2025-03-27,United States,F,1978,Bronze
C00573,avery.brown573@example.com,Avery,Brown,2022-05-14,Brazil,F,1957,Silver
C00574,jordan.patel574@example.com,Jordan,Patel,2024-10-27,Australia,F,1968,Silver
C00575,jamie.lee575@example.com,Jamie,Lee,2022-03-14,Australia,M,1969,Gold
C00576,morgan.khan576@example.com,Morgan,Khan,2023-08-01,Germany,F,1981,Silver
C00577,jamie.lopez577@example.com,Jamie,Lopez,2022-05-10,United Kingdom,Other,1989,Bronze
C00578,sam.singh578@example.com,Sam,Singh,2025-05-14,France,Other,1974,Silver
C00579,pat.chen579@example.com,Pat,Chen,2022-09-23,United States,M,1979,Bronze
C00580,morgan.chen580@example.com,Morgan,Chen,2024-03-03,United States,F,1987,Bronze
C00581,pat.khan581@example.com,Pat,Khan,2022-06-13,Canada,F,1985,Bronze
C00582,drew.martin582@example.com,Drew,Martin,2024-04-12,France,M,2000,Silver
C00583,sam.nguyen583@example.com,Sam,Nguyen,2022-12-02,Brazil,M,2000,Bronze
C00584,blake.chen584@example.com,Blake,Chen,2023-01-16,United States,F,1957,Bronze
C00585,taylor.singh585@example.com,Taylor,Singh,2023-04-28,France,F,1995,Gold
C00586,jordan.chen586@example.com,Jordan,Chen,2024-06-20,France,Other,1979,Bronze
C00587,pat.wilson587@example.com,Pat,Wilson,2025-02-14,United States,Other,1988,Silver
C00588,jordan.smith588@example.com,Jordan,Smith,2024-07-05,India,Other,1988,Bronze
C00589,drew.brown589@example.com,Drew,Brown,2024-08-21,India,M,1979,Bronze
C00590,alex.brown590@example.com,Alex,Brown,2025-01-07,India,M,1958,Bronze
C00591,casey.nguyen591@example.com,Casey,Nguyen,2025-04-11,India,F,1966,Bronze
C00592,avery.lee592@example.com,Avery,Lee,2022-05-08,France,M,1986,Bronze
C00593,jamie.lee593@example.com,Jamie,Lee,2022-04-02,United States,M,1967,Bronze
C00594,sam.martin594@example.com,Sam,Martin,2023-06-27,United Kingdom,F,1968,Bronze
C00595,drew.chen595@example.com,Drew,Chen,2024-09-15,Germany,Other,1960,Bronze
C00596,jordan.lee596@example.com,Jordan,Lee,2023-11-03,India,Other,1983,Bronze
C00597,jordan.lopez597@example.com,Jordan,Lopez,2022-02-12,United Kingdom,Other,1956,Bronze
C00598,jordan.garcia598@example.com,Jordan,Garcia,2024-12-19,Canada,M,1977,Bronze
C00599,sam.lee599@example.com,Sam,Lee,2023-04-12,United States,Other,1985,Bronze
C00600,morgan.martin600@example.com,Morgan,Martin,2024-10-07,France,M,1959,Bronze
C00601,taylor.wilson601@example.com,Taylor,Wilson,2024-02-17,Australia,Other,1979,Bronze
C00602,riley.singh602@example.com,Riley,Singh,2023-10-04,Canada,Other,1965,Silver
C00603,alex.chen603@example.com,Alex,Chen,2023-11-21,Brazil,M,1985,Gold
C00604,casey.patel604@example.com,Casey,Patel,2024-12-15,India,F,1969,Silver
C00605,robin.smith605@example.com,Robin,Smith,2023-04-02,Brazil,M,1977,Silver
C00606,jamie.garcia606@example.com,Jamie,Garcia,2022-03-24,United States,Other,1963,Bronze
C00607,sam.khan607@example.com,Sam,Khan,2025-01-27,France,F,1975,Bronze
C00608,blake.martin608@example.com,Blake,Martin,2025-03-25,United States,Other,2000,Gold
C00609,morgan.martin609@example.com,Morgan,Martin,2024-06-01,India,F,1961,Bronze
C00610,drew.lee610@example.com,Drew,Lee,2025-01-08,United States,F,1970,Bronze
C00611,taylor.smith611@example.com,Taylor,Smith,2024-02-03,France,F,1987,Gold
C00612,casey.wilson612@example.com,Casey,Wilson,2025-07-07,Canada,F,1958,Bronze
C00613,morgan.singh613@example.com,Morgan,Singh,2024-02-24,India,Other,1991,Silver
C00614,riley.johnson614@example.com,Riley,Johnson,2024-03-30,United Kingdom,Other,1983,Bronze
C00615,blake.brown615@example.com,Blake,Brown,2024-03-30,France,F,1990,Bronze
C00616,morgan.patel616@example.com,Morgan,Patel,2022-05-04,Australia,Other,1992,Silver
C00617,robin.lee617@example.com,Robin,Lee,2025-06-08,United Kingdom,M,2004,Bronze
C00618,alex.brown618@example.com,Alex,Brown,2024-12-22,United States,F,1991,Bronze
C00619,riley.patel619@example.com,Riley,Patel,2024-02-07,United States,Other,1989,Silver
C00620,cameron.johnson620@example.com,Cameron,Johnson,2023-06-03,United States,Other,1981,Silver
C00621,alex.johnson621@example.com,Alex,Johnson,2022-04-02,India,Other,1976,Bronze
C00622,drew.chen622@example.com,Drew,Chen,2023-03-31,Germany,M,1991,Bronze
C00623,cameron.kumar623@example.com,Cameron,Kumar,2023-08-21,Brazil,M,1959,Silver
C00624,drew.smith624@example.com,Drew,Smith,2023-05-25,United Kingdom,Other,1956,Bronze
C00625,sam.wilson625@example.com,Sam,Wilson,2023-02-09,Germany,M,1992,Bronze
C00626,jamie.lopez626@example.com,Jamie,Lopez,2023-10-23,India,Other,1964,Bronze
C00627,jordan.martin627@example.com,Jordan,Martin,2024-06-19,United States,Other,1955,Silver
C00628,robin.singh628@example.com,Robin,Singh,2024-11-02,United States,M,1975,Silver
C00629,alex.chen629@example.com,Alex,Chen,2022-08-30,Brazil,F,1999,Bronze
C00630,pat.garcia630@example.com,Pat,Garcia,2025-05-21,France,M,1972,Bronze
C00631,casey.kumar631@example.com,Casey,Kumar,2022-06-22,France,F,1986,Silver
C00632,taylor.martin632@example.com,Taylor,Martin,2022-06-13,United States,F,1971,Gold
C00633,chris.chen633@example.com,Chris,Chen,2024-09-21,United States,Other,2003,Bronze
C00634,robin.smith634@example.com,Robin,Smith,2023-12-01,United States,M,1965,Silver
C00635,morgan.lee635@example.com,Morgan,Lee,2023-12-04,Brazil,F,1975,Gold
C00636,pat.lee636@example.com,Pat,Lee,2022-11-04,Canada,M,1980,Bronze
C00637,chris.patel637@example.com,Chris,Patel,2023-05-25,Brazil,M,1958,Silver
C00638,jamie.martin638@example.com,Jamie,Martin,2023-06-30,Canada,M,2002,Bronze
C00639,cameron.khan639@example.com,Cameron,Khan,2023-08-17,Brazil,M,1994,Bronze
C00640,blake.garcia640@example.com,Blake,Garcia,2025-06-04,United States,Other,1995,Bronze
C00641,avery.singh641@example.com,Avery,Singh,2023-07-08,Brazil,M,1975,Gold
C00642,drew.nguyen642@example.com,Drew,Nguyen,2023-07-08,India,F,1967,Silver
C00643,sam.brown643@example.com,Sam,Brown,2023-09-17,India,F,1995,Bronze
C00644,alex.johnson644@example.com,Alex,Johnson,2022-07-11,Germany,M,1971,Bronze
C00645,blake.chen645@example.com,Blake,Chen,2025-02-17,India,F,1963,Silver
C00646,jamie.singh646@example.com,Jamie,Singh,2023-03-01,United States,M,1955,Bronze
C00647,robin.chen647@example.com,Robin,Chen,2025-02-27,India,M,2002,Bronze
C00648,morgan.nguyen648@example.com,Morgan,Nguyen,2022-01-29,France,F,1987,Bronze
C00649,avery.martin649@example.com,Avery,Martin,2024-10-30,France,Other,2004,Bronze
C00650,pat.martin650@example.com,Pat,Martin,2022-08-20,India,M,1975,Bronze
C00651,jordan.kumar651@example.com,Jordan,Kumar,2025-07-31,Brazil,M,1965,Bronze
C00652,jordan.lopez652@example.com,Jordan,Lopez,2024-01-29,India,Other,1988,Bronze
C00653,pat.kumar653@example.com,Pat,Kumar,2024-02-15,United States,F,1976,Bronze
C00654,avery.lee654@example.com,Avery,Lee,2022-07-19,United States,F,2003,Silver
C00655,avery.singh655@example.com,Avery,Singh,2022-03-20,Germany,F,1971,Bronze
C00656,jordan.lee656@example.com,Jordan,Lee,2024-08-13,Germany,F,1977,Gold
C00657,casey.smith657@example.com,Casey,Smith,2024-05-05,Australia,M,1999,Bronze
C00658,alex.garcia658@example.com,Alex,Garcia,2023-04-12,Brazil,Other,1959,Bronze
C00659,taylor.lee659@example.com,Taylor,Lee,2024-07-28,India,M,1955,Silver
C00660,sam.smith660@example.com,Sam,Smith,2022-03-28,United States,M,1991,Silver
C00661,jordan.brown661@example.com,Jordan,Brown,2024-10-28,Brazil,Other,1967,Bronze
C00662,robin.lee662@example.com,Robin,Lee,2025-05-08,Canada,M,1977,Bronze
C00663,alex.lee663@example.com,Alex,Lee,2022-02-12,United States,M,1955,Silver
C00664,sam.chen664@example.com,Sam,Chen,2023-02-12,Brazil,M,1989,Bronze
C00665,jamie.smith665@example.com,Jamie,Smith,2023-10-26,United States,Other,1971,Bronze
C00666,morgan.lopez666@example.com,Morgan,Lopez,2022-05-28,United States,M,1975,Silver
C00667,pat.brown667@example.com,Pat,Brown,2022-08-20,France,F,1985,Bronze
C00668,blake.johnson668@example.com,Blake,Johnson,2023-01-01,United States,M,1990,Silver
C00669,robin.wilson669@example.com,Robin,Wilson,2023-03-12,India,F,1969,Gold
C00670,alex.lee670@example.com,Alex,Lee,2025-05-19,United Kingdom,M,1961,Bronze
C00671,robin.kumar671@example.com,Robin,Kumar,2023-05-14,India,Other,1982,Silver
C00672,drew.smith672@example.com,Drew,Smith,2023-07-17,France,F,1997,Silver
C00673,jamie.khan673@example.com,Jamie,Khan,2023-03-18,Brazil,Other,1959,Bronze
C00674,casey.martin674@example.com,Casey,Martin,2024-02-12,India,F,1984,Bronze
C00675,riley.brown675@example.com,Riley,Brown,2023-06-04,United States,F,1964,Silver
C00676,alex.kumar676@example.com,Alex,Kumar,2024-09-18,France,Other,2002,Bronze
C00677,taylor.johnson677@example.com,Taylor,Johnson,2025-05-28,United States,F,1971,Silver
C00678,casey.chen678@example.com,Casey,Chen,2025-05-31,Brazil,M,1962,Silver
C00679,riley.chen679@example.com,Riley,Chen,2022-12-26,France,M,1979,Bronze
C00680,jordan.brown680@example.com,Jordan,Brown,2022-11-25,Canada,Other,1956,Silver
C00681,pat.patel681@example.com,Pat,Patel,2023-04-08,United States,Other,2004,Silver
C00682,riley.johnson682@example.com,Riley,Johnson,2024-08-20,Canada,F,2003,Bronze
C00683,casey.wilson683@example.com,Casey,Wilson,2024-04-15,United States,M,1968,Bronze
C00684,taylor.patel684@example.com,Taylor,Patel,2022-06-18,United States,M,1979,Bronze
C00685,pat.patel685@example.com,Pat,Patel,2023-01-13,United States,Other,2004,Bronze
C00686,jordan.kumar686@example.com,Jordan,Kumar,2022-05-29,Brazil,M,1990,Bronze
C00687,jordan.patel687@example.com,Jordan,Patel,2023-10-14,Germany,M,1981,Bronze
C00688,avery.khan688@example.com,Avery,Khan,2024-02-09,Brazil,F,1967,Gold
C00689,cameron.nguyen689@example.com,Cameron,Nguyen,2022-06-09,India,F,1985,Bronze
C00690,pat.johnson690@example.com,Pat,Johnson,2025-08-04,France,F,1986,Silver
C00691,drew.nguyen691@example.com,Drew,Nguyen,2024-06-10,France,M,1988,Silver
C00692,cameron.khan692@example.com,Cameron,Khan,2023-06-07,Germany,F,1964,Gold
C00693,taylor.nguyen693@example.com,Taylor,Nguyen,2024-02-22,Canada,F,1971,Bronze
C00694,cameron.singh694@example.com,Cameron,Singh,2024-07-24,United Kingdom,M,1972,Bronze
C00695,cameron.patel695@example.com,Cameron,Patel,2022-07-02,India,Other,1963,Platinum
C00696,alex.johnson696@example.com,Alex,Johnson,2023-05-03,Canada,Other,1968,Gold
C00697,taylor.nguyen697@example.com,Taylor,Nguyen,2022-05-04,Canada,M,1979,Gold
C00698,pat.singh698@example.com,Pat,Singh,2024-02-29,United States,F,1984,Bronze
C00699,jordan.nguyen699@example.com,Jordan,Nguyen,2025-04-10,France,Other,1986,Bronze
C00700,robin.nguyen700@example.com,Robin,Nguyen,2023-11-17,Germany,M,2003,Bronze
C00701,chris.brown701@example.com,Chris,Brown,2024-06-06,United States,F,1975,Bronze
C00702,drew.lee702@example.com,Drew,Lee,2022-05-02,Germany,F,1986,Bronze
C00703,cameron.garcia703@example.com,Cameron,Garcia,2025-05-30,France,F,1993,Gold
C00704,blake.garcia704@example.com,Blake,Garcia,2023-05-12,United Kingdom,F,1966,Bronze
C00705,drew.chen705@example.com,Drew,Chen,2025-06-10,Canada,M,2001,Silver
C00706,jordan.lopez706@example.com,Jordan,Lopez,2022-05-29,United States,F,1967,Silver
C00707,alex.martin707@example.com,Alex,Martin,2024-10-18,United Kingdom,F,1975,Bronze
C00708,jordan.garcia708@example.com,Jordan,Garcia,2022-10-29,United States,M,1994,Bronze
C00709,pat.patel709@example.com,Pat,Patel,2022-08-26,France,Other,1961,Gold
C00710,alex.garcia710@example.com,Alex,Garcia,2023-10-25,France,F,1998,Bronze
C00711,jordan.smith711@example.com,Jordan,Smith,2022-07-22,United States,M,1976,Bronze
C00712,morgan.singh712@example.com,Morgan,Singh,2023-10-24,Canada,Other,1997,Gold
C00713,chris.nguyen713@example.com,Chris,Nguyen,2023-06-18,United Kingdom,M,1982,Bronze
C00714,morgan.patel714@example.com,Morgan,Patel,2024-02-09,India,M,1983,Bronze
C00715,pat.smith715@example.com,Pat,Smith,2022-08-01,India,Other,1969,Bronze
C00716,robin.patel716@example.com,Robin,Patel,2023-03-12,India,M,1981,Bronze
C00717,jordan.nguyen717@example.com,Jordan,Nguyen,2022-03-29,United Kingdom,M,1998,Bronze
C00718,chris.kumar718@example.com,Chris,Kumar,2023-04-06,India,Other,1976,Bronze
C00719,chris.lee719@example.com,Chris,Lee,2023-02-25,Australia,F,1987,Bronze
C00720,blake.garcia720@example.com,Blake,Garcia,2023-11-27,United Kingdom,F,1957,Bronze
C00721,jamie.lopez721@example.com,Jamie,Lopez,2023-12-04,United Kingdom,Other,1973,Silver
C00722,alex.johnson722@example.com,Alex,Johnson,2022-01-23,Germany,M,1983,Silver
C00723,robin.martin723@example.com,Robin,Martin,2024-11-19,Brazil,Other,1993,Bronze
C00724,taylor.khan724@example.com,Taylor,Khan,2022-04-18,United States,Other,2001,Bronze
C00725,morgan.khan725@example.com,Morgan,Khan,2025-07-28,Australia,Other,1991,Gold
C00726,blake.brown726@example.com,Blake,Brown,2025-02-08,India,Other,1962,Bronze
C00727,alex.khan727@example.com,Alex,Khan,2022-12-28,Canada,Other,1970,Bronze
C00728,robin.patel728@example.com,Robin,Patel,2022-05-09,United States,F,1998,Gold
C00729,jordan.johnson729@example.com,Jordan,Johnson,2025-07-08,France,M,1957,Silver
C00730,alex.garcia730@example.com,Alex,Garcia,2023-03-25,United States,M,1958,Silver
C00731,avery.nguyen731@example.com,Avery,Nguyen,2025-02-01,United States,F,1989,Bronze
C00732,blake.singh732@example.com,Blake,Singh,2025-06-01,France,F,1996,Bronze
C00733,casey.garcia733@example.com,Casey,Garcia,2023-04-18,Canada,Other,1964,Gold
C00734,jamie.chen734@example.com,Jamie,Chen,2022-10-29,United States,Other,1993,Silver
C00735,casey.kumar735@example.com,Casey,Kumar,2024-07-11,India,M,1956,Bronze
C00736,riley.patel736@example.com,Riley,Patel,2024-07-25,Canada,M,2002,Gold
C00737,blake.lee737@example.com,Blake,Lee,2024-11-02,Canada,F,1963,Bronze
C00738,avery.khan738@example.com,Avery,Khan,2023-05-15,France,F,1990,Gold
C00739,morgan.nguyen739@example.com,Morgan,Nguyen,2023-08-21,India,M,1996,Silver
C00740,jordan.wilson740@example.com,Jordan,Wilson,2023-08-25,India,Other,1966,Silver
C00741,cameron.garcia741@example.com,Cameron,Garcia,2022-07-28,United States,F,1968,Gold
C00742,cameron.brown742@example.com,Cameron,Brown,2024-11-03,United States,F,1988,Bronze
C00743,blake.martin743@example.com,Blake,Martin,2024-11-09,United States,F,1965,Silver
C00744,chris.wilson744@example.com,Chris,Wilson,2024-10-11,Brazil,Other,1960,Gold
C00745,sam.chen745@example.com,Sam,Chen,2025-05-19,United States,Other,1991,Bronze
C00746,jamie.kumar746@example.com,Jamie,Kumar,2023-11-29,Brazil,F,1958,Bronze
C00747,riley.nguyen747@example.com,Riley,Nguyen,2025-03-01,United States,F,1974,Bronze
C00748,cameron.lopez748@example.com,Cameron,Lopez,2023-06-20,Germany,M,1989,Gold
C00749,casey.kumar749@example.com,Casey,Kumar,2025-03-23,United States,Other,1991,Bronze
C00750,morgan.johnson750@example.com,Morgan,Johnson,2024-04-01,Brazil,Other,1994,Bronze
C00751,alex.johnson751@example.com,Alex,Johnson,2024-05-20,United States,M,1975,Silver
C00752,taylor.smith752@example.com,Taylor,Smith,2022-07-21,India,Other,1992,Gold
C00753,taylor.wilson753@example.com,Taylor,Wilson,2024-07-30,United Kingdom,F,1958,Bronze
C00754,robin.lee754@example.com,Robin,Lee,2022-07-07,Australia,F,1999,Bronze
C00755,riley.lopez755@example.com,Riley,Lopez,2024-11-09,United States,Other,1971,Gold
C00756,casey.martin756@example.com,Casey,Martin,2025-02-16,United Kingdom,F,1961,Silver
C00757,cameron.chen757@example.com,Cameron,Chen,2023-05-31,Australia,F,1983,Bronze
C00758,alex.johnson758@example.com,Alex,Johnson,2023-06-10,Brazil,M,1957,Silver
C00759,avery.brown759@example.com,Avery,Brown,2022-12-02,Australia,F,1958,Silver
C00760,robin.garcia760@example.com,Robin,Garcia,2024-02-05,India,Other,1978,Gold
C00761,alex.lopez761@example.com,Alex,Lopez,2022-06-11,France,Other,1984,Silver
C00762,drew.smith762@example.com,Drew,Smith,2023-08-17,United States,F,1973,Silver
C00763,cameron.singh763@example.com,Cameron,Singh,2022-06-08,Australia,F,1973,Bronze
C00764,avery.martin764@example.com,Avery,Martin,2025-09-04,India,F,2000,Bronze
C00765,robin.khan765@example.com,Robin,Khan,2022-07-30,Brazil,M,1976,Bronze
C00766,alex.khan766@example.com,Alex,Khan,2023-10-26,France,F,1999,Gold
C00767,casey.nguyen767@example.com,Casey,Nguyen,2025-01-04,Canada,Other,1984,Bronze
C00768,sam.lopez768@example.com,Sam,Lopez,2025-08-30,United States,Other,1992,Platinum
C00769,pat.chen769@example.com,Pat,Chen,2025-02-14,United Kingdom,Other,1985,Silver
C00770,chris.brown770@example.com,Chris,Brown,2024-05-17,United States,M,1973,Silver
C00771,drew.chen771@example.com,Drew,Chen,2023-03-08,Brazil,Other,1999,Silver
C00772,pat.nguyen772@example.com,Pat,Nguyen,2024-01-10,United States,F,1984,Bronze
C00773,chris.wilson773@example.com,Chris,Wilson,2022-07-02,France,Other,2003,Bronze
C00774,alex.patel774@example.com,Alex,Patel,2025-04-21,Germany,M,1987,Bronze
C00775,pat.singh775@example.com,Pat,Singh,2025-03-15,Germany,Other,2003,Silver
C00776,drew.lopez776@example.com,Drew,Lopez,2024-02-02,France,Other,1982,Silver
C00777,chris.chen777@example.com,Chris,Chen,2024-02-02,United States,Other,2001,Silver
C00778,jordan.wilson778@example.com,Jordan,Wilson,2024-08-28,United States,F,1999,Bronze
C00779,cameron.kumar779@example.com,Cameron,Kumar,2022-06-10,Canada,Other,1971,Gold
C00780,blake.martin780@example.com,Blake,Martin,2022-07-17,Australia,M,1958,Bronze
C00781,cameron.chen781@example.com,Cameron,Chen,2023-10-22,United Kingdom,F,2002,Silver
C00782,pat.wilson782@example.com,Pat,Wilson,2024-12-06,Canada,M,1981,Bronze
C00783,jamie.smith783@example.com,Jamie,Smith,2023-02-03,Brazil,Other,1960,Bronze
C00784,sam.lopez784@example.com,Sam,Lopez,2022-03-19,France,Other,1965,Bronze
C00785,morgan.khan785@example.com,Morgan,Khan,2022-05-17,United Kingdom,M,1980,Bronze
C00786,jordan.brown786@example.com,Jordan,Brown,2024-04-16,United Kingdom,F,1964,Platinum
C00787,jordan.martin787@example.com,Jordan,Martin,2022-02-19,Brazil,M,1957,Bronze
C00788,jamie.martin788@example.com,Jamie,Martin,2024-08-30,Australia,Other,1997,Bronze
C00789,alex.smith789@example.com,Alex,Smith,2022-09-11,India,M,1999,Bronze
C00790,riley.kumar790@example.com,Riley,Kumar,2023-12-11,United States,M,1971,Silver
C00791,jordan.patel791@example.com,Jordan,Patel,2023-07-17,India,F,1973,Bronze
C00792,jamie.garcia792@example.com,Jamie,Garcia,2023-07-01,United States,Other,2000,Bronze
C00793,pat.smith793@example.com,Pat,Smith,2024-07-10,France,Other,1959,Silver
C00794,taylor.smith794@example.com,Taylor,Smith,2022-02-18,Australia,M,1975,Silver
C00795,taylor.singh795@example.com,Taylor,Singh,2025-01-02,Brazil,M,1959,Bronze
C00796,morgan.khan796@example.com,Morgan,Khan,2022-12-22,Canada,M,1960,Bronze
C00797,chris.wilson797@example.com,Chris,Wilson,2025-07-07,India,Other,1993,Bronze
C00798,pat.garcia798@example.com,Pat,Garcia,2025-08-11,France,F,2004,Platinum
C00799,blake.lopez799@example.com,Blake,Lopez,2024-07-19,United Kingdom,F,1955,Bronze
C00800,alex.brown800@example.com,Alex,Brown,2024-03-02,United States,M,1990,Platinum
C00801,cameron.smith801@example.com,Cameron,Smith,2024-03-19,Canada,F,2000,Bronze
C00802,cameron.nguyen802@example.com,Cameron,Nguyen,2022-07-07,Brazil,Other,1985,Bronze
C00803,chris.kumar803@example.com,Chris,Kumar,2024-09-11,India,M,1990,Bronze
C00804,robin.lee804@example.com,Robin,Lee,2023-12-26,Australia,Other,1984,Bronze
C00805,sam.garcia805@example.com,Sam,Garcia,2024-05-25,India,F,1996,Bronze
C00806,jamie.singh806@example.com,Jamie,Singh,2023-02-18,United States,Other,1976,Silver
C00807,alex.wilson807@example.com,Alex,Wilson,2025-05-28,India,Other,1961,Bronze
C00808,chris.patel808@example.com,Chris,Patel,2022-06-12,Canada,M,1982,Bronze
C00809,casey.singh809@example.com,Casey,Singh,2022-09-27,Canada,M,1964,Bronze
C00810,jamie.brown810@example.com,Jamie,Brown,2025-04-20,Canada,Other,1985,Silver
C00811,taylor.martin811@example.com,Taylor,Martin,2022-07-24,Germany,M,1960,Bronze
C00812,casey.lopez812@example.com,Casey,Lopez,2024-04-20,France,F,1999,Silver
C00813,pat.brown813@example.com,Pat,Brown,2025-06-05,United States,M,1997,Silver
C00814,avery.patel814@example.com,Avery,Patel,2023-08-19,Australia,M,1972,Bronze
C00815,drew.khan815@example.com,Drew,Khan,2022-09-07,United States,F,1997,Silver
C00816,robin.brown816@example.com,Robin,Brown,2022-07-15,India,F,2004,Platinum
C00817,jamie.smith817@example.com,Jamie,Smith,2024-12-29,United States,M,1969,Bronze
C00818,avery.wilson818@example.com,Avery,Wilson,2023-11-03,United Kingdom,F,1965,Silver
C00819,cameron.lee819@example.com,Cameron,Lee,2025-03-17,United States,M,1978,Silver
C00820,alex.chen820@example.com,Alex,Chen,2024-08-01,United States,F,1961,Silver
C00821,pat.lopez821@example.com,Pat,Lopez,2023-05-07,France,Other,1968,Bronze
C00822,sam.martin822@example.com,Sam,Martin,2025-08-29,Brazil,F,1991,Bronze
C00823,morgan.lopez823@example.com,Morgan,Lopez,2022-11-10,United Kingdom,F,1975,Bronze
C00824,drew.garcia824@example.com,Drew,Garcia,2025-01-10,Australia,M,1959,Silver
C00825,jordan.singh825@example.com,Jordan,Singh,2025-02-28,Germany,M,1977,Platinum
C00826,sam.garcia826@example.com,Sam,Garcia,2024-09-10,France,Other,2003,Bronze
C00827,robin.lopez827@example.com,Robin,Lopez,2023-01-06,United States,F,1979,Bronze
C00828,riley.smith828@example.com,Riley,Smith,2024-05-02,Brazil,Other,1966,Gold
C00829,blake.johnson829@example.com,Blake,Johnson,2023-03-21,India,F,1995,Bronze
C00830,jamie.smith830@example.com,Jamie,Smith,2022-06-10,United States,M,2004,Silver
C00831,cameron.chen831@example.com,Cameron,Chen,2023-09-21,Australia,Other,1958,Silver
C00832,cameron.patel832@example.com,Cameron,Patel,2024-06-13,United States,F,1996,Gold
C00833,casey.khan833@example.com,Casey,Khan,2024-10-13,Australia,F,1961,Silver
C00834,robin.singh834@example.com,Robin,Singh,2023-08-21,United States,Other,1987,Bronze
C00835,robin.garcia835@example.com,Robin,Garcia,2023-08-16,United States,Other,1978,Silver
C00836,alex.smith836@example.com,Alex,Smith,2023-07-27,Australia,F,1988,Bronze
C00837,avery.lopez837@example.com,Avery,Lopez,2022-01-28,Brazil,F,1997,Bronze
C00838,pat.brown838@example.com,Pat,Brown,2023-02-27,United Kingdom,Other,1976,Bronze
C00839,taylor.khan839@example.com,Taylor,Khan,2022-06-26,Australia,M,1971,Bronze
C00840,sam.lopez840@example.com,Sam,Lopez,2024-08-23,India,M,2000,Bronze
C00841,avery.lopez841@example.com,Avery,Lopez,2022-07-17,India,F,1988,Bronze
C00842,cameron.nguyen842@example.com,Cameron,Nguyen,2024-04-21,United States,M,1975,Bronze
C00843,casey.khan843@example.com,Casey,Khan,2022-01-22,United States,Other,2002,Bronze
C00844,riley.nguyen844@example.com,Riley,Nguyen,2024-12-16,United Kingdom,M,1956,Bronze
C00845,robin.nguyen845@example.com,Robin,Nguyen,2024-04-21,India,M,1988,Bronze
C00846,avery.brown846@example.com,Avery,Brown,2025-03-13,Brazil,Other,2002,Bronze
C00847,riley.lopez847@example.com,Riley,Lopez,2023-03-11,Germany,F,1993,Bronze
C00848,sam.lee848@example.com,Sam,Lee,2025-01-14,Germany,F,1966,Bronze
C00849,pat.chen849@example.com,Pat,Chen,2022-12-10,Australia,Other,2001,Silver
C00850,casey.martin850@example.com,Casey,Martin,2025-08-10,Germany,M,1964,Bronze
C00851,jamie.johnson851@example.com,Jamie,Johnson,2023-09-03,Brazil,F,2003,Silver
C00852,sam.wilson852@example.com,Sam,Wilson,2024-08-17,Canada,F,1986,Bronze
C00853,taylor.lopez853@example.com,Taylor,Lopez,2023-01-26,Brazil,F,1975,Bronze
C00854,sam.kumar854@example.com,Sam,Kumar,2023-06-16,India,Other,1980,Gold
C00855,riley.lee855@example.com,Riley,Lee,2023-01-18,Brazil,Other,1958,Bronze
C00856,riley.khan856@example.com,Riley,Khan,2024-06-02,United States,Other,1976,Bronze
C00857,cameron.smith857@example.com,Cameron,Smith,2023-01-11,Canada,Other,1994,Bronze
C00858,jamie.khan858@example.com,Jamie,Khan,2022-08-01,Brazil,Other,1969,Gold
C00859,riley.johnson859@example.com,Riley,Johnson,2023-09-20,Germany,F,1982,Bronze
C00860,robin.patel860@example.com,Robin,Patel,2024-02-21,Canada,F,1981,Bronze
C00861,morgan.patel861@example.com,Morgan,Patel,2024-09-27,France,F,1994,Silver
C00862,morgan.martin862@example.com,Morgan,Martin,2022-02-27,France,M,1982,Bronze
C00863,jordan.garcia863@example.com,Jordan,Garcia,2024-11-15,Canada,Other,2003,Gold
C00864,chris.chen864@example.com,Chris,Chen,2023-03-23,Germany,Other,1956,Gold
C00865,cameron.khan865@example.com,Cameron,Khan,2025-07-01,Australia,Other,1957,Bronze
C00866,cameron.wilson866@example.com,Cameron,Wilson,2024-12-03,Australia,M,1987,Gold
C00867,cameron.nguyen867@example.com,Cameron,Nguyen,2024-10-08,France,Other,1989,Bronze
C00868,cameron.nguyen868@example.com,Cameron,Nguyen,2024-02-13,United Kingdom,F,1993,Bronze
C00869,casey.lopez869@example.com,Casey,Lopez,2023-08-24,Canada,Other,2004,Gold
C00870,morgan.nguyen870@example.com,Morgan,Nguyen,2023-12-10,Germany,F,1965,Silver
C00871,blake.chen871@example.com,Blake,Chen,2023-05-19,India,M,1966,Bronze
C00872,alex.garcia872@example.com,Alex,Garcia,2022-01-08,United States,M,1978,Silver
C00873,chris.kumar873@example.com,Chris,Kumar,2023-05-23,Brazil,Other,1982,Platinum
C00874,chris.johnson874@example.com,Chris,Johnson,2025-08-13,Brazil,F,1990,Silver
C00875,taylor.kumar875@example.com,Taylor,Kumar,2023-04-30,India,F,1975,Bronze
C00876,sam.patel876@example.com,Sam,Patel,2024-12-31,Brazil,M,1963,Silver
C00877,cameron.nguyen877@example.com,Cameron,Nguyen,2023-07-13,Canada,Other,1969,Bronze
C00878,chris.singh878@example.com,Chris,Singh,2022-08-26,Australia,F,1994,Gold
C00879,morgan.kumar879@example.com,Morgan,Kumar,2025-05-18,France,Other,1996,Bronze
C00880,alex.smith880@example.com,Alex,Smith,2024-04-07,Germany,F,1974,Bronze
C00881,avery.brown881@example.com,Avery,Brown,2025-07-15,France,Other,1956,Silver
C00882,pat.kumar882@example.com,Pat,Kumar,2024-02-14,Canada,M,1970,Silver
C00883,drew.singh883@example.com,Drew,Singh,2023-01-22,France,M,1999,Bronze
C00884,robin.lee884@example.com,Robin,Lee,2022-09-16,United States,Other,1981,Bronze
C00885,sam.garcia885@example.com,Sam,Garcia,2022-02-09,United States,F,1992,Bronze
C00886,jordan.johnson886@example.com,Jordan,Johnson,2024-07-17,Canada,F,1982,Bronze
C00887,jamie.singh887@example.com,Jamie,Singh,2025-02-26,France,F,1962,Bronze
C00888,riley.smith888@example.com,Riley,Smith,2023-09-05,Brazil,Other,1986,Silver
C00889,chris.lopez889@example.com,Chris,Lopez,2023-11-19,Brazil,M,1997,Bronze
C00890,drew.singh890@example.com,Drew,Singh,2023-09-05,United Kingdom,M,1958,Bronze
C00891,casey.lee891@example.com,Casey,Lee,2024-09-16,Brazil,Other,1960,Bronze
C00892,casey.garcia892@example.com,Casey,Garcia,2023-01-01,United States,M,1973,Bronze
C00893,robin.martin893@example.com,Robin,Martin,2023-06-28,United Kingdom,Other,1963,Bronze
C00894,casey.lopez894@example.com,Casey,Lopez,2024-03-24,France,Other,1970,Silver
C00895,alex.lee895@example.com,Alex,Lee,2025-02-26,Australia,Other,1999,Bronze
C00896,riley.patel896@example.com,Riley,Patel,2024-10-09,United States,F,1975,Bronze
C00897,morgan.kumar897@example.com,Morgan,Kumar,2023-11-01,France,Other,1967,Bronze
C00898,cameron.wilson898@example.com,Cameron,Wilson,2025-03-31,United States,F,1958,Bronze
C00899,casey.kumar899@example.com,Casey,Kumar,2024-07-12,India,F,1992,Bronze
C00900,blake.nguyen900@example.com,Blake,Nguyen,2022-09-04,United States,M,1981,Bronze
C00901,jordan.kumar901@example.com,Jordan,Kumar,2022-05-11,India,M,1987,Bronze
C00902,taylor.nguyen902@example.com,Taylor,Nguyen,2022-07-15,Canada,Other,1979,Bronze
C00903,morgan.chen903@example.com,Morgan,Chen,2024-07-18,United States,Other,1980,Bronze
C00904,blake.singh904@example.com,Blake,Singh,2024-10-18,Brazil,M,1959,Silver
C00905,cameron.nguyen905@example.com,Cameron,Nguyen,2022-08-15,United States,F,1982,Bronze
C00906,alex.lee906@example.com,Alex,Lee,2022-09-22,United States,F,1992,Bronze
C00907,casey.lee907@example.com,Casey,Lee,2023-10-08,Canada,F,1973,Bronze
C00908,morgan.garcia908@example.com,Morgan,Garcia,2024-07-31,India,F,1998,Bronze
C00909,alex.garcia909@example.com,Alex,Garcia,2023-04-02,Australia,Other,1975,Bronze
C00910,cameron.patel910@example.com,Cameron,Patel,2025-06-03,United States,M,1976,Silver
C00911,cameron.chen911@example.com,Cameron,Chen,2025-02-28,United States,M,1966,Gold
C00912,chris.kumar912@example.com,Chris,Kumar,2023-04-21,Australia,F,1984,Silver
C00913,drew.lopez913@example.com,Drew,Lopez,2024-09-12,India,M,2002,Silver
C00914,jamie.johnson914@example.com,Jamie,Johnson,2025-07-24,India,F,1982,Bronze
C00915,drew.kumar915@example.com,Drew,Kumar,2025-05-26,Brazil,Other,1987,Bronze
C00916,jordan.wilson916@example.com,Jordan,Wilson,2024-09-07,Australia,Other,1989,Gold
C00917,robin.martin917@example.com,Robin,Martin,2023-06-30,France,Other,1995,Bronze
C00918,jordan.lee918@example.com,Jordan,Lee,2022-11-03,United States,F,2001,Bronze
C00919,casey.khan919@example.com,Casey,Khan,2022-12-04,France,Other,1965,Bronze
C00920,cameron.singh920@example.com,Cameron,Singh,2024-08-10,United Kingdom,Other,1977,Bronze
C00921,avery.khan921@example.com,Avery,Khan,2025-04-14,United States,Other,1976,Bronze
C00922,avery.wilson922@example.com,Avery,Wilson,2022-09-30,United States,Other,1959,Bronze
C00923,avery.smith923@example.com,Avery,Smith,2023-09-12,Brazil,Other,1965,Gold
C00924,jamie.nguyen924@example.com,Jamie,Nguyen,2024-05-11,India,M,1969,Bronze
C00925,chris.lee925@example.com,Chris,Lee,2024-07-19,United States,F,1987,Bronze
C00926,pat.johnson926@example.com,Pat,Johnson,2023-12-25,Australia,F,1970,Bronze
C00927,riley.lee927@example.com,Riley,Lee,2024-12-25,France,F,1989,Bronze
C00928,pat.patel928@example.com,Pat,Patel,2024-07-24,Australia,M,1982,Silver
C00929,riley.patel929@example.com,Riley,Patel,2024-12-06,United Kingdom,F,1993,Bronze
C00930,jordan.smith930@example.com,Jordan,Smith,2023-03-30,United Kingdom,Other,1963,Silver
C00931,cameron.nguyen931@example.com,Cameron,Nguyen,2022-05-04,India,M,1955,Silver
C00932,robin.singh932@example.com,Robin,Singh,2024-08-25,United Kingdom,F,1977,Bronze
C00933,pat.kumar933@example.com,Pat,Kumar,2023-10-02,United Kingdom,M,1957,Bronze
C00934,robin.patel934@example.com,Robin,Patel,2023-05-31,United States,M,1979,Bronze
C00935,blake.khan935@example.com,Blake,Khan,2022-05-23,United States,Other,1975,Silver
C00936,sam.singh936@example.com,Sam,Singh,2022-08-15,United States,Other,2000,Bronze
C00937,robin.smith937@example.com,Robin,Smith,2023-04-05,Brazil,Other,1971,Bronze
C00938,taylor.smith938@example.com,Taylor,Smith,2023-07-05,Canada,Other,1963,Bronze
C00939,jamie.nguyen939@example.com,Jamie,Nguyen,2024-04-24,Brazil,M,1969,Bronze
C00940,blake.kumar940@example.com,Blake,Kumar,2022-07-29,Canada,M,1987,Gold
C00941,jamie.khan941@example.com,Jamie,Khan,2023-10-08,India,Other,1981,Bronze
C00942,alex.nguyen942@example.com,Alex,Nguyen,2023-02-11,United States,Other,1981,Gold
C00943,robin.johnson943@example.com,Robin,Johnson,2024-06-06,Germany,M,2000,Bronze
C00944,jordan.patel944@example.com,Jordan,Patel,2023-07-04,France,M,1968,Silver
C00945,cameron.singh945@example.com,Cameron,Singh,2023-09-04,India,M,1962,Bronze
C00946,drew.lopez946@example.com,Drew,Lopez,2023-12-03,United States,M,1989,Bronze
C00947,alex.nguyen947@example.com,Alex,Nguyen,2023-08-19,United States,F,2003,Gold
C00948,morgan.lopez948@example.com,Morgan,Lopez,2022-10-08,France,M,1994,Gold
C00949,robin.martin949@example.com,Robin,Martin,2024-05-05,United States,Other,1968,Gold
C00950,avery.wilson950@example.com,Avery,Wilson,2022-06-03,Brazil,Other,1992,Bronze
C00951,riley.johnson951@example.com,Riley,Johnson,2023-10-24,India,Other,2002,Bronze
C00952,robin.chen952@example.com,Robin,Chen,2022-03-24,United States,M,2000,Bronze
C00953,casey.garcia953@example.com,Casey,Garcia,2024-08-04,United Kingdom,F,1957,Gold
C00954,drew.lopez954@example.com,Drew,Lopez,2025-07-22,France,M,1963,Bronze
C00955,jamie.johnson955@example.com,Jamie,Johnson,2022-10-11,United States,F,1974,Bronze
C00956,taylor.johnson956@example.com,Taylor,Johnson,2022-06-22,United States,Other,1961,Bronze
C00957,avery.lee957@example.com,Avery,Lee,2024-12-22,Australia,F,1963,Bronze
C00958,cameron.lee958@example.com,Cameron,Lee,2024-02-02,India,M,1973,Bronze
C00959,riley.johnson959@example.com,Riley,Johnson,2024-07-31,Australia,M,1968,Bronze
C00960,alex.johnson960@example.com,Alex,Johnson,2025-02-17,Canada,Other,1992,Bronze
C00961,casey.smith961@example.com,Casey,Smith,2023-11-07,France,M,1994,Bronze
C00962,chris.johnson962@example.com,Chris,Johnson,2023-04-10,India,Other,1984,Bronze
C00963,robin.smith963@example.com,Robin,Smith,2022-09-22,Brazil,F,1987,Silver
C00964,sam.brown964@example.com,Sam,Brown,2024-03-30,India,F,1979,Platinum
C00965,jordan.brown965@example.com,Jordan,Brown,2025-05-11,Brazil,Other,1989,Silver
C00966,avery.kumar966@example.com,Avery,Kumar,2024-09-27,United States,F,1968,Silver
C00967,jordan.singh967@example.com,Jordan,Singh,2022-08-10,Australia,Other,1995,Gold
C00968,riley.lee968@example.com,Riley,Lee,2022-03-09,United States,M,1982,Bronze
C00969,alex.brown969@example.com,Alex,Brown,2023-05-29,India,Other,1995,Gold
C00970,morgan.chen970@example.com,Morgan,Chen,2025-02-24,United States,F,1970,Bronze
C00971,blake.patel971@example.com,Blake,Patel,2023-04-22,Canada,Other,2003,Gold
C00972,casey.kumar972@example.com,Casey,Kumar,2023-03-08,United States,M,1984,Bronze
C00973,blake.patel973@example.com,Blake,Patel,2022-09-25,India,Other,1989,Bronze
C00974,robin.garcia974@example.com,Robin,Garcia,2024-02-18,India,M,2000,Bronze
C00975,cameron.khan975@example.com,Cameron,Khan,2023-10-23,India,F,1959,Gold
C00976,drew.kumar976@example.com,Drew,Kumar,2025-08-20,India,Other,1974,Bronze
C00977,blake.kumar977@example.com,Blake,Kumar,2024-10-09,Brazil,F,1963,Bronze
C00978,jordan.wilson978@example.com,Jordan,Wilson,2024-11-24,India,M,1971,Bronze
C00979,chris.patel979@example.com,Chris,Patel,2023-04-27,Brazil,M,1978,Bronze
C00980,alex.singh980@example.com,Alex,Singh,2023-04-25,Germany,Other,1955,Bronze
C00981,sam.khan981@example.com,Sam,Khan,2024-10-28,United States,Other,1999,Silver
C00982,drew.martin982@example.com,Drew,Martin,2022-12-09,India,F,2001,Bronze
C00983,robin.patel983@example.com,Robin,Patel,2022-11-28,United Kingdom,F,1966,Gold
C00984,riley.martin984@example.com,Riley,Martin,2022-06-23,Canada,F,2001,Platinum
C00985,drew.brown985@example.com,Drew,Brown,2023-06-11,India,F,1995,Silver
C00986,jordan.martin986@example.com,Jordan,Martin,2023-10-21,Canada,F,1980,Bronze
C00987,riley.martin987@example.com,Riley,Martin,2024-03-30,Brazil,M,1983,Bronze
C00988,avery.chen988@example.com,Avery,Chen,2023-02-10,Australia,F,1994,Silver
C00989,drew.singh989@example.com,Drew,Singh,2023-06-17,France,Other,1992,Bronze
C00990,morgan.kumar990@example.com,Morgan,Kumar,2023-05-20,United Kingdom,Other,1983,Bronze
C00991,robin.singh991@example.com,Robin,Singh,2022-06-28,United States,Other,1958,Bronze
C00992,alex.kumar992@example.com,Alex,Kumar,2022-12-14,United States,Other,1982,Bronze
C00993,morgan.lee993@example.com,Morgan,Lee,2024-02-11,United States,M,1976,Bronze
C00994,riley.smith994@example.com,Riley,Smith,2022-03-17,Germany,F,1999,Gold
C00995,riley.nguyen995@example.com,Riley,Nguyen,2023-08-02,India,Other,1976,Silver
C00996,alex.kumar996@example.com,Alex,Kumar,2022-07-13,Brazil,F,1978,Silver
C00997,alex.brown997@example.com,Alex,Brown,2025-03-31,Brazil,Other,1981,Gold
C00998,chris.brown998@example.com,Chris,Brown,2024-08-08,United States,Other,1995,Bronze
C00999,cameron.brown999@example.com,Cameron,Brown,2025-01-15,Canada,F,1992,Silver
C01000,taylor.nguyen1000@example.com,Taylor,Nguyen,2025-07-09,United States,F,1976,Bronze
C01001,drew.garcia1001@example.com,Drew,Garcia,2023-07-27,United Kingdom,Other,1966,Bronze
C01002,taylor.khan1002@example.com,Taylor,Khan,2022-09-19,United States,M,1980,Silver
C01003,casey.wilson1003@example.com,Casey,Wilson,2022-10-10,Germany,Other,1962,Bronze
C01004,pat.martin1004@example.com,Pat,Martin,2022-12-28,France,Other,1955,Bronze
C01005,taylor.lopez1005@example.com,Taylor,Lopez,2023-03-17,France,F,1983,Bronze
C01006,jordan.garcia1006@example.com,Jordan,Garcia,2024-01-23,India,Other,1989,Bronze
C01007,chris.martin1007@example.com,Chris,Martin,2022-05-22,France,F,1989,Silver
C01008,blake.khan1008@example.com,Blake,Khan,2024-01-19,Brazil,Other,1974,Bronze
C01009,jamie.garcia1009@example.com,Jamie,Garcia,2023-10-15,Canada,F,1992,Silver
C01010,drew.lopez1010@example.com,Drew,Lopez,2022-02-18,Australia,M,2000,Gold
C01011,jamie.lee1011@example.com,Jamie,Lee,2024-05-30,United Kingdom,M,1962,Bronze
C01012,robin.singh1012@example.com,Robin,Singh,2023-07-09,United States,F,1974,Bronze
C01013,casey.khan1013@example.com,Casey,Khan,2024-06-10,United States,M,1987,Silver
C01014,chris.lee1014@example.com,Chris,Lee,2023-08-25,India,F,1993,Silver
C01015,sam.khan1015@example.com,Sam,Khan,2022-12-07,France,F,2003,Bronze
C01016,taylor.patel1016@example.com,Taylor,Patel,2023-12-05,United Kingdom,Other,1996,Gold
C01017,blake.brown1017@example.com,Blake,Brown,2023-01-17,India,Other,1995,Bronze
C01018,taylor.chen1018@example.com,Taylor,Chen,2024-03-27,United Kingdom,M,1995,Bronze
C01019,avery.patel1019@example.com,Avery,Patel,2024-05-05,United Kingdom,M,1975,Silver
C01020,blake.lee1020@example.com,Blake,Lee,2024-03-29,Australia,Other,1993,Silver
C01021,alex.kumar1021@example.com,Alex,Kumar,2022-07-02,Brazil,F,1995,Gold
C01022,pat.patel1022@example.com,Pat,Patel,2023-02-01,United Kingdom,Other,1965,Gold
C01023,avery.wilson1023@example.com,Avery,Wilson,2024-06-25,India,Other,1967,Platinum
C01024,chris.garcia1024@example.com,Chris,Garcia,2022-05-07,United States,M,2000,Bronze
C01025,casey.kumar1025@example.com,Casey,Kumar,2022-01-01,India,M,1994,Gold
C01026,casey.martin1026@example.com,Casey,Martin,2022-01-19,India,M,1966,Silver
C01027,jamie.lee1027@example.com,Jamie,Lee,2023-08-07,Germany,Other,1962,Bronze
C01028,alex.smith1028@example.com,Alex,Smith,2024-08-14,Australia,M,1999,Bronze
C01029,pat.martin1029@example.com,Pat,Martin,2025-07-15,Canada,Other,2002,Bronze
C01030,chris.brown1030@example.com,Chris,Brown,2025-08-17,United Kingdom,F,1980,Gold
C01031,pat.johnson1031@example.com,Pat,Johnson,2022-04-13,India,Other,1982,Bronze
C01032,drew.martin1032@example.com,Drew,Martin,2025-06-27,United Kingdom,F,1959,Bronze
C01033,jordan.patel1033@example.com,Jordan,Patel,2023-06-04,United States,M,1979,Bronze
C01034,avery.lee1034@example.com,Avery,Lee,2024-05-08,Germany,Other,2000,Silver
C01035,morgan.chen1035@example.com,Morgan,Chen,2024-10-01,India,Other,2001,Bronze
C01036,jordan.lopez1036@example.com,Jordan,Lopez,2023-12-28,Brazil,F,2003,Bronze
C01037,jordan.chen1037@example.com,Jordan,Chen,2024-04-29,Australia,F,1972,Bronze
C01038,drew.lopez1038@example.com,Drew,Lopez,2024-09-16,United Kingdom,Other,1987,Bronze
C01039,alex.garcia1039@example.com,Alex,Garcia,2023-10-01,United States,M,1990,Bronze
C01040,avery.wilson1040@example.com,Avery,Wilson,2023-08-17,India,F,1991,Silver
C01041,cameron.martin1041@example.com,Cameron,Martin,2023-02-16,United Kingdom,Other,1994,Bronze
C01042,blake.kumar1042@example.com,Blake,Kumar,2025-01-12,United Kingdom,M,2003,Bronze
C01043,pat.chen1043@example.com,Pat,Chen,2022-11-28,Australia,Other,1969,Silver
C01044,riley.nguyen1044@example.com,Riley,Nguyen,2022-02-10,Australia,F,1993,Bronze
C01045,pat.martin1045@example.com,Pat,Martin,2024-08-16,Australia,Other,1983,Bronze
C01046,jamie.lee1046@example.com,Jamie,Lee,2022-04-15,India,Other,1964,Bronze
C01047,jordan.chen1047@example.com,Jordan,Chen,2023-03-26,United States,F,1965,Silver
C01048,morgan.nguyen1048@example.com,Morgan,Nguyen,2025-07-13,Canada,M,1968,Bronze
C01049,sam.johnson1049@example.com,Sam,Johnson,2022-07-29,United Kingdom,Other,1963,Bronze
C01050,chris.singh1050@example.com,Chris,Singh,2024-02-10,United Kingdom,F,1974,Silver
C01051,blake.lopez1051@example.com,Blake,Lopez,2023-03-30,Brazil,Other,1981,Gold
C01052,riley.khan1052@example.com,Riley,Khan,2023-09-21,France,M,1956,Bronze
C01053,avery.smith1053@example.com,Avery,Smith,2023-01-22,United States,F,1970,Bronze
C01054,cameron.singh1054@example.com,Cameron,Singh,2022-10-23,Germany,F,1956,Bronze
C01055,sam.lee1055@example.com,Sam,Lee,2025-01-09,United States,Other,1995,Gold
C01056,alex.smith1056@example.com,Alex,Smith,2022-09-25,Brazil,M,1989,Bronze
C01057,sam.wilson1057@example.com,Sam,Wilson,2022-08-23,Canada,F,1955,Bronze
C01058,chris.brown1058@example.com,Chris,Brown,2025-08-27,United States,Other,1999,Bronze
C01059,jordan.johnson1059@example.com,Jordan,Johnson,2024-09-12,India,M,1991,Bronze
C01060,robin.martin1060@example.com,Robin,Martin,2025-05-21,Brazil,F,2003,Bronze
C01061,jamie.chen1061@example.com,Jamie,Chen,2025-02-24,India,F,1985,Bronze
C01062,jordan.singh1062@example.com,Jordan,Singh,2024-07-09,India,F,1977,Bronze
C01063,robin.singh1063@example.com,Robin,Singh,2025-08-10,Australia,Other,1982,Bronze
C01064,robin.nguyen1064@example.com,Robin,Nguyen,2022-10-04,India,F,1997,Gold
C01065,casey.brown1065@example.com,Casey,Brown,2023-02-24,Brazil,F,1989,Bronze
C01066,morgan.wilson1066@example.com,Morgan,Wilson,2023-01-10,United States,Other,1963,Bronze
C01067,avery.kumar1067@example.com,Avery,Kumar,2024-11-19,Brazil,F,1998,Bronze
C01068,casey.smith1068@example.com,Casey,Smith,2022-07-14,Australia,F,1982,Bronze
C01069,chris.smith1069@example.com,Chris,Smith,2025-04-10,Brazil,Other,1969,Silver
C01070,taylor.kumar1070@example.com,Taylor,Kumar,2024-11-30,United States,F,1977,Bronze
C01071,blake.khan1071@example.com,Blake,Khan,2022-12-26,India,Other,1965,Bronze
C01072,cameron.nguyen1072@example.com,Cameron,Nguyen,2023-07-14,India,F,1986,Bronze
C01073,sam.garcia1073@example.com,Sam,Garcia,2025-02-15,Canada,Other,1990,Bronze
C01074,drew.singh1074@example.com,Drew,Singh,2023-11-10,Australia,Other,1988,Bronze
C01075,casey.kumar1075@example.com,Casey,Kumar,2023-03-16,United Kingdom,M,1982,Bronze
C01076,jordan.johnson1076@example.com,Jordan,Johnson,2024-07-21,United Kingdom,Other,1961,Silver
C01077,jamie.wilson1077@example.com,Jamie,Wilson,2025-05-04,Germany,F,1991,Bronze
C01078,alex.johnson1078@example.com,Alex,Johnson,2024-04-12,United States,M,1955,Bronze
C01079,sam.wilson1079@example.com,Sam,Wilson,2023-07-13,United Kingdom,Other,1974,Silver
C01080,alex.brown1080@example.com,Alex,Brown,2025-05-10,United States,M,1972,Bronze
C01081,pat.garcia1081@example.com,Pat,Garcia,2024-10-03,United Kingdom,F,1985,Silver
C01082,jamie.singh1082@example.com,Jamie,Singh,2022-05-06,Brazil,M,1965,Bronze
C01083,alex.wilson1083@example.com,Alex,Wilson,2024-03-27,Brazil,F,2003,Bronze
C01084,jordan.brown1084@example.com,Jordan,Brown,2023-07-30,France,F,1959,Bronze
C01085,avery.smith1085@example.com,Avery,Smith,2024-07-18,United States,M,2002,Silver
C01086,morgan.kumar1086@example.com,Morgan,Kumar,2025-05-12,France,M,1992,Bronze
C01087,taylor.lopez1087@example.com,Taylor,Lopez,2024-04-12,Germany,Other,1985,Bronze
C01088,taylor.lopez1088@example.com,Taylor,Lopez,2024-04-16,India,F,1984,Gold
C01089,jordan.nguyen1089@example.com,Jordan,Nguyen,2023-03-19,Germany,Other,1957,Silver
C01090,casey.lee1090@example.com,Casey,Lee,2022-03-16,United Kingdom,M,1999,Silver
C01091,pat.smith1091@example.com,Pat,Smith,2025-03-24,Brazil,M,2000,Bronze
C01092,taylor.nguyen1092@example.com,Taylor,Nguyen,2022-12-29,India,F,1981,Bronze
C01093,riley.lee1093@example.com,Riley,Lee,2025-06-11,India,M,2004,Bronze
C01094,riley.kumar1094@example.com,Riley,Kumar,2022-09-19,Germany,M,1969,Silver
C01095,pat.kumar1095@example.com,Pat,Kumar,2022-09-02,United States,M,1984,Bronze
C01096,robin.patel1096@example.com,Robin,Patel,2023-04-30,United Kingdom,Other,1991,Gold
C01097,alex.smith1097@example.com,Alex,Smith,2022-06-19,United Kingdom,Other,1991,Bronze
C01098,drew.lee1098@example.com,Drew,Lee,2024-11-24,United States,Other,1977,Bronze
C01099,drew.nguyen1099@example.com,Drew,Nguyen,2023-10-08,Germany,F,1958,Silver
C01100,cameron.brown1100@example.com,Cameron,Brown,2024-02-25,United States,Other,1963,Bronze
C01101,jordan.wilson1101@example.com,Jordan,Wilson,2023-01-04,France,F,1983,Bronze
C01102,casey.wilson1102@example.com,Casey,Wilson,2022-03-18,India,Other,2001,Bronze
C01103,jordan.khan1103@example.com,Jordan,Khan,2023-09-30,United Kingdom,F,1971,Silver
C01104,avery.chen1104@example.com,Avery,Chen,2022-04-19,Canada,M,1986,Gold
C01105,sam.khan1105@example.com,Sam,Khan,2024-10-04,United States,F,1976,Bronze
C01106,casey.martin1106@example.com,Casey,Martin,2022-03-09,India,Other,1959,Silver
C01107,morgan.singh1107@example.com,Morgan,Singh,2025-04-03,United States,F,1995,Bronze
C01108,drew.patel1108@example.com,Drew,Patel,2022-11-01,United States,Other,1967,Silver
C01109,casey.chen1109@example.com,Casey,Chen,2023-11-05,India,F,1999,Bronze
C01110,drew.khan1110@example.com,Drew,Khan,2024-03-31,United States,F,1977,Bronze
C01111,robin.martin1111@example.com,Robin,Martin,2024-08-04,United States,M,1957,Bronze
C01112,alex.chen1112@example.com,Alex,Chen,2025-02-06,France,M,2003,Bronze
C01113,taylor.lee1113@example.com,Taylor,Lee,2022-12-07,India,Other,2000,Bronze
C01114,robin.chen1114@example.com,Robin,Chen,2023-01-18,India,Other,1998,Bronze
C01115,cameron.patel1115@example.com,Cameron,Patel,2022-10-27,United Kingdom,Other,1965,Bronze
C01116,cameron.lee1116@example.com,Cameron,Lee,2022-12-25,United States,Other,1958,Gold
C01117,jamie.chen1117@example.com,Jamie,Chen,2025-07-27,United States,M,1989,Silver
C01118,pat.khan1118@example.com,Pat,Khan,2024-06-27,Germany,F,2001,Gold
C01119,drew.singh1119@example.com,Drew,Singh,2024-05-15,United States,Other,1965,Silver
C01120,alex.singh1120@example.com,Alex,Singh,2024-09-22,United States,M,1971,Bronze
C01121,casey.lee1121@example.com,Casey,Lee,2025-01-27,United States,F,1972,Bronze
C01122,taylor.brown1122@example.com,Taylor,Brown,2022-04-14,India,Other,1976,Bronze
C01123,jordan.khan1123@example.com,Jordan,Khan,2024-02-01,Germany,M,1973,Bronze
C01124,drew.nguyen1124@example.com,Drew,Nguyen,2022-06-14,Canada,Other,1993,Silver
C01125,robin.garcia1125@example.com,Robin,Garcia,2023-06-04,France,M,1982,Bronze
C01126,casey.garcia1126@example.com,Casey,Garcia,2023-06-01,India,Other,1971,Silver
C01127,riley.lopez1127@example.com,Riley,Lopez,2023-09-05,France,Other,1990,Gold
C01128,pat.chen1128@example.com,Pat,Chen,2022-03-05,India,F,1981,Silver
C01129,avery.singh1129@example.com,Avery,Singh,2025-02-14,United Kingdom,Other,1988,Bronze
C01130,taylor.garcia1130@example.com,Taylor,Garcia,2022-09-24,Brazil,F,1999,Gold
C01131,pat.lopez1131@example.com,Pat,Lopez,2025-03-09,India,Other,1975,Bronze
C01132,alex.wilson1132@example.com,Alex,Wilson,2023-01-30,Canada,F,1993,Bronze
C01133,alex.wilson1133@example.com,Alex,Wilson,2023-04-21,France,F,1959,Bronze
C01134,alex.kumar1134@example.com,Alex,Kumar,2024-09-03,Brazil,F,1974,Silver
C01135,blake.khan1135@example.com,Blake,Khan,2023-07-12,India,Other,1966,Bronze
C01136,jordan.lee1136@example.com,Jordan,Lee,2024-06-01,United States,M,1973,Bronze
C01137,chris.martin1137@example.com,Chris,Martin,2023-10-28,France,F,2002,Bronze
C01138,drew.wilson1138@example.com,Drew,Wilson,2023-09-12,United States,M,1998,Bronze
C01139,cameron.lee1139@example.com,Cameron,Lee,2024-03-30,Germany,M,1986,Silver
C01140,jamie.chen1140@example.com,Jamie,Chen,2023-08-05,France,M,1990,Silver
C01141,riley.nguyen1141@example.com,Riley,Nguyen,2025-01-30,United Kingdom,Other,1965,Silver
C01142,morgan.lee1142@example.com,Morgan,Lee,2025-05-24,Brazil,F,1977,Gold
C01143,pat.chen1143@example.com,Pat,Chen,2023-02-03,India,M,1981,Gold
C01144,avery.kumar1144@example.com,Avery,Kumar,2023-12-16,United States,Other,2004,Silver
C01145,blake.smith1145@example.com,Blake,Smith,2024-08-31,Australia,M,1981,Silver
C01146,chris.khan1146@example.com,Chris,Khan,2022-03-23,United States,M,1982,Bronze
C01147,pat.khan1147@example.com,Pat,Khan,2024-02-11,Germany,Other,1961,Bronze
C01148,cameron.garcia1148@example.com,Cameron,Garcia,2022-12-31,France,Other,1989,Silver
C01149,casey.lee1149@example.com,Casey,Lee,2024-12-07,United States,F,1963,Bronze
C01150,jordan.johnson1150@example.com,Jordan,Johnson,2022-04-26,United Kingdom,Other,1999,Bronze
C01151,alex.khan1151@example.com,Alex,Khan,2022-12-03,India,Other,2003,Bronze
C01152,morgan.kumar1152@example.com,Morgan,Kumar,2024-01-07,Germany,F,1986,Silver
C01153,casey.brown1153@example.com,Casey,Brown,2024-04-19,India,M,1973,Silver
C01154,casey.patel1154@example.com,Casey,Patel,2025-09-08,France,M,1959,Bronze
C01155,sam.wilson1155@example.com,Sam,Wilson,2024-11-02,Brazil,Other,2001,Bronze
C01156,sam.lee1156@example.com,Sam,Lee,2022-10-14,Australia,F,1970,Bronze
C01157,taylor.martin1157@example.com,Taylor,Martin,2025-02-11,United Kingdom,F,1986,Silver
C01158,jordan.martin1158@example.com,Jordan,Martin,2022-01-22,Canada,F,1983,Platinum
C01159,riley.johnson1159@example.com,Riley,Johnson,2023-11-14,India,M,1957,Gold
C01160,taylor.nguyen1160@example.com,Taylor,Nguyen,2024-06-24,India,M,1996,Silver
C01161,sam.singh1161@example.com,Sam,Singh,2022-11-16,United States,M,1975,Gold
C01162,avery.chen1162@example.com,Avery,Chen,2025-05-12,Brazil,Other,1956,Bronze
C01163,drew.lee1163@example.com,Drew,Lee,2023-11-27,United Kingdom,F,1984,Bronze
C01164,taylor.singh1164@example.com,Taylor,Singh,2022-02-26,India,Other,1984,Bronze
C01165,drew.wilson1165@example.com,Drew,Wilson,2025-08-19,India,M,1989,Silver
C01166,cameron.singh1166@example.com,Cameron,Singh,2022-01-19,Australia,Other,2004,Bronze
C01167,casey.smith1167@example.com,Casey,Smith,2022-09-21,United Kingdom,M,1980,Bronze
C01168,drew.singh1168@example.com,Drew,Singh,2022-04-23,Canada,Other,1994,Bronze
C01169,alex.lee1169@example.com,Alex,Lee,2023-06-26,India,Other,1961,Bronze
C01170,pat.chen1170@example.com,Pat,Chen,2023-08-02,United States,Other,1955,Bronze
C01171,morgan.brown1171@example.com,Morgan,Brown,2025-08-08,France,Other,1979,Bronze
C01172,sam.martin1172@example.com,Sam,Martin,2022-01-01,India,M,1969,Bronze
C01173,jordan.brown1173@example.com,Jordan,Brown,2022-05-21,India,Other,1994,Bronze
C01174,alex.smith1174@example.com,Alex,Smith,2023-10-10,United States,F,1959,Bronze
C01175,jamie.garcia1175@example.com,Jamie,Garcia,2022-07-07,Germany,Other,1963,Bronze
C01176,pat.martin1176@example.com,Pat,Martin,2025-02-24,Canada,Other,1955,Bronze
C01177,chris.kumar1177@example.com,Chris,Kumar,2023-07-01,United States,F,1956,Bronze
C01178,blake.chen1178@example.com,Blake,Chen,2023-12-04,France,F,1994,Gold
C01179,taylor.johnson1179@example.com,Taylor,Johnson,2025-07-12,United Kingdom,M,1988,Bronze
C01180,sam.singh1180@example.com,Sam,Singh,2024-07-30,India,Other,1968,Gold
C01181,avery.nguyen1181@example.com,Avery,Nguyen,2025-07-07,Australia,Other,1984,Bronze
C01182,jordan.garcia1182@example.com,Jordan,Garcia,2025-01-03,France,F,1989,Gold
C01183,jamie.khan1183@example.com,Jamie,Khan,2024-06-28,United States,Other,1967,Silver
C01184,casey.nguyen1184@example.com,Casey,Nguyen,2025-08-06,Brazil,F,1999,Gold
C01185,cameron.singh1185@example.com,Cameron,Singh,2022-03-24,France,F,1992,Gold
C01186,blake.kumar1186@example.com,Blake,Kumar,2024-12-25,United States,M,1994,Gold
C01187,pat.lee1187@example.com,Pat,Lee,2023-01-10,Canada,M,1988,Gold
C01188,jordan.martin1188@example.com,Jordan,Martin,2025-04-26,Brazil,M,1956,Bronze
C01189,drew.martin1189@example.com,Drew,Martin,2023-03-26,France,F,1980,Bronze
C01190,chris.lopez1190@example.com,Chris,Lopez,2024-11-02,Germany,Other,2001,Silver
C01191,blake.singh1191@example.com,Blake,Singh,2023-05-23,United Kingdom,M,1988,Silver
C01192,jordan.johnson1192@example.com,Jordan,Johnson,2022-10-22,United States,Other,1957,Platinum
C01193,chris.patel1193@example.com,Chris,Patel,2024-06-22,Canada,M,1977,Bronze
C01194,taylor.nguyen1194@example.com,Taylor,Nguyen,2024-08-31,United States,F,1981,Bronze
C01195,jordan.khan1195@example.com,Jordan,Khan,2024-01-03,Brazil,Other,1993,Bronze
C01196,pat.johnson1196@example.com,Pat,Johnson,2022-11-17,Brazil,M,1971,Bronze
C01197,jordan.brown1197@example.com,Jordan,Brown,2025-06-10,United States,M,1984,Bronze
C01198,blake.wilson1198@example.com,Blake,Wilson,2023-03-13,France,Other,1967,Bronze
C01199,taylor.kumar1199@example.com,Taylor,Kumar,2024-12-12,United States,F,1973,Bronze
C01200,avery.patel1200@example.com,Avery,Patel,2025-08-29,India,F,1979,Bronze
C01201,blake.brown1201@example.com,Blake,Brown,2023-12-27,India,Other,1985,Silver
C01202,cameron.chen1202@example.com,Cameron,Chen,2022-12-03,India,Other,1977,Bronze
C01203,cameron.patel1203@example.com,Cameron,Patel,2023-06-28,Canada,Other,1964,Bronze
C01204,drew.smith1204@example.com,Drew,Smith,2024-10-30,India,M,1990,Bronze
C01205,blake.brown1205@example.com,Blake,Brown,2023-10-22,India,Other,1986,Bronze
C01206,alex.khan1206@example.com,Alex,Khan,2024-11-03,India,M,2004,Silver
C01207,taylor.wilson1207@example.com,Taylor,Wilson,2023-02-16,India,F,2000,Gold
C01208,jamie.johnson1208@example.com,Jamie,Johnson,2024-10-08,India,M,1978,Silver
C01209,cameron.khan1209@example.com,Cameron,Khan,2024-04-26,France,Other,1976,Bronze
C01210,jamie.lee1210@example.com,Jamie,Lee,2024-11-19,Germany,Other,1958,Bronze
C01211,blake.singh1211@example.com,Blake,Singh,2025-05-13,India,F,1977,Bronze
C01212,jamie.smith1212@example.com,Jamie,Smith,2024-02-15,United States,Other,1972,Bronze
C01213,blake.brown1213@example.com,Blake,Brown,2024-11-01,France,F,1985,Bronze
C01214,cameron.nguyen1214@example.com,Cameron,Nguyen,2025-08-06,France,Other,1972,Silver
C01215,cameron.lee1215@example.com,Cameron,Lee,2022-12-20,United States,Other,1965,Silver
C01216,pat.lee1216@example.com,Pat,Lee,2024-05-22,India,Other,1966,Bronze
C01217,riley.johnson1217@example.com,Riley,Johnson,2024-09-17,India,M,2003,Bronze
C01218,blake.martin1218@example.com,Blake,Martin,2024-10-14,Canada,M,1983,Silver
C01219,jordan.chen1219@example.com,Jordan,Chen,2025-03-23,United States,M,1972,Silver
C01220,morgan.wilson1220@example.com,Morgan,Wilson,2025-01-24,United Kingdom,F,1976,Silver
C01221,chris.nguyen1221@example.com,Chris,Nguyen,2022-10-21,United States,M,1971,Gold
C01222,alex.patel1222@example.com,Alex,Patel,2025-01-16,Brazil,F,2004,Bronze
C01223,avery.lopez1223@example.com,Avery,Lopez,2023-01-25,India,F,1959,Bronze
C01224,taylor.brown1224@example.com,Taylor,Brown,2024-07-28,Canada,F,1983,Bronze
C01225,jamie.lee1225@example.com,Jamie,Lee,2023-10-30,Canada,Other,1965,Bronze
C01226,chris.patel1226@example.com,Chris,Patel,2023-09-25,Canada,M,1955,Silver
C01227,alex.johnson1227@example.com,Alex,Johnson,2022-05-17,United States,M,1981,Silver
C01228,jordan.chen1228@example.com,Jordan,Chen,2023-03-04,United States,Other,1958,Bronze
C01229,chris.martin1229@example.com,Chris,Martin,2023-09-04,France,F,1972,Bronze
C01230,jordan.johnson1230@example.com,Jordan,Johnson,2024-06-29,Australia,Other,1967,Silver
C01231,cameron.patel1231@example.com,Cameron,Patel,2025-01-11,Canada,F,2003,Bronze
C01232,cameron.patel1232@example.com,Cameron,Patel,2022-07-17,United Kingdom,F,2002,Bronze
C01233,pat.martin1233@example.com,Pat,Martin,2023-11-22,France,F,1991,Silver
C01234,avery.khan1234@example.com,Avery,Khan,2023-02-05,United States,M,1977,Bronze
C01235,cameron.chen1235@example.com,Cameron,Chen,2022-08-06,United Kingdom,Other,1983,Bronze
C01236,taylor.singh1236@example.com,Taylor,Singh,2024-07-17,United States,Other,1981,Bronze
C01237,cameron.nguyen1237@example.com,Cameron,Nguyen,2023-09-24,India,Other,1964,Bronze
C01238,cameron.patel1238@example.com,Cameron,Patel,2022-06-24,France,F,1977,Platinum
C01239,morgan.patel1239@example.com,Morgan,Patel,2022-08-23,Brazil,Other,1967,Bronze
C01240,riley.martin1240@example.com,Riley,Martin,2025-01-29,France,F,1987,Silver
C01241,casey.singh1241@example.com,Casey,Singh,2023-06-07,Australia,M,1971,Bronze
C01242,blake.patel1242@example.com,Blake,Patel,2023-03-07,United States,M,1979,Bronze
C01243,alex.lee1243@example.com,Alex,Lee,2023-06-17,United States,M,1974,Silver
C01244,cameron.chen1244@example.com,Cameron,Chen,2024-09-05,United States,F,1973,Silver
C01245,morgan.smith1245@example.com,Morgan,Smith,2025-08-09,United Kingdom,Other,1996,Bronze
C01246,taylor.smith1246@example.com,Taylor,Smith,2024-07-01,Australia,F,1991,Silver
C01247,drew.lee1247@example.com,Drew,Lee,2025-08-20,United Kingdom,F,1993,Bronze
C01248,drew.smith1248@example.com,Drew,Smith,2023-06-24,United States,F,1995,Bronze
C01249,cameron.patel1249@example.com,Cameron,Patel,2025-08-19,Canada,M,2002,Bronze
C01250,taylor.martin1250@example.com,Taylor,Martin,2022-08-15,Brazil,F,1998,Gold
C01251,blake.lopez1251@example.com,Blake,Lopez,2024-05-22,Brazil,F,1961,Silver
C01252,jordan.nguyen1252@example.com,Jordan,Nguyen,2024-11-02,India,F,1972,Gold
C01253,jamie.kumar1253@example.com,Jamie,Kumar,2024-01-11,Brazil,M,1967,Gold
C01254,avery.khan1254@example.com,Avery,Khan,2025-01-28,United Kingdom,F,1985,Silver
C01255,casey.khan1255@example.com,Casey,Khan,2024-06-16,United States,F,1970,Bronze
C01256,drew.kumar1256@example.com,Drew,Kumar,2023-10-11,United Kingdom,F,1963,Gold
C01257,avery.smith1257@example.com,Avery,Smith,2025-04-04,United Kingdom,Other,1965,Bronze
C01258,avery.johnson1258@example.com,Avery,Johnson,2024-08-09,Canada,Other,1976,Bronze
C01259,sam.chen1259@example.com,Sam,Chen,2025-01-28,Brazil,F,1999,Bronze
C01260,cameron.smith1260@example.com,Cameron,Smith,2025-04-11,United Kingdom,M,1999,Bronze
C01261,pat.lopez1261@example.com,Pat,Lopez,2022-06-11,Brazil,Other,1963,Bronze
C01262,chris.johnson1262@example.com,Chris,Johnson,2024-02-15,United States,M,1961,Silver
C01263,blake.lee1263@example.com,Blake,Lee,2022-10-01,India,F,1957,Bronze
C01264,blake.khan1264@example.com,Blake,Khan,2024-11-17,United States,F,1960,Bronze
C01265,cameron.chen1265@example.com,Cameron,Chen,2024-07-28,India,M,1975,Silver
C01266,drew.chen1266@example.com,Drew,Chen,2023-06-24,United States,Other,1994,Platinum
C01267,robin.johnson1267@example.com,Robin,Johnson,2024-04-01,United States,F,1955,Bronze
C01268,cameron.chen1268@example.com,Cameron,Chen,2022-12-22,India,M,1975,Bronze
C01269,robin.chen1269@example.com,Robin,Chen,2025-06-29,Canada,F,1997,Bronze
C01270,blake.smith1270@example.com,Blake,Smith,2022-08-15,United States,Other,1967,Silver
C01271,chris.smith1271@example.com,Chris,Smith,2025-08-29,Canada,M,2003,Bronze
C01272,pat.brown1272@example.com,Pat,Brown,2022-04-28,United States,F,1964,Bronze
C01273,drew.lopez1273@example.com,Drew,Lopez,2023-07-19,Australia,M,1998,Bronze
C01274,chris.lee1274@example.com,Chris,Lee,2022-02-22,United States,Other,1964,Silver
C01275,sam.brown1275@example.com,Sam,Brown,2023-07-12,India,F,1967,Bronze
C01276,jordan.singh1276@example.com,Jordan,Singh,2025-01-30,Brazil,M,1978,Bronze
C01277,sam.wilson1277@example.com,Sam,Wilson,2024-05-17,Canada,F,1968,Bronze
C01278,alex.johnson1278@example.com,Alex,Johnson,2025-03-07,United States,M,1989,Gold
C01279,sam.garcia1279@example.com,Sam,Garcia,2023-01-22,United States,M,2001,Bronze
C01280,cameron.patel1280@example.com,Cameron,Patel,2023-09-06,France,Other,1971,Silver
C01281,cameron.lopez1281@example.com,Cameron,Lopez,2025-04-20,Canada,M,1978,Bronze
C01282,cameron.kumar1282@example.com,Cameron,Kumar,2023-06-25,Australia,F,1997,Bronze
C01283,riley.johnson1283@example.com,Riley,Johnson,2023-02-13,United States,Other,1990,Silver
C01284,jamie.lee1284@example.com,Jamie,Lee,2025-04-26,India,Other,1980,Silver
C01285,drew.lopez1285@example.com,Drew,Lopez,2022-08-18,India,M,1955,Gold
C01286,avery.patel1286@example.com,Avery,Patel,2022-04-29,United Kingdom,M,1982,Bronze
C01287,cameron.nguyen1287@example.com,Cameron,Nguyen,2024-02-23,United Kingdom,F,2001,Gold
C01288,jamie.lopez1288@example.com,Jamie,Lopez,2023-04-10,United States,F,1994,Bronze
C01289,jamie.lopez1289@example.com,Jamie,Lopez,2023-11-29,Brazil,F,1966,Bronze
C01290,riley.patel1290@example.com,Riley,Patel,2022-06-24,United States,Other,1984,Bronze
C01291,drew.lee1291@example.com,Drew,Lee,2024-01-15,United Kingdom,F,1988,Silver
C01292,casey.lopez1292@example.com,Casey,Lopez,2025-03-03,India,Other,1961,Bronze
C01293,taylor.khan1293@example.com,Taylor,Khan,2023-10-27,United States,M,1987,Bronze
C01294,pat.brown1294@example.com,Pat,Brown,2022-02-24,Brazil,F,1961,Bronze
C01295,riley.kumar1295@example.com,Riley,Kumar,2024-01-26,United Kingdom,M,1966,Silver
C01296,robin.nguyen1296@example.com,Robin,Nguyen,2023-12-21,United States,Other,1997,Gold
C01297,avery.lopez1297@example.com,Avery,Lopez,2023-01-08,United States,F,1990,Bronze
C01298,casey.lee1298@example.com,Casey,Lee,2024-08-30,Brazil,F,1961,Bronze
C01299,sam.patel1299@example.com,Sam,Patel,2025-06-05,United States,F,2001,Silver
C01300,pat.lopez1300@example.com,Pat,Lopez,2022-11-03,Australia,M,1963,Bronze
C01301,avery.johnson1301@example.com,Avery,Johnson,2022-06-09,France,Other,1965,Gold
C01302,drew.smith1302@example.com,Drew,Smith,2024-02-15,Germany,F,1987,Silver
C01303,casey.wilson1303@example.com,Casey,Wilson,2024-09-09,India,M,1979,Bronze
C01304,taylor.nguyen1304@example.com,Taylor,Nguyen,2024-12-04,Brazil,Other,1976,Bronze
C01305,chris.garcia1305@example.com,Chris,Garcia,2024-12-18,Germany,M,1958,Gold
C01306,riley.smith1306@example.com,Riley,Smith,2023-09-08,Canada,M,1957,Bronze
C01307,avery.wilson1307@example.com,Avery,Wilson,2023-05-04,United States,M,1983,Gold
C01308,alex.singh1308@example.com,Alex,Singh,2023-09-02,Canada,M,1988,Platinum
C01309,avery.wilson1309@example.com,Avery,Wilson,2023-02-16,Brazil,Other,1967,Bronze
C01310,riley.garcia1310@example.com,Riley,Garcia,2025-01-07,Canada,F,1977,Silver
C01311,morgan.garcia1311@example.com,Morgan,Garcia,2025-05-26,India,F,1958,Silver
C01312,jordan.brown1312@example.com,Jordan,Brown,2025-02-01,Canada,F,1963,Silver
C01313,avery.garcia1313@example.com,Avery,Garcia,2023-09-23,United States,Other,1959,Platinum
C01314,jordan.johnson1314@example.com,Jordan,Johnson,2023-08-31,United States,M,1974,Silver
C01315,cameron.lopez1315@example.com,Cameron,Lopez,2023-03-10,Australia,M,1965,Platinum
C01316,sam.johnson1316@example.com,Sam,Johnson,2025-03-12,Australia,F,1986,Bronze
C01317,blake.kumar1317@example.com,Blake,Kumar,2023-06-24,Germany,Other,1976,Gold
C01318,jordan.lopez1318@example.com,Jordan,Lopez,2022-08-21,India,F,1971,Bronze
C01319,morgan.martin1319@example.com,Morgan,Martin,2025-01-18,United States,M,1998,Bronze
C01320,riley.lopez1320@example.com,Riley,Lopez,2025-05-07,Brazil,Other,1996,Bronze
C01321,chris.garcia1321@example.com,Chris,Garcia,2022-01-26,France,M,1979,Bronze
C01322,alex.patel1322@example.com,Alex,Patel,2023-05-22,India,Other,1999,Bronze
C01323,jamie.singh1323@example.com,Jamie,Singh,2022-09-24,United States,Other,1967,Silver
C01324,avery.kumar1324@example.com,Avery,Kumar,2023-04-01,Brazil,M,1994,Bronze
C01325,casey.patel1325@example.com,Casey,Patel,2024-12-27,United States,Other,2001,Bronze
C01326,robin.nguyen1326@example.com,Robin,Nguyen,2024-05-12,United States,Other,1982,Silver
C01327,chris.patel1327@example.com,Chris,Patel,2023-05-06,United States,M,1955,Bronze
C01328,jamie.lopez1328@example.com,Jamie,Lopez,2024-12-08,India,Other,2001,Bronze
C01329,pat.garcia1329@example.com,Pat,Garcia,2023-07-18,United Kingdom,F,1992,Platinum
C01330,chris.johnson1330@example.com,Chris,Johnson,2022-08-04,United States,Other,2001,Gold
C01331,chris.singh1331@example.com,Chris,Singh,2022-06-08,Brazil,Other,1995,Bronze
C01332,jamie.patel1332@example.com,Jamie,Patel,2023-11-17,United States,F,2004,Bronze
C01333,drew.singh1333@example.com,Drew,Singh,2024-03-04,Canada,M,2003,Bronze
C01334,jordan.khan1334@example.com,Jordan,Khan,2022-01-05,United States,F,1974,Silver
C01335,jordan.patel1335@example.com,Jordan,Patel,2022-12-27,United Kingdom,M,1965,Gold
C01336,cameron.lee1336@example.com,Cameron,Lee,2022-09-05,Canada,Other,1987,Gold
C01337,jordan.nguyen1337@example.com,Jordan,Nguyen,2024-08-03,India,F,1992,Silver
C01338,drew.singh1338@example.com,Drew,Singh,2022-01-15,United States,Other,1986,Bronze
C01339,avery.smith1339@example.com,Avery,Smith,2025-02-19,United Kingdom,M,1975,Bronze
C01340,riley.chen1340@example.com,Riley,Chen,2023-03-29,United States,F,1960,Bronze
C01341,drew.garcia1341@example.com,Drew,Garcia,2025-08-10,United States,Other,1976,Bronze
C01342,jordan.brown1342@example.com,Jordan,Brown,2023-03-22,Canada,M,1972,Silver
C01343,robin.wilson1343@example.com,Robin,Wilson,2023-12-15,Germany,M,2000,Bronze
C01344,jamie.garcia1344@example.com,Jamie,Garcia,2025-05-31,India,Other,1984,Bronze
C01345,taylor.garcia1345@example.com,Taylor,Garcia,2022-01-03,Australia,F,1984,Bronze
C01346,jordan.khan1346@example.com,Jordan,Khan,2025-01-21,Brazil,F,1962,Bronze
C01347,morgan.nguyen1347@example.com,Morgan,Nguyen,2023-05-08,United Kingdom,M,1997,Bronze
C01348,sam.khan1348@example.com,Sam,Khan,2023-09-12,Australia,F,1987,Gold
C01349,riley.nguyen1349@example.com,Riley,Nguyen,2022-11-27,Brazil,F,1967,Bronze
C01350,drew.lee1350@example.com,Drew,Lee,2022-02-19,United Kingdom,F,1965,Bronze
C01351,drew.nguyen1351@example.com,Drew,Nguyen,2024-05-12,Germany,Other,1982,Silver
C01352,drew.brown1352@example.com,Drew,Brown,2022-09-29,India,M,1958,Silver
C01353,pat.khan1353@example.com,Pat,Khan,2025-06-29,United States,M,2002,Bronze
C01354,alex.garcia1354@example.com,Alex,Garcia,2023-11-27,United States,F,1980,Bronze
C01355,pat.brown1355@example.com,Pat,Brown,2023-03-22,Germany,M,1966,Bronze
C01356,alex.patel1356@example.com,Alex,Patel,2025-03-08,United States,Other,1991,Gold
C01357,blake.chen1357@example.com,Blake,Chen,2022-10-01,United States,M,1973,Bronze
C01358,cameron.lee1358@example.com,Cameron,Lee,2022-11-07,United States,F,1992,Silver
C01359,robin.kumar1359@example.com,Robin,Kumar,2024-06-04,France,M,1972,Bronze
C01360,blake.lee1360@example.com,Blake,Lee,2022-06-03,Germany,F,1960,Bronze
C01361,robin.lee1361@example.com,Robin,Lee,2025-07-07,Australia,F,1998,Gold
C01362,drew.garcia1362@example.com,Drew,Garcia,2024-06-01,Germany,F,1983,Silver
C01363,chris.johnson1363@example.com,Chris,Johnson,2022-05-05,Brazil,M,1988,Bronze
C01364,morgan.garcia1364@example.com,Morgan,Garcia,2025-07-20,United Kingdom,F,1997,Bronze
C01365,jordan.lopez1365@example.com,Jordan,Lopez,2022-09-02,United States,M,1970,Platinum
C01366,riley.garcia1366@example.com,Riley,Garcia,2023-03-26,United States,M,1988,Bronze
C01367,casey.kumar1367@example.com,Casey,Kumar,2025-06-24,India,M,1962,Silver
C01368,blake.lopez1368@example.com,Blake,Lopez,2025-03-10,Germany,M,1996,Bronze
C01369,sam.patel1369@example.com,Sam,Patel,2022-01-08,Germany,M,1984,Silver
C01370,blake.lopez1370@example.com,Blake,Lopez,2023-05-10,United States,M,1984,Silver
C01371,robin.garcia1371@example.com,Robin,Garcia,2024-04-12,United Kingdom,F,1997,Silver
C01372,riley.smith1372@example.com,Riley,Smith,2024-11-28,India,F,1971,Gold
C01373,jamie.garcia1373@example.com,Jamie,Garcia,2022-07-06,India,M,1974,Silver
C01374,casey.brown1374@example.com,Casey,Brown,2024-01-24,United States,F,1976,Gold
C01375,sam.patel1375@example.com,Sam,Patel,2022-04-03,India,F,1976,Platinum
C01376,robin.wilson1376@example.com,Robin,Wilson,2024-12-03,India,Other,1963,Silver
C01377,sam.martin1377@example.com,Sam,Martin,2023-02-25,India,M,1964,Gold
C01378,avery.lopez1378@example.com,Avery,Lopez,2025-03-25,Brazil,M,1996,Bronze
C01379,jordan.khan1379@example.com,Jordan,Khan,2025-07-02,United States,M,1997,Bronze
C01380,chris.singh1380@example.com,Chris,Singh,2022-06-19,India,Other,1994,Bronze
C01381,pat.lopez1381@example.com,Pat,Lopez,2022-11-18,United States,Other,1962,Silver
C01382,taylor.johnson1382@example.com,Taylor,Johnson,2024-08-01,United States,Other,1981,Bronze
C01383,taylor.lopez1383@example.com,Taylor,Lopez,2024-02-29,India,Other,1991,Silver
C01384,chris.lopez1384@example.com,Chris,Lopez,2025-03-24,India,F,1983,Silver
C01385,alex.smith1385@example.com,Alex,Smith,2025-04-11,United Kingdom,Other,1964,Bronze
C01386,alex.garcia1386@example.com,Alex,Garcia,2024-01-10,United States,Other,1963,Silver
C01387,casey.lopez1387@example.com,Casey,Lopez,2025-06-24,France,Other,1981,Gold
C01388,jordan.singh1388@example.com,Jordan,Singh,2023-06-30,Canada,M,1955,Gold
C01389,cameron.johnson1389@example.com,Cameron,Johnson,2023-08-24,India,Other,1983,Bronze
C01390,alex.brown1390@example.com,Alex,Brown,2022-11-23,Germany,M,2003,Bronze
C01391,robin.smith1391@example.com,Robin,Smith,2024-09-06,France,M,1974,Silver
C01392,jamie.patel1392@example.com,Jamie,Patel,2023-09-21,United States,M,1984,Bronze
C01393,sam.lopez1393@example.com,Sam,Lopez,2023-12-19,Canada,M,1971,Silver
C01394,drew.brown1394@example.com,Drew,Brown,2022-10-01,India,Other,1999,Silver
C01395,robin.garcia1395@example.com,Robin,Garcia,2022-04-26,United Kingdom,Other,1983,Platinum
C01396,casey.johnson1396@example.com,Casey,Johnson,2023-11-24,United Kingdom,M,1981,Gold
C01397,drew.smith1397@example.com,Drew,Smith,2025-01-10,Canada,M,1958,Bronze
C01398,chris.johnson1398@example.com,Chris,Johnson,2024-08-18,Germany,F,2004,Bronze
C01399,casey.johnson1399@example.com,Casey,Johnson,2024-12-17,India,M,1980,Gold
C01400,jordan.lee1400@example.com,Jordan,Lee,2025-07-13,Brazil,F,1965,Silver
C01401,drew.johnson1401@example.com,Drew,Johnson,2024-11-30,United States,M,1995,Bronze
C01402,alex.johnson1402@example.com,Alex,Johnson,2025-05-01,France,Other,1971,Silver
C01403,blake.wilson1403@example.com,Blake,Wilson,2025-07-25,India,F,1988,Silver
C01404,cameron.johnson1404@example.com,Cameron,Johnson,2024-10-12,United States,Other,1999,Silver
C01405,jamie.garcia1405@example.com,Jamie,Garcia,2024-01-03,United States,Other,1958,Bronze
C01406,alex.patel1406@example.com,Alex,Patel,2023-12-10,United States,M,1965,Bronze
C01407,robin.chen1407@example.com,Robin,Chen,2024-04-03,Brazil,M,1975,Bronze
C01408,casey.brown1408@example.com,Casey,Brown,2022-04-09,United States,M,1966,Platinum
C01409,riley.martin1409@example.com,Riley,Martin,2022-10-09,Brazil,Other,1973,Platinum
C01410,taylor.lopez1410@example.com,Taylor,Lopez,2025-02-06,Brazil,F,1961,Silver
C01411,alex.brown1411@example.com,Alex,Brown,2025-08-19,United States,F,1961,Bronze
C01412,jamie.johnson1412@example.com,Jamie,Johnson,2022-06-03,United States,M,1994,Gold
C01413,robin.martin1413@example.com,Robin,Martin,2023-02-09,United Kingdom,F,1968,Bronze
C01414,riley.kumar1414@example.com,Riley,Kumar,2022-05-12,France,M,1977,Bronze
C01415,cameron.smith1415@example.com,Cameron,Smith,2024-05-23,France,M,1974,Bronze
C01416,jamie.khan1416@example.com,Jamie,Khan,2024-01-24,United States,Other,1999,Gold
C01417,jamie.patel1417@example.com,Jamie,Patel,2022-08-09,Canada,Other,1962,Bronze
C01418,robin.martin1418@example.com,Robin,Martin,2023-07-07,United States,M,2002,Bronze
C01419,sam.brown1419@example.com,Sam,Brown,2025-03-16,Germany,F,2002,Gold
C01420,blake.brown1420@example.com,Blake,Brown,2023-09-07,United States,M,2000,Bronze
C01421,blake.garcia1421@example.com,Blake,Garcia,2024-07-12,United States,F,2000,Gold
C01422,jordan.garcia1422@example.com,Jordan,Garcia,2023-04-20,India,M,1958,Bronze
C01423,robin.martin1423@example.com,Robin,Martin,2022-09-28,France,M,1989,Bronze
C01424,alex.singh1424@example.com,Alex,Singh,2023-02-25,Canada,M,1955,Bronze
C01425,avery.lopez1425@example.com,Avery,Lopez,2023-12-08,India,F,2001,Bronze
C01426,taylor.wilson1426@example.com,Taylor,Wilson,2025-07-27,Canada,Other,1981,Silver
C01427,riley.johnson1427@example.com,Riley,Johnson,2022-02-09,Canada,M,1990,Bronze
C01428,sam.garcia1428@example.com,Sam,Garcia,2024-09-20,Brazil,M,1983,Bronze
C01429,riley.lopez1429@example.com,Riley,Lopez,2023-06-20,Brazil,Other,1996,Bronze
C01430,morgan.singh1430@example.com,Morgan,Singh,2024-10-24,Brazil,F,1957,Bronze
C01431,riley.brown1431@example.com,Riley,Brown,2022-10-17,France,M,2003,Bronze
C01432,blake.patel1432@example.com,Blake,Patel,2023-04-16,France,M,1977,Bronze
C01433,alex.lopez1433@example.com,Alex,Lopez,2024-05-26,Germany,F,1959,Bronze
C01434,casey.garcia1434@example.com,Casey,Garcia,2024-05-12,India,M,1995,Silver
C01435,jamie.lopez1435@example.com,Jamie,Lopez,2024-04-04,United States,M,1960,Bronze
C01436,cameron.singh1436@example.com,Cameron,Singh,2023-11-11,India,F,1961,Bronze
C01437,chris.brown1437@example.com,Chris,Brown,2025-01-13,Australia,F,1974,Bronze
C01438,robin.wilson1438@example.com,Robin,Wilson,2023-01-19,United States,Other,1976,Bronze
C01439,cameron.patel1439@example.com,Cameron,Patel,2024-04-23,United States,M,1992,Bronze
C01440,avery.singh1440@example.com,Avery,Singh,2023-02-24,India,F,2001,Silver
C01441,robin.lopez1441@example.com,Robin,Lopez,2025-04-07,Germany,Other,1959,Bronze
C01442,sam.garcia1442@example.com,Sam,Garcia,2022-11-02,France,M,1984,Bronze
C01443,chris.garcia1443@example.com,Chris,Garcia,2023-12-03,Germany,Other,1991,Silver
C01444,casey.patel1444@example.com,Casey,Patel,2023-06-21,Brazil,M,2002,Silver
C01445,riley.martin1445@example.com,Riley,Martin,2022-07-25,Germany,Other,2002,Bronze
C01446,pat.smith1446@example.com,Pat,Smith,2024-12-06,United States,Other,1990,Bronze
C01447,alex.martin1447@example.com,Alex,Martin,2023-05-19,United Kingdom,Other,1976,Silver
C01448,sam.khan1448@example.com,Sam,Khan,2022-08-01,Germany,F,1975,Bronze
C01449,taylor.khan1449@example.com,Taylor,Khan,2024-01-23,United States,Other,1970,Bronze
C01450,avery.singh1450@example.com,Avery,Singh,2024-07-26,United States,M,1964,Silver
C01451,pat.martin1451@example.com,Pat,Martin,2022-02-01,France,F,1988,Bronze
C01452,chris.smith1452@example.com,Chris,Smith,2024-02-06,United States,F,1963,Bronze
C01453,casey.khan1453@example.com,Casey,Khan,2024-09-03,Brazil,Other,1965,Bronze
C01454,robin.chen1454@example.com,Robin,Chen,2022-01-10,India,Other,1976,Bronze
C01455,pat.kumar1455@example.com,Pat,Kumar,2023-05-20,Australia,M,1971,Silver
C01456,taylor.lopez1456@example.com,Taylor,Lopez,2023-03-12,United States,M,2001,Bronze
C01457,chris.lee1457@example.com,Chris,Lee,2022-06-02,United States,Other,1975,Bronze
C01458,jordan.lopez1458@example.com,Jordan,Lopez,2024-05-18,United States,Other,1992,Bronze
C01459,alex.wilson1459@example.com,Alex,Wilson,2024-01-23,India,M,1955,Silver
C01460,jamie.martin1460@example.com,Jamie,Martin,2025-04-29,India,M,1979,Silver
C01461,chris.brown1461@example.com,Chris,Brown,2023-07-17,United States,M,1990,Gold
C01462,avery.khan1462@example.com,Avery,Khan,2025-01-09,Australia,F,1995,Bronze
C01463,robin.nguyen1463@example.com,Robin,Nguyen,2024-06-13,Brazil,Other,1978,Bronze
C01464,cameron.khan1464@example.com,Cameron,Khan,2025-05-02,Brazil,F,1994,Bronze
C01465,riley.johnson1465@example.com,Riley,Johnson,2025-01-24,France,F,1993,Bronze
C01466,taylor.lopez1466@example.com,Taylor,Lopez,2025-05-06,India,M,1955,Bronze
C01467,jordan.martin1467@example.com,Jordan,Martin,2024-10-03,United Kingdom,Other,1977,Gold
C01468,blake.johnson1468@example.com,Blake,Johnson,2022-06-16,Germany,M,1971,Bronze
C01469,avery.singh1469@example.com,Avery,Singh,2024-02-02,Germany,M,1995,Silver
C01470,jordan.brown1470@example.com,Jordan,Brown,2023-04-22,United States,Other,1963,Platinum
C01471,jordan.lopez1471@example.com,Jordan,Lopez,2025-03-10,United Kingdom,Other,1960,Bronze
C01472,cameron.smith1472@example.com,Cameron,Smith,2022-09-19,Australia,M,1974,Platinum
C01473,pat.lopez1473@example.com,Pat,Lopez,2025-08-24,India,F,1957,Bronze
C01474,sam.smith1474@example.com,Sam,Smith,2023-07-15,India,M,1966,Bronze
C01475,jamie.martin1475@example.com,Jamie,Martin,2022-06-24,United States,Other,1999,Platinum
C01476,casey.martin1476@example.com,Casey,Martin,2022-07-02,Australia,F,1955,Bronze
C01477,drew.patel1477@example.com,Drew,Patel,2024-08-20,Australia,Other,1980,Silver
C01478,blake.lopez1478@example.com,Blake,Lopez,2025-01-28,United Kingdom,F,1986,Bronze
C01479,blake.smith1479@example.com,Blake,Smith,2024-05-13,United States,F,1958,Bronze
C01480,alex.garcia1480@example.com,Alex,Garcia,2023-01-04,Canada,F,1973,Bronze
C01481,sam.martin1481@example.com,Sam,Martin,2022-02-12,United States,Other,1989,Silver
C01482,casey.brown1482@example.com,Casey,Brown,2023-05-03,Brazil,M,1968,Silver
C01483,alex.lee1483@example.com,Alex,Lee,2024-04-05,India,Other,1987,Bronze
C01484,sam.khan1484@example.com,Sam,Khan,2025-07-17,India,Other,1988,Bronze
C01485,riley.khan1485@example.com,Riley,Khan,2023-12-02,France,F,1958,Gold
C01486,morgan.johnson1486@example.com,Morgan,Johnson,2023-12-29,Germany,F,1983,Bronze
C01487,pat.smith1487@example.com,Pat,Smith,2024-06-20,United Kingdom,F,1987,Bronze
C01488,avery.khan1488@example.com,Avery,Khan,2025-04-06,United States,F,1973,Silver
C01489,cameron.garcia1489@example.com,Cameron,Garcia,2022-07-12,Brazil,Other,1959,Bronze
C01490,blake.garcia1490@example.com,Blake,Garcia,2022-10-10,Germany,Other,1970,Bronze
C01491,riley.lee1491@example.com,Riley,Lee,2023-01-25,United States,Other,1994,Bronze
C01492,pat.lee1492@example.com,Pat,Lee,2023-06-09,France,F,2002,Bronze
C01493,sam.smith1493@example.com,Sam,Smith,2023-10-21,India,F,1966,Gold
C01494,jordan.khan1494@example.com,Jordan,Khan,2024-06-09,India,M,1997,Bronze
C01495,taylor.johnson1495@example.com,Taylor,Johnson,2025-01-17,Brazil,F,1974,Bronze
C01496,alex.chen1496@example.com,Alex,Chen,2025-01-23,Brazil,F,1958,Silver
C01497,jamie.khan1497@example.com,Jamie,Khan,2023-03-04,Germany,M,1977,Bronze
C01498,jordan.wilson1498@example.com,Jordan,Wilson,2024-11-11,United Kingdom,Other,1991,Silver
C01499,jamie.lee1499@example.com,Jamie,Lee,2024-04-19,Australia,F,1961,Gold
C01500,jordan.lopez1500@example.com,Jordan,Lopez,2025-05-14,France,M,1957,Silver
C01501,sam.kumar1501@example.com,Sam,Kumar,2024-10-11,United Kingdom,M,1973,Platinum
C01502,riley.singh1502@example.com,Riley,Singh,2025-04-17,United Kingdom,F,1972,Bronze
C01503,avery.wilson1503@example.com,Avery,Wilson,2023-05-15,Canada,Other,1970,Bronze
C01504,avery.lee1504@example.com,Avery,Lee,2025-02-21,India,M,1987,Silver
C01505,avery.wilson1505@example.com,Avery,Wilson,2022-04-23,United States,F,1966,Bronze
C01506,jamie.singh1506@example.com,Jamie,Singh,2025-02-23,United States,F,1965,Bronze
C01507,pat.garcia1507@example.com,Pat,Garcia,2025-07-30,Australia,M,1966,Gold
C01508,chris.wilson1508@example.com,Chris,Wilson,2024-06-20,India,Other,1987,Gold
C01509,taylor.kumar1509@example.com,Taylor,Kumar,2023-06-01,Canada,Other,1982,Silver
C01510,drew.johnson1510@example.com,Drew,Johnson,2024-04-25,India,Other,1959,Gold
C01511,drew.wilson1511@example.com,Drew,Wilson,2022-04-28,United Kingdom,F,1987,Silver
C01512,sam.khan1512@example.com,Sam,Khan,2025-09-03,Canada,M,2004,Silver
C01513,jordan.khan1513@example.com,Jordan,Khan,2022-01-19,United Kingdom,F,1976,Silver
C01514,pat.johnson1514@example.com,Pat,Johnson,2022-07-16,United States,M,1956,Bronze
C01515,avery.brown1515@example.com,Avery,Brown,2023-07-13,Brazil,Other,1993,Bronze
C01516,avery.khan1516@example.com,Avery,Khan,2023-03-28,Brazil,Other,1987,Silver
C01517,drew.kumar1517@example.com,Drew,Kumar,2025-03-10,United States,M,1974,Bronze
C01518,sam.chen1518@example.com,Sam,Chen,2023-01-26,United States,F,1969,Bronze
C01519,chris.singh1519@example.com,Chris,Singh,2022-08-03,United Kingdom,Other,1968,Silver
C01520,casey.kumar1520@example.com,Casey,Kumar,2022-08-03,France,F,1973,Bronze
C01521,alex.singh1521@example.com,Alex,Singh,2022-05-08,Brazil,Other,1983,Bronze
C01522,jordan.singh1522@example.com,Jordan,Singh,2024-01-30,United States,M,1974,Bronze
C01523,sam.garcia1523@example.com,Sam,Garcia,2024-11-18,Germany,M,1978,Silver
C01524,alex.kumar1524@example.com,Alex,Kumar,2022-12-04,India,M,1964,Bronze
C01525,sam.smith1525@example.com,Sam,Smith,2022-12-27,Brazil,M,1962,Bronze
C01526,jamie.lee1526@example.com,Jamie,Lee,2022-08-06,France,F,1983,Bronze
C01527,robin.smith1527@example.com,Robin,Smith,2022-07-21,Germany,Other,1971,Silver
C01528,taylor.patel1528@example.com,Taylor,Patel,2022-11-18,France,F,1960,Bronze
C01529,alex.lee1529@example.com,Alex,Lee,2025-09-03,United States,F,1995,Silver
C01530,riley.martin1530@example.com,Riley,Martin,2025-01-10,United Kingdom,Other,1980,Gold
C01531,riley.brown1531@example.com,Riley,Brown,2023-03-01,India,Other,2003,Bronze
C01532,drew.smith1532@example.com,Drew,Smith,2025-05-12,India,F,1961,Silver
C01533,jordan.kumar1533@example.com,Jordan,Kumar,2024-10-15,India,M,1957,Platinum
C01534,blake.brown1534@example.com,Blake,Brown,2024-02-17,France,F,1988,Gold
C01535,pat.singh1535@example.com,Pat,Singh,2022-07-27,Canada,M,1956,Bronze
C01536,jordan.chen1536@example.com,Jordan,Chen,2023-08-09,United Kingdom,M,1992,Bronze
C01537,casey.brown1537@example.com,Casey,Brown,2022-01-22,India,F,1980,Silver
C01538,sam.lopez1538@example.com,Sam,Lopez,2025-08-11,United States,F,1981,Bronze
C01539,cameron.wilson1539@example.com,Cameron,Wilson,2023-10-31,Canada,F,2001,Bronze
C01540,jamie.lee1540@example.com,Jamie,Lee,2022-08-18,India,Other,1974,Bronze
C01541,chris.nguyen1541@example.com,Chris,Nguyen,2023-07-07,France,Other,1974,Bronze
C01542,morgan.wilson1542@example.com,Morgan,Wilson,2025-02-05,France,M,1973,Bronze
C01543,blake.chen1543@example.com,Blake,Chen,2023-08-19,Brazil,F,1989,Gold
C01544,jordan.smith1544@example.com,Jordan,Smith,2023-01-02,France,M,1956,Bronze
C01545,morgan.lopez1545@example.com,Morgan,Lopez,2025-08-25,India,M,1988,Silver
C01546,jordan.garcia1546@example.com,Jordan,Garcia,2024-07-06,India,M,1957,Bronze
C01547,cameron.johnson1547@example.com,Cameron,Johnson,2025-03-03,United States,F,1969,Platinum
C01548,taylor.patel1548@example.com,Taylor,Patel,2025-07-30,Brazil,M,1964,Bronze
C01549,avery.garcia1549@example.com,Avery,Garcia,2022-03-14,Germany,Other,1987,Bronze
C01550,drew.patel1550@example.com,Drew,Patel,2023-07-14,Canada,Other,1960,Silver
C01551,morgan.martin1551@example.com,Morgan,Martin,2024-01-15,India,F,1990,Silver
C01552,jamie.khan1552@example.com,Jamie,Khan,2024-12-18,United Kingdom,M,1956,Silver
C01553,sam.wilson1553@example.com,Sam,Wilson,2023-02-17,India,M,1958,Bronze
C01554,alex.lee1554@example.com,Alex,Lee,2024-12-24,Germany,F,1973,Silver
C01555,robin.smith1555@example.com,Robin,Smith,2025-03-23,France,Other,1979,Bronze
C01556,pat.johnson1556@example.com,Pat,Johnson,2022-09-23,United Kingdom,M,1969,Silver
C01557,robin.kumar1557@example.com,Robin,Kumar,2025-08-31,India,F,1976,Bronze
C01558,taylor.wilson1558@example.com,Taylor,Wilson,2024-08-04,Australia,F,2002,Bronze
C01559,casey.martin1559@example.com,Casey,Martin,2024-07-05,Brazil,M,1976,Bronze
C01560,drew.smith1560@example.com,Drew,Smith,2024-05-17,France,M,1988,Gold
C01561,morgan.lopez1561@example.com,Morgan,Lopez,2023-02-18,United Kingdom,F,1979,Bronze
C01562,alex.smith1562@example.com,Alex,Smith,2022-10-11,United States,F,1955,Silver
C01563,blake.singh1563@example.com,Blake,Singh,2024-05-30,United States,F,1999,Bronze
C01564,cameron.garcia1564@example.com,Cameron,Garcia,2024-12-27,India,Other,1961,Bronze
C01565,jamie.nguyen1565@example.com,Jamie,Nguyen,2024-03-27,Canada,F,1963,Bronze
C01566,jamie.khan1566@example.com,Jamie,Khan,2025-04-02,Brazil,F,1973,Bronze
C01567,chris.lopez1567@example.com,Chris,Lopez,2025-01-01,Canada,Other,1999,Bronze
C01568,pat.kumar1568@example.com,Pat,Kumar,2022-02-15,France,M,1996,Bronze
C01569,riley.smith1569@example.com,Riley,Smith,2024-07-16,United States,Other,1986,Bronze
C01570,riley.smith1570@example.com,Riley,Smith,2022-09-19,Brazil,F,2002,Silver
C01571,sam.garcia1571@example.com,Sam,Garcia,2025-04-04,United Kingdom,F,1971,Bronze
C01572,alex.nguyen1572@example.com,Alex,Nguyen,2024-04-21,United States,F,2004,Bronze
C01573,riley.lee1573@example.com,Riley,Lee,2022-02-23,France,F,2004,Bronze
C01574,sam.martin1574@example.com,Sam,Martin,2025-02-24,United States,M,1979,Bronze
C01575,jamie.nguyen1575@example.com,Jamie,Nguyen,2023-01-02,Brazil,F,1969,Bronze
C01576,chris.smith1576@example.com,Chris,Smith,2023-10-06,Germany,F,1983,Bronze
C01577,morgan.patel1577@example.com,Morgan,Patel,2023-01-14,India,F,1963,Bronze
C01578,sam.singh1578@example.com,Sam,Singh,2024-07-03,Australia,Other,1982,Bronze
C01579,drew.kumar1579@example.com,Drew,Kumar,2022-02-12,Australia,F,1995,Bronze
C01580,pat.garcia1580@example.com,Pat,Garcia,2022-06-19,United States,M,2004,Silver
C01581,avery.chen1581@example.com,Avery,Chen,2022-07-31,India,M,1999,Bronze
C01582,chris.patel1582@example.com,Chris,Patel,2022-02-08,India,Other,2003,Bronze
C01583,sam.singh1583@example.com,Sam,Singh,2024-01-27,Brazil,F,1977,Bronze
C01584,chris.lee1584@example.com,Chris,Lee,2025-02-08,Canada,F,1986,Bronze
C01585,taylor.martin1585@example.com,Taylor,Martin,2024-12-06,Brazil,F,1987,Silver
C01586,casey.kumar1586@example.com,Casey,Kumar,2022-03-10,United Kingdom,F,1997,Silver
C01587,taylor.garcia1587@example.com,Taylor,Garcia,2024-08-01,India,F,1988,Silver
C01588,robin.kumar1588@example.com,Robin,Kumar,2022-10-23,India,Other,1965,Gold
C01589,cameron.khan1589@example.com,Cameron,Khan,2022-03-02,Brazil,M,2004,Bronze
C01590,robin.chen1590@example.com,Robin,Chen,2024-08-20,Germany,Other,1987,Bronze
C01591,casey.kumar1591@example.com,Casey,Kumar,2022-11-27,Canada,F,1970,Silver
C01592,blake.patel1592@example.com,Blake,Patel,2022-12-04,Germany,M,1984,Bronze
C01593,pat.lopez1593@example.com,Pat,Lopez,2025-08-20,United States,Other,1964,Bronze
C01594,drew.wilson1594@example.com,Drew,Wilson,2023-10-01,Brazil,M,1973,Bronze
C01595,robin.brown1595@example.com,Robin,Brown,2025-04-02,Brazil,F,1967,Bronze
C01596,robin.johnson1596@example.com,Robin,Johnson,2023-05-19,United Kingdom,F,2000,Silver
C01597,taylor.lee1597@example.com,Taylor,Lee,2023-01-22,United States,F,1964,Bronze
C01598,jamie.lopez1598@example.com,Jamie,Lopez,2024-05-19,Canada,Other,1955,Bronze
C01599,blake.smith1599@example.com,Blake,Smith,2024-10-11,United States,M,1981,Bronze
C01600,chris.kumar1600@example.com,Chris,Kumar,2023-11-22,Brazil,M,2000,Silver
C01601,robin.chen1601@example.com,Robin,Chen,2023-05-05,United States,M,1971,Silver
C01602,alex.chen1602@example.com,Alex,Chen,2025-01-01,France,F,1960,Bronze
C01603,avery.lee1603@example.com,Avery,Lee,2022-10-22,France,F,2003,Bronze
C01604,robin.nguyen1604@example.com,Robin,Nguyen,2024-03-06,France,Other,1987,Bronze
C01605,avery.johnson1605@example.com,Avery,Johnson,2023-07-03,United States,Other,1963,Bronze
C01606,blake.lee1606@example.com,Blake,Lee,2023-07-22,India,Other,1975,Silver
C01607,chris.lopez1607@example.com,Chris,Lopez,2024-02-09,France,M,1997,Bronze
C01608,drew.kumar1608@example.com,Drew,Kumar,2022-05-03,United Kingdom,Other,1992,Silver
C01609,morgan.kumar1609@example.com,Morgan,Kumar,2023-11-11,Germany,F,1990,Bronze
C01610,taylor.johnson1610@example.com,Taylor,Johnson,2025-06-29,United States,F,1997,Bronze
C01611,jamie.garcia1611@example.com,Jamie,Garcia,2022-04-02,United Kingdom,F,1972,Bronze
C01612,casey.martin1612@example.com,Casey,Martin,2022-03-04,Germany,Other,1976,Bronze
C01613,morgan.lopez1613@example.com,Morgan,Lopez,2023-05-27,Australia,M,1965,Gold
C01614,pat.lopez1614@example.com,Pat,Lopez,2025-04-23,Germany,M,1967,Silver
C01615,robin.patel1615@example.com,Robin,Patel,2024-02-11,United States,M,1976,Silver
C01616,cameron.kumar1616@example.com,Cameron,Kumar,2022-09-13,Australia,F,1961,Bronze
C01617,chris.nguyen1617@example.com,Chris,Nguyen,2024-05-24,France,Other,1978,Bronze
C01618,sam.khan1618@example.com,Sam,Khan,2024-09-14,Brazil,F,1969,Gold
C01619,alex.garcia1619@example.com,Alex,Garcia,2025-02-26,France,F,1957,Gold
C01620,sam.chen1620@example.com,Sam,Chen,2024-08-31,Germany,M,1992,Bronze
C01621,blake.lopez1621@example.com,Blake,Lopez,2022-05-01,Australia,Other,1955,Gold
C01622,morgan.kumar1622@example.com,Morgan,Kumar,2024-11-27,United States,F,1975,Gold
C01623,jamie.singh1623@example.com,Jamie,Singh,2024-10-04,India,Other,1983,Silver
C01624,morgan.chen1624@example.com,Morgan,Chen,2023-10-07,United States,F,2003,Bronze
C01625,casey.lee1625@example.com,Casey,Lee,2023-12-15,United Kingdom,Other,1982,Silver
C01626,cameron.martin1626@example.com,Cameron,Martin,2022-01-21,India,M,2004,Bronze
C01627,robin.nguyen1627@example.com,Robin,Nguyen,2023-03-31,United States,Other,1957,Bronze
C01628,jordan.smith1628@example.com,Jordan,Smith,2023-09-13,India,F,2001,Silver
C01629,riley.lee1629@example.com,Riley,Lee,2024-03-13,United States,Other,1958,Bronze
C01630,drew.chen1630@example.com,Drew,Chen,2022-03-10,Australia,Other,1955,Bronze
C01631,robin.garcia1631@example.com,Robin,Garcia,2022-07-15,Brazil,F,1966,Bronze
C01632,avery.singh1632@example.com,Avery,Singh,2022-10-10,United States,Other,1996,Bronze
C01633,avery.martin1633@example.com,Avery,Martin,2022-10-04,Brazil,F,1978,Bronze
C01634,pat.johnson1634@example.com,Pat,Johnson,2022-06-02,India,Other,1999,Bronze
C01635,taylor.smith1635@example.com,Taylor,Smith,2025-08-27,France,Other,2000,Gold
C01636,riley.nguyen1636@example.com,Riley,Nguyen,2023-06-28,United States,F,1986,Bronze
C01637,taylor.wilson1637@example.com,Taylor,Wilson,2023-09-14,Germany,F,1996,Bronze
C01638,riley.garcia1638@example.com,Riley,Garcia,2025-04-15,Canada,F,1996,Bronze
C01639,jordan.patel1639@example.com,Jordan,Patel,2022-11-10,United States,F,1993,Silver
C01640,drew.lopez1640@example.com,Drew,Lopez,2024-04-27,Brazil,M,1987,Bronze
C01641,cameron.brown1641@example.com,Cameron,Brown,2024-05-30,United States,F,1975,Gold
C01642,chris.singh1642@example.com,Chris,Singh,2024-04-08,India,M,1963,Bronze
C01643,riley.brown1643@example.com,Riley,Brown,2024-10-26,France,Other,1999,Bronze
C01644,taylor.garcia1644@example.com,Taylor,Garcia,2023-07-01,United States,M,1993,Silver
C01645,chris.wilson1645@example.com,Chris,Wilson,2023-10-24,United States,M,1995,Bronze
C01646,pat.patel1646@example.com,Pat,Patel,2023-09-22,Australia,M,1959,Bronze
C01647,jamie.johnson1647@example.com,Jamie,Johnson,2022-03-28,Brazil,F,1971,Platinum
C01648,robin.brown1648@example.com,Robin,Brown,2022-03-17,Germany,Other,1977,Silver
C01649,riley.wilson1649@example.com,Riley,Wilson,2023-02-18,United States,M,1976,Bronze
C01650,pat.brown1650@example.com,Pat,Brown,2023-04-02,India,Other,1983,Bronze
C01651,robin.kumar1651@example.com,Robin,Kumar,2025-06-16,Canada,M,1991,Silver
C01652,alex.wilson1652@example.com,Alex,Wilson,2023-10-15,India,F,1986,Bronze
C01653,robin.martin1653@example.com,Robin,Martin,2023-05-10,United States,M,2002,Gold
C01654,riley.johnson1654@example.com,Riley,Johnson,2024-12-04,United Kingdom,F,1971,Bronze
C01655,blake.lopez1655@example.com,Blake,Lopez,2025-06-24,United States,Other,1994,Bronze
C01656,morgan.johnson1656@example.com,Morgan,Johnson,2023-08-20,United Kingdom,M,1956,Bronze
C01657,jamie.chen1657@example.com,Jamie,Chen,2023-04-30,France,F,1960,Bronze
C01658,blake.garcia1658@example.com,Blake,Garcia,2023-09-12,United Kingdom,Other,1972,Gold
C01659,avery.kumar1659@example.com,Avery,Kumar,2023-10-24,France,F,1987,Bronze
C01660,blake.johnson1660@example.com,Blake,Johnson,2023-12-22,United Kingdom,M,1997,Platinum
C01661,casey.chen1661@example.com,Casey,Chen,2023-02-20,France,F,1996,Silver
C01662,alex.brown1662@example.com,Alex,Brown,2023-05-14,United States,M,1968,Bronze
C01663,jamie.wilson1663@example.com,Jamie,Wilson,2023-09-26,United States,M,1964,Bronze
C01664,blake.lopez1664@example.com,Blake,Lopez,2024-10-16,United States,Other,1990,Bronze
C01665,casey.lopez1665@example.com,Casey,Lopez,2023-11-05,India,Other,1963,Bronze
C01666,avery.johnson1666@example.com,Avery,Johnson,2025-06-11,United States,F,1982,Bronze
C01667,jordan.chen1667@example.com,Jordan,Chen,2024-10-31,United States,F,1968,Bronze
C01668,riley.nguyen1668@example.com,Riley,Nguyen,2022-09-04,Canada,M,2001,Bronze
C01669,casey.kumar1669@example.com,Casey,Kumar,2024-01-28,Canada,M,1973,Bronze
C01670,taylor.kumar1670@example.com,Taylor,Kumar,2022-04-28,India,F,1969,Bronze
C01671,alex.wilson1671@example.com,Alex,Wilson,2023-02-16,Australia,F,1978,Silver
C01672,pat.patel1672@example.com,Pat,Patel,2022-12-29,France,F,1963,Bronze
C01673,jordan.smith1673@example.com,Jordan,Smith,2025-04-13,United States,Other,1987,Silver
C01674,jamie.lopez1674@example.com,Jamie,Lopez,2024-08-15,Canada,Other,1987,Bronze
C01675,alex.martin1675@example.com,Alex,Martin,2022-01-19,France,F,1957,Silver
C01676,pat.singh1676@example.com,Pat,Singh,2022-11-26,France,Other,1994,Gold
C01677,jordan.brown1677@example.com,Jordan,Brown,2022-06-24,Brazil,F,1996,Silver
C01678,pat.kumar1678@example.com,Pat,Kumar,2023-03-25,United States,Other,1983,Bronze
C01679,morgan.lee1679@example.com,Morgan,Lee,2024-08-03,India,F,1988,Bronze
C01680,sam.smith1680@example.com,Sam,Smith,2022-05-21,Brazil,F,1955,Bronze
C01681,chris.nguyen1681@example.com,Chris,Nguyen,2024-07-18,Germany,M,1983,Silver
C01682,chris.lopez1682@example.com,Chris,Lopez,2022-08-27,Brazil,F,1967,Silver
C01683,blake.nguyen1683@example.com,Blake,Nguyen,2023-07-14,Canada,M,2003,Bronze
C01684,avery.martin1684@example.com,Avery,Martin,2022-09-02,India,F,1983,Bronze
C01685,jamie.wilson1685@example.com,Jamie,Wilson,2022-10-22,Canada,F,1978,Bronze
C01686,drew.martin1686@example.com,Drew,Martin,2025-07-29,Canada,F,1971,Bronze
C01687,sam.smith1687@example.com,Sam,Smith,2022-03-12,India,Other,1967,Platinum
C01688,taylor.nguyen1688@example.com,Taylor,Nguyen,2022-11-01,Australia,F,1957,Bronze
C01689,casey.nguyen1689@example.com,Casey,Nguyen,2024-10-27,Australia,F,2003,Bronze
C01690,morgan.lee1690@example.com,Morgan,Lee,2025-01-31,France,M,1955,Bronze
C01691,jordan.nguyen1691@example.com,Jordan,Nguyen,2023-06-13,France,Other,1997,Silver
C01692,morgan.wilson1692@example.com,Morgan,Wilson,2022-09-08,Canada,M,1957,Bronze
C01693,casey.lee1693@example.com,Casey,Lee,2025-05-15,India,F,1983,Bronze
C01694,robin.singh1694@example.com,Robin,Singh,2023-02-20,Canada,F,1980,Bronze
C01695,riley.lee1695@example.com,Riley,Lee,2025-03-13,Brazil,Other,1979,Bronze
C01696,robin.lopez1696@example.com,Robin,Lopez,2023-10-30,United States,F,1963,Bronze
C01697,alex.lee1697@example.com,Alex,Lee,2023-09-24,India,F,1955,Silver
C01698,riley.singh1698@example.com,Riley,Singh,2025-01-21,India,Other,1976,Silver
C01699,drew.wilson1699@example.com,Drew,Wilson,2022-12-02,United Kingdom,M,1995,Gold
C01700,taylor.johnson1700@example.com,Taylor,Johnson,2023-05-14,United States,F,1998,Platinum
C01701,avery.nguyen1701@example.com,Avery,Nguyen,2024-08-04,United States,M,1995,Bronze
C01702,morgan.lee1702@example.com,Morgan,Lee,2025-05-07,United States,F,1968,Silver
C01703,cameron.garcia1703@example.com,Cameron,Garcia,2022-12-05,Brazil,Other,1973,Gold
C01704,cameron.lopez1704@example.com,Cameron,Lopez,2024-08-19,United Kingdom,Other,1995,Silver
C01705,pat.singh1705@example.com,Pat,Singh,2023-03-05,Australia,F,1969,Silver
C01706,drew.wilson1706@example.com,Drew,Wilson,2024-06-17,United States,M,1965,Bronze
C01707,sam.chen1707@example.com,Sam,Chen,2024-07-30,United States,M,1984,Platinum
C01708,taylor.lopez1708@example.com,Taylor,Lopez,2022-02-26,Australia,F,1994,Silver
C01709,avery.nguyen1709@example.com,Avery,Nguyen,2023-10-20,Brazil,M,2002,Bronze
C01710,chris.kumar1710@example.com,Chris,Kumar,2022-07-13,India,M,1986,Bronze
C01711,sam.johnson1711@example.com,Sam,Johnson,2023-06-18,France,F,1960,Silver
C01712,jamie.lopez1712@example.com,Jamie,Lopez,2023-12-17,United States,M,2001,Bronze
C01713,taylor.wilson1713@example.com,Taylor,Wilson,2022-07-04,Canada,M,1994,Silver
C01714,pat.smith1714@example.com,Pat,Smith,2022-10-19,United States,F,1969,Silver
C01715,morgan.chen1715@example.com,Morgan,Chen,2024-01-02,India,Other,2003,Bronze
C01716,casey.wilson1716@example.com,Casey,Wilson,2023-11-16,United States,Other,1972,Bronze
C01717,riley.singh1717@example.com,Riley,Singh,2024-04-13,Canada,F,1967,Silver
C01718,taylor.singh1718@example.com,Taylor,Singh,2023-07-11,United States,Other,1969,Bronze
C01719,pat.khan1719@example.com,Pat,Khan,2023-06-16,United States,F,1983,Gold
C01720,blake.lopez1720@example.com,Blake,Lopez,2023-09-27,United States,Other,1996,Silver
C01721,pat.lopez1721@example.com,Pat,Lopez,2022-11-19,Germany,F,1973,Bronze
C01722,cameron.brown1722@example.com,Cameron,Brown,2022-01-03,India,Other,1968,Bronze
C01723,taylor.patel1723@example.com,Taylor,Patel,2022-02-09,France,Other,1958,Bronze
C01724,avery.chen1724@example.com,Avery,Chen,2024-04-22,Germany,F,1985,Bronze
C01725,cameron.singh1725@example.com,Cameron,Singh,2023-09-11,India,Other,1986,Bronze
C01726,robin.singh1726@example.com,Robin,Singh,2025-06-12,United Kingdom,M,1956,Bronze
C01727,riley.brown1727@example.com,Riley,Brown,2024-12-21,United Kingdom,Other,2003,Silver
C01728,jamie.johnson1728@example.com,Jamie,Johnson,2024-06-23,United States,F,1982,Bronze
C01729,sam.kumar1729@example.com,Sam,Kumar,2023-11-02,India,F,1988,Platinum
C01730,taylor.brown1730@example.com,Taylor,Brown,2022-11-13,Canada,F,1969,Platinum
C01731,blake.wilson1731@example.com,Blake,Wilson,2024-12-07,United Kingdom,Other,1979,Bronze
C01732,alex.kumar1732@example.com,Alex,Kumar,2025-03-05,United States,Other,1963,Bronze
C01733,taylor.lee1733@example.com,Taylor,Lee,2022-09-07,Canada,F,1991,Bronze
C01734,drew.martin1734@example.com,Drew,Martin,2024-03-17,Brazil,Other,1986,Silver
C01735,chris.johnson1735@example.com,Chris,Johnson,2025-08-30,Brazil,Other,1971,Gold
C01736,robin.lee1736@example.com,Robin,Lee,2023-04-30,Germany,F,1973,Gold
C01737,drew.lopez1737@example.com,Drew,Lopez,2022-02-13,France,M,1983,Silver
C01738,drew.patel1738@example.com,Drew,Patel,2023-07-25,Canada,M,1961,Gold
C01739,avery.khan1739@example.com,Avery,Khan,2025-01-20,United States,Other,1963,Bronze
C01740,sam.chen1740@example.com,Sam,Chen,2024-06-13,United States,Other,1982,Bronze
C01741,chris.singh1741@example.com,Chris,Singh,2024-07-13,India,Other,1971,Bronze
C01742,avery.lee1742@example.com,Avery,Lee,2023-12-28,United States,M,1985,Bronze
C01743,sam.chen1743@example.com,Sam,Chen,2024-06-17,United States,M,1975,Gold
C01744,taylor.chen1744@example.com,Taylor,Chen,2024-05-07,Brazil,Other,1990,Bronze
C01745,jordan.lee1745@example.com,Jordan,Lee,2023-05-05,United Kingdom,F,1991,Silver
C01746,pat.nguyen1746@example.com,Pat,Nguyen,2024-07-26,Australia,Other,1966,Bronze
C01747,morgan.kumar1747@example.com,Morgan,Kumar,2025-07-16,United States,F,1965,Silver
C01748,blake.garcia1748@example.com,Blake,Garcia,2022-02-23,France,Other,1970,Gold
C01749,drew.nguyen1749@example.com,Drew,Nguyen,2023-09-08,United Kingdom,M,1994,Bronze
C01750,drew.smith1750@example.com,Drew,Smith,2025-06-14,Germany,M,1956,Bronze
C01751,sam.martin1751@example.com,Sam,Martin,2024-01-04,United Kingdom,M,1966,Platinum
C01752,morgan.smith1752@example.com,Morgan,Smith,2023-10-12,India,Other,1998,Bronze
C01753,jordan.patel1753@example.com,Jordan,Patel,2023-01-30,United States,Other,1969,Silver
C01754,drew.nguyen1754@example.com,Drew,Nguyen,2023-08-16,Brazil,F,1980,Platinum
C01755,morgan.nguyen1755@example.com,Morgan,Nguyen,2023-05-29,Germany,Other,2004,Gold
C01756,cameron.martin1756@example.com,Cameron,Martin,2023-01-31,France,F,1980,Bronze
C01757,blake.khan1757@example.com,Blake,Khan,2024-03-01,Canada,F,1972,Bronze
C01758,jamie.nguyen1758@example.com,Jamie,Nguyen,2025-09-03,United States,Other,1986,Bronze
C01759,robin.lopez1759@example.com,Robin,Lopez,2023-01-19,Germany,Other,1992,Gold
C01760,morgan.kumar1760@example.com,Morgan,Kumar,2023-05-20,United States,M,2001,Bronze
C01761,casey.martin1761@example.com,Casey,Martin,2022-07-14,India,M,1992,Silver
C01762,casey.khan1762@example.com,Casey,Khan,2025-05-30,United Kingdom,Other,1955,Bronze
C01763,chris.khan1763@example.com,Chris,Khan,2024-09-16,United Kingdom,M,1999,Silver
C01764,alex.kumar1764@example.com,Alex,Kumar,2022-06-05,India,F,1975,Bronze
C01765,cameron.garcia1765@example.com,Cameron,Garcia,2024-07-11,France,M,1990,Bronze
C01766,avery.martin1766@example.com,Avery,Martin,2024-06-21,United Kingdom,M,1976,Bronze
C01767,alex.kumar1767@example.com,Alex,Kumar,2024-09-25,Australia,F,1969,Bronze
C01768,riley.singh1768@example.com,Riley,Singh,2025-05-15,United States,M,1958,Bronze
C01769,drew.singh1769@example.com,Drew,Singh,2024-06-05,France,Other,1960,Bronze
C01770,robin.khan1770@example.com,Robin,Khan,2022-12-06,Brazil,F,1966,Bronze
C01771,chris.nguyen1771@example.com,Chris,Nguyen,2022-06-10,Brazil,Other,1982,Silver
C01772,jordan.singh1772@example.com,Jordan,Singh,2023-01-27,India,M,1955,Silver
C01773,pat.khan1773@example.com,Pat,Khan,2023-07-29,Canada,F,1976,Silver
C01774,jamie.lee1774@example.com,Jamie,Lee,2024-12-29,United States,F,1975,Bronze
C01775,sam.lee1775@example.com,Sam,Lee,2023-08-31,United States,F,1989,Gold
C01776,taylor.lopez1776@example.com,Taylor,Lopez,2024-04-07,United States,F,2000,Silver
C01777,riley.khan1777@example.com,Riley,Khan,2023-11-21,India,F,2002,Bronze
C01778,riley.lopez1778@example.com,Riley,Lopez,2024-06-20,Australia,Other,1979,Platinum
C01779,blake.lopez1779@example.com,Blake,Lopez,2022-02-25,Germany,M,2000,Bronze
C01780,jordan.khan1780@example.com,Jordan,Khan,2023-03-31,United States,M,1994,Silver
C01781,cameron.khan1781@example.com,Cameron,Khan,2022-03-18,Brazil,M,1992,Bronze
C01782,jamie.lopez1782@example.com,Jamie,Lopez,2025-07-05,United States,Other,1962,Bronze
C01783,pat.lee1783@example.com,Pat,Lee,2022-11-27,Canada,M,1987,Bronze
C01784,pat.patel1784@example.com,Pat,Patel,2025-04-20,United Kingdom,M,1992,Bronze
C01785,pat.wilson1785@example.com,Pat,Wilson,2023-11-19,France,F,1981,Bronze
C01786,alex.kumar1786@example.com,Alex,Kumar,2025-07-23,United States,F,1966,Silver
C01787,alex.wilson1787@example.com,Alex,Wilson,2022-10-26,France,Other,1985,Bronze
C01788,jamie.smith1788@example.com,Jamie,Smith,2025-01-19,United States,M,1986,Bronze
C01789,morgan.lopez1789@example.com,Morgan,Lopez,2023-07-27,Canada,F,1964,Bronze
C01790,drew.garcia1790@example.com,Drew,Garcia,2022-12-31,India,Other,1981,Silver
C01791,jordan.kumar1791@example.com,Jordan,Kumar,2022-12-17,United States,F,1969,Silver
C01792,robin.lopez1792@example.com,Robin,Lopez,2022-09-10,United States,M,1967,Silver
C01793,drew.patel1793@example.com,Drew,Patel,2024-03-13,Australia,M,1965,Bronze
C01794,blake.garcia1794@example.com,Blake,Garcia,2024-07-05,United Kingdom,Other,1965,Bronze
C01795,blake.lopez1795@example.com,Blake,Lopez,2023-05-23,Germany,M,2002,Silver
C01796,cameron.smith1796@example.com,Cameron,Smith,2023-05-16,Canada,Other,1989,Silver
C01797,chris.khan1797@example.com,Chris,Khan,2023-08-21,Australia,M,1992,Silver
C01798,taylor.patel1798@example.com,Taylor,Patel,2023-04-07,India,Other,1978,Silver
C01799,casey.brown1799@example.com,Casey,Brown,2022-04-24,Germany,M,2003,Bronze
C01800,sam.nguyen1800@example.com,Sam,Nguyen,2024-09-18,France,M,1990,Bronze
C01801,chris.kumar1801@example.com,Chris,Kumar,2022-07-26,United States,Other,1997,Silver
C01802,jamie.lee1802@example.com,Jamie,Lee,2023-05-30,Brazil,F,1970,Silver
C01803,riley.smith1803@example.com,Riley,Smith,2023-12-10,India,F,1975,Gold
C01804,morgan.johnson1804@example.com,Morgan,Johnson,2025-02-22,India,F,1964,Gold
C01805,morgan.wilson1805@example.com,Morgan,Wilson,2022-12-05,United States,Other,1979,Platinum
C01806,jordan.wilson1806@example.com,Jordan,Wilson,2022-03-09,United States,M,1983,Bronze
C01807,jordan.wilson1807@example.com,Jordan,Wilson,2023-01-18,France,M,1973,Silver
C01808,riley.martin1808@example.com,Riley,Martin,2023-11-14,United States,F,1956,Silver
C01809,morgan.lee1809@example.com,Morgan,Lee,2022-03-15,United Kingdom,F,1997,Bronze
C01810,chris.garcia1810@example.com,Chris,Garcia,2025-07-23,France,M,2002,Gold
C01811,taylor.brown1811@example.com,Taylor,Brown,2022-07-30,Germany,F,1977,Bronze
C01812,casey.kumar1812@example.com,Casey,Kumar,2023-10-13,India,F,2000,Gold
C01813,alex.martin1813@example.com,Alex,Martin,2024-09-20,India,F,1982,Bronze
C01814,alex.garcia1814@example.com,Alex,Garcia,2025-04-29,Australia,M,1959,Gold
C01815,chris.khan1815@example.com,Chris,Khan,2024-02-19,France,M,2004,Silver
C01816,drew.khan1816@example.com,Drew,Khan,2025-02-10,Australia,Other,1996,Bronze
C01817,morgan.lopez1817@example.com,Morgan,Lopez,2024-11-03,United States,M,1965,Silver
C01818,drew.johnson1818@example.com,Drew,Johnson,2022-10-15,India,M,1965,Platinum
C01819,casey.garcia1819@example.com,Casey,Garcia,2022-07-08,France,M,1972,Bronze
C01820,alex.chen1820@example.com,Alex,Chen,2025-03-24,India,F,1972,Silver
C01821,robin.johnson1821@example.com,Robin,Johnson,2024-06-06,United States,F,1977,Gold
C01822,chris.patel1822@example.com,Chris,Patel,2025-01-03,United Kingdom,F,1975,Silver
C01823,avery.nguyen1823@example.com,Avery,Nguyen,2024-07-28,United States,F,1959,Silver
C01824,alex.johnson1824@example.com,Alex,Johnson,2023-07-25,Germany,F,1979,Bronze
C01825,sam.garcia1825@example.com,Sam,Garcia,2024-09-27,Germany,Other,1964,Silver
C01826,casey.wilson1826@example.com,Casey,Wilson,2024-07-06,Brazil,Other,1973,Bronze
C01827,drew.martin1827@example.com,Drew,Martin,2024-04-12,France,Other,1961,Gold
C01828,chris.kumar1828@example.com,Chris,Kumar,2025-07-07,Germany,Other,1955,Bronze
C01829,pat.martin1829@example.com,Pat,Martin,2023-09-08,United States,F,1966,Gold
C01830,alex.singh1830@example.com,Alex,Singh,2023-02-10,United States,Other,1976,Gold
C01831,jamie.smith1831@example.com,Jamie,Smith,2024-07-31,France,F,1971,Silver
C01832,casey.singh1832@example.com,Casey,Singh,2022-04-03,Germany,Other,2000,Silver
C01833,sam.kumar1833@example.com,Sam,Kumar,2023-10-16,Brazil,Other,2004,Silver
C01834,alex.chen1834@example.com,Alex,Chen,2023-03-10,Brazil,M,2002,Bronze
C01835,pat.chen1835@example.com,Pat,Chen,2023-01-10,India,F,1997,Silver
C01836,jordan.chen1836@example.com,Jordan,Chen,2022-07-26,Brazil,M,1966,Silver
C01837,sam.lopez1837@example.com,Sam,Lopez,2025-08-12,India,M,1974,Bronze
C01838,taylor.singh1838@example.com,Taylor,Singh,2025-05-30,United States,Other,1992,Bronze
C01839,pat.brown1839@example.com,Pat,Brown,2023-10-05,United States,F,1982,Silver
C01840,drew.singh1840@example.com,Drew,Singh,2025-04-22,United States,F,1980,Platinum
C01841,alex.wilson1841@example.com,Alex,Wilson,2025-01-22,India,Other,1967,Silver
C01842,taylor.smith1842@example.com,Taylor,Smith,2024-08-30,United States,F,1956,Silver
C01843,sam.chen1843@example.com,Sam,Chen,2024-03-15,United Kingdom,M,2003,Bronze
C01844,casey.brown1844@example.com,Casey,Brown,2024-01-12,Australia,Other,1956,Bronze
C01845,riley.patel1845@example.com,Riley,Patel,2024-05-25,United States,Other,1994,Bronze
C01846,sam.johnson1846@example.com,Sam,Johnson,2025-03-19,United Kingdom,M,1974,Bronze
C01847,blake.khan1847@example.com,Blake,Khan,2024-10-28,Germany,Other,1983,Bronze
C01848,alex.singh1848@example.com,Alex,Singh,2022-10-23,Australia,Other,1980,Silver
C01849,casey.lopez1849@example.com,Casey,Lopez,2024-07-14,United States,Other,1971,Bronze
C01850,robin.smith1850@example.com,Robin,Smith,2023-10-02,Brazil,F,1974,Bronze
C01851,chris.lee1851@example.com,Chris,Lee,2023-09-20,Australia,F,1970,Bronze
C01852,casey.kumar1852@example.com,Casey,Kumar,2024-07-30,United States,M,1997,Silver
C01853,chris.garcia1853@example.com,Chris,Garcia,2023-06-03,India,F,1970,Bronze
C01854,taylor.martin1854@example.com,Taylor,Martin,2024-12-04,United States,M,2001,Bronze
C01855,cameron.brown1855@example.com,Cameron,Brown,2024-08-09,France,M,2002,Bronze
C01856,blake.brown1856@example.com,Blake,Brown,2022-06-04,United States,M,1977,Bronze
C01857,robin.nguyen1857@example.com,Robin,Nguyen,2022-03-29,United States,M,1963,Bronze
C01858,riley.kumar1858@example.com,Riley,Kumar,2024-07-19,Canada,F,1974,Bronze
C01859,taylor.lee1859@example.com,Taylor,Lee,2025-06-11,India,M,1971,Gold
C01860,avery.martin1860@example.com,Avery,Martin,2025-05-31,India,M,1962,Bronze
C01861,drew.patel1861@example.com,Drew,Patel,2025-05-15,Canada,Other,1985,Silver
C01862,jamie.patel1862@example.com,Jamie,Patel,2024-06-03,United States,M,1984,Platinum
C01863,morgan.martin1863@example.com,Morgan,Martin,2023-01-01,France,M,1974,Silver
C01864,alex.kumar1864@example.com,Alex,Kumar,2023-01-15,India,Other,1993,Bronze
C01865,morgan.lee1865@example.com,Morgan,Lee,2025-08-25,United States,M,1966,Bronze
C01866,chris.chen1866@example.com,Chris,Chen,2024-08-02,India,F,1971,Bronze
C01867,taylor.chen1867@example.com,Taylor,Chen,2024-12-23,Canada,M,1996,Silver
C01868,jamie.garcia1868@example.com,Jamie,Garcia,2024-07-13,India,Other,1973,Bronze
C01869,riley.lee1869@example.com,Riley,Lee,2023-05-09,United Kingdom,M,1965,Gold
C01870,jamie.khan1870@example.com,Jamie,Khan,2025-01-26,United Kingdom,M,2004,Bronze
C01871,alex.patel1871@example.com,Alex,Patel,2024-12-30,Germany,M,1998,Bronze
C01872,blake.patel1872@example.com,Blake,Patel,2023-07-24,United States,F,1988,Bronze
C01873,morgan.lopez1873@example.com,Morgan,Lopez,2024-02-02,Germany,M,1974,Bronze
C01874,jordan.kumar1874@example.com,Jordan,Kumar,2022-02-19,United States,Other,1992,Bronze
C01875,morgan.khan1875@example.com,Morgan,Khan,2023-12-29,France,F,1964,Silver
C01876,riley.khan1876@example.com,Riley,Khan,2024-07-16,Brazil,F,1969,Bronze
C01877,riley.martin1877@example.com,Riley,Martin,2023-04-30,United Kingdom,Other,1974,Platinum
C01878,riley.nguyen1878@example.com,Riley,Nguyen,2023-08-07,Australia,Other,1994,Bronze
C01879,avery.chen1879@example.com,Avery,Chen,2022-08-24,Canada,F,1977,Bronze
C01880,taylor.brown1880@example.com,Taylor,Brown,2022-12-26,Australia,M,1965,Bronze
C01881,pat.brown1881@example.com,Pat,Brown,2022-04-20,Australia,F,1962,Silver
C01882,riley.singh1882@example.com,Riley,Singh,2025-01-21,United Kingdom,F,1984,Bronze
C01883,riley.wilson1883@example.com,Riley,Wilson,2023-07-22,India,F,1964,Bronze
C01884,blake.kumar1884@example.com,Blake,Kumar,2022-02-08,France,M,1982,Bronze
C01885,robin.brown1885@example.com,Robin,Brown,2024-12-08,Germany,M,1990,Bronze
C01886,taylor.lopez1886@example.com,Taylor,Lopez,2023-09-29,Germany,F,1967,Gold
C01887,drew.singh1887@example.com,Drew,Singh,2022-02-05,India,M,1991,Bronze
C01888,pat.smith1888@example.com,Pat,Smith,2025-01-14,United States,M,1958,Bronze
C01889,jordan.wilson1889@example.com,Jordan,Wilson,2025-05-31,India,F,1972,Silver
C01890,alex.smith1890@example.com,Alex,Smith,2022-06-15,United States,M,1978,Bronze
C01891,blake.wilson1891@example.com,Blake,Wilson,2024-02-29,Germany,Other,1956,Bronze
C01892,taylor.johnson1892@example.com,Taylor,Johnson,2022-01-31,United States,F,1965,Bronze
C01893,blake.lee1893@example.com,Blake,Lee,2025-08-18,United States,F,1986,Silver
C01894,robin.kumar1894@example.com,Robin,Kumar,2025-04-28,France,M,1959,Bronze
C01895,chris.lopez1895@example.com,Chris,Lopez,2022-07-11,United States,Other,1992,Silver
C01896,jordan.khan1896@example.com,Jordan,Khan,2025-07-13,France,F,1994,Platinum
C01897,blake.singh1897@example.com,Blake,Singh,2025-02-25,United States,M,2000,Bronze
C01898,drew.brown1898@example.com,Drew,Brown,2025-02-09,United States,F,1977,Bronze
C01899,pat.patel1899@example.com,Pat,Patel,2025-03-14,India,M,1955,Silver
C01900,drew.patel1900@example.com,Drew,Patel,2025-06-24,Canada,F,1985,Gold
C01901,drew.johnson1901@example.com,Drew,Johnson,2024-09-17,United Kingdom,F,1996,Bronze
C01902,avery.johnson1902@example.com,Avery,Johnson,2024-04-04,Brazil,F,1996,Gold
C01903,taylor.singh1903@example.com,Taylor,Singh,2022-06-30,United States,Other,1988,Bronze
C01904,riley.lee1904@example.com,Riley,Lee,2024-02-16,United States,Other,1976,Bronze
C01905,drew.khan1905@example.com,Drew,Khan,2025-01-17,India,M,2002,Bronze
C01906,pat.singh1906@example.com,Pat,Singh,2023-06-14,India,Other,1966,Silver
C01907,jamie.lopez1907@example.com,Jamie,Lopez,2024-07-24,United Kingdom,Other,1971,Bronze
C01908,robin.smith1908@example.com,Robin,Smith,2022-04-16,United States,F,1969,Gold
C01909,avery.brown1909@example.com,Avery,Brown,2024-04-10,India,F,1993,Bronze
C01910,riley.johnson1910@example.com,Riley,Johnson,2024-04-28,France,Other,1986,Bronze
C01911,sam.johnson1911@example.com,Sam,Johnson,2023-01-28,Germany,Other,1994,Bronze
C01912,pat.brown1912@example.com,Pat,Brown,2023-10-22,Canada,Other,1980,Bronze
C01913,pat.garcia1913@example.com,Pat,Garcia,2024-09-07,India,F,1972,Bronze
C01914,drew.lopez1914@example.com,Drew,Lopez,2024-04-24,United Kingdom,M,1970,Bronze
C01915,jamie.brown1915@example.com,Jamie,Brown,2022-07-20,United Kingdom,M,1966,Bronze
C01916,chris.chen1916@example.com,Chris,Chen,2024-11-27,India,M,1973,Bronze
C01917,drew.wilson1917@example.com,Drew,Wilson,2023-03-20,France,M,1961,Bronze
C01918,pat.smith1918@example.com,Pat,Smith,2024-01-31,India,Other,1989,Bronze
C01919,pat.wilson1919@example.com,Pat,Wilson,2022-02-17,United Kingdom,Other,1972,Silver
C01920,avery.wilson1920@example.com,Avery,Wilson,2024-06-30,United States,M,1993,Silver
C01921,avery.kumar1921@example.com,Avery,Kumar,2022-07-06,Germany,F,1979,Bronze
C01922,alex.kumar1922@example.com,Alex,Kumar,2022-08-12,United Kingdom,F,1994,Silver
C01923,morgan.chen1923@example.com,Morgan,Chen,2024-05-26,Canada,F,1971,Silver
C01924,robin.khan1924@example.com,Robin,Khan,2025-06-06,France,F,1960,Gold
C01925,taylor.brown1925@example.com,Taylor,Brown,2024-09-05,Germany,M,1967,Bronze
C01926,casey.patel1926@example.com,Casey,Patel,2024-10-13,Brazil,Other,1980,Silver
C01927,avery.lopez1927@example.com,Avery,Lopez,2022-09-27,United Kingdom,M,1985,Bronze
C01928,morgan.kumar1928@example.com,Morgan,Kumar,2022-11-06,France,F,1958,Bronze
C01929,jamie.chen1929@example.com,Jamie,Chen,2024-12-31,Canada,Other,1979,Bronze
C01930,avery.johnson1930@example.com,Avery,Johnson,2024-04-24,United Kingdom,F,1986,Silver
C01931,drew.nguyen1931@example.com,Drew,Nguyen,2025-04-25,Brazil,F,1992,Bronze
C01932,morgan.nguyen1932@example.com,Morgan,Nguyen,2025-04-29,Germany,Other,1992,Silver
C01933,casey.wilson1933@example.com,Casey,Wilson,2022-04-30,United Kingdom,M,1982,Bronze
C01934,blake.johnson1934@example.com,Blake,Johnson,2022-02-22,United States,F,1984,Gold
C01935,riley.nguyen1935@example.com,Riley,Nguyen,2025-06-14,Brazil,Other,1988,Gold
C01936,avery.garcia1936@example.com,Avery,Garcia,2023-12-21,France,F,1976,Bronze
C01937,sam.khan1937@example.com,Sam,Khan,2023-08-31,India,F,1992,Bronze
C01938,riley.lopez1938@example.com,Riley,Lopez,2023-12-13,Australia,M,1962,Bronze
C01939,sam.nguyen1939@example.com,Sam,Nguyen,2022-07-04,Canada,Other,1960,Bronze
C01940,riley.lopez1940@example.com,Riley,Lopez,2025-05-14,United States,F,1986,Bronze
C01941,chris.brown1941@example.com,Chris,Brown,2024-06-24,United States,M,1957,Silver
C01942,jamie.smith1942@example.com,Jamie,Smith,2023-11-30,United Kingdom,F,1966,Bronze
C01943,avery.garcia1943@example.com,Avery,Garcia,2025-04-15,India,M,1985,Platinum
C01944,casey.garcia1944@example.com,Casey,Garcia,2022-12-15,India,M,1959,Bronze
C01945,jordan.chen1945@example.com,Jordan,Chen,2022-11-04,United States,Other,1979,Bronze
C01946,robin.lopez1946@example.com,Robin,Lopez,2025-02-24,United States,F,1995,Bronze
C01947,riley.brown1947@example.com,Riley,Brown,2022-10-14,India,F,1975,Silver
C01948,taylor.smith1948@example.com,Taylor,Smith,2024-02-01,France,F,1974,Bronze
C01949,riley.kumar1949@example.com,Riley,Kumar,2023-01-18,United States,Other,1976,Bronze
C01950,blake.lopez1950@example.com,Blake,Lopez,2023-01-23,India,Other,1967,Bronze
C01951,sam.wilson1951@example.com,Sam,Wilson,2023-10-01,Australia,F,1996,Gold
C01952,cameron.chen1952@example.com,Cameron,Chen,2022-10-03,Germany,Other,1967,Bronze
C01953,avery.kumar1953@example.com,Avery,Kumar,2022-12-03,Brazil,M,1990,Bronze
C01954,blake.patel1954@example.com,Blake,Patel,2023-04-26,Germany,Other,1955,Bronze
C01955,jordan.singh1955@example.com,Jordan,Singh,2024-06-29,Canada,M,1967,Bronze
C01956,taylor.chen1956@example.com,Taylor,Chen,2025-07-20,United States,Other,1978,Gold
C01957,chris.nguyen1957@example.com,Chris,Nguyen,2024-12-17,France,Other,1962,Silver
C01958,blake.brown1958@example.com,Blake,Brown,2022-04-19,France,Other,1977,Bronze
C01959,sam.martin1959@example.com,Sam,Martin,2022-11-24,United States,F,1962,Bronze
C01960,morgan.lopez1960@example.com,Morgan,Lopez,2022-11-11,United States,M,1980,Bronze
C01961,jamie.smith1961@example.com,Jamie,Smith,2025-02-08,United States,Other,1967,Silver
C01962,jamie.garcia1962@example.com,Jamie,Garcia,2025-06-06,United Kingdom,M,2003,Bronze
C01963,morgan.smith1963@example.com,Morgan,Smith,2022-06-05,United States,M,1979,Bronze
C01964,pat.nguyen1964@example.com,Pat,Nguyen,2025-07-19,Germany,M,1956,Bronze
C01965,sam.khan1965@example.com,Sam,Khan,2024-01-28,Australia,F,1972,Silver
C01966,jordan.lopez1966@example.com,Jordan,Lopez,2024-07-01,Brazil,M,1984,Silver
C01967,avery.smith1967@example.com,Avery,Smith,2024-05-20,Canada,M,1967,Bronze
C01968,casey.singh1968@example.com,Casey,Singh,2023-08-31,India,M,2004,Bronze
C01969,robin.wilson1969@example.com,Robin,Wilson,2022-08-26,United States,M,1984,Bronze
C01970,cameron.smith1970@example.com,Cameron,Smith,2024-02-20,France,F,1997,Bronze
C01971,cameron.smith1971@example.com,Cameron,Smith,2023-08-29,Brazil,Other,1975,Silver
C01972,robin.singh1972@example.com,Robin,Singh,2024-04-28,Australia,Other,1994,Bronze
C01973,chris.lopez1973@example.com,Chris,Lopez,2023-09-20,United States,F,1969,Bronze
C01974,drew.brown1974@example.com,Drew,Brown,2025-05-09,France,M,1964,Bronze
C01975,taylor.lee1975@example.com,Taylor,Lee,2023-04-24,United States,M,1977,Bronze
C01976,pat.chen1976@example.com,Pat,Chen,2023-01-19,United States,M,1984,Silver
C01977,blake.lee1977@example.com,Blake,Lee,2023-02-21,Brazil,M,1963,Silver
C01978,cameron.johnson1978@example.com,Cameron,Johnson,2024-10-21,United States,F,1998,Bronze
C01979,pat.khan1979@example.com,Pat,Khan,2024-01-09,Canada,Other,1965,Silver
C01980,morgan.garcia1980@example.com,Morgan,Garcia,2025-01-26,United States,F,1970,Bronze
C01981,pat.johnson1981@example.com,Pat,Johnson,2025-07-12,United States,M,1986,Silver
C01982,morgan.brown1982@example.com,Morgan,Brown,2022-05-20,India,F,1987,Bronze
C01983,robin.patel1983@example.com,Robin,Patel,2025-06-14,United Kingdom,M,1968,Bronze
C01984,morgan.wilson1984@example.com,Morgan,Wilson,2024-10-13,Brazil,M,1962,Bronze
C01985,cameron.khan1985@example.com,Cameron,Khan,2022-03-13,Brazil,Other,1981,Gold
C01986,jordan.wilson1986@example.com,Jordan,Wilson,2025-04-28,France,Other,1966,Bronze
C01987,cameron.garcia1987@example.com,Cameron,Garcia,2025-09-06,Australia,Other,1997,Platinum
C01988,jordan.martin1988@example.com,Jordan,Martin,2025-06-09,United States,Other,1996,Silver
C01989,pat.chen1989@example.com,Pat,Chen,2024-06-01,Australia,M,1965,Bronze
C01990,riley.patel1990@example.com,Riley,Patel,2023-09-07,India,Other,1997,Bronze
C01991,taylor.khan1991@example.com,Taylor,Khan,2024-05-12,Canada,M,1971,Platinum
C01992,alex.patel1992@example.com,Alex,Patel,2023-02-20,Germany,M,1983,Bronze
C01993,cameron.garcia1993@example.com,Cameron,Garcia,2023-02-28,Germany,M,1977,Silver
C01994,jordan.martin1994@example.com,Jordan,Martin,2023-01-25,India,F,1976,Bronze
C01995,taylor.nguyen1995@example.com,Taylor,Nguyen,2024-08-03,United States,Other,1992,Gold
C01996,jamie.singh1996@example.com,Jamie,Singh,2023-05-08,Brazil,F,1962,Bronze
C01997,robin.kumar1997@example.com,Robin,Kumar,2025-06-10,Brazil,F,2003,Bronze
C01998,robin.chen1998@example.com,Robin,Chen,2022-08-15,United Kingdom,Other,1965,Bronze
C01999,pat.martin1999@example.com,Pat,Martin,2024-05-05,United States,Other,2003,Bronze
C02000,taylor.kumar2000@example.com,Taylor,Kumar,2025-03-18,Australia,Other,1956,Silver
C02001,avery.garcia2001@example.com,Avery,Garcia,2024-12-22,India,Other,1994,Bronze
C02002,alex.lee2002@example.com,Alex,Lee,2024-05-20,Brazil,M,1982,Bronze
C02003,alex.nguyen2003@example.com,Alex,Nguyen,2022-09-30,France,M,1960,Gold
C02004,sam.johnson2004@example.com,Sam,Johnson,2025-03-16,Canada,M,1992,Silver
C02005,taylor.khan2005@example.com,Taylor,Khan,2024-11-17,United States,F,1956,Silver
C02006,jordan.singh2006@example.com,Jordan,Singh,2025-02-16,United States,Other,1991,Bronze
C02007,taylor.wilson2007@example.com,Taylor,Wilson,2025-06-21,United Kingdom,Other,1958,Bronze
C02008,taylor.wilson2008@example.com,Taylor,Wilson,2025-05-26,Brazil,F,2003,Bronze
C02009,morgan.garcia2009@example.com,Morgan,Garcia,2025-08-15,United States,Other,1990,Bronze
C02010,riley.singh2010@example.com,Riley,Singh,2022-02-27,India,F,1967,Bronze
C02011,alex.kumar2011@example.com,Alex,Kumar,2022-11-04,India,F,1986,Gold
C02012,riley.khan2012@example.com,Riley,Khan,2024-09-03,United States,F,1995,Silver
C02013,morgan.lopez2013@example.com,Morgan,Lopez,2025-06-05,United Kingdom,Other,2000,Bronze
C02014,riley.lopez2014@example.com,Riley,Lopez,2022-03-24,United States,F,1989,Bronze
C02015,taylor.johnson2015@example.com,Taylor,Johnson,2024-03-06,France,Other,1955,Bronze
C02016,cameron.singh2016@example.com,Cameron,Singh,2022-07-29,India,F,2002,Bronze
C02017,morgan.singh2017@example.com,Morgan,Singh,2023-09-01,India,Other,1966,Bronze
C02018,riley.lee2018@example.com,Riley,Lee,2024-08-25,India,M,1978,Bronze
C02019,morgan.patel2019@example.com,Morgan,Patel,2023-01-05,United States,F,1958,Silver
C02020,drew.kumar2020@example.com,Drew,Kumar,2024-07-11,Germany,F,1963,Bronze
C02021,robin.singh2021@example.com,Robin,Singh,2023-01-02,United Kingdom,F,1970,Bronze
C02022,blake.garcia2022@example.com,Blake,Garcia,2022-07-03,Germany,M,1966,Bronze
C02023,blake.chen2023@example.com,Blake,Chen,2025-08-03,United Kingdom,M,1978,Silver
C02024,cameron.nguyen2024@example.com,Cameron,Nguyen,2023-10-16,Australia,F,1999,Bronze
C02025,robin.johnson2025@example.com,Robin,Johnson,2023-06-21,United Kingdom,Other,1988,Silver
C02026,avery.johnson2026@example.com,Avery,Johnson,2025-06-27,United States,Other,1978,Silver
C02027,cameron.garcia2027@example.com,Cameron,Garcia,2023-05-25,India,M,1996,Bronze
C02028,casey.brown2028@example.com,Casey,Brown,2025-01-01,Brazil,F,1980,Bronze
C02029,chris.singh2029@example.com,Chris,Singh,2024-07-04,United Kingdom,Other,1994,Gold
C02030,blake.garcia2030@example.com,Blake,Garcia,2024-10-30,Canada,Other,1973,Silver
C02031,avery.lee2031@example.com,Avery,Lee,2022-06-01,United States,F,1959,Bronze
C02032,avery.johnson2032@example.com,Avery,Johnson,2025-05-03,United Kingdom,Other,1981,Bronze
C02033,morgan.singh2033@example.com,Morgan,Singh,2023-04-09,United Kingdom,F,2003,Platinum
C02034,alex.lee2034@example.com,Alex,Lee,2022-09-28,United States,Other,1989,Silver
C02035,morgan.nguyen2035@example.com,Morgan,Nguyen,2023-04-05,United Kingdom,M,1995,Bronze
C02036,pat.johnson2036@example.com,Pat,Johnson,2025-07-29,Germany,M,2001,Bronze
C02037,casey.lee2037@example.com,Casey,Lee,2022-06-11,India,M,1977,Silver
C02038,taylor.smith2038@example.com,Taylor,Smith,2022-12-17,Germany,M,2004,Silver
C02039,chris.chen2039@example.com,Chris,Chen,2024-05-01,India,Other,1966,Silver
C02040,sam.chen2040@example.com,Sam,Chen,2025-03-01,Australia,M,1977,Bronze
C02041,morgan.lee2041@example.com,Morgan,Lee,2022-07-02,United Kingdom,Other,2002,Bronze
C02042,taylor.lopez2042@example.com,Taylor,Lopez,2022-05-09,India,M,1979,Silver
C02043,alex.wilson2043@example.com,Alex,Wilson,2023-11-01,Germany,Other,1957,Bronze
C02044,drew.smith2044@example.com,Drew,Smith,2022-05-29,United States,M,1979,Bronze
C02045,morgan.patel2045@example.com,Morgan,Patel,2024-05-01,India,F,2003,Gold
C02046,blake.lopez2046@example.com,Blake,Lopez,2023-09-20,India,F,1976,Bronze
C02047,pat.martin2047@example.com,Pat,Martin,2023-03-22,Australia,F,1987,Bronze
C02048,avery.brown2048@example.com,Avery,Brown,2024-06-02,France,F,1992,Silver
C02049,riley.smith2049@example.com,Riley,Smith,2025-03-12,France,M,2000,Gold
C02050,alex.lopez2050@example.com,Alex,Lopez,2024-08-05,Brazil,M,1969,Bronze
C02051,alex.patel2051@example.com,Alex,Patel,2025-08-18,United States,Other,1979,Bronze
C02052,drew.chen2052@example.com,Drew,Chen,2024-02-28,United States,Other,1978,Bronze
C02053,robin.chen2053@example.com,Robin,Chen,2024-06-07,India,M,1959,Bronze
C02054,alex.nguyen2054@example.com,Alex,Nguyen,2022-03-11,France,M,2003,Silver
C02055,robin.martin2055@example.com,Robin,Martin,2024-05-24,Brazil,Other,2002,Gold
C02056,pat.nguyen2056@example.com,Pat,Nguyen,2025-08-19,India,F,1977,Silver
C02057,cameron.patel2057@example.com,Cameron,Patel,2022-04-01,Brazil,F,1972,Bronze
C02058,robin.chen2058@example.com,Robin,Chen,2023-10-23,Germany,F,1982,Bronze
C02059,chris.patel2059@example.com,Chris,Patel,2024-01-09,United States,Other,1976,Bronze
C02060,blake.patel2060@example.com,Blake,Patel,2024-05-21,Brazil,M,1977,Silver
C02061,jordan.lopez2061@example.com,Jordan,Lopez,2022-07-11,Brazil,Other,1957,Bronze
C02062,casey.chen2062@example.com,Casey,Chen,2025-06-19,India,M,1964,Gold
C02063,jamie.nguyen2063@example.com,Jamie,Nguyen,2022-12-11,India,M,2003,Bronze
C02064,drew.nguyen2064@example.com,Drew,Nguyen,2023-05-18,Germany,Other,1965,Bronze
C02065,alex.johnson2065@example.com,Alex,Johnson,2023-07-27,France,F,1959,Bronze
C02066,drew.wilson2066@example.com,Drew,Wilson,2025-06-14,United States,F,1991,Bronze
C02067,blake.nguyen2067@example.com,Blake,Nguyen,2022-02-25,United States,Other,1999,Bronze
C02068,robin.singh2068@example.com,Robin,Singh,2024-05-19,India,F,1983,Silver
C02069,avery.brown2069@example.com,Avery,Brown,2025-05-05,France,Other,1963,Silver
C02070,sam.nguyen2070@example.com,Sam,Nguyen,2024-01-22,United Kingdom,Other,1956,Gold
C02071,cameron.singh2071@example.com,Cameron,Singh,2022-12-26,India,Other,1984,Silver
C02072,avery.garcia2072@example.com,Avery,Garcia,2022-04-18,Brazil,M,1966,Bronze
C02073,chris.lee2073@example.com,Chris,Lee,2023-12-18,United States,Other,1962,Bronze
C02074,blake.brown2074@example.com,Blake,Brown,2024-08-17,Germany,F,1982,Bronze
C02075,jordan.chen2075@example.com,Jordan,Chen,2023-08-29,United Kingdom,Other,1963,Bronze
C02076,alex.wilson2076@example.com,Alex,Wilson,2023-09-07,United States,F,1985,Bronze
C02077,morgan.martin2077@example.com,Morgan,Martin,2023-11-29,Brazil,M,1975,Silver
C02078,casey.nguyen2078@example.com,Casey,Nguyen,2023-11-05,Canada,F,1985,Bronze
C02079,alex.khan2079@example.com,Alex,Khan,2024-05-06,Brazil,F,1966,Bronze
C02080,avery.brown2080@example.com,Avery,Brown,2024-06-15,India,Other,1976,Bronze
C02081,chris.johnson2081@example.com,Chris,Johnson,2023-07-06,Germany,Other,1991,Silver
C02082,alex.patel2082@example.com,Alex,Patel,2022-04-21,United Kingdom,Other,1955,Bronze
C02083,sam.wilson2083@example.com,Sam,Wilson,2024-01-31,France,F,1996,Silver
C02084,robin.chen2084@example.com,Robin,Chen,2023-11-25,United States,F,1996,Bronze
C02085,alex.kumar2085@example.com,Alex,Kumar,2023-02-09,United Kingdom,M,1969,Silver
C02086,avery.singh2086@example.com,Avery,Singh,2025-05-17,France,Other,1976,Bronze
C02087,alex.chen2087@example.com,Alex,Chen,2023-11-09,Brazil,Other,1989,Gold
C02088,morgan.wilson2088@example.com,Morgan,Wilson,2025-05-16,France,M,1962,Silver
C02089,alex.khan2089@example.com,Alex,Khan,2023-12-03,India,F,2001,Bronze
C02090,pat.kumar2090@example.com,Pat,Kumar,2023-06-13,India,Other,1980,Bronze
C02091,chris.wilson2091@example.com,Chris,Wilson,2023-10-19,Germany,Other,1992,Bronze
C02092,morgan.lee2092@example.com,Morgan,Lee,2024-04-28,United States,Other,2002,Silver
C02093,avery.kumar2093@example.com,Avery,Kumar,2023-08-13,United States,F,1999,Gold
C02094,jamie.nguyen2094@example.com,Jamie,Nguyen,2024-02-13,United States,Other,1989,Bronze
C02095,jamie.wilson2095@example.com,Jamie,Wilson,2023-01-01,France,Other,1968,Bronze
C02096,taylor.singh2096@example.com,Taylor,Singh,2025-06-16,Australia,Other,1962,Bronze
C02097,sam.nguyen2097@example.com,Sam,Nguyen,2023-10-17,Brazil,F,1981,Gold
C02098,morgan.nguyen2098@example.com,Morgan,Nguyen,2022-09-26,Brazil,M,2003,Gold
C02099,pat.lopez2099@example.com,Pat,Lopez,2023-02-19,United States,Other,1989,Bronze
C02100,robin.martin2100@example.com,Robin,Martin,2024-12-19,Canada,Other,1960,Gold
C02101,cameron.garcia2101@example.com,Cameron,Garcia,2024-09-08,United States,F,2003,Bronze
C02102,jamie.wilson2102@example.com,Jamie,Wilson,2023-02-11,Australia,Other,1979,Gold
C02103,cameron.garcia2103@example.com,Cameron,Garcia,2022-01-26,Brazil,Other,2001,Platinum
C02104,robin.lee2104@example.com,Robin,Lee,2024-10-25,Brazil,Other,1980,Gold
C02105,morgan.wilson2105@example.com,Morgan,Wilson,2023-01-25,Australia,M,1960,Bronze
C02106,sam.lee2106@example.com,Sam,Lee,2023-07-25,United States,Other,2004,Bronze
C02107,blake.khan2107@example.com,Blake,Khan,2022-05-26,United States,Other,1958,Bronze
C02108,jamie.wilson2108@example.com,Jamie,Wilson,2024-02-24,Germany,Other,1968,Bronze
C02109,jordan.garcia2109@example.com,Jordan,Garcia,2022-01-13,India,F,1961,Silver
C02110,chris.patel2110@example.com,Chris,Patel,2023-01-19,United States,Other,1998,Bronze
C02111,blake.chen2111@example.com,Blake,Chen,2024-06-05,Brazil,Other,1969,Bronze
C02112,alex.garcia2112@example.com,Alex,Garcia,2022-01-19,Canada,Other,1997,Bronze
C02113,jamie.lee2113@example.com,Jamie,Lee,2024-01-21,India,Other,1998,Bronze
C02114,avery.kumar2114@example.com,Avery,Kumar,2023-02-23,Australia,M,1971,Silver
C02115,robin.lee2115@example.com,Robin,Lee,2023-02-23,United States,M,1973,Bronze
C02116,alex.khan2116@example.com,Alex,Khan,2022-05-02,India,M,2002,Bronze
C02117,jordan.patel2117@example.com,Jordan,Patel,2022-02-13,United States,Other,1994,Bronze
C02118,chris.chen2118@example.com,Chris,Chen,2025-09-02,Germany,M,1971,Bronze
C02119,casey.wilson2119@example.com,Casey,Wilson,2022-12-29,United Kingdom,F,2004,Bronze
C02120,robin.smith2120@example.com,Robin,Smith,2024-12-24,United States,Other,1989,Bronze
C02121,blake.kumar2121@example.com,Blake,Kumar,2024-03-10,United Kingdom,M,1990,Bronze
C02122,riley.lopez2122@example.com,Riley,Lopez,2025-03-10,Germany,F,1960,Bronze
C02123,riley.khan2123@example.com,Riley,Khan,2024-04-05,India,Other,1968,Silver
C02124,avery.smith2124@example.com,Avery,Smith,2024-05-29,United States,F,1969,Bronze
C02125,avery.chen2125@example.com,Avery,Chen,2024-03-18,United States,Other,1970,Bronze
C02126,taylor.patel2126@example.com,Taylor,Patel,2024-01-02,United Kingdom,Other,1970,Bronze
C02127,morgan.lee2127@example.com,Morgan,Lee,2025-04-28,India,Other,1958,Bronze
C02128,blake.johnson2128@example.com,Blake,Johnson,2023-03-05,India,F,1980,Bronze
C02129,robin.garcia2129@example.com,Robin,Garcia,2025-07-31,France,M,1986,Bronze
C02130,sam.nguyen2130@example.com,Sam,Nguyen,2022-08-25,Germany,Other,1956,Platinum
C02131,robin.brown2131@example.com,Robin,Brown,2025-08-03,Germany,Other,1957,Bronze
C02132,avery.khan2132@example.com,Avery,Khan,2024-01-28,Canada,M,1962,Bronze
C02133,pat.kumar2133@example.com,Pat,Kumar,2024-03-02,India,Other,1969,Bronze
C02134,taylor.lee2134@example.com,Taylor,Lee,2022-06-20,United Kingdom,Other,1985,Bronze
C02135,casey.garcia2135@example.com,Casey,Garcia,2022-07-20,United States,F,1993,Silver
C02136,blake.martin2136@example.com,Blake,Martin,2024-08-19,Brazil,M,1962,Bronze
C02137,chris.smith2137@example.com,Chris,Smith,2023-08-06,United States,M,1998,Platinum
C02138,morgan.lee2138@example.com,Morgan,Lee,2023-01-06,Brazil,Other,1993,Bronze
C02139,cameron.wilson2139@example.com,Cameron,Wilson,2024-09-28,Canada,M,1970,Silver
C02140,casey.martin2140@example.com,Casey,Martin,2024-03-08,Germany,Other,1964,Gold
C02141,chris.patel2141@example.com,Chris,Patel,2025-06-07,United States,F,1972,Bronze
C02142,drew.garcia2142@example.com,Drew,Garcia,2024-05-31,United States,Other,1959,Silver
C02143,drew.khan2143@example.com,Drew,Khan,2024-01-03,Canada,F,1993,Gold
C02144,jamie.patel2144@example.com,Jamie,Patel,2023-07-26,United States,Other,1988,Bronze
C02145,cameron.johnson2145@example.com,Cameron,Johnson,2022-06-20,Australia,Other,1999,Bronze
C02146,cameron.wilson2146@example.com,Cameron,Wilson,2023-10-25,United States,F,1959,Silver
C02147,cameron.kumar2147@example.com,Cameron,Kumar,2022-12-16,United States,Other,1960,Silver
C02148,jamie.johnson2148@example.com,Jamie,Johnson,2023-05-09,India,F,1998,Bronze
C02149,casey.wilson2149@example.com,Casey,Wilson,2024-10-24,United Kingdom,Other,1983,Bronze
C02150,blake.chen2150@example.com,Blake,Chen,2024-07-07,United States,M,1960,Silver
C02151,chris.garcia2151@example.com,Chris,Garcia,2022-10-15,Brazil,Other,1996,Silver
C02152,sam.lee2152@example.com,Sam,Lee,2025-03-15,Germany,M,1969,Gold
C02153,riley.smith2153@example.com,Riley,Smith,2023-08-31,United States,F,1963,Bronze
C02154,drew.chen2154@example.com,Drew,Chen,2025-05-10,United States,Other,1974,Gold
C02155,casey.singh2155@example.com,Casey,Singh,2024-10-26,United States,Other,2002,Bronze
C02156,robin.khan2156@example.com,Robin,Khan,2023-01-11,Germany,Other,1957,Bronze
C02157,taylor.chen2157@example.com,Taylor,Chen,2025-02-03,Germany,Other,1965,Silver
C02158,casey.singh2158@example.com,Casey,Singh,2024-03-21,United Kingdom,Other,1971,Platinum
C02159,blake.chen2159@example.com,Blake,Chen,2025-01-24,France,Other,1958,Gold
C02160,riley.smith2160@example.com,Riley,Smith,2024-08-16,Canada,Other,1958,Gold
C02161,blake.kumar2161@example.com,Blake,Kumar,2024-04-28,India,M,1995,Bronze
C02162,pat.chen2162@example.com,Pat,Chen,2024-09-05,United States,M,1959,Bronze
C02163,morgan.lopez2163@example.com,Morgan,Lopez,2023-02-20,India,M,1976,Bronze
C02164,pat.nguyen2164@example.com,Pat,Nguyen,2023-03-30,United States,M,1989,Bronze
C02165,chris.wilson2165@example.com,Chris,Wilson,2025-05-01,India,M,1974,Bronze
C02166,cameron.nguyen2166@example.com,Cameron,Nguyen,2022-05-30,Canada,F,2002,Bronze
C02167,blake.nguyen2167@example.com,Blake,Nguyen,2024-01-29,India,F,1965,Gold
C02168,blake.patel2168@example.com,Blake,Patel,2024-08-30,Brazil,M,1996,Bronze
C02169,riley.lopez2169@example.com,Riley,Lopez,2025-09-01,United Kingdom,M,1966,Bronze
C02170,pat.singh2170@example.com,Pat,Singh,2023-08-22,United States,M,1968,Bronze
C02171,morgan.lopez2171@example.com,Morgan,Lopez,2022-08-13,United States,M,1972,Bronze
C02172,morgan.lee2172@example.com,Morgan,Lee,2022-04-23,France,Other,1995,Bronze
C02173,chris.brown2173@example.com,Chris,Brown,2024-04-20,India,F,1977,Bronze
C02174,morgan.johnson2174@example.com,Morgan,Johnson,2023-12-15,India,F,1973,Bronze
C02175,robin.chen2175@example.com,Robin,Chen,2022-05-05,India,Other,2001,Bronze
C02176,morgan.smith2176@example.com,Morgan,Smith,2024-12-28,United Kingdom,M,2001,Gold
C02177,sam.brown2177@example.com,Sam,Brown,2024-06-02,United Kingdom,F,1977,Bronze
C02178,cameron.martin2178@example.com,Cameron,Martin,2022-01-30,France,M,1979,Bronze
C02179,jamie.nguyen2179@example.com,Jamie,Nguyen,2024-07-12,France,F,1988,Bronze
C02180,casey.lopez2180@example.com,Casey,Lopez,2025-06-14,Brazil,F,2002,Silver
C02181,drew.kumar2181@example.com,Drew,Kumar,2023-05-10,Brazil,Other,1979,Bronze
C02182,blake.singh2182@example.com,Blake,Singh,2023-12-19,Brazil,M,1996,Bronze
C02183,sam.kumar2183@example.com,Sam,Kumar,2024-10-13,United States,Other,2000,Bronze
C02184,alex.kumar2184@example.com,Alex,Kumar,2025-08-30,Australia,F,1984,Bronze
C02185,morgan.patel2185@example.com,Morgan,Patel,2023-01-10,Germany,F,1995,Bronze
C02186,chris.lopez2186@example.com,Chris,Lopez,2024-11-14,United States,Other,1968,Bronze
C02187,jordan.singh2187@example.com,Jordan,Singh,2022-04-26,India,M,2002,Bronze
C02188,avery.wilson2188@example.com,Avery,Wilson,2022-04-09,France,F,1965,Bronze
C02189,taylor.lopez2189@example.com,Taylor,Lopez,2023-02-09,Germany,Other,1976,Silver
C02190,cameron.khan2190@example.com,Cameron,Khan,2023-11-16,Canada,Other,1961,Bronze
C02191,robin.nguyen2191@example.com,Robin,Nguyen,2023-05-18,United States,F,1971,Bronze
C02192,alex.wilson2192@example.com,Alex,Wilson,2024-06-12,France,F,1956,Gold
C02193,alex.patel2193@example.com,Alex,Patel,2024-04-23,United States,F,1996,Gold
C02194,morgan.khan2194@example.com,Morgan,Khan,2024-09-04,United Kingdom,M,1965,Silver
C02195,taylor.martin2195@example.com,Taylor,Martin,2024-02-23,India,F,2003,Bronze
C02196,robin.smith2196@example.com,Robin,Smith,2023-04-28,United Kingdom,F,1980,Bronze
C02197,pat.singh2197@example.com,Pat,Singh,2023-10-18,India,M,1960,Bronze
C02198,jordan.smith2198@example.com,Jordan,Smith,2024-08-10,United States,F,1998,Silver
C02199,taylor.wilson2199@example.com,Taylor,Wilson,2023-05-06,India,M,2001,Gold
C02200,morgan.johnson2200@example.com,Morgan,Johnson,2022-08-27,United Kingdom,F,2002,Bronze
C02201,chris.lee2201@example.com,Chris,Lee,2022-10-25,United States,Other,1966,Bronze
C02202,drew.chen2202@example.com,Drew,Chen,2024-09-25,United States,F,1956,Bronze
C02203,cameron.kumar2203@example.com,Cameron,Kumar,2024-04-06,Canada,M,1981,Silver
C02204,robin.wilson2204@example.com,Robin,Wilson,2022-10-10,United States,M,1969,Bronze
C02205,jordan.nguyen2205@example.com,Jordan,Nguyen,2022-03-13,Germany,Other,1961,Bronze
C02206,blake.nguyen2206@example.com,Blake,Nguyen,2023-12-04,Brazil,F,2001,Bronze
C02207,blake.lee2207@example.com,Blake,Lee,2023-07-29,United States,F,1994,Bronze
C02208,chris.singh2208@example.com,Chris,Singh,2024-06-10,India,Other,1966,Silver
C02209,cameron.johnson2209@example.com,Cameron,Johnson,2022-05-21,United States,Other,1997,Bronze
C02210,cameron.wilson2210@example.com,Cameron,Wilson,2022-01-17,France,Other,1971,Silver
C02211,pat.martin2211@example.com,Pat,Martin,2023-01-11,India,F,1990,Silver
C02212,sam.lopez2212@example.com,Sam,Lopez,2024-09-07,India,Other,1962,Gold
C02213,drew.smith2213@example.com,Drew,Smith,2022-03-31,United States,M,1970,Bronze
C02214,chris.smith2214@example.com,Chris,Smith,2024-03-14,France,Other,1982,Bronze
C02215,taylor.singh2215@example.com,Taylor,Singh,2023-09-22,Brazil,Other,1983,Bronze
C02216,avery.khan2216@example.com,Avery,Khan,2025-04-13,France,Other,1966,Bronze
C02217,morgan.khan2217@example.com,Morgan,Khan,2024-07-14,Brazil,F,1977,Bronze
C02218,taylor.johnson2218@example.com,Taylor,Johnson,2023-02-04,United States,Other,1968,Bronze
C02219,cameron.smith2219@example.com,Cameron,Smith,2024-08-27,Brazil,F,1961,Silver
C02220,casey.singh2220@example.com,Casey,Singh,2025-04-18,Germany,M,1991,Bronze
C02221,chris.singh2221@example.com,Chris,Singh,2024-03-07,United Kingdom,M,1957,Bronze
C02222,alex.khan2222@example.com,Alex,Khan,2022-08-16,United States,M,2001,Bronze
C02223,blake.wilson2223@example.com,Blake,Wilson,2023-04-06,France,M,1996,Bronze
C02224,robin.brown2224@example.com,Robin,Brown,2024-11-10,France,M,1991,Bronze
C02225,alex.nguyen2225@example.com,Alex,Nguyen,2022-01-27,United Kingdom,F,1983,Silver
C02226,pat.lee2226@example.com,Pat,Lee,2022-10-08,France,F,1960,Gold
C02227,cameron.johnson2227@example.com,Cameron,Johnson,2024-04-10,India,F,1990,Silver
C02228,alex.nguyen2228@example.com,Alex,Nguyen,2024-07-06,Brazil,M,1986,Silver
C02229,cameron.wilson2229@example.com,Cameron,Wilson,2024-02-23,United States,Other,1972,Platinum
C02230,robin.chen2230@example.com,Robin,Chen,2024-08-22,Brazil,M,1990,Silver
C02231,cameron.singh2231@example.com,Cameron,Singh,2024-11-19,Australia,F,1999,Gold
C02232,avery.nguyen2232@example.com,Avery,Nguyen,2023-04-16,Australia,F,1988,Bronze
C02233,taylor.martin2233@example.com,Taylor,Martin,2023-10-15,United Kingdom,F,1997,Bronze
C02234,jordan.lopez2234@example.com,Jordan,Lopez,2024-04-09,United States,F,1983,Silver
C02235,jordan.lopez2235@example.com,Jordan,Lopez,2023-06-18,United States,M,2001,Bronze
C02236,avery.chen2236@example.com,Avery,Chen,2024-07-20,United States,Other,1963,Bronze
C02237,jordan.nguyen2237@example.com,Jordan,Nguyen,2024-10-07,United Kingdom,M,1973,Bronze
C02238,avery.garcia2238@example.com,Avery,Garcia,2023-08-05,Australia,M,2001,Bronze
C02239,sam.garcia2239@example.com,Sam,Garcia,2023-03-17,United States,F,1974,Gold
C02240,sam.singh2240@example.com,Sam,Singh,2024-10-29,India,M,1986,Silver
C02241,riley.lee2241@example.com,Riley,Lee,2023-01-23,India,M,2004,Bronze
C02242,drew.chen2242@example.com,Drew,Chen,2024-07-04,Australia,M,1977,Bronze
C02243,drew.lee2243@example.com,Drew,Lee,2023-09-30,United Kingdom,Other,1965,Gold
C02244,alex.kumar2244@example.com,Alex,Kumar,2022-10-05,France,M,1958,Gold
C02245,casey.singh2245@example.com,Casey,Singh,2024-09-15,Brazil,M,1998,Gold
C02246,taylor.johnson2246@example.com,Taylor,Johnson,2023-08-12,India,F,1996,Bronze
C02247,avery.johnson2247@example.com,Avery,Johnson,2023-10-11,United Kingdom,M,1996,Bronze
C02248,alex.khan2248@example.com,Alex,Khan,2022-05-15,Germany,M,1958,Silver
C02249,alex.chen2249@example.com,Alex,Chen,2025-03-16,United States,M,1996,Bronze
C02250,casey.chen2250@example.com,Casey,Chen,2023-04-23,India,M,1985,Bronze
C02251,alex.brown2251@example.com,Alex,Brown,2023-01-19,India,Other,1989,Bronze
C02252,chris.brown2252@example.com,Chris,Brown,2023-03-17,France,Other,1975,Silver
C02253,blake.singh2253@example.com,Blake,Singh,2025-04-27,Brazil,M,1985,Bronze
C02254,sam.brown2254@example.com,Sam,Brown,2025-04-19,United States,F,1986,Gold
C02255,sam.patel2255@example.com,Sam,Patel,2022-07-06,United Kingdom,M,1964,Bronze
C02256,blake.smith2256@example.com,Blake,Smith,2022-05-10,Canada,Other,1956,Bronze
C02257,pat.patel2257@example.com,Pat,Patel,2022-11-12,United States,Other,1978,Bronze
C02258,robin.wilson2258@example.com,Robin,Wilson,2022-05-24,Canada,M,1970,Bronze
C02259,chris.lopez2259@example.com,Chris,Lopez,2025-08-18,Australia,Other,1993,Gold
C02260,drew.lee2260@example.com,Drew,Lee,2022-09-02,Brazil,M,1985,Gold
C02261,drew.nguyen2261@example.com,Drew,Nguyen,2025-02-04,United States,F,1978,Bronze
C02262,cameron.kumar2262@example.com,Cameron,Kumar,2022-05-09,Brazil,M,1965,Bronze
C02263,sam.patel2263@example.com,Sam,Patel,2024-06-05,India,M,1975,Silver
C02264,sam.martin2264@example.com,Sam,Martin,2022-01-04,France,F,1961,Bronze
C02265,pat.martin2265@example.com,Pat,Martin,2022-11-02,India,F,1966,Bronze
C02266,riley.kumar2266@example.com,Riley,Kumar,2023-08-30,Australia,Other,1971,Bronze
C02267,blake.brown2267@example.com,Blake,Brown,2025-06-02,India,Other,1965,Bronze
C02268,casey.lopez2268@example.com,Casey,Lopez,2024-09-18,India,F,1955,Silver
C02269,sam.patel2269@example.com,Sam,Patel,2023-07-13,Germany,Other,1982,Bronze
C02270,drew.singh2270@example.com,Drew,Singh,2025-04-19,United States,F,1996,Bronze
C02271,alex.brown2271@example.com,Alex,Brown,2023-12-12,France,Other,1956,Bronze
C02272,jamie.johnson2272@example.com,Jamie,Johnson,2025-02-05,France,F,1973,Bronze
C02273,pat.chen2273@example.com,Pat,Chen,2023-02-14,Brazil,M,1965,Silver
C02274,chris.lopez2274@example.com,Chris,Lopez,2025-08-12,United States,F,2004,Gold
C02275,taylor.brown2275@example.com,Taylor,Brown,2025-04-09,Brazil,M,1965,Bronze
C02276,sam.singh2276@example.com,Sam,Singh,2023-05-08,Germany,M,1957,Bronze
C02277,cameron.garcia2277@example.com,Cameron,Garcia,2022-01-12,India,Other,1957,Silver
C02278,riley.lee2278@example.com,Riley,Lee,2023-05-05,India,M,1981,Bronze
C02279,alex.johnson2279@example.com,Alex,Johnson,2024-05-30,United Kingdom,M,1956,Bronze
C02280,alex.patel2280@example.com,Alex,Patel,2023-10-18,Brazil,M,1956,Bronze
C02281,jamie.singh2281@example.com,Jamie,Singh,2025-09-01,United States,F,1984,Bronze
C02282,jamie.garcia2282@example.com,Jamie,Garcia,2025-01-24,Germany,Other,1964,Bronze
C02283,cameron.smith2283@example.com,Cameron,Smith,2023-03-20,United Kingdom,Other,1996,Bronze
C02284,alex.patel2284@example.com,Alex,Patel,2024-03-18,Germany,M,1987,Bronze
C02285,morgan.chen2285@example.com,Morgan,Chen,2024-04-24,India,F,1995,Gold
C02286,casey.singh2286@example.com,Casey,Singh,2023-07-08,Brazil,Other,2001,Gold
C02287,chris.singh2287@example.com,Chris,Singh,2023-02-25,United States,F,1970,Gold
C02288,sam.khan2288@example.com,Sam,Khan,2025-06-14,India,Other,1976,Gold
C02289,taylor.garcia2289@example.com,Taylor,Garcia,2022-07-04,Canada,M,1974,Bronze
C02290,avery.singh2290@example.com,Avery,Singh,2024-01-24,France,M,1997,Silver
C02291,avery.singh2291@example.com,Avery,Singh,2025-07-30,India,Other,1995,Bronze
C02292,morgan.chen2292@example.com,Morgan,Chen,2022-12-02,India,F,1988,Bronze
C02293,robin.garcia2293@example.com,Robin,Garcia,2025-03-29,United States,M,1980,Bronze
C02294,pat.patel2294@example.com,Pat,Patel,2025-09-07,Brazil,M,1966,Bronze
C02295,chris.johnson2295@example.com,Chris,Johnson,2025-01-01,India,Other,1966,Bronze
C02296,alex.kumar2296@example.com,Alex,Kumar,2022-07-20,France,M,1964,Bronze
C02297,robin.smith2297@example.com,Robin,Smith,2023-05-20,United States,Other,1988,Bronze
C02298,riley.smith2298@example.com,Riley,Smith,2024-02-27,Canada,M,1993,Silver
C02299,alex.martin2299@example.com,Alex,Martin,2022-03-01,United States,F,1956,Bronze
C02300,drew.wilson2300@example.com,Drew,Wilson,2022-11-17,France,F,1990,Bronze
C02301,drew.garcia2301@example.com,Drew,Garcia,2024-07-11,Germany,Other,1956,Platinum
C02302,robin.lee2302@example.com,Robin,Lee,2023-07-23,United Kingdom,Other,1968,Gold
C02303,sam.khan2303@example.com,Sam,Khan,2025-05-02,Brazil,Other,1983,Bronze
C02304,drew.garcia2304@example.com,Drew,Garcia,2023-06-11,India,M,1966,Gold
C02305,chris.johnson2305@example.com,Chris,Johnson,2023-09-05,United States,Other,1982,Bronze
C02306,sam.singh2306@example.com,Sam,Singh,2022-05-05,United States,Other,1993,Bronze
C02307,robin.johnson2307@example.com,Robin,Johnson,2022-10-07,Brazil,Other,1975,Bronze
C02308,casey.singh2308@example.com,Casey,Singh,2023-09-14,Canada,F,1968,Bronze
C02309,jamie.kumar2309@example.com,Jamie,Kumar,2023-11-05,United States,Other,1966,Bronze
C02310,avery.garcia2310@example.com,Avery,Garcia,2025-03-19,United States,Other,1960,Silver
C02311,morgan.brown2311@example.com,Morgan,Brown,2022-02-05,United States,M,1999,Silver
C02312,jordan.patel2312@example.com,Jordan,Patel,2024-11-11,Canada,M,1968,Bronze
C02313,jordan.kumar2313@example.com,Jordan,Kumar,2023-10-01,Brazil,M,1970,Bronze
C02314,jamie.lee2314@example.com,Jamie,Lee,2023-03-16,India,F,1979,Bronze
C02315,jordan.lee2315@example.com,Jordan,Lee,2025-01-24,United Kingdom,M,1987,Bronze
C02316,sam.johnson2316@example.com,Sam,Johnson,2024-07-29,Germany,F,1990,Bronze
C02317,chris.kumar2317@example.com,Chris,Kumar,2022-05-28,Brazil,M,1972,Silver
C02318,sam.patel2318@example.com,Sam,Patel,2022-10-21,India,F,1957,Bronze
C02319,morgan.garcia2319@example.com,Morgan,Garcia,2023-10-25,Brazil,M,1986,Gold
C02320,jamie.martin2320@example.com,Jamie,Martin,2022-05-03,India,F,1970,Silver
C02321,pat.lee2321@example.com,Pat,Lee,2023-11-30,Australia,F,1959,Bronze
C02322,blake.nguyen2322@example.com,Blake,Nguyen,2023-10-23,United States,M,1994,Platinum
C02323,cameron.kumar2323@example.com,Cameron,Kumar,2023-12-11,United States,M,1966,Silver
C02324,jordan.chen2324@example.com,Jordan,Chen,2024-06-30,United States,Other,1971,Bronze
C02325,morgan.chen2325@example.com,Morgan,Chen,2024-10-01,United States,F,1977,Bronze
C02326,robin.lee2326@example.com,Robin,Lee,2025-03-11,United Kingdom,Other,1961,Bronze
C02327,blake.chen2327@example.com,Blake,Chen,2023-11-12,India,Other,2001,Bronze
C02328,sam.garcia2328@example.com,Sam,Garcia,2023-07-10,Brazil,F,1988,Bronze
C02329,sam.martin2329@example.com,Sam,Martin,2022-04-19,United Kingdom,M,1981,Silver
C02330,cameron.singh2330@example.com,Cameron,Singh,2023-01-07,India,M,1977,Bronze
C02331,casey.johnson2331@example.com,Casey,Johnson,2023-09-08,France,M,1968,Bronze
C02332,pat.patel2332@example.com,Pat,Patel,2024-04-26,United States,F,1997,Silver
C02333,alex.kumar2333@example.com,Alex,Kumar,2024-05-14,United Kingdom,F,1985,Bronze
C02334,taylor.smith2334@example.com,Taylor,Smith,2024-02-24,United States,Other,1982,Bronze
C02335,morgan.wilson2335@example.com,Morgan,Wilson,2022-03-24,United Kingdom,M,2000,Bronze
C02336,sam.wilson2336@example.com,Sam,Wilson,2022-07-09,India,Other,1977,Bronze
C02337,jamie.chen2337@example.com,Jamie,Chen,2024-03-10,India,F,1994,Bronze
C02338,jordan.chen2338@example.com,Jordan,Chen,2022-09-08,United States,F,1974,Gold
C02339,pat.kumar2339@example.com,Pat,Kumar,2022-10-18,United Kingdom,F,1959,Bronze
C02340,jamie.lopez2340@example.com,Jamie,Lopez,2025-05-09,India,Other,1983,Silver
C02341,morgan.martin2341@example.com,Morgan,Martin,2022-11-22,France,M,1979,Bronze
C02342,casey.kumar2342@example.com,Casey,Kumar,2024-04-16,France,Other,1981,Bronze
C02343,robin.patel2343@example.com,Robin,Patel,2022-03-13,Canada,Other,1955,Bronze
C02344,cameron.chen2344@example.com,Cameron,Chen,2024-07-28,Germany,M,1977,Bronze
C02345,blake.lopez2345@example.com,Blake,Lopez,2023-08-31,France,F,1965,Bronze
C02346,sam.kumar2346@example.com,Sam,Kumar,2023-07-20,France,Other,1978,Bronze
C02347,cameron.smith2347@example.com,Cameron,Smith,2022-02-23,France,M,1980,Gold
C02348,robin.lopez2348@example.com,Robin,Lopez,2023-06-12,Australia,M,1989,Bronze
C02349,taylor.singh2349@example.com,Taylor,Singh,2022-07-12,France,Other,2001,Bronze
C02350,drew.johnson2350@example.com,Drew,Johnson,2022-05-09,Canada,M,1971,Bronze
C02351,taylor.nguyen2351@example.com,Taylor,Nguyen,2023-12-07,Canada,F,1983,Bronze
C02352,alex.wilson2352@example.com,Alex,Wilson,2024-05-01,France,M,1960,Bronze
C02353,cameron.lopez2353@example.com,Cameron,Lopez,2022-01-08,Australia,F,1983,Bronze
C02354,pat.martin2354@example.com,Pat,Martin,2025-02-09,Brazil,F,1987,Bronze
C02355,sam.johnson2355@example.com,Sam,Johnson,2022-05-11,India,Other,1989,Bronze
C02356,riley.johnson2356@example.com,Riley,Johnson,2023-12-10,India,Other,1981,Bronze
C02357,cameron.nguyen2357@example.com,Cameron,Nguyen,2025-05-12,India,Other,1974,Bronze
C02358,blake.chen2358@example.com,Blake,Chen,2022-10-03,United States,M,1963,Bronze
C02359,sam.nguyen2359@example.com,Sam,Nguyen,2022-08-31,United States,M,1973,Gold
C02360,jamie.singh2360@example.com,Jamie,Singh,2025-01-30,Germany,M,1981,Gold
C02361,robin.lopez2361@example.com,Robin,Lopez,2023-11-16,India,Other,1997,Silver
C02362,chris.chen2362@example.com,Chris,Chen,2023-10-15,India,F,1967,Bronze
C02363,casey.garcia2363@example.com,Casey,Garcia,2022-07-07,United States,M,1976,Gold
C02364,pat.kumar2364@example.com,Pat,Kumar,2022-02-21,France,Other,2001,Bronze
C02365,cameron.kumar2365@example.com,Cameron,Kumar,2024-05-26,Germany,F,1976,Bronze
C02366,drew.brown2366@example.com,Drew,Brown,2024-12-02,India,Other,1973,Bronze
C02367,chris.wilson2367@example.com,Chris,Wilson,2025-05-08,Brazil,F,1996,Silver
C02368,robin.brown2368@example.com,Robin,Brown,2024-05-07,United States,M,2002,Gold
C02369,alex.smith2369@example.com,Alex,Smith,2023-09-19,United States,Other,1980,Bronze
C02370,avery.singh2370@example.com,Avery,Singh,2022-10-26,Canada,Other,1967,Bronze
C02371,morgan.brown2371@example.com,Morgan,Brown,2024-07-12,Canada,Other,1963,Bronze
C02372,robin.garcia2372@example.com,Robin,Garcia,2024-11-09,Brazil,Other,1973,Silver
C02373,morgan.johnson2373@example.com,Morgan,Johnson,2024-01-22,France,Other,1993,Bronze
C02374,jordan.garcia2374@example.com,Jordan,Garcia,2023-03-11,France,F,1966,Bronze
C02375,taylor.lee2375@example.com,Taylor,Lee,2025-05-15,Germany,M,1985,Bronze
C02376,robin.patel2376@example.com,Robin,Patel,2023-03-15,Brazil,Other,1968,Silver
C02377,blake.wilson2377@example.com,Blake,Wilson,2023-10-28,Brazil,F,1996,Bronze
C02378,taylor.lee2378@example.com,Taylor,Lee,2023-02-15,United States,Other,1965,Bronze
C02379,drew.patel2379@example.com,Drew,Patel,2024-03-16,United States,Other,1988,Silver
C02380,blake.lee2380@example.com,Blake,Lee,2023-03-03,Canada,Other,1973,Bronze
C02381,jordan.lopez2381@example.com,Jordan,Lopez,2024-06-20,Australia,M,2000,Silver
C02382,taylor.nguyen2382@example.com,Taylor,Nguyen,2024-01-12,France,Other,2003,Bronze
C02383,avery.brown2383@example.com,Avery,Brown,2025-05-28,Germany,F,1955,Silver
C02384,drew.wilson2384@example.com,Drew,Wilson,2025-06-09,Australia,M,1962,Bronze
C02385,robin.smith2385@example.com,Robin,Smith,2022-02-21,Australia,M,2001,Bronze
C02386,sam.lopez2386@example.com,Sam,Lopez,2023-01-11,France,M,1961,Bronze
C02387,chris.wilson2387@example.com,Chris,Wilson,2022-09-24,France,F,1993,Bronze
C02388,avery.martin2388@example.com,Avery,Martin,2025-09-02,France,M,1958,Bronze
C02389,jamie.kumar2389@example.com,Jamie,Kumar,2023-10-14,United States,Other,1997,Bronze
C02390,sam.brown2390@example.com,Sam,Brown,2022-02-15,Australia,F,1978,Bronze
C02391,robin.lopez2391@example.com,Robin,Lopez,2023-12-21,Brazil,M,1967,Bronze
C02392,blake.johnson2392@example.com,Blake,Johnson,2023-08-24,Australia,M,1958,Silver
C02393,sam.martin2393@example.com,Sam,Martin,2025-01-03,France,Other,1986,Bronze
C02394,riley.khan2394@example.com,Riley,Khan,2022-11-01,United States,F,1961,Bronze
C02395,blake.lee2395@example.com,Blake,Lee,2023-01-01,United States,M,1965,Bronze
C02396,casey.khan2396@example.com,Casey,Khan,2025-05-23,Brazil,F,1999,Bronze
C02397,sam.brown2397@example.com,Sam,Brown,2024-03-01,United States,M,2004,Bronze
C02398,cameron.singh2398@example.com,Cameron,Singh,2024-01-17,France,F,2001,Bronze
C02399,taylor.lee2399@example.com,Taylor,Lee,2022-11-09,United Kingdom,F,1980,Bronze
C02400,jamie.singh2400@example.com,Jamie,Singh,2024-07-09,Brazil,F,1983,Bronze
C02401,blake.brown2401@example.com,Blake,Brown,2024-05-14,United Kingdom,Other,1990,Bronze
C02402,chris.garcia2402@example.com,Chris,Garcia,2024-02-21,United States,Other,1968,Silver
C02403,chris.johnson2403@example.com,Chris,Johnson,2024-03-08,Brazil,F,1982,Gold
C02404,morgan.lopez2404@example.com,Morgan,Lopez,2022-09-30,India,F,1957,Silver
C02405,riley.lee2405@example.com,Riley,Lee,2023-12-21,Canada,Other,2000,Bronze
C02406,pat.martin2406@example.com,Pat,Martin,2023-05-15,France,F,1983,Silver
C02407,jordan.smith2407@example.com,Jordan,Smith,2023-11-16,France,F,1969,Bronze
C02408,chris.patel2408@example.com,Chris,Patel,2023-09-14,Brazil,Other,1979,Silver
C02409,pat.garcia2409@example.com,Pat,Garcia,2024-08-04,United States,F,1992,Bronze
C02410,morgan.kumar2410@example.com,Morgan,Kumar,2023-09-10,United States,M,2001,Bronze
C02411,robin.martin2411@example.com,Robin,Martin,2025-04-19,India,M,1992,Silver
C02412,alex.martin2412@example.com,Alex,Martin,2025-09-05,Australia,M,1977,Silver
C02413,jamie.patel2413@example.com,Jamie,Patel,2022-08-05,Brazil,Other,1996,Gold
C02414,sam.garcia2414@example.com,Sam,Garcia,2025-07-25,United Kingdom,M,1971,Bronze
C02415,sam.khan2415@example.com,Sam,Khan,2024-10-05,United Kingdom,Other,1995,Silver
C02416,sam.patel2416@example.com,Sam,Patel,2022-11-26,France,F,1964,Bronze
C02417,pat.chen2417@example.com,Pat,Chen,2023-01-26,United Kingdom,F,2002,Bronze
C02418,jamie.smith2418@example.com,Jamie,Smith,2023-01-16,France,M,2004,Bronze
C02419,jamie.johnson2419@example.com,Jamie,Johnson,2024-01-12,Canada,M,1981,Bronze
C02420,riley.smith2420@example.com,Riley,Smith,2024-03-30,United Kingdom,Other,1987,Silver
C02421,alex.lopez2421@example.com,Alex,Lopez,2023-05-28,United Kingdom,F,1998,Silver
C02422,alex.khan2422@example.com,Alex,Khan,2024-08-06,France,Other,1988,Bronze
C02423,alex.lee2423@example.com,Alex,Lee,2024-07-01,India,F,1958,Silver
C02424,cameron.wilson2424@example.com,Cameron,Wilson,2023-03-03,United Kingdom,F,1980,Silver
C02425,sam.khan2425@example.com,Sam,Khan,2025-07-07,Brazil,M,1955,Bronze
C02426,morgan.wilson2426@example.com,Morgan,Wilson,2022-03-12,Germany,Other,1984,Bronze
C02427,blake.lee2427@example.com,Blake,Lee,2025-04-16,Brazil,M,1963,Gold
C02428,alex.brown2428@example.com,Alex,Brown,2022-07-08,United States,M,1989,Bronze
C02429,pat.chen2429@example.com,Pat,Chen,2024-07-08,Australia,M,1973,Bronze
C02430,sam.brown2430@example.com,Sam,Brown,2022-10-19,Germany,Other,2004,Silver
C02431,alex.singh2431@example.com,Alex,Singh,2024-01-26,Brazil,M,1997,Bronze
C02432,sam.smith2432@example.com,Sam,Smith,2025-07-30,France,F,1986,Bronze
C02433,cameron.patel2433@example.com,Cameron,Patel,2023-01-12,Brazil,Other,1972,Bronze
C02434,jordan.johnson2434@example.com,Jordan,Johnson,2025-03-25,Canada,F,1983,Bronze
C02435,avery.johnson2435@example.com,Avery,Johnson,2023-06-12,Germany,F,1989,Gold
C02436,robin.lopez2436@example.com,Robin,Lopez,2023-07-13,Australia,M,1985,Bronze
C02437,riley.lopez2437@example.com,Riley,Lopez,2022-09-17,Australia,F,1991,Platinum
C02438,drew.singh2438@example.com,Drew,Singh,2022-10-31,India,F,2000,Bronze
C02439,cameron.lee2439@example.com,Cameron,Lee,2024-11-28,United Kingdom,M,1995,Silver
C02440,robin.nguyen2440@example.com,Robin,Nguyen,2023-06-26,Germany,M,1984,Bronze
C02441,sam.lopez2441@example.com,Sam,Lopez,2025-07-25,United States,M,1965,Bronze
C02442,jamie.chen2442@example.com,Jamie,Chen,2024-12-25,India,F,1998,Bronze
C02443,taylor.chen2443@example.com,Taylor,Chen,2022-09-25,Canada,F,1984,Bronze
C02444,drew.wilson2444@example.com,Drew,Wilson,2025-01-18,Germany,Other,1961,Silver
C02445,sam.johnson2445@example.com,Sam,Johnson,2022-09-10,United States,F,1955,Bronze
C02446,avery.patel2446@example.com,Avery,Patel,2023-01-18,India,M,1980,Silver
C02447,sam.wilson2447@example.com,Sam,Wilson,2023-08-22,India,Other,1980,Silver
C02448,robin.lee2448@example.com,Robin,Lee,2023-01-25,United States,Other,1960,Gold
C02449,sam.brown2449@example.com,Sam,Brown,2024-12-03,United States,F,1962,Bronze
C02450,alex.lopez2450@example.com,Alex,Lopez,2023-08-21,Australia,F,1973,Bronze
C02451,sam.khan2451@example.com,Sam,Khan,2025-01-29,United States,M,1972,Bronze
C02452,morgan.khan2452@example.com,Morgan,Khan,2023-08-30,India,F,1991,Bronze
C02453,chris.martin2453@example.com,Chris,Martin,2022-02-02,United States,Other,1964,Silver
C02454,blake.garcia2454@example.com,Blake,Garcia,2025-06-06,United States,M,1966,Bronze
C02455,riley.wilson2455@example.com,Riley,Wilson,2024-05-11,India,F,1981,Bronze
C02456,sam.nguyen2456@example.com,Sam,Nguyen,2024-06-23,United States,M,1975,Bronze
C02457,taylor.lee2457@example.com,Taylor,Lee,2024-04-23,United States,F,1983,Bronze
C02458,taylor.lee2458@example.com,Taylor,Lee,2025-03-30,India,Other,1997,Bronze
C02459,cameron.singh2459@example.com,Cameron,Singh,2025-02-14,India,M,1969,Bronze
C02460,cameron.chen2460@example.com,Cameron,Chen,2024-02-09,Brazil,M,1993,Bronze
C02461,jordan.kumar2461@example.com,Jordan,Kumar,2022-06-21,United States,Other,1972,Silver
C02462,riley.wilson2462@example.com,Riley,Wilson,2022-09-16,Germany,Other,1961,Bronze
C02463,blake.singh2463@example.com,Blake,Singh,2023-02-26,Canada,Other,1991,Silver
C02464,taylor.johnson2464@example.com,Taylor,Johnson,2025-04-24,United Kingdom,M,1987,Bronze
C02465,pat.lopez2465@example.com,Pat,Lopez,2022-12-30,United States,F,1985,Bronze
C02466,morgan.martin2466@example.com,Morgan,Martin,2023-01-13,United States,M,1965,Platinum
C02467,jordan.nguyen2467@example.com,Jordan,Nguyen,2023-08-03,Brazil,F,1972,Bronze
C02468,jamie.patel2468@example.com,Jamie,Patel,2025-05-04,United States,F,2003,Gold
C02469,sam.smith2469@example.com,Sam,Smith,2025-01-26,Brazil,F,1983,Bronze
C02470,avery.brown2470@example.com,Avery,Brown,2022-01-22,India,M,1956,Bronze
C02471,drew.lee2471@example.com,Drew,Lee,2025-04-10,United States,F,1960,Silver
C02472,jamie.lopez2472@example.com,Jamie,Lopez,2024-11-14,Germany,F,1975,Platinum
C02473,robin.lopez2473@example.com,Robin,Lopez,2022-05-24,United Kingdom,F,1985,Bronze
C02474,chris.singh2474@example.com,Chris,Singh,2022-08-12,United Kingdom,Other,1982,Bronze
C02475,avery.chen2475@example.com,Avery,Chen,2022-06-28,France,M,2003,Bronze
C02476,chris.nguyen2476@example.com,Chris,Nguyen,2022-09-22,India,M,1999,Silver
C02477,morgan.chen2477@example.com,Morgan,Chen,2023-02-20,United States,F,1959,Platinum
C02478,jamie.smith2478@example.com,Jamie,Smith,2023-12-28,United States,F,1959,Silver
C02479,pat.brown2479@example.com,Pat,Brown,2024-12-12,Germany,F,1986,Bronze
C02480,robin.lee2480@example.com,Robin,Lee,2025-06-28,France,Other,1993,Gold
C02481,casey.lopez2481@example.com,Casey,Lopez,2024-06-08,France,M,1969,Gold
C02482,chris.nguyen2482@example.com,Chris,Nguyen,2024-07-13,United Kingdom,Other,2001,Bronze
C02483,morgan.wilson2483@example.com,Morgan,Wilson,2024-02-17,United Kingdom,Other,1982,Bronze
C02484,cameron.martin2484@example.com,Cameron,Martin,2022-01-29,Brazil,F,1969,Bronze
C02485,riley.kumar2485@example.com,Riley,Kumar,2022-02-04,Brazil,M,1960,Bronze
C02486,jamie.nguyen2486@example.com,Jamie,Nguyen,2023-09-15,United States,Other,1992,Silver
C02487,chris.patel2487@example.com,Chris,Patel,2023-08-12,Canada,F,1983,Bronze
C02488,chris.lee2488@example.com,Chris,Lee,2025-03-16,Brazil,M,1957,Bronze
C02489,taylor.wilson2489@example.com,Taylor,Wilson,2024-06-22,Brazil,F,1962,Bronze
C02490,chris.smith2490@example.com,Chris,Smith,2022-05-02,India,M,1974,Silver
C02491,alex.wilson2491@example.com,Alex,Wilson,2022-06-24,United States,Other,1958,Gold
C02492,robin.kumar2492@example.com,Robin,Kumar,2023-08-20,Canada,Other,1957,Gold
C02493,chris.johnson2493@example.com,Chris,Johnson,2023-07-11,France,Other,1962,Bronze
C02494,blake.lee2494@example.com,Blake,Lee,2024-11-05,United Kingdom,F,1967,Bronze
C02495,taylor.kumar2495@example.com,Taylor,Kumar,2025-05-03,Australia,F,2002,Bronze
C02496,blake.lee2496@example.com,Blake,Lee,2022-01-09,France,Other,1968,Gold
C02497,chris.johnson2497@example.com,Chris,Johnson,2024-10-13,Canada,F,1961,Silver
C02498,drew.patel2498@example.com,Drew,Patel,2022-01-15,United States,F,1961,Silver
C02499,jordan.garcia2499@example.com,Jordan,Garcia,2022-08-14,Canada,M,1995,Bronze
C02500,chris.patel2500@example.com,Chris,Patel,2022-04-23,France,M,1991,Bronze
C02501,morgan.kumar2501@example.com,Morgan,Kumar,2022-01-01,Brazil,M,1964,Bronze
C02502,casey.lopez2502@example.com,Casey,Lopez,2025-05-16,Germany,Other,2000,Bronze
C02503,cameron.martin2503@example.com,Cameron,Martin,2024-08-09,India,F,2003,Bronze
C02504,morgan.lopez2504@example.com,Morgan,Lopez,2022-11-02,United States,F,1966,Bronze
C02505,sam.kumar2505@example.com,Sam,Kumar,2024-07-25,United States,M,1990,Gold
C02506,riley.khan2506@example.com,Riley,Khan,2024-06-07,India,Other,1977,Silver
C02507,blake.wilson2507@example.com,Blake,Wilson,2022-06-20,United States,M,1960,Silver
C02508,morgan.nguyen2508@example.com,Morgan,Nguyen,2024-08-22,United States,Other,1997,Silver
C02509,jamie.chen2509@example.com,Jamie,Chen,2024-11-14,United States,Other,1972,Bronze
C02510,sam.martin2510@example.com,Sam,Martin,2025-04-28,Canada,Other,1967,Silver
C02511,jamie.singh2511@example.com,Jamie,Singh,2023-10-20,United Kingdom,Other,1982,Bronze
C02512,riley.nguyen2512@example.com,Riley,Nguyen,2022-06-28,India,Other,1981,Silver
C02513,taylor.khan2513@example.com,Taylor,Khan,2022-04-21,United States,F,1963,Silver
C02514,jordan.brown2514@example.com,Jordan,Brown,2022-08-20,France,M,1986,Silver
C02515,chris.nguyen2515@example.com,Chris,Nguyen,2023-04-13,United Kingdom,M,1982,Platinum
C02516,drew.lopez2516@example.com,Drew,Lopez,2023-04-26,Canada,M,1958,Bronze
C02517,alex.johnson2517@example.com,Alex,Johnson,2024-03-24,Canada,M,1988,Bronze
C02518,taylor.brown2518@example.com,Taylor,Brown,2022-11-19,United States,Other,1980,Bronze
C02519,jamie.garcia2519@example.com,Jamie,Garcia,2024-06-22,United States,F,1960,Bronze
C02520,jamie.johnson2520@example.com,Jamie,Johnson,2023-08-29,Brazil,Other,1999,Silver
C02521,chris.chen2521@example.com,Chris,Chen,2025-07-16,Canada,Other,1959,Bronze
C02522,riley.lee2522@example.com,Riley,Lee,2022-05-28,India,M,1972,Silver
C02523,jordan.chen2523@example.com,Jordan,Chen,2023-01-02,Germany,Other,1972,Bronze
C02524,cameron.singh2524@example.com,Cameron,Singh,2024-12-25,India,F,1964,Bronze
C02525,chris.nguyen2525@example.com,Chris,Nguyen,2024-03-23,United States,F,2004,Bronze
C02526,robin.wilson2526@example.com,Robin,Wilson,2022-06-24,India,M,1966,Silver
C02527,jamie.garcia2527@example.com,Jamie,Garcia,2023-05-10,Brazil,F,1967,Bronze
C02528,jamie.lee2528@example.com,Jamie,Lee,2025-02-11,Canada,F,2001,Bronze
C02529,alex.nguyen2529@example.com,Alex,Nguyen,2025-03-16,Australia,F,1989,Silver
C02530,alex.martin2530@example.com,Alex,Martin,2024-09-25,France,Other,1980,Bronze
C02531,jamie.wilson2531@example.com,Jamie,Wilson,2024-01-20,United States,Other,1968,Bronze
C02532,avery.chen2532@example.com,Avery,Chen,2023-01-09,India,Other,1999,Bronze
C02533,casey.garcia2533@example.com,Casey,Garcia,2022-08-21,India,M,1955,Bronze
C02534,pat.nguyen2534@example.com,Pat,Nguyen,2023-07-17,Germany,Other,1997,Bronze
C02535,avery.kumar2535@example.com,Avery,Kumar,2024-06-05,United States,Other,1976,Silver
C02536,chris.garcia2536@example.com,Chris,Garcia,2025-07-22,United States,F,1972,Silver
C02537,morgan.lopez2537@example.com,Morgan,Lopez,2022-03-17,Canada,Other,1982,Bronze
C02538,blake.khan2538@example.com,Blake,Khan,2023-11-30,Brazil,M,1987,Bronze
C02539,cameron.martin2539@example.com,Cameron,Martin,2024-07-03,Canada,Other,1982,Bronze
C02540,riley.chen2540@example.com,Riley,Chen,2024-06-09,India,Other,2003,Bronze
C02541,jordan.brown2541@example.com,Jordan,Brown,2024-11-26,United States,Other,1980,Bronze
C02542,jamie.martin2542@example.com,Jamie,Martin,2022-05-07,Germany,Other,1989,Platinum
C02543,drew.brown2543@example.com,Drew,Brown,2025-04-06,United States,Other,1970,Gold
C02544,blake.garcia2544@example.com,Blake,Garcia,2022-10-21,Germany,M,1967,Bronze
C02545,alex.patel2545@example.com,Alex,Patel,2024-10-16,United Kingdom,Other,1976,Bronze
C02546,sam.lopez2546@example.com,Sam,Lopez,2023-06-12,Brazil,M,1982,Silver
C02547,blake.johnson2547@example.com,Blake,Johnson,2023-02-23,United Kingdom,F,1999,Silver
C02548,jordan.nguyen2548@example.com,Jordan,Nguyen,2024-04-19,Canada,F,1998,Bronze
C02549,jamie.lopez2549@example.com,Jamie,Lopez,2022-08-02,Australia,Other,1975,Bronze
C02550,jordan.garcia2550@example.com,Jordan,Garcia,2024-03-04,Brazil,M,1994,Silver
C02551,sam.patel2551@example.com,Sam,Patel,2022-03-26,United States,M,1979,Gold
C02552,taylor.smith2552@example.com,Taylor,Smith,2022-03-06,Brazil,F,1960,Gold
C02553,drew.garcia2553@example.com,Drew,Garcia,2023-10-25,Canada,F,1977,Gold
C02554,jordan.nguyen2554@example.com,Jordan,Nguyen,2024-07-27,Germany,Other,1997,Gold
C02555,casey.lopez2555@example.com,Casey,Lopez,2024-07-07,United States,F,1986,Bronze
C02556,casey.martin2556@example.com,Casey,Martin,2025-03-27,United Kingdom,M,1967,Gold
C02557,drew.lee2557@example.com,Drew,Lee,2023-05-06,India,M,1972,Silver
C02558,riley.lee2558@example.com,Riley,Lee,2025-06-02,United States,M,1975,Bronze
C02559,sam.lopez2559@example.com,Sam,Lopez,2022-11-09,United States,F,1993,Silver
C02560,alex.brown2560@example.com,Alex,Brown,2024-07-07,Brazil,F,1981,Bronze
C02561,morgan.singh2561@example.com,Morgan,Singh,2024-03-23,United Kingdom,M,1998,Gold
C02562,chris.lee2562@example.com,Chris,Lee,2025-01-16,India,Other,2001,Bronze
C02563,blake.patel2563@example.com,Blake,Patel,2023-11-11,India,M,1996,Bronze
C02564,casey.singh2564@example.com,Casey,Singh,2025-03-04,France,F,2004,Bronze
C02565,robin.smith2565@example.com,Robin,Smith,2022-12-06,United States,M,1981,Bronze
C02566,pat.kumar2566@example.com,Pat,Kumar,2023-10-08,United States,Other,1981,Bronze
C02567,pat.kumar2567@example.com,Pat,Kumar,2023-10-11,Australia,M,1999,Gold
C02568,jamie.lee2568@example.com,Jamie,Lee,2023-06-17,Brazil,Other,1980,Bronze
C02569,cameron.chen2569@example.com,Cameron,Chen,2022-10-23,Brazil,M,2002,Bronze
C02570,morgan.patel2570@example.com,Morgan,Patel,2025-04-15,Germany,Other,1977,Gold
C02571,jamie.johnson2571@example.com,Jamie,Johnson,2022-04-11,United Kingdom,M,1982,Bronze
C02572,jamie.khan2572@example.com,Jamie,Khan,2022-01-28,United States,F,1995,Bronze
C02573,chris.kumar2573@example.com,Chris,Kumar,2022-02-27,Brazil,M,2004,Platinum
C02574,blake.smith2574@example.com,Blake,Smith,2022-10-24,United States,M,1960,Silver
C02575,casey.patel2575@example.com,Casey,Patel,2022-09-06,Brazil,Other,1992,Silver
C02576,alex.khan2576@example.com,Alex,Khan,2024-06-20,India,F,1999,Bronze
C02577,cameron.johnson2577@example.com,Cameron,Johnson,2025-01-03,India,M,1968,Bronze
C02578,sam.lopez2578@example.com,Sam,Lopez,2024-04-13,United States,F,1994,Silver
C02579,pat.brown2579@example.com,Pat,Brown,2024-02-10,United Kingdom,M,1989,Gold
C02580,taylor.lee2580@example.com,Taylor,Lee,2025-06-02,Canada,Other,1978,Bronze
C02581,drew.kumar2581@example.com,Drew,Kumar,2022-05-26,Brazil,M,2003,Bronze
C02582,avery.singh2582@example.com,Avery,Singh,2024-06-11,United States,M,1978,Bronze
C02583,jordan.lopez2583@example.com,Jordan,Lopez,2024-11-24,United States,F,1955,Bronze
C02584,riley.nguyen2584@example.com,Riley,Nguyen,2022-06-02,France,M,1999,Platinum
C02585,riley.garcia2585@example.com,Riley,Garcia,2023-05-23,India,M,1997,Bronze
C02586,sam.wilson2586@example.com,Sam,Wilson,2022-12-11,France,Other,1970,Bronze
C02587,cameron.chen2587@example.com,Cameron,Chen,2022-08-09,United Kingdom,M,1973,Gold
C02588,jamie.singh2588@example.com,Jamie,Singh,2023-12-24,United Kingdom,Other,1979,Bronze
C02589,chris.chen2589@example.com,Chris,Chen,2023-06-12,Australia,F,1963,Bronze
C02590,pat.singh2590@example.com,Pat,Singh,2024-12-01,India,F,1973,Bronze
C02591,blake.garcia2591@example.com,Blake,Garcia,2023-04-26,Germany,F,1988,Silver
C02592,sam.brown2592@example.com,Sam,Brown,2024-05-21,France,Other,1972,Silver
C02593,taylor.wilson2593@example.com,Taylor,Wilson,2022-12-11,Germany,F,1999,Bronze
C02594,cameron.chen2594@example.com,Cameron,Chen,2022-01-21,Brazil,M,1960,Bronze
C02595,cameron.lopez2595@example.com,Cameron,Lopez,2024-05-22,Australia,M,2002,Bronze
C02596,alex.lopez2596@example.com,Alex,Lopez,2023-07-05,Brazil,Other,1985,Bronze
C02597,morgan.wilson2597@example.com,Morgan,Wilson,2024-09-28,Brazil,F,1964,Bronze
C02598,avery.patel2598@example.com,Avery,Patel,2023-06-26,India,F,1972,Bronze
C02599,morgan.lopez2599@example.com,Morgan,Lopez,2024-08-13,United States,M,1978,Bronze
C02600,robin.garcia2600@example.com,Robin,Garcia,2023-01-16,India,M,1963,Silver
C02601,casey.kumar2601@example.com,Casey,Kumar,2023-04-24,United Kingdom,Other,1969,Bronze
C02602,drew.martin2602@example.com,Drew,Martin,2023-05-31,France,Other,1994,Gold
C02603,taylor.kumar2603@example.com,Taylor,Kumar,2023-09-13,United States,Other,1963,Silver
C02604,morgan.chen2604@example.com,Morgan,Chen,2022-06-03,India,Other,1958,Silver
C02605,drew.smith2605@example.com,Drew,Smith,2025-05-17,Brazil,Other,1970,Bronze
C02606,blake.nguyen2606@example.com,Blake,Nguyen,2022-05-23,United Kingdom,Other,1989,Platinum
C02607,jamie.garcia2607@example.com,Jamie,Garcia,2024-12-28,Canada,Other,1959,Bronze
C02608,chris.johnson2608@example.com,Chris,Johnson,2024-02-27,France,M,1969,Bronze
C02609,jordan.smith2609@example.com,Jordan,Smith,2023-09-15,United Kingdom,F,1956,Silver
C02610,sam.brown2610@example.com,Sam,Brown,2023-06-09,Brazil,Other,1958,Bronze
C02611,morgan.smith2611@example.com,Morgan,Smith,2024-07-26,Canada,Other,1999,Bronze
C02612,chris.kumar2612@example.com,Chris,Kumar,2025-04-27,Australia,M,1985,Silver
C02613,sam.wilson2613@example.com,Sam,Wilson,2023-09-09,Canada,F,1962,Bronze
C02614,avery.johnson2614@example.com,Avery,Johnson,2022-03-08,India,M,2002,Bronze
C02615,jamie.smith2615@example.com,Jamie,Smith,2022-07-10,France,Other,2000,Bronze
C02616,taylor.garcia2616@example.com,Taylor,Garcia,2024-02-07,United States,F,1963,Gold
C02617,blake.patel2617@example.com,Blake,Patel,2024-09-16,Canada,F,1965,Gold
C02618,jordan.wilson2618@example.com,Jordan,Wilson,2023-04-30,Brazil,F,1996,Bronze
C02619,jordan.brown2619@example.com,Jordan,Brown,2025-04-02,Australia,Other,1967,Bronze
C02620,robin.smith2620@example.com,Robin,Smith,2025-07-15,United States,M,1991,Silver
C02621,robin.khan2621@example.com,Robin,Khan,2025-01-02,Brazil,M,1963,Bronze
C02622,casey.singh2622@example.com,Casey,Singh,2022-11-04,United States,F,1961,Gold
C02623,chris.smith2623@example.com,Chris,Smith,2025-02-27,Australia,F,1977,Gold
C02624,casey.singh2624@example.com,Casey,Singh,2025-03-20,United States,M,1983,Bronze
C02625,sam.khan2625@example.com,Sam,Khan,2025-05-14,India,M,1980,Bronze
C02626,taylor.martin2626@example.com,Taylor,Martin,2022-06-28,Canada,Other,1959,Silver
C02627,morgan.lee2627@example.com,Morgan,Lee,2024-01-05,Australia,M,1979,Gold
C02628,alex.martin2628@example.com,Alex,Martin,2024-03-09,Canada,F,2004,Bronze
C02629,blake.nguyen2629@example.com,Blake,Nguyen,2024-02-27,India,F,1998,Gold
C02630,riley.smith2630@example.com,Riley,Smith,2025-04-21,United States,M,1971,Bronze
C02631,blake.patel2631@example.com,Blake,Patel,2023-05-08,United States,F,1956,Silver
C02632,casey.singh2632@example.com,Casey,Singh,2023-10-27,Brazil,Other,1967,Bronze
C02633,cameron.martin2633@example.com,Cameron,Martin,2024-05-20,France,Other,1982,Bronze
C02634,alex.nguyen2634@example.com,Alex,Nguyen,2025-02-03,Germany,Other,1960,Bronze
C02635,sam.lee2635@example.com,Sam,Lee,2023-11-29,France,Other,1989,Platinum
C02636,casey.patel2636@example.com,Casey,Patel,2023-08-17,Australia,Other,1965,Silver
C02637,cameron.lee2637@example.com,Cameron,Lee,2024-06-04,Brazil,M,1974,Bronze
C02638,riley.lopez2638@example.com,Riley,Lopez,2025-04-30,Australia,F,1959,Bronze
C02639,chris.brown2639@example.com,Chris,Brown,2024-09-05,Brazil,M,1976,Bronze
C02640,pat.brown2640@example.com,Pat,Brown,2024-08-13,Brazil,M,1973,Platinum
C02641,jamie.martin2641@example.com,Jamie,Martin,2024-06-12,Germany,M,2001,Bronze
C02642,jamie.singh2642@example.com,Jamie,Singh,2025-09-03,France,M,1970,Bronze
C02643,pat.khan2643@example.com,Pat,Khan,2023-01-19,India,Other,1978,Gold
C02644,jamie.patel2644@example.com,Jamie,Patel,2022-11-20,United States,M,1969,Silver
C02645,riley.chen2645@example.com,Riley,Chen,2022-08-05,Brazil,Other,1998,Bronze
C02646,taylor.kumar2646@example.com,Taylor,Kumar,2024-08-08,France,Other,1989,Silver
C02647,jordan.patel2647@example.com,Jordan,Patel,2022-07-02,United Kingdom,F,1968,Bronze
C02648,sam.lee2648@example.com,Sam,Lee,2024-08-02,India,M,1973,Bronze
C02649,riley.lopez2649@example.com,Riley,Lopez,2024-05-19,Australia,M,1990,Silver
C02650,blake.lopez2650@example.com,Blake,Lopez,2023-04-12,United States,F,2003,Bronze
C02651,drew.khan2651@example.com,Drew,Khan,2025-03-13,Germany,M,2001,Bronze
C02652,jordan.chen2652@example.com,Jordan,Chen,2024-10-10,United States,Other,1994,Bronze
C02653,jordan.lee2653@example.com,Jordan,Lee,2023-08-18,United States,F,1996,Gold
C02654,blake.garcia2654@example.com,Blake,Garcia,2025-07-20,United Kingdom,Other,1999,Bronze
C02655,taylor.singh2655@example.com,Taylor,Singh,2024-08-30,United Kingdom,F,1961,Bronze
C02656,riley.patel2656@example.com,Riley,Patel,2025-03-24,Canada,M,1964,Platinum
C02657,sam.singh2657@example.com,Sam,Singh,2023-06-30,France,F,1990,Gold
C02658,robin.lopez2658@example.com,Robin,Lopez,2023-06-02,Germany,F,1978,Bronze
C02659,cameron.johnson2659@example.com,Cameron,Johnson,2024-07-02,Germany,Other,1977,Silver
C02660,blake.chen2660@example.com,Blake,Chen,2022-05-14,France,M,1983,Bronze
C02661,riley.patel2661@example.com,Riley,Patel,2025-02-23,United Kingdom,F,1979,Silver
C02662,pat.lopez2662@example.com,Pat,Lopez,2023-11-17,United States,F,1978,Silver
C02663,drew.lee2663@example.com,Drew,Lee,2022-11-27,United States,M,1980,Bronze
C02664,riley.khan2664@example.com,Riley,Khan,2025-02-12,France,F,1988,Bronze
C02665,chris.martin2665@example.com,Chris,Martin,2025-07-31,India,M,1957,Silver
C02666,alex.chen2666@example.com,Alex,Chen,2025-01-03,France,Other,1992,Gold
C02667,taylor.garcia2667@example.com,Taylor,Garcia,2025-04-27,India,Other,1968,Bronze
C02668,pat.lee2668@example.com,Pat,Lee,2024-08-04,United Kingdom,F,1980,Bronze
C02669,chris.lopez2669@example.com,Chris,Lopez,2023-11-19,India,F,1975,Gold
C02670,blake.wilson2670@example.com,Blake,Wilson,2023-07-20,France,M,1993,Silver
C02671,robin.wilson2671@example.com,Robin,Wilson,2025-05-30,United States,Other,1962,Bronze
C02672,drew.johnson2672@example.com,Drew,Johnson,2022-06-28,United States,Other,1974,Gold
C02673,casey.kumar2673@example.com,Casey,Kumar,2025-02-09,United States,M,1986,Bronze
C02674,pat.brown2674@example.com,Pat,Brown,2024-12-18,United Kingdom,F,1961,Gold
C02675,cameron.lopez2675@example.com,Cameron,Lopez,2024-06-23,India,F,1999,Silver
C02676,blake.lee2676@example.com,Blake,Lee,2023-10-31,Germany,M,1962,Gold
C02677,jamie.garcia2677@example.com,Jamie,Garcia,2025-08-28,India,M,1958,Bronze
C02678,chris.singh2678@example.com,Chris,Singh,2024-11-24,Australia,M,1957,Gold
C02679,cameron.kumar2679@example.com,Cameron,Kumar,2022-08-25,United States,M,1994,Bronze
C02680,casey.martin2680@example.com,Casey,Martin,2022-10-10,United Kingdom,Other,1955,Silver
C02681,robin.kumar2681@example.com,Robin,Kumar,2023-04-09,United States,M,1992,Silver
C02682,morgan.lee2682@example.com,Morgan,Lee,2024-08-24,France,F,1998,Silver
C02683,taylor.chen2683@example.com,Taylor,Chen,2025-01-15,Canada,Other,1995,Silver
C02684,alex.nguyen2684@example.com,Alex,Nguyen,2025-02-20,Canada,Other,1965,Bronze
C02685,morgan.chen2685@example.com,Morgan,Chen,2025-08-14,France,F,1987,Silver
C02686,jamie.johnson2686@example.com,Jamie,Johnson,2023-11-21,India,F,1990,Bronze
C02687,chris.johnson2687@example.com,Chris,Johnson,2022-06-14,United States,Other,1995,Gold
C02688,avery.singh2688@example.com,Avery,Singh,2023-01-18,Germany,M,1971,Bronze
C02689,jamie.khan2689@example.com,Jamie,Khan,2022-08-12,Canada,M,1957,Silver
C02690,morgan.singh2690@example.com,Morgan,Singh,2023-01-07,United Kingdom,Other,2001,Bronze
C02691,taylor.nguyen2691@example.com,Taylor,Nguyen,2023-09-03,United Kingdom,M,1968,Bronze
C02692,blake.wilson2692@example.com,Blake,Wilson,2023-03-23,Brazil,Other,2002,Gold
C02693,jamie.lopez2693@example.com,Jamie,Lopez,2025-06-30,Brazil,F,1985,Bronze
C02694,casey.lopez2694@example.com,Casey,Lopez,2025-01-23,United Kingdom,F,1971,Bronze
C02695,morgan.lopez2695@example.com,Morgan,Lopez,2024-06-10,United Kingdom,M,1978,Silver
C02696,jordan.lopez2696@example.com,Jordan,Lopez,2023-10-25,France,F,1972,Silver
C02697,cameron.garcia2697@example.com,Cameron,Garcia,2024-12-09,Germany,F,1968,Silver
C02698,avery.kumar2698@example.com,Avery,Kumar,2025-01-07,Brazil,Other,1960,Silver
C02699,taylor.smith2699@example.com,Taylor,Smith,2024-11-16,United Kingdom,F,1969,Bronze
C02700,alex.khan2700@example.com,Alex,Khan,2023-07-16,Brazil,F,1990,Bronze
C02701,morgan.garcia2701@example.com,Morgan,Garcia,2022-09-04,Brazil,F,1962,Bronze
C02702,blake.smith2702@example.com,Blake,Smith,2023-01-22,United Kingdom,F,2001,Silver
C02703,robin.chen2703@example.com,Robin,Chen,2024-08-30,United States,M,1995,Bronze
C02704,riley.johnson2704@example.com,Riley,Johnson,2024-09-10,India,M,1994,Silver
C02705,riley.patel2705@example.com,Riley,Patel,2022-12-18,United Kingdom,M,1986,Silver
C02706,cameron.smith2706@example.com,Cameron,Smith,2025-07-03,Brazil,Other,1984,Bronze
C02707,pat.martin2707@example.com,Pat,Martin,2024-01-23,Brazil,Other,1967,Bronze
C02708,alex.khan2708@example.com,Alex,Khan,2024-10-21,United States,M,1988,Bronze
C02709,avery.khan2709@example.com,Avery,Khan,2022-03-20,India,F,1998,Silver
C02710,drew.johnson2710@example.com,Drew,Johnson,2022-11-30,France,M,1983,Bronze
C02711,casey.singh2711@example.com,Casey,Singh,2025-01-26,United States,M,1972,Bronze
C02712,drew.khan2712@example.com,Drew,Khan,2023-05-17,United States,F,1961,Bronze
C02713,alex.johnson2713@example.com,Alex,Johnson,2024-02-04,United Kingdom,Other,1979,Bronze
C02714,drew.singh2714@example.com,Drew,Singh,2023-07-04,United States,M,1968,Bronze
C02715,avery.kumar2715@example.com,Avery,Kumar,2023-01-27,India,Other,1981,Bronze
C02716,blake.wilson2716@example.com,Blake,Wilson,2022-11-06,Brazil,Other,1956,Bronze
C02717,cameron.singh2717@example.com,Cameron,Singh,2025-05-17,Brazil,M,1991,Bronze
C02718,cameron.chen2718@example.com,Cameron,Chen,2024-08-31,India,M,1979,Gold
C02719,cameron.patel2719@example.com,Cameron,Patel,2025-01-22,Brazil,Other,1983,Bronze
C02720,avery.wilson2720@example.com,Avery,Wilson,2022-12-06,Brazil,Other,1975,Bronze
C02721,alex.wilson2721@example.com,Alex,Wilson,2024-01-27,United Kingdom,F,1976,Bronze
C02722,robin.patel2722@example.com,Robin,Patel,2022-10-18,India,M,1991,Bronze
C02723,taylor.garcia2723@example.com,Taylor,Garcia,2022-11-02,Canada,Other,2003,Bronze
C02724,casey.khan2724@example.com,Casey,Khan,2024-07-27,United States,F,1971,Bronze
C02725,cameron.garcia2725@example.com,Cameron,Garcia,2024-04-27,France,Other,1956,Silver
C02726,sam.lopez2726@example.com,Sam,Lopez,2025-03-01,United States,F,1975,Platinum
C02727,drew.brown2727@example.com,Drew,Brown,2024-05-11,India,M,1960,Bronze
C02728,robin.wilson2728@example.com,Robin,Wilson,2023-08-16,United Kingdom,M,1993,Silver
C02729,sam.khan2729@example.com,Sam,Khan,2022-11-21,United States,F,1959,Gold
C02730,riley.brown2730@example.com,Riley,Brown,2023-03-24,United States,F,1970,Bronze
C02731,casey.singh2731@example.com,Casey,Singh,2024-03-29,Brazil,M,1995,Silver
C02732,drew.lopez2732@example.com,Drew,Lopez,2025-04-03,United Kingdom,F,1994,Bronze
C02733,avery.johnson2733@example.com,Avery,Johnson,2023-12-10,United States,Other,1996,Silver
C02734,morgan.chen2734@example.com,Morgan,Chen,2022-09-22,United States,Other,1997,Silver
C02735,drew.lopez2735@example.com,Drew,Lopez,2023-09-04,India,Other,1976,Bronze
C02736,taylor.martin2736@example.com,Taylor,Martin,2024-04-11,India,Other,1976,Bronze
C02737,avery.singh2737@example.com,Avery,Singh,2025-07-25,France,M,1988,Bronze
C02738,morgan.singh2738@example.com,Morgan,Singh,2022-06-06,United States,M,1992,Bronze
C02739,jordan.khan2739@example.com,Jordan,Khan,2022-09-08,Germany,F,2000,Bronze
C02740,avery.lee2740@example.com,Avery,Lee,2023-06-14,United States,M,1961,Bronze
C02741,robin.kumar2741@example.com,Robin,Kumar,2024-08-18,India,Other,1987,Bronze
C02742,morgan.garcia2742@example.com,Morgan,Garcia,2023-05-28,United States,F,1978,Bronze
C02743,cameron.nguyen2743@example.com,Cameron,Nguyen,2025-03-01,United Kingdom,F,1958,Bronze
C02744,riley.nguyen2744@example.com,Riley,Nguyen,2022-05-05,United States,Other,1972,Bronze
C02745,taylor.kumar2745@example.com,Taylor,Kumar,2025-07-30,Canada,Other,1997,Silver
C02746,riley.wilson2746@example.com,Riley,Wilson,2022-02-28,India,F,1986,Bronze
C02747,blake.singh2747@example.com,Blake,Singh,2022-06-10,Germany,M,1982,Gold
C02748,jordan.khan2748@example.com,Jordan,Khan,2022-04-16,Germany,F,1995,Bronze
C02749,morgan.johnson2749@example.com,Morgan,Johnson,2022-08-16,United States,M,1960,Bronze
C02750,chris.singh2750@example.com,Chris,Singh,2022-11-14,United States,Other,1970,Silver
C02751,jamie.martin2751@example.com,Jamie,Martin,2024-03-12,United States,Other,1977,Silver
C02752,jordan.lee2752@example.com,Jordan,Lee,2024-05-23,United Kingdom,M,1978,Bronze
C02753,pat.nguyen2753@example.com,Pat,Nguyen,2024-12-15,United States,F,2003,Bronze
C02754,avery.chen2754@example.com,Avery,Chen,2022-01-13,India,F,1972,Silver
C02755,riley.kumar2755@example.com,Riley,Kumar,2023-11-25,India,Other,1967,Bronze
C02756,robin.nguyen2756@example.com,Robin,Nguyen,2022-04-23,United States,M,1991,Bronze
C02757,cameron.brown2757@example.com,Cameron,Brown,2022-06-20,United Kingdom,M,1993,Bronze
C02758,jordan.kumar2758@example.com,Jordan,Kumar,2022-07-08,India,F,1996,Silver
C02759,pat.patel2759@example.com,Pat,Patel,2024-09-03,Brazil,F,1969,Bronze
C02760,drew.singh2760@example.com,Drew,Singh,2023-10-20,Brazil,F,1977,Silver
C02761,taylor.johnson2761@example.com,Taylor,Johnson,2025-04-20,United States,M,1984,Bronze
C02762,sam.kumar2762@example.com,Sam,Kumar,2024-02-01,Canada,F,1988,Bronze
C02763,avery.smith2763@example.com,Avery,Smith,2024-04-05,United Kingdom,M,1958,Gold
C02764,jordan.khan2764@example.com,Jordan,Khan,2022-03-12,Brazil,F,1972,Bronze
C02765,pat.wilson2765@example.com,Pat,Wilson,2025-08-12,India,Other,1960,Bronze
C02766,morgan.garcia2766@example.com,Morgan,Garcia,2023-04-15,Brazil,F,1955,Silver
C02767,chris.chen2767@example.com,Chris,Chen,2024-12-27,India,Other,2000,Bronze
C02768,avery.brown2768@example.com,Avery,Brown,2022-02-21,France,F,2004,Gold
C02769,cameron.johnson2769@example.com,Cameron,Johnson,2022-12-29,Brazil,F,1983,Bronze
C02770,cameron.kumar2770@example.com,Cameron,Kumar,2024-07-05,United Kingdom,F,1980,Bronze
C02771,robin.martin2771@example.com,Robin,Martin,2023-06-05,United States,F,2001,Gold
C02772,drew.nguyen2772@example.com,Drew,Nguyen,2025-08-14,United Kingdom,Other,1960,Bronze
C02773,casey.brown2773@example.com,Casey,Brown,2025-02-25,India,Other,1974,Bronze
C02774,alex.brown2774@example.com,Alex,Brown,2024-04-19,India,M,1955,Bronze
C02775,riley.wilson2775@example.com,Riley,Wilson,2022-08-29,United Kingdom,F,2003,Gold
C02776,casey.smith2776@example.com,Casey,Smith,2023-06-20,Canada,F,2001,Bronze
C02777,robin.lopez2777@example.com,Robin,Lopez,2022-03-24,India,Other,1976,Platinum
C02778,chris.wilson2778@example.com,Chris,Wilson,2024-08-08,Canada,M,1989,Platinum
C02779,avery.singh2779@example.com,Avery,Singh,2023-07-28,France,Other,1984,Platinum
C02780,jamie.lopez2780@example.com,Jamie,Lopez,2024-09-15,United States,Other,1976,Silver
C02781,drew.khan2781@example.com,Drew,Khan,2023-04-04,Brazil,M,1974,Bronze
C02782,riley.singh2782@example.com,Riley,Singh,2022-05-06,United States,M,1983,Silver
C02783,sam.garcia2783@example.com,Sam,Garcia,2023-03-01,Brazil,F,1996,Bronze
C02784,robin.singh2784@example.com,Robin,Singh,2023-09-02,United States,Other,1955,Bronze
C02785,chris.chen2785@example.com,Chris,Chen,2025-03-27,United States,M,2002,Silver
C02786,pat.chen2786@example.com,Pat,Chen,2023-02-06,Australia,Other,1971,Gold
C02787,jordan.patel2787@example.com,Jordan,Patel,2025-08-10,Germany,M,1968,Bronze
C02788,robin.garcia2788@example.com,Robin,Garcia,2023-04-16,India,M,1979,Silver
C02789,sam.brown2789@example.com,Sam,Brown,2025-05-15,Brazil,Other,2000,Bronze
C02790,chris.lee2790@example.com,Chris,Lee,2025-07-25,United States,Other,1957,Bronze
C02791,taylor.singh2791@example.com,Taylor,Singh,2023-07-23,India,Other,1998,Bronze
C02792,avery.chen2792@example.com,Avery,Chen,2025-02-11,France,Other,1955,Bronze
C02793,pat.lee2793@example.com,Pat,Lee,2024-03-30,United Kingdom,Other,1975,Bronze
C02794,sam.patel2794@example.com,Sam,Patel,2023-12-11,France,M,1991,Bronze
C02795,jordan.singh2795@example.com,Jordan,Singh,2022-11-17,United States,Other,1955,Bronze
C02796,alex.kumar2796@example.com,Alex,Kumar,2022-08-07,United States,Other,1975,Bronze
C02797,pat.lopez2797@example.com,Pat,Lopez,2023-05-07,United States,M,1994,Silver
C02798,chris.chen2798@example.com,Chris,Chen,2023-06-22,Australia,M,1970,Gold
C02799,cameron.kumar2799@example.com,Cameron,Kumar,2024-09-14,Germany,F,1955,Bronze
C02800,cameron.wilson2800@example.com,Cameron,Wilson,2023-08-09,United States,F,1997,Bronze
C02801,morgan.brown2801@example.com,Morgan,Brown,2025-07-20,Brazil,M,1977,Bronze
C02802,jordan.wilson2802@example.com,Jordan,Wilson,2023-11-24,United Kingdom,M,1961,Bronze
C02803,jamie.martin2803@example.com,Jamie,Martin,2022-04-18,Canada,Other,1969,Bronze
C02804,casey.lopez2804@example.com,Casey,Lopez,2025-03-31,Brazil,M,2000,Silver
C02805,alex.chen2805@example.com,Alex,Chen,2024-10-01,Canada,Other,1958,Bronze
C02806,taylor.singh2806@example.com,Taylor,Singh,2025-05-14,India,Other,1968,Silver
C02807,drew.wilson2807@example.com,Drew,Wilson,2024-11-05,United States,Other,1961,Silver
C02808,casey.chen2808@example.com,Casey,Chen,2023-08-31,Germany,Other,1973,Bronze
C02809,drew.brown2809@example.com,Drew,Brown,2022-01-02,United Kingdom,M,1964,Bronze
C02810,blake.lee2810@example.com,Blake,Lee,2023-03-10,India,F,1971,Silver
C02811,jordan.lopez2811@example.com,Jordan,Lopez,2023-04-30,Canada,F,1966,Bronze
C02812,robin.patel2812@example.com,Robin,Patel,2025-03-19,France,M,1986,Bronze
C02813,robin.martin2813@example.com,Robin,Martin,2024-05-22,Brazil,F,1974,Bronze
C02814,jamie.martin2814@example.com,Jamie,Martin,2022-05-09,United Kingdom,M,2001,Gold
C02815,blake.martin2815@example.com,Blake,Martin,2023-05-16,United Kingdom,M,1960,Bronze
C02816,drew.smith2816@example.com,Drew,Smith,2022-07-30,India,Other,1972,Silver
C02817,riley.singh2817@example.com,Riley,Singh,2024-06-20,India,M,1999,Bronze
C02818,chris.singh2818@example.com,Chris,Singh,2025-01-25,India,Other,1977,Bronze
C02819,morgan.wilson2819@example.com,Morgan,Wilson,2023-06-19,United States,M,1980,Gold
C02820,drew.khan2820@example.com,Drew,Khan,2023-04-06,United States,F,1961,Bronze
C02821,riley.garcia2821@example.com,Riley,Garcia,2024-12-03,Canada,M,1981,Bronze
C02822,blake.wilson2822@example.com,Blake,Wilson,2024-03-04,France,Other,1987,Gold
C02823,taylor.patel2823@example.com,Taylor,Patel,2024-09-01,Germany,F,1990,Bronze
C02824,drew.smith2824@example.com,Drew,Smith,2023-09-13,France,M,1981,Bronze
C02825,drew.martin2825@example.com,Drew,Martin,2022-07-04,India,M,1959,Bronze
C02826,robin.johnson2826@example.com,Robin,Johnson,2025-02-27,United States,F,1987,Bronze
C02827,sam.johnson2827@example.com,Sam,Johnson,2024-04-27,United States,M,1977,Bronze
C02828,cameron.brown2828@example.com,Cameron,Brown,2024-03-16,United States,F,1970,Bronze
C02829,alex.lopez2829@example.com,Alex,Lopez,2025-03-23,United States,Other,1989,Bronze
C02830,robin.garcia2830@example.com,Robin,Garcia,2022-03-20,Germany,Other,1957,Gold
C02831,morgan.chen2831@example.com,Morgan,Chen,2023-02-17,India,M,1988,Bronze
C02832,morgan.johnson2832@example.com,Morgan,Johnson,2022-06-18,United Kingdom,F,1995,Gold
C02833,drew.martin2833@example.com,Drew,Martin,2023-08-06,France,Other,1957,Silver
C02834,avery.garcia2834@example.com,Avery,Garcia,2025-08-30,Canada,F,1986,Bronze
C02835,jamie.nguyen2835@example.com,Jamie,Nguyen,2022-10-14,Germany,M,1972,Bronze
C02836,blake.patel2836@example.com,Blake,Patel,2024-12-02,United States,F,1961,Bronze
C02837,pat.khan2837@example.com,Pat,Khan,2023-09-09,Brazil,F,1955,Silver
C02838,blake.lee2838@example.com,Blake,Lee,2022-09-27,Australia,M,1986,Bronze
C02839,alex.brown2839@example.com,Alex,Brown,2023-06-02,United Kingdom,F,1993,Bronze
C02840,robin.johnson2840@example.com,Robin,Johnson,2024-10-30,India,F,1961,Bronze
C02841,robin.chen2841@example.com,Robin,Chen,2025-01-18,India,F,1988,Bronze
C02842,jordan.johnson2842@example.com,Jordan,Johnson,2023-11-01,India,M,1990,Bronze
C02843,jamie.kumar2843@example.com,Jamie,Kumar,2024-07-05,United States,M,1971,Silver
C02844,robin.chen2844@example.com,Robin,Chen,2025-01-25,India,M,1964,Silver
C02845,pat.johnson2845@example.com,Pat,Johnson,2025-04-29,Canada,F,2001,Bronze
C02846,alex.lopez2846@example.com,Alex,Lopez,2022-02-25,Australia,F,1970,Silver
C02847,drew.smith2847@example.com,Drew,Smith,2023-07-07,United Kingdom,Other,1986,Bronze
C02848,sam.patel2848@example.com,Sam,Patel,2023-07-28,Brazil,Other,1981,Gold
C02849,pat.kumar2849@example.com,Pat,Kumar,2022-10-11,India,Other,1971,Bronze
C02850,pat.lee2850@example.com,Pat,Lee,2022-07-06,Brazil,Other,2004,Platinum
C02851,drew.garcia2851@example.com,Drew,Garcia,2022-05-10,Brazil,M,1990,Bronze
C02852,pat.singh2852@example.com,Pat,Singh,2022-04-24,Canada,Other,1961,Bronze
C02853,cameron.chen2853@example.com,Cameron,Chen,2022-01-13,India,F,1969,Bronze
C02854,alex.lee2854@example.com,Alex,Lee,2025-05-23,Brazil,M,1976,Bronze
C02855,blake.patel2855@example.com,Blake,Patel,2023-03-23,Australia,F,1980,Bronze
C02856,robin.wilson2856@example.com,Robin,Wilson,2024-09-19,Brazil,F,1965,Bronze
C02857,jordan.wilson2857@example.com,Jordan,Wilson,2022-03-15,United Kingdom,F,1979,Bronze
C02858,chris.nguyen2858@example.com,Chris,Nguyen,2022-04-11,United States,Other,2002,Bronze
C02859,alex.khan2859@example.com,Alex,Khan,2023-03-03,Germany,M,1992,Bronze
C02860,casey.lee2860@example.com,Casey,Lee,2022-02-10,United States,F,1999,Bronze
C02861,morgan.wilson2861@example.com,Morgan,Wilson,2022-12-10,United Kingdom,Other,1994,Bronze
C02862,taylor.chen2862@example.com,Taylor,Chen,2023-01-01,France,Other,1987,Gold
C02863,riley.lopez2863@example.com,Riley,Lopez,2023-10-19,United States,M,1978,Bronze
C02864,jordan.patel2864@example.com,Jordan,Patel,2022-08-17,France,M,1956,Silver
C02865,morgan.khan2865@example.com,Morgan,Khan,2024-06-07,France,Other,1978,Bronze
C02866,cameron.wilson2866@example.com,Cameron,Wilson,2024-04-15,India,Other,1971,Bronze
C02867,chris.singh2867@example.com,Chris,Singh,2025-07-20,Australia,F,2004,Gold
C02868,sam.kumar2868@example.com,Sam,Kumar,2023-01-03,United States,F,1984,Bronze
C02869,riley.khan2869@example.com,Riley,Khan,2022-06-17,India,Other,1965,Silver
C02870,drew.smith2870@example.com,Drew,Smith,2023-10-23,India,F,1972,Bronze
C02871,chris.singh2871@example.com,Chris,Singh,2023-11-26,Australia,Other,1983,Bronze
C02872,robin.smith2872@example.com,Robin,Smith,2022-06-01,Canada,Other,1964,Gold
C02873,chris.wilson2873@example.com,Chris,Wilson,2024-07-01,United States,F,1972,Bronze
C02874,robin.johnson2874@example.com,Robin,Johnson,2023-05-11,United Kingdom,Other,1974,Bronze
C02875,pat.lee2875@example.com,Pat,Lee,2022-04-11,United States,F,1999,Bronze
C02876,taylor.lee2876@example.com,Taylor,Lee,2025-01-10,Canada,Other,1971,Silver
C02877,avery.lopez2877@example.com,Avery,Lopez,2022-03-14,Canada,F,1968,Silver
C02878,casey.garcia2878@example.com,Casey,Garcia,2022-06-06,India,F,1985,Bronze
C02879,pat.martin2879@example.com,Pat,Martin,2022-05-12,United Kingdom,F,1972,Bronze
C02880,avery.singh2880@example.com,Avery,Singh,2024-10-15,India,M,1974,Bronze
C02881,robin.garcia2881@example.com,Robin,Garcia,2023-07-13,United Kingdom,Other,1997,Bronze
C02882,sam.nguyen2882@example.com,Sam,Nguyen,2022-09-22,India,M,1967,Platinum
C02883,taylor.singh2883@example.com,Taylor,Singh,2025-01-07,France,F,1981,Bronze
C02884,drew.martin2884@example.com,Drew,Martin,2024-09-14,India,M,1991,Bronze
C02885,riley.patel2885@example.com,Riley,Patel,2022-09-04,United States,F,1973,Bronze
C02886,morgan.kumar2886@example.com,Morgan,Kumar,2024-05-07,United States,Other,1980,Platinum
C02887,cameron.lopez2887@example.com,Cameron,Lopez,2023-12-30,France,Other,1980,Bronze
C02888,jordan.garcia2888@example.com,Jordan,Garcia,2022-06-03,Canada,M,2000,Silver
C02889,morgan.brown2889@example.com,Morgan,Brown,2022-04-02,United States,F,2003,Bronze
C02890,jordan.chen2890@example.com,Jordan,Chen,2022-12-04,United States,Other,1986,Silver
C02891,morgan.khan2891@example.com,Morgan,Khan,2025-02-28,India,F,1956,Silver
C02892,blake.patel2892@example.com,Blake,Patel,2024-03-20,United Kingdom,Other,1973,Silver
C02893,sam.nguyen2893@example.com,Sam,Nguyen,2022-09-30,France,Other,1998,Gold
C02894,pat.khan2894@example.com,Pat,Khan,2023-08-11,India,F,2003,Bronze
C02895,jamie.kumar2895@example.com,Jamie,Kumar,2024-04-10,India,F,1957,Silver
C02896,jordan.chen2896@example.com,Jordan,Chen,2024-12-08,United States,Other,1980,Bronze
C02897,avery.martin2897@example.com,Avery,Martin,2025-08-24,Brazil,Other,1990,Silver
C02898,blake.lee2898@example.com,Blake,Lee,2024-12-05,India,F,2000,Silver
C02899,morgan.brown2899@example.com,Morgan,Brown,2024-05-17,Australia,M,1970,Silver
C02900,riley.patel2900@example.com,Riley,Patel,2023-02-12,India,Other,1955,Bronze
C02901,cameron.garcia2901@example.com,Cameron,Garcia,2023-07-15,France,M,1979,Bronze
C02902,jordan.patel2902@example.com,Jordan,Patel,2025-07-13,Canada,F,1970,Silver
C02903,alex.singh2903@example.com,Alex,Singh,2022-05-24,Canada,F,1962,Silver
C02904,casey.khan2904@example.com,Casey,Khan,2025-03-26,Brazil,M,1993,Gold
C02905,jamie.martin2905@example.com,Jamie,Martin,2024-05-09,Germany,F,1960,Bronze
C02906,blake.singh2906@example.com,Blake,Singh,2022-05-28,France,F,1970,Bronze
C02907,sam.smith2907@example.com,Sam,Smith,2024-12-30,United States,M,1995,Bronze
C02908,robin.patel2908@example.com,Robin,Patel,2024-03-21,India,M,1980,Bronze
C02909,jamie.khan2909@example.com,Jamie,Khan,2022-03-31,Australia,F,1968,Silver
C02910,avery.johnson2910@example.com,Avery,Johnson,2022-07-18,United States,M,1987,Silver
C02911,alex.singh2911@example.com,Alex,Singh,2023-06-22,United States,Other,1999,Silver
C02912,jamie.chen2912@example.com,Jamie,Chen,2023-12-25,India,F,1957,Silver
C02913,blake.singh2913@example.com,Blake,Singh,2022-03-09,India,Other,1980,Silver
C02914,robin.khan2914@example.com,Robin,Khan,2023-04-04,Germany,Other,1956,Bronze
C02915,alex.wilson2915@example.com,Alex,Wilson,2023-02-02,Brazil,Other,1998,Silver
C02916,drew.smith2916@example.com,Drew,Smith,2025-08-02,United Kingdom,Other,2003,Silver
C02917,robin.nguyen2917@example.com,Robin,Nguyen,2025-03-09,India,M,1980,Silver
C02918,jordan.chen2918@example.com,Jordan,Chen,2023-07-10,United Kingdom,M,1987,Silver
C02919,cameron.johnson2919@example.com,Cameron,Johnson,2024-02-20,United Kingdom,M,1968,Silver
C02920,blake.brown2920@example.com,Blake,Brown,2024-06-12,Brazil,M,1988,Bronze
C02921,pat.nguyen2921@example.com,Pat,Nguyen,2024-01-18,Germany,Other,1980,Bronze
C02922,jamie.kumar2922@example.com,Jamie,Kumar,2023-10-23,United States,F,1982,Bronze
C02923,cameron.lopez2923@example.com,Cameron,Lopez,2024-09-22,United Kingdom,F,1994,Bronze
C02924,riley.wilson2924@example.com,Riley,Wilson,2024-01-16,Canada,M,1963,Silver
C02925,casey.wilson2925@example.com,Casey,Wilson,2022-03-28,United States,Other,1969,Gold
C02926,pat.singh2926@example.com,Pat,Singh,2025-05-13,United Kingdom,M,1977,Gold
C02927,riley.nguyen2927@example.com,Riley,Nguyen,2025-07-01,United Kingdom,Other,2002,Silver
C02928,chris.johnson2928@example.com,Chris,Johnson,2022-05-10,Germany,M,1974,Silver
C02929,riley.wilson2929@example.com,Riley,Wilson,2025-07-23,Brazil,M,2000,Bronze
C02930,alex.chen2930@example.com,Alex,Chen,2024-06-17,United States,Other,1966,Bronze
C02931,alex.wilson2931@example.com,Alex,Wilson,2025-09-07,United Kingdom,Other,1990,Bronze
C02932,morgan.lopez2932@example.com,Morgan,Lopez,2022-03-19,Canada,F,1970,Bronze
C02933,robin.johnson2933@example.com,Robin,Johnson,2023-11-05,Canada,Other,1998,Bronze
C02934,pat.garcia2934@example.com,Pat,Garcia,2022-08-26,Brazil,M,1960,Bronze
C02935,avery.khan2935@example.com,Avery,Khan,2025-04-30,India,F,1990,Bronze
C02936,alex.nguyen2936@example.com,Alex,Nguyen,2022-10-05,France,F,1972,Bronze
C02937,taylor.brown2937@example.com,Taylor,Brown,2023-06-08,United States,Other,1984,Silver
C02938,drew.lee2938@example.com,Drew,Lee,2024-12-10,Australia,F,1994,Bronze
C02939,riley.nguyen2939@example.com,Riley,Nguyen,2024-12-30,France,Other,1986,Silver
C02940,blake.brown2940@example.com,Blake,Brown,2024-11-08,Germany,M,1960,Bronze
C02941,morgan.nguyen2941@example.com,Morgan,Nguyen,2022-03-25,United States,M,1981,Bronze
C02942,chris.khan2942@example.com,Chris,Khan,2023-07-19,France,Other,1997,Silver
C02943,avery.lee2943@example.com,Avery,Lee,2022-12-23,France,Other,2002,Bronze
C02944,casey.brown2944@example.com,Casey,Brown,2023-10-09,United States,M,1959,Silver
C02945,cameron.nguyen2945@example.com,Cameron,Nguyen,2023-06-07,Brazil,Other,1969,Bronze
C02946,jamie.johnson2946@example.com,Jamie,Johnson,2022-07-11,United States,Other,1957,Silver
C02947,chris.lee2947@example.com,Chris,Lee,2023-01-13,Germany,M,1959,Silver
C02948,blake.johnson2948@example.com,Blake,Johnson,2023-06-19,India,M,1991,Bronze
C02949,taylor.patel2949@example.com,Taylor,Patel,2024-10-29,Brazil,M,1969,Bronze
C02950,casey.kumar2950@example.com,Casey,Kumar,2022-04-03,United States,M,1960,Silver
C02951,taylor.lopez2951@example.com,Taylor,Lopez,2023-06-13,United States,M,1980,Bronze
C02952,sam.khan2952@example.com,Sam,Khan,2023-02-09,Canada,F,1962,Bronze
C02953,riley.smith2953@example.com,Riley,Smith,2025-03-18,Canada,M,1965,Gold
C02954,cameron.lopez2954@example.com,Cameron,Lopez,2023-02-26,Brazil,Other,1962,Bronze
C02955,riley.kumar2955@example.com,Riley,Kumar,2023-04-17,India,F,1989,Bronze
C02956,riley.wilson2956@example.com,Riley,Wilson,2023-09-23,India,Other,1968,Bronze
C02957,jamie.khan2957@example.com,Jamie,Khan,2024-11-03,United Kingdom,F,1964,Silver
C02958,avery.khan2958@example.com,Avery,Khan,2022-12-30,United States,Other,2000,Bronze
C02959,casey.wilson2959@example.com,Casey,Wilson,2023-06-30,Canada,M,1995,Bronze
C02960,jamie.smith2960@example.com,Jamie,Smith,2023-06-06,United Kingdom,F,1971,Platinum
C02961,jamie.johnson2961@example.com,Jamie,Johnson,2024-08-20,United States,Other,1985,Silver
C02962,chris.lee2962@example.com,Chris,Lee,2024-06-01,France,Other,1955,Bronze
C02963,robin.khan2963@example.com,Robin,Khan,2024-02-19,Brazil,M,1993,Bronze
C02964,drew.brown2964@example.com,Drew,Brown,2023-05-31,United States,F,1996,Bronze
C02965,drew.khan2965@example.com,Drew,Khan,2024-05-15,India,Other,1996,Silver
C02966,taylor.patel2966@example.com,Taylor,Patel,2025-01-13,Australia,M,1976,Bronze
C02967,drew.garcia2967@example.com,Drew,Garcia,2025-02-18,Brazil,Other,1958,Gold
C02968,robin.johnson2968@example.com,Robin,Johnson,2024-04-29,United Kingdom,F,1959,Bronze
C02969,robin.patel2969@example.com,Robin,Patel,2022-01-19,Brazil,F,1956,Silver
C02970,taylor.wilson2970@example.com,Taylor,Wilson,2024-11-01,India,F,1971,Gold
C02971,pat.johnson2971@example.com,Pat,Johnson,2022-11-26,United Kingdom,Other,1988,Silver
C02972,pat.lopez2972@example.com,Pat,Lopez,2024-02-13,United Kingdom,F,1962,Bronze
C02973,alex.kumar2973@example.com,Alex,Kumar,2023-09-29,France,F,1965,Bronze
C02974,pat.nguyen2974@example.com,Pat,Nguyen,2024-06-13,Brazil,F,1966,Platinum
C02975,alex.chen2975@example.com,Alex,Chen,2024-04-20,Germany,Other,1956,Bronze
C02976,chris.wilson2976@example.com,Chris,Wilson,2023-06-04,Brazil,F,1965,Bronze
C02977,drew.garcia2977@example.com,Drew,Garcia,2023-09-28,United Kingdom,M,1990,Bronze
C02978,drew.brown2978@example.com,Drew,Brown,2023-04-14,Canada,F,1974,Bronze
C02979,sam.lee2979@example.com,Sam,Lee,2025-02-09,United States,F,1962,Bronze
C02980,cameron.patel2980@example.com,Cameron,Patel,2024-03-14,India,M,1983,Platinum
C02981,drew.nguyen2981@example.com,Drew,Nguyen,2024-05-23,India,Other,1966,Gold
C02982,jamie.brown2982@example.com,Jamie,Brown,2022-09-10,United Kingdom,F,1968,Silver
C02983,alex.lee2983@example.com,Alex,Lee,2024-01-22,United States,Other,2004,Bronze
C02984,pat.lopez2984@example.com,Pat,Lopez,2024-09-07,France,M,1976,Bronze
C02985,blake.singh2985@example.com,Blake,Singh,2022-08-24,United States,Other,2004,Platinum
C02986,morgan.chen2986@example.com,Morgan,Chen,2023-04-23,United States,F,1993,Bronze
C02987,riley.brown2987@example.com,Riley,Brown,2024-11-09,Canada,F,1978,Bronze
C02988,riley.khan2988@example.com,Riley,Khan,2024-05-04,Brazil,Other,1961,Bronze
C02989,avery.wilson2989@example.com,Avery,Wilson,2024-06-23,Australia,M,1955,Bronze
C02990,avery.kumar2990@example.com,Avery,Kumar,2023-02-14,Germany,F,1992,Silver
C02991,blake.kumar2991@example.com,Blake,Kumar,2025-08-10,India,M,1998,Gold
C02992,pat.lopez2992@example.com,Pat,Lopez,2022-03-27,United States,M,1998,Bronze
C02993,robin.singh2993@example.com,Robin,Singh,2023-01-13,United Kingdom,M,1960,Silver
C02994,jordan.lee2994@example.com,Jordan,Lee,2024-12-10,Australia,F,2004,Bronze
C02995,drew.smith2995@example.com,Drew,Smith,2025-08-10,Brazil,Other,1978,Bronze
C02996,pat.smith2996@example.com,Pat,Smith,2022-09-23,Canada,Other,1962,Platinum
C02997,avery.kumar2997@example.com,Avery,Kumar,2025-06-25,United Kingdom,F,1960,Bronze
C02998,riley.martin2998@example.com,Riley,Martin,2022-02-26,Australia,Other,1993,Silver
C02999,sam.khan2999@example.com,Sam,Khan,2024-03-11,Brazil,Other,1972,Bronze
C03000,avery.chen3000@example.com,Avery,Chen,2024-01-02,United States,Other,1986,Gold
C03001,robin.brown3001@example.com,Robin,Brown,2025-08-14,Germany,F,1981,Silver
C03002,avery.wilson3002@example.com,Avery,Wilson,2022-04-20,India,Other,1996,Gold
C03003,jordan.nguyen3003@example.com,Jordan,Nguyen,2023-06-28,United Kingdom,Other,1996,Bronze
C03004,pat.lopez3004@example.com,Pat,Lopez,2022-01-25,India,F,1965,Silver
C03005,blake.smith3005@example.com,Blake,Smith,2024-03-01,India,Other,1988,Bronze
C03006,avery.garcia3006@example.com,Avery,Garcia,2022-02-26,United States,F,1994,Bronze
C03007,jordan.wilson3007@example.com,Jordan,Wilson,2022-12-09,Brazil,F,1983,Bronze
C03008,casey.lopez3008@example.com,Casey,Lopez,2023-07-30,Australia,Other,1961,Bronze
C03009,blake.martin3009@example.com,Blake,Martin,2025-06-09,France,Other,1987,Silver
C03010,jordan.brown3010@example.com,Jordan,Brown,2025-05-21,Brazil,M,1956,Bronze
C03011,sam.smith3011@example.com,Sam,Smith,2023-06-14,India,M,2001,Gold
C03012,drew.johnson3012@example.com,Drew,Johnson,2024-07-17,India,F,1991,Gold
C03013,avery.martin3013@example.com,Avery,Martin,2025-06-03,France,M,1974,Silver
C03014,chris.johnson3014@example.com,Chris,Johnson,2023-03-11,India,M,2004,Bronze
C03015,drew.martin3015@example.com,Drew,Martin,2024-10-17,United States,F,1972,Gold
C03016,sam.chen3016@example.com,Sam,Chen,2023-09-14,France,Other,1978,Bronze
C03017,avery.singh3017@example.com,Avery,Singh,2023-08-07,United States,F,1984,Bronze
C03018,morgan.brown3018@example.com,Morgan,Brown,2022-11-05,United States,M,1964,Bronze
C03019,sam.johnson3019@example.com,Sam,Johnson,2022-12-09,India,Other,2003,Bronze
C03020,sam.johnson3020@example.com,Sam,Johnson,2022-05-19,Germany,F,1956,Bronze
C03021,cameron.patel3021@example.com,Cameron,Patel,2025-04-24,United Kingdom,F,1980,Platinum
C03022,taylor.brown3022@example.com,Taylor,Brown,2025-04-02,France,F,1987,Silver
C03023,jamie.wilson3023@example.com,Jamie,Wilson,2024-07-31,India,M,1967,Gold
C03024,alex.garcia3024@example.com,Alex,Garcia,2024-12-01,Brazil,M,1973,Bronze
C03025,pat.martin3025@example.com,Pat,Martin,2022-07-29,France,F,1991,Silver
C03026,avery.nguyen3026@example.com,Avery,Nguyen,2024-05-11,United Kingdom,M,1973,Platinum
C03027,robin.nguyen3027@example.com,Robin,Nguyen,2024-08-11,Brazil,M,1977,Gold
C03028,chris.singh3028@example.com,Chris,Singh,2025-06-28,Australia,M,1970,Bronze
C03029,avery.brown3029@example.com,Avery,Brown,2024-04-12,United States,Other,1966,Bronze
C03030,jordan.johnson3030@example.com,Jordan,Johnson,2024-03-02,Germany,M,1988,Silver
C03031,riley.kumar3031@example.com,Riley,Kumar,2024-10-13,United States,F,1962,Silver
C03032,pat.patel3032@example.com,Pat,Patel,2022-02-26,India,M,2002,Bronze
C03033,jordan.khan3033@example.com,Jordan,Khan,2022-01-05,France,Other,1980,Silver
C03034,jordan.martin3034@example.com,Jordan,Martin,2025-04-20,Brazil,M,1967,Bronze
C03035,alex.lopez3035@example.com,Alex,Lopez,2025-07-06,United States,F,1980,Bronze
C03036,blake.chen3036@example.com,Blake,Chen,2023-09-08,United Kingdom,M,1966,Bronze
C03037,pat.smith3037@example.com,Pat,Smith,2024-06-16,France,M,1965,Bronze
C03038,blake.garcia3038@example.com,Blake,Garcia,2025-02-05,United States,Other,1982,Bronze
C03039,cameron.khan3039@example.com,Cameron,Khan,2023-08-17,United States,F,1967,Bronze
C03040,blake.brown3040@example.com,Blake,Brown,2023-04-30,United States,M,1976,Platinum
C03041,jamie.lopez3041@example.com,Jamie,Lopez,2024-08-29,France,Other,1956,Gold
C03042,jamie.johnson3042@example.com,Jamie,Johnson,2023-10-01,Brazil,M,1991,Silver
C03043,chris.lopez3043@example.com,Chris,Lopez,2022-10-09,India,M,1980,Gold
C03044,pat.nguyen3044@example.com,Pat,Nguyen,2025-01-16,India,Other,1966,Gold
C03045,cameron.lee3045@example.com,Cameron,Lee,2022-01-16,India,Other,1977,Silver
C03046,taylor.johnson3046@example.com,Taylor,Johnson,2024-07-24,United States,M,1963,Bronze
C03047,taylor.nguyen3047@example.com,Taylor,Nguyen,2023-06-28,United States,F,1969,Bronze
C03048,chris.patel3048@example.com,Chris,Patel,2024-09-23,United States,M,1967,Bronze
C03049,cameron.nguyen3049@example.com,Cameron,Nguyen,2024-04-24,United Kingdom,F,1995,Silver
C03050,robin.patel3050@example.com,Robin,Patel,2023-01-01,India,F,2004,Bronze
C03051,drew.johnson3051@example.com,Drew,Johnson,2023-10-17,United Kingdom,M,1996,Bronze
C03052,riley.singh3052@example.com,Riley,Singh,2024-01-30,France,F,1961,Bronze
C03053,robin.smith3053@example.com,Robin,Smith,2024-11-29,Brazil,M,1982,Platinum
C03054,jordan.nguyen3054@example.com,Jordan,Nguyen,2023-02-20,United States,M,1989,Silver
C03055,morgan.martin3055@example.com,Morgan,Martin,2022-09-12,United States,F,1969,Bronze
C03056,taylor.nguyen3056@example.com,Taylor,Nguyen,2023-12-11,Brazil,F,1955,Platinum
C03057,jamie.brown3057@example.com,Jamie,Brown,2024-06-18,India,F,1965,Bronze
C03058,sam.singh3058@example.com,Sam,Singh,2022-01-26,United Kingdom,F,1991,Silver
C03059,pat.johnson3059@example.com,Pat,Johnson,2025-05-29,United Kingdom,F,1975,Silver
C03060,drew.khan3060@example.com,Drew,Khan,2023-05-11,India,F,1999,Bronze
C03061,drew.khan3061@example.com,Drew,Khan,2022-08-25,United Kingdom,F,2003,Silver
C03062,robin.smith3062@example.com,Robin,Smith,2022-08-07,France,M,1993,Bronze
C03063,jamie.chen3063@example.com,Jamie,Chen,2023-04-06,United States,F,1977,Bronze
C03064,jordan.chen3064@example.com,Jordan,Chen,2023-09-27,United Kingdom,Other,1970,Bronze
C03065,sam.chen3065@example.com,Sam,Chen,2024-09-16,France,Other,1958,Bronze
C03066,taylor.johnson3066@example.com,Taylor,Johnson,2023-09-08,Brazil,M,1970,Bronze
C03067,taylor.singh3067@example.com,Taylor,Singh,2023-11-02,Germany,M,1996,Bronze
C03068,riley.chen3068@example.com,Riley,Chen,2022-10-27,India,Other,1966,Bronze
C03069,pat.khan3069@example.com,Pat,Khan,2022-12-23,United States,Other,2002,Gold
C03070,jordan.martin3070@example.com,Jordan,Martin,2022-12-19,United States,Other,1982,Silver
C03071,robin.chen3071@example.com,Robin,Chen,2023-06-08,Canada,Other,1959,Silver
C03072,jordan.khan3072@example.com,Jordan,Khan,2024-08-07,France,M,1982,Silver
C03073,chris.smith3073@example.com,Chris,Smith,2025-08-28,France,F,1989,Gold
C03074,morgan.khan3074@example.com,Morgan,Khan,2022-07-16,France,F,1988,Gold
C03075,pat.johnson3075@example.com,Pat,Johnson,2024-05-27,Germany,M,1988,Bronze
C03076,chris.singh3076@example.com,Chris,Singh,2023-09-07,Canada,Other,1996,Bronze
C03077,riley.patel3077@example.com,Riley,Patel,2023-01-03,France,F,1968,Bronze
C03078,jordan.johnson3078@example.com,Jordan,Johnson,2025-01-03,India,M,1996,Bronze
C03079,morgan.kumar3079@example.com,Morgan,Kumar,2023-02-26,United States,Other,1958,Bronze
C03080,taylor.brown3080@example.com,Taylor,Brown,2025-04-19,Brazil,F,1987,Bronze
C03081,jordan.garcia3081@example.com,Jordan,Garcia,2022-03-12,United States,Other,1995,Silver
C03082,jordan.brown3082@example.com,Jordan,Brown,2025-05-08,India,F,1991,Silver
C03083,alex.nguyen3083@example.com,Alex,Nguyen,2024-02-07,United States,M,1964,Bronze
C03084,drew.nguyen3084@example.com,Drew,Nguyen,2023-01-12,Canada,F,1969,Bronze
C03085,chris.chen3085@example.com,Chris,Chen,2023-11-09,United States,F,1969,Silver
C03086,jordan.lee3086@example.com,Jordan,Lee,2022-08-09,France,Other,1973,Silver
C03087,pat.wilson3087@example.com,Pat,Wilson,2022-07-01,France,F,1964,Bronze
C03088,sam.nguyen3088@example.com,Sam,Nguyen,2024-10-10,India,Other,1958,Bronze
C03089,cameron.chen3089@example.com,Cameron,Chen,2024-05-12,Brazil,M,1972,Silver
C03090,casey.lee3090@example.com,Casey,Lee,2024-04-27,United States,Other,1994,Silver
C03091,avery.martin3091@example.com,Avery,Martin,2024-03-14,United States,F,1979,Silver
C03092,avery.singh3092@example.com,Avery,Singh,2022-08-03,France,Other,1966,Bronze
C03093,sam.chen3093@example.com,Sam,Chen,2022-04-11,Brazil,Other,1957,Silver
C03094,chris.wilson3094@example.com,Chris,Wilson,2023-07-27,Australia,Other,1972,Bronze
C03095,avery.wilson3095@example.com,Avery,Wilson,2024-07-27,France,M,1989,Bronze
C03096,cameron.kumar3096@example.com,Cameron,Kumar,2024-12-22,India,M,1988,Bronze
C03097,riley.garcia3097@example.com,Riley,Garcia,2022-04-15,Australia,Other,1968,Bronze
C03098,jamie.khan3098@example.com,Jamie,Khan,2024-02-11,Canada,Other,1983,Bronze
C03099,casey.chen3099@example.com,Casey,Chen,2025-07-02,France,Other,1999,Bronze
C03100,sam.patel3100@example.com,Sam,Patel,2023-03-10,Brazil,M,1969,Silver
C03101,riley.lee3101@example.com,Riley,Lee,2024-11-17,United States,F,1996,Silver
C03102,riley.nguyen3102@example.com,Riley,Nguyen,2023-08-11,Germany,F,1959,Silver
C03103,cameron.singh3103@example.com,Cameron,Singh,2024-05-15,United States,F,1996,Silver
C03104,avery.lopez3104@example.com,Avery,Lopez,2025-04-05,Canada,F,1986,Bronze
C03105,avery.kumar3105@example.com,Avery,Kumar,2023-01-03,Canada,Other,1981,Silver
C03106,blake.smith3106@example.com,Blake,Smith,2024-05-05,United States,Other,1989,Bronze
C03107,pat.lee3107@example.com,Pat,Lee,2025-04-08,United Kingdom,M,1993,Bronze
C03108,cameron.lopez3108@example.com,Cameron,Lopez,2025-01-18,Brazil,Other,2003,Bronze
C03109,pat.martin3109@example.com,Pat,Martin,2022-10-21,France,F,1977,Bronze
C03110,drew.smith3110@example.com,Drew,Smith,2025-03-19,United Kingdom,Other,1958,Silver
C03111,chris.kumar3111@example.com,Chris,Kumar,2023-03-09,Brazil,Other,1963,Bronze
C03112,robin.martin3112@example.com,Robin,Martin,2024-04-15,Germany,M,1961,Silver
C03113,avery.lopez3113@example.com,Avery,Lopez,2022-08-03,Brazil,Other,1956,Bronze
C03114,casey.singh3114@example.com,Casey,Singh,2023-04-17,Brazil,F,1994,Gold
C03115,avery.wilson3115@example.com,Avery,Wilson,2022-09-04,United States,Other,1985,Silver
C03116,morgan.martin3116@example.com,Morgan,Martin,2025-06-16,Canada,F,1985,Silver
C03117,taylor.wilson3117@example.com,Taylor,Wilson,2025-04-06,Brazil,F,2002,Bronze
C03118,drew.lopez3118@example.com,Drew,Lopez,2024-12-10,France,M,1997,Silver
C03119,pat.smith3119@example.com,Pat,Smith,2023-11-20,United States,Other,1980,Bronze
C03120,cameron.nguyen3120@example.com,Cameron,Nguyen,2025-01-08,Canada,Other,2001,Silver
C03121,jordan.garcia3121@example.com,Jordan,Garcia,2024-06-29,Canada,M,1981,Bronze
C03122,sam.singh3122@example.com,Sam,Singh,2024-08-17,Canada,F,1984,Gold
C03123,avery.wilson3123@example.com,Avery,Wilson,2024-09-30,United States,F,1984,Bronze
C03124,morgan.johnson3124@example.com,Morgan,Johnson,2023-12-08,France,Other,1976,Bronze
C03125,avery.kumar3125@example.com,Avery,Kumar,2024-05-03,United Kingdom,M,2004,Bronze
C03126,pat.brown3126@example.com,Pat,Brown,2024-10-13,India,Other,2004,Bronze
C03127,jordan.nguyen3127@example.com,Jordan,Nguyen,2023-05-18,France,M,2003,Bronze
C03128,avery.singh3128@example.com,Avery,Singh,2023-08-11,France,M,1975,Bronze
C03129,jamie.nguyen3129@example.com,Jamie,Nguyen,2023-12-09,Brazil,F,1985,Bronze
C03130,taylor.smith3130@example.com,Taylor,Smith,2024-12-03,Brazil,F,1985,Bronze
C03131,morgan.khan3131@example.com,Morgan,Khan,2025-06-23,Canada,F,1974,Bronze
C03132,jordan.chen3132@example.com,Jordan,Chen,2022-07-26,India,Other,1977,Bronze
C03133,blake.garcia3133@example.com,Blake,Garcia,2023-10-30,Germany,F,1970,Silver
C03134,drew.kumar3134@example.com,Drew,Kumar,2022-06-14,United Kingdom,M,1975,Bronze
C03135,pat.khan3135@example.com,Pat,Khan,2025-03-14,United Kingdom,M,2004,Gold
C03136,pat.chen3136@example.com,Pat,Chen,2022-02-06,Brazil,Other,1967,Silver
C03137,riley.johnson3137@example.com,Riley,Johnson,2023-02-07,United States,Other,1984,Gold
C03138,cameron.lopez3138@example.com,Cameron,Lopez,2022-02-14,India,Other,1972,Bronze
C03139,taylor.singh3139@example.com,Taylor,Singh,2022-07-25,United Kingdom,Other,1990,Silver
C03140,avery.brown3140@example.com,Avery,Brown,2024-05-17,India,M,1974,Bronze
C03141,jamie.patel3141@example.com,Jamie,Patel,2024-03-30,India,M,1973,Bronze
C03142,jordan.smith3142@example.com,Jordan,Smith,2022-12-31,Canada,M,1998,Bronze
C03143,blake.martin3143@example.com,Blake,Martin,2024-10-27,India,M,1998,Silver
C03144,robin.martin3144@example.com,Robin,Martin,2025-02-14,United States,Other,1958,Silver
C03145,chris.singh3145@example.com,Chris,Singh,2023-06-30,United States,F,1956,Bronze
C03146,cameron.kumar3146@example.com,Cameron,Kumar,2022-11-21,France,M,1964,Platinum
C03147,robin.lopez3147@example.com,Robin,Lopez,2024-09-18,United Kingdom,F,1996,Silver
C03148,pat.brown3148@example.com,Pat,Brown,2025-08-13,Canada,F,1967,Gold
C03149,jordan.kumar3149@example.com,Jordan,Kumar,2022-08-19,India,F,1959,Silver
C03150,avery.smith3150@example.com,Avery,Smith,2023-01-29,France,F,1964,Bronze
C03151,riley.lee3151@example.com,Riley,Lee,2025-02-25,Brazil,M,1975,Bronze
C03152,casey.garcia3152@example.com,Casey,Garcia,2023-01-27,Germany,M,1955,Silver
C03153,riley.kumar3153@example.com,Riley,Kumar,2023-08-27,Germany,M,2003,Bronze
C03154,alex.nguyen3154@example.com,Alex,Nguyen,2025-01-06,France,F,1975,Silver
C03155,sam.lee3155@example.com,Sam,Lee,2024-11-19,France,Other,1975,Bronze
C03156,morgan.kumar3156@example.com,Morgan,Kumar,2022-02-18,India,M,1963,Silver
C03157,avery.martin3157@example.com,Avery,Martin,2025-03-14,United States,M,1959,Bronze
C03158,cameron.garcia3158@example.com,Cameron,Garcia,2024-12-17,Brazil,M,1985,Bronze
C03159,chris.garcia3159@example.com,Chris,Garcia,2024-03-30,United States,Other,1994,Bronze
C03160,robin.lee3160@example.com,Robin,Lee,2025-04-09,United Kingdom,Other,1973,Silver
C03161,chris.smith3161@example.com,Chris,Smith,2025-08-22,Brazil,Other,1987,Bronze
C03162,alex.nguyen3162@example.com,Alex,Nguyen,2024-10-12,India,Other,1987,Bronze
C03163,alex.smith3163@example.com,Alex,Smith,2023-03-22,United Kingdom,Other,1983,Bronze
C03164,riley.martin3164@example.com,Riley,Martin,2025-07-13,Brazil,M,1985,Gold
C03165,robin.patel3165@example.com,Robin,Patel,2022-09-19,India,F,1955,Bronze
C03166,sam.chen3166@example.com,Sam,Chen,2024-12-30,Australia,F,1981,Bronze
C03167,riley.johnson3167@example.com,Riley,Johnson,2022-04-02,France,M,1970,Silver
C03168,casey.johnson3168@example.com,Casey,Johnson,2025-06-15,Brazil,Other,1977,Bronze
C03169,alex.khan3169@example.com,Alex,Khan,2024-07-04,France,M,1992,Silver
C03170,drew.wilson3170@example.com,Drew,Wilson,2023-11-25,France,Other,1979,Bronze
C03171,jordan.patel3171@example.com,Jordan,Patel,2022-06-05,India,F,1959,Gold
C03172,taylor.patel3172@example.com,Taylor,Patel,2023-09-24,United States,F,1975,Silver
C03173,jamie.nguyen3173@example.com,Jamie,Nguyen,2024-12-16,India,F,1983,Bronze
C03174,sam.nguyen3174@example.com,Sam,Nguyen,2022-01-19,Canada,F,1987,Bronze
C03175,jordan.brown3175@example.com,Jordan,Brown,2025-05-01,France,F,1999,Bronze
C03176,alex.martin3176@example.com,Alex,Martin,2022-10-04,United States,F,1989,Platinum
C03177,drew.chen3177@example.com,Drew,Chen,2024-01-15,France,Other,1994,Silver
C03178,sam.chen3178@example.com,Sam,Chen,2025-09-08,India,F,1979,Silver
C03179,blake.khan3179@example.com,Blake,Khan,2023-10-01,Canada,Other,1999,Silver
C03180,morgan.kumar3180@example.com,Morgan,Kumar,2024-09-24,India,F,1999,Bronze
C03181,jordan.lopez3181@example.com,Jordan,Lopez,2022-02-24,Brazil,Other,1974,Bronze
C03182,morgan.garcia3182@example.com,Morgan,Garcia,2023-11-15,India,M,1999,Bronze
C03183,jamie.lee3183@example.com,Jamie,Lee,2025-04-22,United Kingdom,F,2002,Bronze
C03184,chris.lopez3184@example.com,Chris,Lopez,2025-05-06,France,Other,1967,Silver
C03185,cameron.smith3185@example.com,Cameron,Smith,2022-07-20,India,M,1971,Bronze
C03186,chris.patel3186@example.com,Chris,Patel,2023-05-24,Germany,M,1956,Bronze
C03187,robin.martin3187@example.com,Robin,Martin,2022-10-02,Germany,M,1973,Bronze
C03188,chris.garcia3188@example.com,Chris,Garcia,2023-05-19,United States,M,1961,Gold
C03189,avery.chen3189@example.com,Avery,Chen,2025-02-15,Australia,Other,1996,Bronze
C03190,casey.chen3190@example.com,Casey,Chen,2022-02-11,United States,Other,1974,Bronze
C03191,alex.brown3191@example.com,Alex,Brown,2022-11-25,United States,M,1971,Gold
C03192,cameron.martin3192@example.com,Cameron,Martin,2022-10-10,United States,M,2001,Bronze
C03193,riley.nguyen3193@example.com,Riley,Nguyen,2022-09-15,Canada,F,1990,Bronze
C03194,taylor.singh3194@example.com,Taylor,Singh,2024-11-08,United States,M,1971,Bronze
C03195,robin.chen3195@example.com,Robin,Chen,2024-04-16,France,M,1993,Bronze
C03196,morgan.chen3196@example.com,Morgan,Chen,2024-01-28,United States,F,1961,Gold
C03197,alex.johnson3197@example.com,Alex,Johnson,2025-01-09,United States,Other,1993,Bronze
C03198,chris.garcia3198@example.com,Chris,Garcia,2023-02-28,Australia,Other,1999,Silver
C03199,chris.brown3199@example.com,Chris,Brown,2022-07-23,France,F,1958,Silver
C03200,morgan.singh3200@example.com,Morgan,Singh,2023-12-29,United States,F,1983,Silver
C03201,chris.chen3201@example.com,Chris,Chen,2022-07-15,France,F,1978,Silver
C03202,chris.patel3202@example.com,Chris,Patel,2022-01-14,United States,M,1959,Silver
C03203,cameron.kumar3203@example.com,Cameron,Kumar,2025-03-15,India,M,1996,Silver
C03204,sam.nguyen3204@example.com,Sam,Nguyen,2024-12-16,United States,F,1973,Bronze
C03205,sam.johnson3205@example.com,Sam,Johnson,2024-02-19,India,Other,1972,Bronze
C03206,chris.nguyen3206@example.com,Chris,Nguyen,2023-06-13,Germany,F,1984,Silver
C03207,casey.wilson3207@example.com,Casey,Wilson,2022-12-10,United Kingdom,M,1965,Bronze
C03208,drew.lee3208@example.com,Drew,Lee,2025-07-26,India,M,1971,Gold
C03209,sam.khan3209@example.com,Sam,Khan,2023-10-03,Brazil,Other,1969,Bronze
C03210,alex.lopez3210@example.com,Alex,Lopez,2025-08-04,India,M,1963,Bronze
C03211,avery.garcia3211@example.com,Avery,Garcia,2022-09-28,United States,M,1982,Silver
C03212,taylor.garcia3212@example.com,Taylor,Garcia,2024-07-08,Canada,M,1989,Bronze
C03213,jamie.patel3213@example.com,Jamie,Patel,2024-03-05,Brazil,Other,1973,Silver
C03214,drew.brown3214@example.com,Drew,Brown,2025-01-04,Brazil,M,1974,Silver
C03215,riley.smith3215@example.com,Riley,Smith,2025-09-06,France,F,1975,Bronze
C03216,blake.johnson3216@example.com,Blake,Johnson,2023-03-09,United Kingdom,Other,1999,Bronze
C03217,alex.garcia3217@example.com,Alex,Garcia,2023-10-03,India,Other,1964,Gold
C03218,sam.brown3218@example.com,Sam,Brown,2024-12-06,United States,Other,1986,Bronze
C03219,cameron.lopez3219@example.com,Cameron,Lopez,2024-08-15,United States,M,1993,Bronze
C03220,riley.khan3220@example.com,Riley,Khan,2024-06-10,United Kingdom,Other,1976,Bronze
C03221,pat.smith3221@example.com,Pat,Smith,2025-03-15,United States,Other,2002,Bronze
C03222,casey.smith3222@example.com,Casey,Smith,2024-11-16,Canada,F,1982,Bronze
C03223,pat.smith3223@example.com,Pat,Smith,2023-06-14,United States,M,1993,Bronze
C03224,alex.garcia3224@example.com,Alex,Garcia,2024-09-15,United States,F,1972,Bronze
C03225,drew.patel3225@example.com,Drew,Patel,2023-03-04,United States,Other,1962,Bronze
C03226,alex.patel3226@example.com,Alex,Patel,2024-04-01,India,F,1985,Bronze
C03227,blake.patel3227@example.com,Blake,Patel,2025-03-31,Australia,Other,1961,Bronze
C03228,morgan.lopez3228@example.com,Morgan,Lopez,2024-07-20,France,F,1972,Bronze
C03229,riley.wilson3229@example.com,Riley,Wilson,2024-11-27,United Kingdom,F,1963,Platinum
C03230,jamie.johnson3230@example.com,Jamie,Johnson,2023-12-14,India,M,2000,Gold
C03231,jordan.wilson3231@example.com,Jordan,Wilson,2025-05-08,Australia,F,1989,Bronze
C03232,chris.johnson3232@example.com,Chris,Johnson,2023-08-17,United Kingdom,F,1959,Bronze
C03233,jordan.smith3233@example.com,Jordan,Smith,2022-06-07,India,Other,1958,Silver
C03234,avery.brown3234@example.com,Avery,Brown,2022-06-16,France,Other,1974,Bronze
C03235,pat.brown3235@example.com,Pat,Brown,2024-08-17,France,F,1979,Bronze
C03236,jamie.singh3236@example.com,Jamie,Singh,2025-05-12,India,F,1956,Gold
C03237,pat.martin3237@example.com,Pat,Martin,2022-08-23,United Kingdom,Other,1968,Bronze
C03238,casey.brown3238@example.com,Casey,Brown,2025-03-19,United States,Other,1985,Silver
C03239,taylor.chen3239@example.com,Taylor,Chen,2025-07-26,Germany,F,2002,Silver
C03240,blake.lopez3240@example.com,Blake,Lopez,2023-02-08,India,F,1992,Silver
C03241,pat.nguyen3241@example.com,Pat,Nguyen,2025-08-27,United Kingdom,F,1958,Bronze
C03242,sam.khan3242@example.com,Sam,Khan,2022-03-29,Australia,Other,1979,Bronze
C03243,morgan.smith3243@example.com,Morgan,Smith,2022-01-01,United States,M,1961,Bronze
C03244,robin.garcia3244@example.com,Robin,Garcia,2022-05-20,France,F,1996,Bronze
C03245,alex.singh3245@example.com,Alex,Singh,2022-05-13,United States,M,1998,Bronze
C03246,chris.singh3246@example.com,Chris,Singh,2022-06-27,Australia,Other,1996,Silver
C03247,morgan.patel3247@example.com,Morgan,Patel,2023-01-15,Brazil,F,1966,Bronze
C03248,pat.lopez3248@example.com,Pat,Lopez,2023-10-20,United States,F,1956,Silver
C03249,pat.patel3249@example.com,Pat,Patel,2023-08-09,France,Other,1969,Silver
C03250,robin.smith3250@example.com,Robin,Smith,2024-09-16,Australia,M,1998,Silver
C03251,alex.smith3251@example.com,Alex,Smith,2022-05-02,France,F,1971,Gold
C03252,avery.lee3252@example.com,Avery,Lee,2025-05-04,United Kingdom,M,1961,Gold
C03253,cameron.johnson3253@example.com,Cameron,Johnson,2022-11-14,France,M,1995,Bronze
C03254,pat.patel3254@example.com,Pat,Patel,2025-06-29,France,F,1993,Bronze
C03255,jamie.martin3255@example.com,Jamie,Martin,2022-04-29,Germany,M,1988,Bronze
C03256,drew.khan3256@example.com,Drew,Khan,2023-12-11,United States,M,2004,Gold
C03257,morgan.lee3257@example.com,Morgan,Lee,2022-02-14,India,M,1988,Silver
C03258,casey.khan3258@example.com,Casey,Khan,2023-07-10,Canada,F,1969,Silver
C03259,cameron.chen3259@example.com,Cameron,Chen,2025-01-06,France,Other,1960,Platinum
C03260,jordan.lopez3260@example.com,Jordan,Lopez,2023-05-30,United States,F,1976,Bronze
C03261,jamie.garcia3261@example.com,Jamie,Garcia,2022-03-15,India,Other,1957,Silver
C03262,cameron.chen3262@example.com,Cameron,Chen,2023-05-24,United Kingdom,Other,1966,Bronze
C03263,jordan.lopez3263@example.com,Jordan,Lopez,2025-01-21,France,Other,2002,Platinum
C03264,riley.martin3264@example.com,Riley,Martin,2023-10-19,France,F,1961,Platinum
C03265,sam.johnson3265@example.com,Sam,Johnson,2025-07-16,United States,F,1956,Bronze
C03266,blake.johnson3266@example.com,Blake,Johnson,2024-10-24,United States,Other,1964,Gold
C03267,taylor.nguyen3267@example.com,Taylor,Nguyen,2025-06-08,United Kingdom,M,1978,Silver
C03268,pat.patel3268@example.com,Pat,Patel,2024-12-11,France,Other,1960,Bronze
C03269,blake.patel3269@example.com,Blake,Patel,2022-11-21,India,F,1986,Bronze
C03270,taylor.khan3270@example.com,Taylor,Khan,2023-12-18,United Kingdom,M,1973,Bronze
C03271,jamie.martin3271@example.com,Jamie,Martin,2022-10-04,France,M,1978,Bronze
C03272,cameron.wilson3272@example.com,Cameron,Wilson,2022-06-01,United Kingdom,F,1989,Platinum
C03273,alex.wilson3273@example.com,Alex,Wilson,2022-09-16,Germany,F,1958,Silver
C03274,robin.lee3274@example.com,Robin,Lee,2024-10-13,United Kingdom,Other,1991,Bronze
C03275,alex.singh3275@example.com,Alex,Singh,2025-04-06,Canada,M,2002,Bronze
C03276,blake.lopez3276@example.com,Blake,Lopez,2022-11-06,India,Other,1989,Bronze
C03277,chris.singh3277@example.com,Chris,Singh,2024-12-15,India,Other,1998,Bronze
C03278,avery.kumar3278@example.com,Avery,Kumar,2023-04-18,India,M,1994,Silver
C03279,pat.singh3279@example.com,Pat,Singh,2023-04-06,United Kingdom,F,1958,Bronze
C03280,chris.lee3280@example.com,Chris,Lee,2024-03-24,France,M,1968,Gold
C03281,drew.nguyen3281@example.com,Drew,Nguyen,2025-03-10,France,M,1981,Gold
C03282,alex.kumar3282@example.com,Alex,Kumar,2022-09-19,United States,M,1971,Silver
C03283,sam.johnson3283@example.com,Sam,Johnson,2025-06-18,India,M,1989,Bronze
C03284,drew.lee3284@example.com,Drew,Lee,2024-02-09,Brazil,M,1967,Bronze
C03285,cameron.kumar3285@example.com,Cameron,Kumar,2022-06-29,United Kingdom,M,1956,Gold
C03286,jordan.patel3286@example.com,Jordan,Patel,2024-03-30,Canada,F,1982,Gold
C03287,robin.chen3287@example.com,Robin,Chen,2022-06-20,United Kingdom,Other,1980,Silver
C03288,sam.smith3288@example.com,Sam,Smith,2023-06-18,Germany,Other,2001,Bronze
C03289,blake.lee3289@example.com,Blake,Lee,2025-02-04,United States,M,1957,Silver
C03290,alex.garcia3290@example.com,Alex,Garcia,2022-08-15,Brazil,M,1966,Bronze
C03291,cameron.lee3291@example.com,Cameron,Lee,2023-12-29,India,M,1959,Silver
C03292,jamie.chen3292@example.com,Jamie,Chen,2022-03-25,United States,Other,1993,Platinum
C03293,cameron.johnson3293@example.com,Cameron,Johnson,2024-11-02,India,Other,1995,Silver
C03294,avery.chen3294@example.com,Avery,Chen,2023-11-24,United States,M,1999,Bronze
C03295,sam.johnson3295@example.com,Sam,Johnson,2025-07-15,France,Other,1967,Bronze
C03296,riley.brown3296@example.com,Riley,Brown,2025-02-17,Germany,M,1964,Silver
C03297,taylor.johnson3297@example.com,Taylor,Johnson,2022-12-19,Brazil,M,1994,Silver
C03298,jordan.garcia3298@example.com,Jordan,Garcia,2023-10-02,Australia,Other,1999,Bronze
C03299,morgan.khan3299@example.com,Morgan,Khan,2022-09-16,Australia,F,1959,Bronze
C03300,avery.martin3300@example.com,Avery,Martin,2023-12-31,Germany,Other,1965,Bronze
C03301,blake.nguyen3301@example.com,Blake,Nguyen,2024-04-18,United Kingdom,M,1964,Silver
C03302,alex.lee3302@example.com,Alex,Lee,2025-02-13,India,M,1988,Gold
C03303,riley.kumar3303@example.com,Riley,Kumar,2023-06-27,Brazil,Other,1965,Bronze
C03304,jamie.smith3304@example.com,Jamie,Smith,2025-06-14,France,F,1961,Silver
C03305,riley.kumar3305@example.com,Riley,Kumar,2024-12-25,France,Other,1960,Bronze
C03306,riley.nguyen3306@example.com,Riley,Nguyen,2023-03-23,France,Other,1986,Bronze
C03307,avery.martin3307@example.com,Avery,Martin,2023-06-16,India,F,1988,Silver
C03308,pat.lopez3308@example.com,Pat,Lopez,2023-04-09,United Kingdom,Other,1979,Bronze
C03309,cameron.brown3309@example.com,Cameron,Brown,2023-01-31,United States,Other,1961,Bronze
C03310,pat.garcia3310@example.com,Pat,Garcia,2023-01-30,India,F,1960,Bronze
C03311,jamie.chen3311@example.com,Jamie,Chen,2025-01-19,France,M,2000,Bronze
C03312,cameron.kumar3312@example.com,Cameron,Kumar,2024-12-29,India,M,1992,Gold
C03313,drew.martin3313@example.com,Drew,Martin,2023-10-04,India,M,1976,Gold
C03314,morgan.martin3314@example.com,Morgan,Martin,2023-01-04,United States,Other,1983,Silver
C03315,blake.johnson3315@example.com,Blake,Johnson,2022-02-18,United States,M,1987,Gold
C03316,sam.smith3316@example.com,Sam,Smith,2025-06-16,India,F,1959,Bronze
C03317,taylor.smith3317@example.com,Taylor,Smith,2024-09-25,India,Other,1972,Bronze
C03318,chris.brown3318@example.com,Chris,Brown,2025-04-04,United States,F,1991,Silver
C03319,morgan.garcia3319@example.com,Morgan,Garcia,2023-04-24,France,Other,1964,Bronze
C03320,alex.martin3320@example.com,Alex,Martin,2023-11-13,France,F,2002,Bronze
C03321,cameron.lopez3321@example.com,Cameron,Lopez,2025-08-16,Canada,Other,1972,Bronze
C03322,jamie.kumar3322@example.com,Jamie,Kumar,2022-03-28,United States,F,1987,Bronze
C03323,robin.johnson3323@example.com,Robin,Johnson,2022-01-16,United Kingdom,Other,1992,Bronze
C03324,morgan.patel3324@example.com,Morgan,Patel,2022-06-12,United States,F,1988,Bronze
C03325,pat.singh3325@example.com,Pat,Singh,2023-05-29,India,M,1984,Silver
C03326,pat.patel3326@example.com,Pat,Patel,2023-11-12,France,F,1970,Bronze
C03327,pat.garcia3327@example.com,Pat,Garcia,2025-01-20,United States,Other,1993,Gold
C03328,taylor.chen3328@example.com,Taylor,Chen,2025-08-17,France,F,1974,Silver
C03329,drew.wilson3329@example.com,Drew,Wilson,2025-04-27,Canada,F,1981,Bronze
C03330,cameron.brown3330@example.com,Cameron,Brown,2025-08-30,France,Other,1999,Gold
C03331,riley.brown3331@example.com,Riley,Brown,2024-07-11,Germany,M,1980,Silver
C03332,jamie.patel3332@example.com,Jamie,Patel,2022-05-08,India,Other,1961,Bronze
C03333,blake.lee3333@example.com,Blake,Lee,2023-07-19,India,F,1992,Bronze
C03334,sam.khan3334@example.com,Sam,Khan,2023-03-29,India,Other,1977,Silver
C03335,chris.lee3335@example.com,Chris,Lee,2024-09-14,India,F,1988,Silver
C03336,cameron.johnson3336@example.com,Cameron,Johnson,2022-08-12,United Kingdom,F,1980,Silver
C03337,taylor.brown3337@example.com,Taylor,Brown,2023-07-14,Australia,Other,1985,Bronze
C03338,jamie.khan3338@example.com,Jamie,Khan,2025-03-16,United States,F,1963,Bronze
C03339,jamie.martin3339@example.com,Jamie,Martin,2022-12-15,Canada,Other,1993,Bronze
C03340,taylor.patel3340@example.com,Taylor,Patel,2024-02-11,Canada,M,1957,Bronze
C03341,cameron.brown3341@example.com,Cameron,Brown,2024-10-12,India,M,1983,Bronze
C03342,drew.garcia3342@example.com,Drew,Garcia,2023-01-07,India,M,1965,Silver
C03343,chris.wilson3343@example.com,Chris,Wilson,2022-04-07,United States,M,1992,Bronze
C03344,robin.nguyen3344@example.com,Robin,Nguyen,2025-05-11,Brazil,F,1981,Bronze
C03345,drew.johnson3345@example.com,Drew,Johnson,2024-09-19,India,M,1975,Bronze
C03346,riley.lopez3346@example.com,Riley,Lopez,2024-01-05,Germany,F,1992,Bronze
C03347,jamie.wilson3347@example.com,Jamie,Wilson,2024-12-05,United States,F,1956,Silver
C03348,jordan.patel3348@example.com,Jordan,Patel,2023-08-26,United States,M,1990,Gold
C03349,alex.chen3349@example.com,Alex,Chen,2025-02-08,United Kingdom,M,1972,Bronze
C03350,pat.chen3350@example.com,Pat,Chen,2022-05-03,Germany,Other,1955,Bronze
C03351,morgan.nguyen3351@example.com,Morgan,Nguyen,2023-03-23,United Kingdom,Other,1989,Bronze
C03352,avery.kumar3352@example.com,Avery,Kumar,2025-08-07,United States,Other,1985,Bronze
C03353,drew.patel3353@example.com,Drew,Patel,2023-09-07,United States,Other,1955,Bronze
C03354,cameron.singh3354@example.com,Cameron,Singh,2022-10-08,United States,M,1997,Bronze
C03355,jordan.johnson3355@example.com,Jordan,Johnson,2023-08-19,United States,Other,1957,Bronze
C03356,taylor.lee3356@example.com,Taylor,Lee,2023-12-04,Germany,F,1956,Platinum
C03357,sam.garcia3357@example.com,Sam,Garcia,2022-07-29,United Kingdom,F,1998,Bronze
C03358,casey.smith3358@example.com,Casey,Smith,2024-08-17,India,F,1964,Silver
C03359,cameron.johnson3359@example.com,Cameron,Johnson,2023-08-04,India,M,1963,Bronze
C03360,jamie.johnson3360@example.com,Jamie,Johnson,2022-09-15,United States,F,1988,Gold
C03361,taylor.brown3361@example.com,Taylor,Brown,2025-04-26,United States,M,1992,Silver
C03362,alex.nguyen3362@example.com,Alex,Nguyen,2022-07-08,Brazil,M,1985,Bronze
C03363,alex.brown3363@example.com,Alex,Brown,2022-01-10,Germany,M,2004,Gold
C03364,casey.martin3364@example.com,Casey,Martin,2025-01-04,United Kingdom,Other,1990,Silver
C03365,morgan.smith3365@example.com,Morgan,Smith,2023-05-17,India,M,1975,Bronze
C03366,robin.singh3366@example.com,Robin,Singh,2022-02-18,Germany,M,2001,Bronze
C03367,taylor.patel3367@example.com,Taylor,Patel,2024-04-17,United States,F,2002,Bronze
C03368,alex.martin3368@example.com,Alex,Martin,2023-11-20,Germany,F,1957,Bronze
C03369,casey.chen3369@example.com,Casey,Chen,2024-08-27,United States,Other,1959,Bronze
C03370,alex.nguyen3370@example.com,Alex,Nguyen,2024-10-02,Germany,Other,1980,Bronze
C03371,pat.khan3371@example.com,Pat,Khan,2024-10-01,India,Other,1980,Silver
C03372,chris.martin3372@example.com,Chris,Martin,2025-06-07,United States,F,1998,Gold
C03373,sam.nguyen3373@example.com,Sam,Nguyen,2024-11-15,United Kingdom,Other,1962,Bronze
C03374,robin.nguyen3374@example.com,Robin,Nguyen,2025-07-08,India,M,1969,Bronze
C03375,sam.smith3375@example.com,Sam,Smith,2022-05-03,India,M,1970,Bronze
C03376,taylor.kumar3376@example.com,Taylor,Kumar,2025-07-04,Canada,Other,1970,Silver
C03377,robin.brown3377@example.com,Robin,Brown,2022-09-16,France,F,2001,Silver
C03378,jamie.smith3378@example.com,Jamie,Smith,2024-05-12,Australia,F,1967,Bronze
C03379,taylor.khan3379@example.com,Taylor,Khan,2024-06-06,United States,M,1970,Bronze
C03380,avery.martin3380@example.com,Avery,Martin,2025-08-27,United States,F,1997,Gold
C03381,cameron.martin3381@example.com,Cameron,Martin,2022-05-29,India,M,1956,Bronze
C03382,blake.lopez3382@example.com,Blake,Lopez,2023-03-14,India,Other,1981,Bronze
C03383,avery.brown3383@example.com,Avery,Brown,2025-01-18,United States,M,1992,Bronze
C03384,avery.smith3384@example.com,Avery,Smith,2025-04-12,Canada,F,1979,Gold
C03385,blake.smith3385@example.com,Blake,Smith,2023-04-01,United Kingdom,Other,1962,Bronze
C03386,jordan.lee3386@example.com,Jordan,Lee,2023-09-21,United States,M,1961,Bronze
C03387,morgan.singh3387@example.com,Morgan,Singh,2024-04-11,Brazil,F,1992,Bronze
C03388,robin.smith3388@example.com,Robin,Smith,2023-06-17,United Kingdom,M,1962,Bronze
C03389,chris.johnson3389@example.com,Chris,Johnson,2023-01-06,United Kingdom,M,1975,Gold
C03390,sam.nguyen3390@example.com,Sam,Nguyen,2022-09-05,Germany,M,1974,Silver
C03391,blake.lopez3391@example.com,Blake,Lopez,2022-09-21,United States,Other,2000,Bronze
C03392,taylor.lopez3392@example.com,Taylor,Lopez,2022-01-31,Brazil,Other,2004,Bronze
C03393,chris.wilson3393@example.com,Chris,Wilson,2025-06-26,United States,M,1983,Bronze
C03394,cameron.singh3394@example.com,Cameron,Singh,2025-07-18,United States,Other,1984,Bronze
C03395,morgan.smith3395@example.com,Morgan,Smith,2023-05-17,United States,F,1970,Bronze
C03396,morgan.johnson3396@example.com,Morgan,Johnson,2025-01-12,France,M,1999,Bronze
C03397,robin.lee3397@example.com,Robin,Lee,2024-06-04,France,Other,1991,Gold
C03398,chris.singh3398@example.com,Chris,Singh,2024-04-18,India,M,1977,Silver
C03399,robin.wilson3399@example.com,Robin,Wilson,2025-01-21,France,Other,1970,Bronze
C03400,jamie.kumar3400@example.com,Jamie,Kumar,2023-09-06,United States,Other,1982,Silver
C03401,avery.chen3401@example.com,Avery,Chen,2023-03-08,India,F,1992,Gold
C03402,drew.brown3402@example.com,Drew,Brown,2022-06-08,Germany,F,1968,Silver
C03403,pat.lee3403@example.com,Pat,Lee,2023-01-08,Canada,F,1987,Bronze
C03404,casey.johnson3404@example.com,Casey,Johnson,2025-01-01,India,Other,1981,Gold
C03405,casey.khan3405@example.com,Casey,Khan,2022-08-04,United States,F,1967,Silver
C03406,morgan.johnson3406@example.com,Morgan,Johnson,2024-09-14,Canada,F,1982,Bronze
C03407,drew.wilson3407@example.com,Drew,Wilson,2024-04-19,United States,F,1977,Silver
C03408,robin.khan3408@example.com,Robin,Khan,2025-05-29,India,M,1959,Gold
C03409,riley.wilson3409@example.com,Riley,Wilson,2023-07-08,France,F,1961,Bronze
C03410,robin.lopez3410@example.com,Robin,Lopez,2024-12-01,India,Other,1990,Bronze
C03411,jordan.smith3411@example.com,Jordan,Smith,2024-05-22,United Kingdom,Other,1981,Gold
C03412,jordan.patel3412@example.com,Jordan,Patel,2024-12-17,United Kingdom,Other,2000,Silver
C03413,jordan.chen3413@example.com,Jordan,Chen,2024-04-13,Brazil,M,1979,Bronze
C03414,avery.singh3414@example.com,Avery,Singh,2025-01-01,India,M,1981,Silver
C03415,casey.khan3415@example.com,Casey,Khan,2025-02-26,United States,M,1977,Bronze
C03416,chris.khan3416@example.com,Chris,Khan,2024-04-21,Australia,M,1996,Bronze
C03417,robin.singh3417@example.com,Robin,Singh,2024-08-05,Brazil,F,1979,Bronze
C03418,cameron.chen3418@example.com,Cameron,Chen,2025-02-22,Brazil,F,1957,Bronze
C03419,casey.nguyen3419@example.com,Casey,Nguyen,2022-01-06,Brazil,F,1960,Bronze
C03420,cameron.garcia3420@example.com,Cameron,Garcia,2023-07-19,Australia,M,1956,Platinum
C03421,robin.nguyen3421@example.com,Robin,Nguyen,2024-04-05,India,M,1972,Silver
C03422,cameron.smith3422@example.com,Cameron,Smith,2024-10-22,France,M,1966,Gold
C03423,jamie.johnson3423@example.com,Jamie,Johnson,2023-10-24,France,F,1991,Silver
C03424,taylor.kumar3424@example.com,Taylor,Kumar,2023-02-08,India,Other,1993,Silver
C03425,robin.lee3425@example.com,Robin,Lee,2023-06-20,France,M,2002,Bronze
C03426,alex.wilson3426@example.com,Alex,Wilson,2025-05-20,United States,Other,1955,Bronze
C03427,sam.lee3427@example.com,Sam,Lee,2025-05-17,United Kingdom,F,1955,Gold
C03428,pat.nguyen3428@example.com,Pat,Nguyen,2022-04-27,India,F,1999,Silver
C03429,pat.garcia3429@example.com,Pat,Garcia,2022-04-15,India,Other,2001,Bronze
C03430,riley.lopez3430@example.com,Riley,Lopez,2022-02-15,Australia,Other,1965,Bronze
C03431,jamie.smith3431@example.com,Jamie,Smith,2025-05-24,India,F,1976,Bronze
C03432,cameron.lopez3432@example.com,Cameron,Lopez,2024-08-17,Brazil,Other,1998,Bronze
C03433,drew.lee3433@example.com,Drew,Lee,2024-04-24,India,F,1955,Bronze
C03434,robin.lopez3434@example.com,Robin,Lopez,2023-06-20,France,F,1964,Bronze
C03435,drew.lee3435@example.com,Drew,Lee,2023-06-24,India,M,1990,Bronze
C03436,taylor.singh3436@example.com,Taylor,Singh,2022-01-16,Brazil,M,1971,Silver
C03437,jamie.garcia3437@example.com,Jamie,Garcia,2022-08-31,Germany,F,1969,Bronze
C03438,alex.martin3438@example.com,Alex,Martin,2024-06-30,United Kingdom,F,1969,Silver
C03439,taylor.patel3439@example.com,Taylor,Patel,2024-01-31,India,M,1988,Bronze
C03440,riley.chen3440@example.com,Riley,Chen,2023-12-06,Australia,Other,1969,Bronze
C03441,jamie.lee3441@example.com,Jamie,Lee,2022-04-25,India,Other,1958,Bronze
C03442,riley.garcia3442@example.com,Riley,Garcia,2025-08-15,Brazil,Other,1959,Bronze
C03443,alex.wilson3443@example.com,Alex,Wilson,2023-02-01,Canada,F,1964,Silver
C03444,jordan.lopez3444@example.com,Jordan,Lopez,2025-01-03,United Kingdom,F,1972,Bronze
C03445,riley.martin3445@example.com,Riley,Martin,2025-01-31,India,M,1995,Silver
C03446,taylor.lopez3446@example.com,Taylor,Lopez,2024-09-28,India,Other,2004,Bronze
C03447,drew.nguyen3447@example.com,Drew,Nguyen,2025-05-23,France,M,1961,Silver
C03448,chris.johnson3448@example.com,Chris,Johnson,2022-11-11,United States,Other,1993,Gold
C03449,avery.lopez3449@example.com,Avery,Lopez,2022-09-16,United States,Other,1966,Bronze
C03450,blake.lee3450@example.com,Blake,Lee,2022-01-07,United States,Other,2003,Bronze
C03451,riley.patel3451@example.com,Riley,Patel,2022-06-10,United States,Other,1991,Bronze
C03452,morgan.smith3452@example.com,Morgan,Smith,2022-06-25,Germany,F,1969,Gold
C03453,robin.khan3453@example.com,Robin,Khan,2024-10-22,United States,F,1995,Bronze
C03454,morgan.khan3454@example.com,Morgan,Khan,2023-03-31,Germany,M,1986,Bronze
C03455,chris.nguyen3455@example.com,Chris,Nguyen,2022-10-03,United Kingdom,M,2004,Bronze
C03456,blake.johnson3456@example.com,Blake,Johnson,2023-11-07,United States,Other,1986,Bronze
C03457,jordan.nguyen3457@example.com,Jordan,Nguyen,2024-11-17,United States,Other,1967,Silver
C03458,pat.khan3458@example.com,Pat,Khan,2024-10-21,United Kingdom,Other,1989,Bronze
C03459,jordan.patel3459@example.com,Jordan,Patel,2025-02-09,India,M,1984,Bronze
C03460,taylor.johnson3460@example.com,Taylor,Johnson,2025-08-26,United Kingdom,F,1990,Silver
C03461,alex.martin3461@example.com,Alex,Martin,2023-03-15,United States,M,1979,Silver
C03462,casey.nguyen3462@example.com,Casey,Nguyen,2023-08-18,United Kingdom,F,1955,Bronze
C03463,blake.kumar3463@example.com,Blake,Kumar,2022-11-03,United States,F,1976,Gold
C03464,drew.brown3464@example.com,Drew,Brown,2023-09-11,United States,F,1999,Bronze
C03465,taylor.lee3465@example.com,Taylor,Lee,2022-12-23,United States,Other,1990,Bronze
C03466,casey.chen3466@example.com,Casey,Chen,2022-03-09,Brazil,M,1990,Bronze
C03467,avery.khan3467@example.com,Avery,Khan,2023-11-23,United States,F,1972,Silver
C03468,casey.lee3468@example.com,Casey,Lee,2023-03-10,Canada,F,1970,Bronze
C03469,avery.nguyen3469@example.com,Avery,Nguyen,2024-07-02,United Kingdom,F,1976,Bronze
C03470,morgan.smith3470@example.com,Morgan,Smith,2022-03-07,Germany,F,1975,Bronze
C03471,drew.garcia3471@example.com,Drew,Garcia,2023-01-19,United States,F,1998,Silver
C03472,morgan.lopez3472@example.com,Morgan,Lopez,2022-02-08,Canada,Other,1983,Gold
C03473,blake.johnson3473@example.com,Blake,Johnson,2024-04-01,India,Other,1980,Gold
C03474,blake.garcia3474@example.com,Blake,Garcia,2024-02-24,Australia,M,1970,Silver
C03475,taylor.patel3475@example.com,Taylor,Patel,2025-04-26,India,M,1985,Bronze
C03476,morgan.patel3476@example.com,Morgan,Patel,2025-06-20,United States,M,1963,Bronze
C03477,cameron.kumar3477@example.com,Cameron,Kumar,2023-04-24,United States,F,1968,Silver
C03478,chris.garcia3478@example.com,Chris,Garcia,2023-07-15,United Kingdom,F,1991,Silver
C03479,chris.chen3479@example.com,Chris,Chen,2023-05-29,India,F,2002,Bronze
C03480,avery.lopez3480@example.com,Avery,Lopez,2022-08-26,India,Other,1968,Bronze
C03481,riley.singh3481@example.com,Riley,Singh,2024-12-18,Canada,Other,1987,Silver
C03482,robin.kumar3482@example.com,Robin,Kumar,2025-01-27,Canada,M,1993,Bronze
C03483,cameron.lopez3483@example.com,Cameron,Lopez,2023-05-10,France,Other,1974,Bronze
C03484,robin.lee3484@example.com,Robin,Lee,2024-01-25,United Kingdom,F,1995,Bronze
C03485,avery.wilson3485@example.com,Avery,Wilson,2022-07-30,Canada,F,1991,Bronze
C03486,blake.brown3486@example.com,Blake,Brown,2022-05-20,Canada,F,1983,Bronze
C03487,taylor.chen3487@example.com,Taylor,Chen,2022-09-27,United Kingdom,F,1966,Silver
C03488,chris.patel3488@example.com,Chris,Patel,2023-05-21,India,Other,1996,Silver
C03489,blake.kumar3489@example.com,Blake,Kumar,2022-02-01,United States,F,1964,Silver
C03490,taylor.nguyen3490@example.com,Taylor,Nguyen,2025-04-09,Australia,Other,1971,Silver
C03491,pat.brown3491@example.com,Pat,Brown,2024-12-28,Brazil,M,1999,Bronze
C03492,sam.singh3492@example.com,Sam,Singh,2022-12-28,Germany,M,1963,Bronze
C03493,taylor.patel3493@example.com,Taylor,Patel,2024-07-17,Brazil,M,1990,Silver
C03494,blake.nguyen3494@example.com,Blake,Nguyen,2022-04-10,Brazil,F,1972,Bronze
C03495,jamie.singh3495@example.com,Jamie,Singh,2022-01-09,United Kingdom,Other,1983,Bronze
C03496,pat.johnson3496@example.com,Pat,Johnson,2025-02-11,United Kingdom,M,1968,Bronze
C03497,morgan.chen3497@example.com,Morgan,Chen,2024-07-09,Canada,M,1969,Bronze
C03498,taylor.kumar3498@example.com,Taylor,Kumar,2023-01-25,France,F,1996,Gold
C03499,blake.khan3499@example.com,Blake,Khan,2022-06-06,Canada,Other,1969,Bronze
C03500,morgan.brown3500@example.com,Morgan,Brown,2022-09-17,United Kingdom,Other,1972,Platinum
C03501,jamie.patel3501@example.com,Jamie,Patel,2024-01-24,United States,F,2003,Bronze
C03502,sam.johnson3502@example.com,Sam,Johnson,2025-04-10,United States,M,1993,Bronze
C03503,alex.chen3503@example.com,Alex,Chen,2023-12-21,United States,Other,1965,Bronze
C03504,chris.johnson3504@example.com,Chris,Johnson,2025-07-17,Brazil,Other,1957,Gold
C03505,morgan.brown3505@example.com,Morgan,Brown,2023-09-18,United States,M,1996,Silver
C03506,alex.lee3506@example.com,Alex,Lee,2022-11-16,United Kingdom,F,1992,Silver
C03507,chris.garcia3507@example.com,Chris,Garcia,2024-05-23,United States,Other,1972,Bronze
C03508,riley.kumar3508@example.com,Riley,Kumar,2024-08-11,United Kingdom,M,1974,Bronze
C03509,jordan.smith3509@example.com,Jordan,Smith,2023-07-24,Canada,M,2002,Bronze
C03510,jordan.kumar3510@example.com,Jordan,Kumar,2024-09-11,France,Other,1992,Bronze
C03511,riley.smith3511@example.com,Riley,Smith,2023-04-06,France,Other,1958,Bronze
C03512,riley.wilson3512@example.com,Riley,Wilson,2024-06-05,Brazil,M,1968,Bronze
C03513,avery.garcia3513@example.com,Avery,Garcia,2025-01-20,United States,M,1991,Bronze
C03514,blake.johnson3514@example.com,Blake,Johnson,2023-06-04,France,M,1998,Bronze
C03515,taylor.nguyen3515@example.com,Taylor,Nguyen,2025-01-26,United Kingdom,Other,1998,Bronze
C03516,avery.garcia3516@example.com,Avery,Garcia,2024-07-15,India,M,1999,Bronze
C03517,morgan.singh3517@example.com,Morgan,Singh,2023-10-11,India,F,1996,Bronze
C03518,avery.patel3518@example.com,Avery,Patel,2024-11-21,Germany,F,1987,Bronze
C03519,taylor.nguyen3519@example.com,Taylor,Nguyen,2023-08-02,India,Other,1984,Silver
C03520,pat.martin3520@example.com,Pat,Martin,2022-04-24,United States,F,1966,Bronze
C03521,avery.lopez3521@example.com,Avery,Lopez,2024-11-18,Canada,Other,1957,Bronze
C03522,sam.patel3522@example.com,Sam,Patel,2023-04-19,Brazil,M,1984,Silver
C03523,drew.garcia3523@example.com,Drew,Garcia,2024-06-23,United States,F,1980,Bronze
C03524,chris.brown3524@example.com,Chris,Brown,2023-01-21,Germany,F,1957,Gold
C03525,riley.lopez3525@example.com,Riley,Lopez,2023-03-06,France,Other,1958,Silver
C03526,taylor.nguyen3526@example.com,Taylor,Nguyen,2025-03-10,Germany,M,1993,Bronze
C03527,morgan.patel3527@example.com,Morgan,Patel,2025-08-16,United Kingdom,F,1989,Bronze
C03528,morgan.singh3528@example.com,Morgan,Singh,2022-11-07,India,F,1977,Bronze
C03529,chris.martin3529@example.com,Chris,Martin,2024-03-19,United States,F,1998,Bronze
C03530,jamie.johnson3530@example.com,Jamie,Johnson,2023-07-30,United States,Other,1985,Gold
C03531,casey.patel3531@example.com,Casey,Patel,2022-02-16,India,M,1956,Bronze
C03532,morgan.martin3532@example.com,Morgan,Martin,2022-12-18,United States,Other,1972,Bronze
C03533,blake.johnson3533@example.com,Blake,Johnson,2022-02-27,United States,M,1996,Silver
C03534,chris.lee3534@example.com,Chris,Lee,2024-03-22,India,M,1964,Bronze
C03535,chris.johnson3535@example.com,Chris,Johnson,2024-02-07,Brazil,M,1997,Bronze
C03536,taylor.garcia3536@example.com,Taylor,Garcia,2025-03-31,United Kingdom,M,1991,Bronze
C03537,avery.lee3537@example.com,Avery,Lee,2022-10-13,Canada,Other,1961,Bronze
C03538,jordan.wilson3538@example.com,Jordan,Wilson,2024-06-04,India,M,1957,Gold
C03539,taylor.smith3539@example.com,Taylor,Smith,2023-02-01,Brazil,Other,1957,Bronze
C03540,sam.lee3540@example.com,Sam,Lee,2022-01-26,Brazil,M,1978,Bronze
C03541,casey.lee3541@example.com,Casey,Lee,2025-05-06,Brazil,F,1997,Bronze
C03542,cameron.johnson3542@example.com,Cameron,Johnson,2022-07-07,United States,M,2003,Gold
C03543,drew.smith3543@example.com,Drew,Smith,2024-03-20,United Kingdom,F,1966,Bronze
C03544,casey.chen3544@example.com,Casey,Chen,2023-03-26,United States,M,1965,Bronze
C03545,morgan.johnson3545@example.com,Morgan,Johnson,2024-09-12,United States,M,1972,Bronze
C03546,taylor.chen3546@example.com,Taylor,Chen,2023-08-20,Canada,F,1990,Bronze
C03547,jamie.brown3547@example.com,Jamie,Brown,2023-09-08,India,Other,2000,Silver
C03548,taylor.johnson3548@example.com,Taylor,Johnson,2023-07-10,Australia,M,1976,Silver
C03549,morgan.johnson3549@example.com,Morgan,Johnson,2023-05-06,United States,F,1984,Bronze
C03550,robin.kumar3550@example.com,Robin,Kumar,2025-07-11,India,F,1988,Bronze
C03551,blake.khan3551@example.com,Blake,Khan,2024-04-04,India,Other,2001,Silver
C03552,pat.kumar3552@example.com,Pat,Kumar,2025-02-12,Canada,Other,1974,Silver
C03553,morgan.kumar3553@example.com,Morgan,Kumar,2022-10-08,United Kingdom,M,1973,Gold
C03554,casey.chen3554@example.com,Casey,Chen,2024-02-12,India,M,1965,Silver
C03555,sam.patel3555@example.com,Sam,Patel,2023-12-20,France,M,1962,Silver
C03556,riley.garcia3556@example.com,Riley,Garcia,2022-07-30,India,M,1977,Bronze
C03557,pat.lopez3557@example.com,Pat,Lopez,2024-07-11,United States,F,1994,Bronze
C03558,drew.nguyen3558@example.com,Drew,Nguyen,2022-01-26,Germany,Other,1981,Bronze
C03559,drew.kumar3559@example.com,Drew,Kumar,2023-12-03,Germany,F,1973,Silver
C03560,morgan.brown3560@example.com,Morgan,Brown,2023-11-13,United States,F,1983,Gold
C03561,chris.lopez3561@example.com,Chris,Lopez,2022-06-16,India,F,1995,Silver
C03562,blake.brown3562@example.com,Blake,Brown,2022-08-17,India,M,1973,Bronze
C03563,taylor.johnson3563@example.com,Taylor,Johnson,2023-01-02,France,F,1970,Gold
C03564,pat.smith3564@example.com,Pat,Smith,2024-03-01,United Kingdom,Other,1961,Gold
C03565,avery.garcia3565@example.com,Avery,Garcia,2023-06-08,United States,Other,1962,Bronze
C03566,casey.lopez3566@example.com,Casey,Lopez,2022-04-16,United States,F,1982,Platinum
C03567,sam.martin3567@example.com,Sam,Martin,2024-08-22,United Kingdom,Other,2003,Bronze
C03568,jordan.smith3568@example.com,Jordan,Smith,2025-07-29,France,Other,1959,Bronze
C03569,casey.wilson3569@example.com,Casey,Wilson,2023-06-18,United States,Other,1969,Bronze
C03570,casey.martin3570@example.com,Casey,Martin,2022-09-26,United States,Other,1982,Bronze
C03571,jamie.martin3571@example.com,Jamie,Martin,2023-11-04,Canada,M,1997,Bronze
C03572,drew.khan3572@example.com,Drew,Khan,2024-03-01,Canada,F,1987,Gold
C03573,morgan.kumar3573@example.com,Morgan,Kumar,2022-01-18,India,Other,2004,Silver
C03574,cameron.singh3574@example.com,Cameron,Singh,2022-04-27,Canada,M,1984,Bronze
C03575,blake.chen3575@example.com,Blake,Chen,2025-03-13,India,F,1967,Silver
C03576,cameron.singh3576@example.com,Cameron,Singh,2023-07-05,Australia,M,1987,Bronze
C03577,sam.patel3577@example.com,Sam,Patel,2024-01-23,India,M,1992,Bronze
C03578,alex.wilson3578@example.com,Alex,Wilson,2023-10-08,United States,F,2000,Bronze
C03579,riley.brown3579@example.com,Riley,Brown,2022-02-19,India,M,1992,Silver
C03580,morgan.khan3580@example.com,Morgan,Khan,2022-04-16,Canada,M,1978,Platinum
C03581,alex.lee3581@example.com,Alex,Lee,2023-10-20,United States,Other,1981,Bronze
C03582,jamie.kumar3582@example.com,Jamie,Kumar,2024-12-31,United States,M,1982,Bronze
C03583,blake.nguyen3583@example.com,Blake,Nguyen,2024-04-21,India,F,1971,Bronze
C03584,drew.martin3584@example.com,Drew,Martin,2023-03-22,Canada,F,1983,Platinum
C03585,chris.patel3585@example.com,Chris,Patel,2025-04-24,Canada,Other,1960,Gold
C03586,pat.nguyen3586@example.com,Pat,Nguyen,2022-05-30,Australia,Other,1960,Bronze
C03587,robin.chen3587@example.com,Robin,Chen,2025-01-27,Germany,F,1968,Bronze
C03588,drew.patel3588@example.com,Drew,Patel,2025-07-25,Brazil,M,1977,Bronze
C03589,morgan.lopez3589@example.com,Morgan,Lopez,2024-08-01,United Kingdom,F,1961,Gold
C03590,jamie.singh3590@example.com,Jamie,Singh,2025-02-01,France,Other,2004,Bronze
C03591,chris.kumar3591@example.com,Chris,Kumar,2023-08-24,Brazil,M,1967,Bronze
C03592,casey.brown3592@example.com,Casey,Brown,2023-12-26,Brazil,M,1995,Bronze
C03593,jamie.johnson3593@example.com,Jamie,Johnson,2022-09-08,France,Other,1963,Silver
C03594,pat.garcia3594@example.com,Pat,Garcia,2022-03-20,Germany,F,1956,Bronze
C03595,chris.lee3595@example.com,Chris,Lee,2024-07-09,United States,Other,1967,Silver
C03596,sam.kumar3596@example.com,Sam,Kumar,2022-08-14,United Kingdom,F,1988,Gold
C03597,morgan.chen3597@example.com,Morgan,Chen,2024-03-13,India,M,1992,Bronze
C03598,pat.martin3598@example.com,Pat,Martin,2022-05-11,United States,F,1996,Bronze
C03599,blake.garcia3599@example.com,Blake,Garcia,2023-09-24,Canada,M,1960,Bronze
C03600,chris.brown3600@example.com,Chris,Brown,2024-01-29,Canada,M,2002,Bronze
C03601,riley.martin3601@example.com,Riley,Martin,2023-12-05,Canada,M,2003,Gold
C03602,sam.lee3602@example.com,Sam,Lee,2022-11-19,Brazil,Other,1972,Bronze
C03603,morgan.lopez3603@example.com,Morgan,Lopez,2023-09-07,France,Other,1963,Gold
C03604,robin.johnson3604@example.com,Robin,Johnson,2022-05-13,France,M,1957,Bronze
C03605,alex.johnson3605@example.com,Alex,Johnson,2023-10-13,United Kingdom,Other,1984,Silver
C03606,robin.chen3606@example.com,Robin,Chen,2024-08-22,Germany,M,1955,Silver
C03607,alex.johnson3607@example.com,Alex,Johnson,2025-01-19,France,M,1982,Bronze
C03608,riley.lee3608@example.com,Riley,Lee,2022-01-29,France,M,1972,Silver
C03609,drew.johnson3609@example.com,Drew,Johnson,2022-11-29,France,F,1995,Silver
C03610,sam.wilson3610@example.com,Sam,Wilson,2025-02-27,Canada,Other,1991,Silver
C03611,sam.chen3611@example.com,Sam,Chen,2025-04-11,Canada,F,1970,Bronze
C03612,riley.chen3612@example.com,Riley,Chen,2024-08-01,United Kingdom,Other,1978,Silver
C03613,casey.lee3613@example.com,Casey,Lee,2025-01-27,India,F,1976,Bronze
C03614,alex.garcia3614@example.com,Alex,Garcia,2022-12-22,Brazil,Other,1965,Silver
C03615,jamie.kumar3615@example.com,Jamie,Kumar,2025-04-12,India,F,1983,Gold
C03616,chris.nguyen3616@example.com,Chris,Nguyen,2024-07-19,Germany,M,2002,Bronze
C03617,drew.chen3617@example.com,Drew,Chen,2024-10-10,United Kingdom,M,1969,Bronze
C03618,jamie.johnson3618@example.com,Jamie,Johnson,2024-04-07,Germany,M,1985,Bronze
C03619,riley.lee3619@example.com,Riley,Lee,2023-07-08,United States,M,1995,Platinum
C03620,jordan.singh3620@example.com,Jordan,Singh,2022-10-26,United States,Other,1970,Silver
C03621,pat.patel3621@example.com,Pat,Patel,2025-04-30,United States,F,1986,Bronze
C03622,sam.nguyen3622@example.com,Sam,Nguyen,2022-03-05,Australia,Other,1956,Silver
C03623,riley.wilson3623@example.com,Riley,Wilson,2025-05-23,France,F,1956,Bronze
C03624,robin.smith3624@example.com,Robin,Smith,2022-06-15,United Kingdom,F,1985,Bronze
C03625,sam.smith3625@example.com,Sam,Smith,2025-06-09,United States,F,1980,Gold
C03626,morgan.johnson3626@example.com,Morgan,Johnson,2025-05-03,Brazil,F,1968,Bronze
C03627,drew.singh3627@example.com,Drew,Singh,2024-03-03,Brazil,F,2002,Bronze
C03628,cameron.singh3628@example.com,Cameron,Singh,2024-04-12,India,Other,1957,Bronze
C03629,avery.singh3629@example.com,Avery,Singh,2024-05-07,United States,M,1972,Gold
C03630,chris.garcia3630@example.com,Chris,Garcia,2024-03-16,United States,F,1977,Gold
C03631,jordan.smith3631@example.com,Jordan,Smith,2025-03-18,France,Other,1955,Bronze
C03632,jamie.wilson3632@example.com,Jamie,Wilson,2022-10-10,France,F,1996,Silver
C03633,alex.kumar3633@example.com,Alex,Kumar,2023-01-14,United States,F,1960,Bronze
C03634,drew.patel3634@example.com,Drew,Patel,2024-10-11,India,F,1998,Bronze
C03635,drew.chen3635@example.com,Drew,Chen,2022-12-22,France,M,1982,Bronze
C03636,pat.nguyen3636@example.com,Pat,Nguyen,2024-11-06,Australia,Other,1994,Silver
C03637,chris.khan3637@example.com,Chris,Khan,2023-05-21,India,Other,1957,Bronze
C03638,riley.patel3638@example.com,Riley,Patel,2022-03-17,United States,Other,1993,Silver
C03639,drew.smith3639@example.com,Drew,Smith,2024-08-19,India,Other,2000,Silver
C03640,chris.khan3640@example.com,Chris,Khan,2023-12-27,France,F,1977,Bronze
C03641,pat.smith3641@example.com,Pat,Smith,2025-03-27,India,M,1959,Silver
C03642,jamie.chen3642@example.com,Jamie,Chen,2023-01-28,Brazil,Other,1975,Gold
C03643,riley.brown3643@example.com,Riley,Brown,2022-09-24,France,M,1959,Silver
C03644,jamie.wilson3644@example.com,Jamie,Wilson,2023-09-03,United Kingdom,M,1981,Silver
C03645,avery.brown3645@example.com,Avery,Brown,2024-10-05,Australia,F,1956,Bronze
C03646,chris.smith3646@example.com,Chris,Smith,2023-12-29,India,F,1985,Bronze
C03647,taylor.garcia3647@example.com,Taylor,Garcia,2023-11-04,United States,M,1993,Bronze
C03648,drew.kumar3648@example.com,Drew,Kumar,2025-04-12,United Kingdom,Other,1991,Silver
C03649,morgan.smith3649@example.com,Morgan,Smith,2022-04-25,India,Other,1982,Gold
C03650,drew.wilson3650@example.com,Drew,Wilson,2022-01-31,Brazil,F,1965,Silver
C03651,riley.brown3651@example.com,Riley,Brown,2025-02-27,India,M,1994,Bronze
C03652,avery.brown3652@example.com,Avery,Brown,2023-09-09,France,Other,1981,Bronze
C03653,pat.johnson3653@example.com,Pat,Johnson,2024-01-09,India,Other,1956,Bronze
C03654,morgan.lee3654@example.com,Morgan,Lee,2024-05-20,United Kingdom,F,1991,Bronze
C03655,alex.lee3655@example.com,Alex,Lee,2024-12-17,United States,F,1959,Silver
C03656,jordan.nguyen3656@example.com,Jordan,Nguyen,2023-11-23,United Kingdom,M,1999,Bronze
C03657,blake.garcia3657@example.com,Blake,Garcia,2022-12-07,United States,M,1983,Bronze
C03658,drew.wilson3658@example.com,Drew,Wilson,2024-11-09,United Kingdom,Other,1992,Bronze
C03659,robin.lee3659@example.com,Robin,Lee,2023-10-22,United States,M,2004,Bronze
C03660,avery.smith3660@example.com,Avery,Smith,2024-07-16,France,F,1980,Bronze
C03661,jordan.lee3661@example.com,Jordan,Lee,2023-03-30,Brazil,Other,1995,Bronze
C03662,drew.chen3662@example.com,Drew,Chen,2025-09-08,Brazil,M,1987,Bronze
C03663,jamie.nguyen3663@example.com,Jamie,Nguyen,2024-03-29,Canada,F,1959,Silver
C03664,drew.lee3664@example.com,Drew,Lee,2022-01-13,United Kingdom,M,1973,Bronze
C03665,casey.wilson3665@example.com,Casey,Wilson,2024-07-09,Germany,Other,1989,Gold
C03666,drew.kumar3666@example.com,Drew,Kumar,2022-11-28,Brazil,M,1984,Platinum
C03667,jordan.martin3667@example.com,Jordan,Martin,2022-09-18,United States,Other,1988,Silver
C03668,taylor.lopez3668@example.com,Taylor,Lopez,2025-05-13,France,F,2001,Silver
C03669,alex.martin3669@example.com,Alex,Martin,2024-08-07,Brazil,F,1957,Silver
C03670,sam.kumar3670@example.com,Sam,Kumar,2024-03-31,India,M,1974,Silver
C03671,jordan.brown3671@example.com,Jordan,Brown,2022-03-10,Canada,Other,1978,Bronze
C03672,cameron.singh3672@example.com,Cameron,Singh,2025-02-01,United States,M,1987,Platinum
C03673,avery.nguyen3673@example.com,Avery,Nguyen,2022-07-19,France,Other,1978,Silver
C03674,drew.lopez3674@example.com,Drew,Lopez,2022-07-31,India,M,1970,Silver
C03675,blake.smith3675@example.com,Blake,Smith,2024-06-02,United States,Other,1966,Bronze
C03676,pat.smith3676@example.com,Pat,Smith,2023-12-18,France,Other,1999,Gold
C03677,pat.garcia3677@example.com,Pat,Garcia,2023-07-05,Germany,F,1979,Bronze
C03678,avery.lopez3678@example.com,Avery,Lopez,2024-07-30,United States,Other,1986,Silver
C03679,casey.khan3679@example.com,Casey,Khan,2023-12-29,Brazil,F,2002,Bronze
C03680,jamie.khan3680@example.com,Jamie,Khan,2024-03-25,France,F,1998,Silver
C03681,sam.patel3681@example.com,Sam,Patel,2023-10-11,Brazil,Other,1994,Silver
C03682,pat.brown3682@example.com,Pat,Brown,2023-04-16,United Kingdom,F,2004,Silver
C03683,alex.chen3683@example.com,Alex,Chen,2023-12-01,United States,Other,1986,Gold
C03684,jordan.singh3684@example.com,Jordan,Singh,2024-10-06,United Kingdom,M,1969,Bronze
C03685,chris.martin3685@example.com,Chris,Martin,2024-03-14,Brazil,Other,2003,Platinum
C03686,pat.lee3686@example.com,Pat,Lee,2024-04-10,India,F,1959,Silver
C03687,alex.smith3687@example.com,Alex,Smith,2022-08-02,France,Other,1970,Bronze
C03688,sam.chen3688@example.com,Sam,Chen,2022-06-18,United States,Other,1964,Bronze
C03689,avery.lee3689@example.com,Avery,Lee,2025-07-27,United Kingdom,F,1972,Bronze
C03690,drew.martin3690@example.com,Drew,Martin,2025-08-21,United Kingdom,Other,1972,Bronze
C03691,taylor.patel3691@example.com,Taylor,Patel,2023-05-31,Brazil,F,1980,Bronze
C03692,chris.chen3692@example.com,Chris,Chen,2023-03-29,Brazil,M,1970,Silver
C03693,drew.singh3693@example.com,Drew,Singh,2025-06-04,India,Other,1980,Bronze
C03694,casey.wilson3694@example.com,Casey,Wilson,2024-01-27,France,M,1968,Silver
C03695,blake.garcia3695@example.com,Blake,Garcia,2025-01-07,Germany,F,2003,Bronze
C03696,sam.nguyen3696@example.com,Sam,Nguyen,2025-03-22,United Kingdom,M,1975,Silver
C03697,sam.lee3697@example.com,Sam,Lee,2023-02-05,France,M,1977,Bronze
C03698,blake.lopez3698@example.com,Blake,Lopez,2022-02-26,United States,F,1997,Silver
C03699,casey.lee3699@example.com,Casey,Lee,2022-07-05,United Kingdom,Other,1968,Bronze
C03700,blake.kumar3700@example.com,Blake,Kumar,2023-08-28,United States,M,1974,Bronze
C03701,robin.patel3701@example.com,Robin,Patel,2022-06-07,Germany,M,1973,Bronze
C03702,jamie.brown3702@example.com,Jamie,Brown,2023-08-12,Germany,Other,1972,Bronze
C03703,avery.chen3703@example.com,Avery,Chen,2023-03-22,Australia,F,2000,Bronze
C03704,alex.nguyen3704@example.com,Alex,Nguyen,2024-03-11,India,Other,1993,Bronze
C03705,drew.chen3705@example.com,Drew,Chen,2025-01-01,United States,M,1987,Bronze
C03706,morgan.brown3706@example.com,Morgan,Brown,2022-01-17,Canada,Other,1973,Bronze
C03707,chris.martin3707@example.com,Chris,Martin,2024-01-01,United States,F,1960,Platinum
C03708,blake.patel3708@example.com,Blake,Patel,2024-09-21,United Kingdom,M,1991,Bronze
C03709,cameron.garcia3709@example.com,Cameron,Garcia,2023-06-30,United Kingdom,M,1974,Silver
C03710,sam.garcia3710@example.com,Sam,Garcia,2024-07-09,Canada,Other,1958,Silver
C03711,jordan.patel3711@example.com,Jordan,Patel,2024-04-21,United States,M,1964,Silver
C03712,robin.brown3712@example.com,Robin,Brown,2022-12-10,United States,M,1975,Bronze
C03713,cameron.smith3713@example.com,Cameron,Smith,2024-05-08,Germany,M,1970,Silver
C03714,taylor.wilson3714@example.com,Taylor,Wilson,2025-05-26,France,Other,1984,Bronze
C03715,taylor.singh3715@example.com,Taylor,Singh,2023-08-15,United States,F,1961,Silver
C03716,sam.martin3716@example.com,Sam,Martin,2025-07-19,United States,Other,1989,Bronze
C03717,robin.kumar3717@example.com,Robin,Kumar,2024-10-14,United States,F,1970,Bronze
C03718,morgan.nguyen3718@example.com,Morgan,Nguyen,2023-06-08,India,Other,1989,Bronze
C03719,taylor.chen3719@example.com,Taylor,Chen,2022-01-21,Australia,F,2004,Bronze
C03720,taylor.chen3720@example.com,Taylor,Chen,2022-08-16,Australia,M,2002,Gold
C03721,jamie.lopez3721@example.com,Jamie,Lopez,2025-08-04,France,F,1995,Bronze
C03722,alex.garcia3722@example.com,Alex,Garcia,2025-03-03,India,M,1978,Bronze
C03723,cameron.lopez3723@example.com,Cameron,Lopez,2025-07-30,India,M,1974,Bronze
C03724,blake.wilson3724@example.com,Blake,Wilson,2024-12-25,United States,F,1963,Bronze
C03725,drew.smith3725@example.com,Drew,Smith,2023-03-13,India,M,1992,Silver
C03726,riley.lopez3726@example.com,Riley,Lopez,2022-09-16,United Kingdom,F,1974,Silver
C03727,taylor.singh3727@example.com,Taylor,Singh,2022-04-13,Brazil,F,1987,Silver
C03728,chris.johnson3728@example.com,Chris,Johnson,2024-02-08,India,M,1991,Bronze
C03729,alex.kumar3729@example.com,Alex,Kumar,2025-05-06,United States,M,1999,Bronze
C03730,casey.khan3730@example.com,Casey,Khan,2022-08-14,Australia,F,2001,Bronze
C03731,cameron.martin3731@example.com,Cameron,Martin,2023-04-08,India,F,1999,Silver
C03732,avery.nguyen3732@example.com,Avery,Nguyen,2024-11-15,India,F,1968,Bronze
C03733,alex.lee3733@example.com,Alex,Lee,2023-05-21,Canada,M,1961,Gold
C03734,blake.wilson3734@example.com,Blake,Wilson,2024-03-24,United Kingdom,Other,1985,Bronze
C03735,blake.khan3735@example.com,Blake,Khan,2025-08-31,Brazil,Other,1985,Bronze
C03736,blake.johnson3736@example.com,Blake,Johnson,2023-09-10,Canada,M,1986,Platinum
C03737,jordan.smith3737@example.com,Jordan,Smith,2022-09-30,United Kingdom,Other,1968,Silver
C03738,morgan.patel3738@example.com,Morgan,Patel,2022-08-20,United Kingdom,M,1990,Bronze
C03739,sam.singh3739@example.com,Sam,Singh,2024-02-07,United Kingdom,F,2002,Silver
C03740,cameron.kumar3740@example.com,Cameron,Kumar,2024-11-13,United Kingdom,F,1999,Bronze
C03741,robin.chen3741@example.com,Robin,Chen,2023-05-17,France,F,1981,Bronze
C03742,sam.garcia3742@example.com,Sam,Garcia,2022-01-25,India,M,1986,Bronze
C03743,pat.smith3743@example.com,Pat,Smith,2022-12-04,Brazil,M,2000,Bronze
C03744,casey.martin3744@example.com,Casey,Martin,2024-11-26,India,Other,1980,Bronze
C03745,alex.singh3745@example.com,Alex,Singh,2022-05-17,United States,M,1989,Bronze
C03746,taylor.garcia3746@example.com,Taylor,Garcia,2022-11-16,Brazil,F,1962,Bronze
C03747,casey.singh3747@example.com,Casey,Singh,2024-07-04,United States,Other,1996,Silver
C03748,jamie.singh3748@example.com,Jamie,Singh,2022-03-27,United States,M,1973,Silver
C03749,pat.lee3749@example.com,Pat,Lee,2024-07-14,United States,Other,1982,Bronze
C03750,morgan.lee3750@example.com,Morgan,Lee,2024-05-16,France,F,1997,Silver
C03751,blake.brown3751@example.com,Blake,Brown,2023-03-09,United States,Other,2002,Gold
C03752,sam.lee3752@example.com,Sam,Lee,2024-09-25,Brazil,Other,1990,Silver
C03753,cameron.nguyen3753@example.com,Cameron,Nguyen,2024-09-16,France,F,1977,Bronze
C03754,cameron.wilson3754@example.com,Cameron,Wilson,2023-02-07,India,Other,1966,Silver
C03755,cameron.smith3755@example.com,Cameron,Smith,2023-02-19,France,M,1997,Bronze
C03756,drew.garcia3756@example.com,Drew,Garcia,2023-11-08,France,Other,1969,Bronze
C03757,riley.brown3757@example.com,Riley,Brown,2023-06-25,France,F,2004,Bronze
C03758,cameron.martin3758@example.com,Cameron,Martin,2025-02-27,France,Other,1974,Silver
C03759,cameron.johnson3759@example.com,Cameron,Johnson,2022-09-28,United States,Other,1958,Bronze
C03760,riley.smith3760@example.com,Riley,Smith,2022-08-02,Australia,M,2004,Bronze
C03761,taylor.singh3761@example.com,Taylor,Singh,2025-04-04,United States,M,1977,Bronze
C03762,taylor.johnson3762@example.com,Taylor,Johnson,2022-02-28,United Kingdom,F,1980,Bronze
C03763,taylor.patel3763@example.com,Taylor,Patel,2024-06-01,United States,Other,1965,Bronze
C03764,taylor.martin3764@example.com,Taylor,Martin,2024-07-12,Canada,F,1956,Gold
C03765,avery.nguyen3765@example.com,Avery,Nguyen,2022-05-03,India,M,1962,Silver
C03766,jamie.garcia3766@example.com,Jamie,Garcia,2025-03-08,United States,Other,1991,Bronze
C03767,jordan.nguyen3767@example.com,Jordan,Nguyen,2025-07-21,Brazil,M,2004,Bronze
C03768,drew.johnson3768@example.com,Drew,Johnson,2022-04-28,United States,M,1964,Bronze
C03769,morgan.brown3769@example.com,Morgan,Brown,2024-06-23,Germany,Other,1989,Bronze
C03770,casey.singh3770@example.com,Casey,Singh,2023-01-30,Canada,Other,1998,Silver
C03771,blake.patel3771@example.com,Blake,Patel,2024-07-23,France,M,1968,Gold
C03772,avery.patel3772@example.com,Avery,Patel,2024-08-09,India,F,1982,Bronze
C03773,morgan.johnson3773@example.com,Morgan,Johnson,2022-03-16,Canada,F,1993,Silver
C03774,pat.wilson3774@example.com,Pat,Wilson,2022-01-21,Canada,M,1964,Gold
C03775,taylor.garcia3775@example.com,Taylor,Garcia,2025-04-09,United Kingdom,F,1969,Silver
C03776,blake.lee3776@example.com,Blake,Lee,2025-05-19,Brazil,Other,2002,Bronze
C03777,jordan.smith3777@example.com,Jordan,Smith,2025-01-14,United States,M,1975,Silver
C03778,casey.lopez3778@example.com,Casey,Lopez,2023-01-07,India,Other,1998,Silver
C03779,cameron.chen3779@example.com,Cameron,Chen,2024-03-28,United States,Other,1977,Bronze
C03780,blake.brown3780@example.com,Blake,Brown,2025-03-10,Brazil,M,1959,Bronze
C03781,casey.chen3781@example.com,Casey,Chen,2025-07-07,Canada,M,1982,Gold
C03782,casey.khan3782@example.com,Casey,Khan,2024-04-25,United States,M,1962,Bronze
C03783,chris.wilson3783@example.com,Chris,Wilson,2023-06-05,United Kingdom,M,1989,Bronze
C03784,alex.garcia3784@example.com,Alex,Garcia,2022-04-11,India,M,1975,Silver
C03785,drew.kumar3785@example.com,Drew,Kumar,2024-08-25,United States,Other,2003,Silver
C03786,jordan.patel3786@example.com,Jordan,Patel,2023-05-27,India,Other,1971,Bronze
C03787,casey.lee3787@example.com,Casey,Lee,2023-07-09,Germany,M,1985,Bronze
C03788,robin.wilson3788@example.com,Robin,Wilson,2022-08-14,France,M,1960,Bronze
C03789,drew.smith3789@example.com,Drew,Smith,2022-08-02,Brazil,Other,1968,Silver
C03790,alex.chen3790@example.com,Alex,Chen,2022-03-08,Brazil,F,1966,Bronze
C03791,jordan.kumar3791@example.com,Jordan,Kumar,2023-09-04,Germany,M,1966,Silver
C03792,sam.singh3792@example.com,Sam,Singh,2025-06-14,United States,M,1956,Gold
C03793,jamie.kumar3793@example.com,Jamie,Kumar,2024-02-09,France,M,1969,Silver
C03794,drew.nguyen3794@example.com,Drew,Nguyen,2023-02-11,Germany,Other,1983,Silver
C03795,jordan.martin3795@example.com,Jordan,Martin,2023-10-09,United Kingdom,Other,1984,Silver
C03796,robin.wilson3796@example.com,Robin,Wilson,2025-03-25,Germany,M,1968,Bronze
C03797,casey.chen3797@example.com,Casey,Chen,2023-03-04,United States,Other,1984,Silver
C03798,jamie.wilson3798@example.com,Jamie,Wilson,2024-09-03,India,M,1986,Gold
C03799,jordan.johnson3799@example.com,Jordan,Johnson,2024-10-02,Brazil,Other,1960,Bronze
C03800,drew.smith3800@example.com,Drew,Smith,2023-01-06,United Kingdom,Other,1978,Bronze
C03801,morgan.lopez3801@example.com,Morgan,Lopez,2025-07-09,United States,M,1981,Bronze
C03802,robin.wilson3802@example.com,Robin,Wilson,2024-04-29,France,Other,1978,Bronze
C03803,pat.lee3803@example.com,Pat,Lee,2022-08-17,United Kingdom,Other,1978,Bronze
C03804,jordan.garcia3804@example.com,Jordan,Garcia,2025-08-06,India,F,1994,Bronze
C03805,jordan.kumar3805@example.com,Jordan,Kumar,2024-12-06,United Kingdom,F,1969,Bronze
C03806,pat.nguyen3806@example.com,Pat,Nguyen,2025-05-22,United States,M,1978,Bronze
C03807,drew.patel3807@example.com,Drew,Patel,2022-11-17,India,Other,1972,Bronze
C03808,alex.nguyen3808@example.com,Alex,Nguyen,2023-07-10,India,M,1966,Bronze
C03809,morgan.patel3809@example.com,Morgan,Patel,2025-08-29,Brazil,Other,1997,Bronze
C03810,pat.kumar3810@example.com,Pat,Kumar,2023-10-30,France,Other,1994,Silver
C03811,avery.khan3811@example.com,Avery,Khan,2023-01-15,United States,F,1961,Bronze
C03812,drew.smith3812@example.com,Drew,Smith,2024-01-16,France,F,1989,Gold
C03813,avery.khan3813@example.com,Avery,Khan,2022-04-26,United States,Other,1983,Bronze
C03814,cameron.smith3814@example.com,Cameron,Smith,2024-12-01,United Kingdom,Other,1982,Silver
C03815,jordan.khan3815@example.com,Jordan,Khan,2023-01-14,France,M,1972,Bronze
C03816,casey.brown3816@example.com,Casey,Brown,2025-05-14,India,Other,1972,Silver
C03817,robin.lee3817@example.com,Robin,Lee,2022-10-07,India,Other,1962,Bronze
C03818,sam.johnson3818@example.com,Sam,Johnson,2023-09-10,Germany,F,1999,Silver
C03819,cameron.johnson3819@example.com,Cameron,Johnson,2022-11-05,India,Other,1962,Silver
C03820,cameron.wilson3820@example.com,Cameron,Wilson,2022-04-10,India,M,1959,Bronze
C03821,blake.garcia3821@example.com,Blake,Garcia,2024-09-19,Germany,Other,2003,Bronze
C03822,cameron.chen3822@example.com,Cameron,Chen,2022-10-13,India,F,1962,Bronze
C03823,drew.wilson3823@example.com,Drew,Wilson,2025-01-31,United States,F,2001,Gold
C03824,chris.nguyen3824@example.com,Chris,Nguyen,2025-07-29,India,F,1991,Bronze
C03825,drew.wilson3825@example.com,Drew,Wilson,2024-01-08,Brazil,F,1961,Bronze
C03826,drew.brown3826@example.com,Drew,Brown,2023-10-01,Germany,Other,1994,Bronze
C03827,robin.johnson3827@example.com,Robin,Johnson,2025-01-20,United Kingdom,Other,1993,Gold
C03828,alex.nguyen3828@example.com,Alex,Nguyen,2025-04-28,United States,F,1993,Bronze
C03829,drew.wilson3829@example.com,Drew,Wilson,2023-04-21,Brazil,Other,1968,Bronze
C03830,casey.smith3830@example.com,Casey,Smith,2022-02-22,Brazil,F,2004,Silver
C03831,taylor.khan3831@example.com,Taylor,Khan,2023-05-01,Germany,F,1958,Bronze
C03832,pat.singh3832@example.com,Pat,Singh,2025-02-09,France,Other,1979,Bronze
C03833,alex.nguyen3833@example.com,Alex,Nguyen,2024-10-27,Australia,Other,1992,Bronze
C03834,robin.smith3834@example.com,Robin,Smith,2023-10-30,France,M,1959,Bronze
C03835,blake.brown3835@example.com,Blake,Brown,2024-04-14,United States,F,1998,Silver
C03836,taylor.chen3836@example.com,Taylor,Chen,2023-01-02,India,Other,1996,Bronze
C03837,sam.garcia3837@example.com,Sam,Garcia,2022-09-07,Germany,M,1974,Silver
C03838,sam.lee3838@example.com,Sam,Lee,2025-06-17,Germany,F,1965,Bronze
C03839,cameron.kumar3839@example.com,Cameron,Kumar,2024-05-21,United States,M,1957,Bronze
C03840,taylor.patel3840@example.com,Taylor,Patel,2024-02-14,United States,F,1977,Silver
C03841,taylor.johnson3841@example.com,Taylor,Johnson,2023-03-31,India,M,2000,Bronze
C03842,alex.garcia3842@example.com,Alex,Garcia,2025-08-06,Brazil,M,1996,Silver
C03843,blake.kumar3843@example.com,Blake,Kumar,2023-02-07,Canada,F,1963,Bronze
C03844,morgan.lee3844@example.com,Morgan,Lee,2025-08-20,India,F,1972,Bronze
C03845,drew.khan3845@example.com,Drew,Khan,2024-11-30,Germany,M,2002,Bronze
C03846,alex.johnson3846@example.com,Alex,Johnson,2022-06-22,United States,M,1996,Bronze
C03847,riley.lee3847@example.com,Riley,Lee,2024-03-03,United Kingdom,Other,1968,Bronze
C03848,jordan.chen3848@example.com,Jordan,Chen,2024-03-03,Canada,M,1973,Gold
C03849,cameron.garcia3849@example.com,Cameron,Garcia,2024-11-28,United Kingdom,F,1969,Silver
C03850,chris.singh3850@example.com,Chris,Singh,2025-01-02,United Kingdom,M,1958,Platinum
C03851,cameron.garcia3851@example.com,Cameron,Garcia,2024-10-07,France,Other,1973,Gold
C03852,taylor.garcia3852@example.com,Taylor,Garcia,2022-10-11,United Kingdom,M,1975,Silver
C03853,blake.smith3853@example.com,Blake,Smith,2024-07-17,United States,M,2002,Silver
C03854,avery.khan3854@example.com,Avery,Khan,2022-12-05,Australia,M,1984,Bronze
C03855,casey.wilson3855@example.com,Casey,Wilson,2024-11-11,United States,F,1957,Bronze
C03856,pat.chen3856@example.com,Pat,Chen,2022-04-15,United States,F,1972,Bronze
C03857,taylor.johnson3857@example.com,Taylor,Johnson,2024-02-09,Brazil,M,1966,Bronze
C03858,riley.patel3858@example.com,Riley,Patel,2024-02-02,India,F,1994,Bronze
C03859,chris.martin3859@example.com,Chris,Martin,2025-05-29,United Kingdom,F,1984,Bronze
C03860,blake.smith3860@example.com,Blake,Smith,2025-07-05,Germany,F,1963,Gold
C03861,jordan.khan3861@example.com,Jordan,Khan,2022-08-13,India,M,1964,Gold
C03862,avery.martin3862@example.com,Avery,Martin,2024-01-08,Australia,F,1998,Silver
C03863,taylor.lopez3863@example.com,Taylor,Lopez,2022-07-02,France,Other,1962,Bronze
C03864,alex.khan3864@example.com,Alex,Khan,2023-03-20,Germany,M,1987,Bronze
C03865,morgan.kumar3865@example.com,Morgan,Kumar,2023-09-15,Brazil,M,1960,Gold
C03866,avery.smith3866@example.com,Avery,Smith,2025-06-13,India,F,1994,Bronze
C03867,morgan.patel3867@example.com,Morgan,Patel,2024-01-19,United States,M,1973,Gold
C03868,morgan.johnson3868@example.com,Morgan,Johnson,2022-06-04,Australia,Other,1955,Bronze
C03869,taylor.lee3869@example.com,Taylor,Lee,2022-08-23,France,F,1987,Silver
C03870,blake.martin3870@example.com,Blake,Martin,2023-05-25,United Kingdom,Other,1994,Silver
C03871,casey.johnson3871@example.com,Casey,Johnson,2023-12-10,India,Other,1971,Bronze
C03872,avery.lopez3872@example.com,Avery,Lopez,2024-06-12,India,M,1962,Bronze
C03873,riley.brown3873@example.com,Riley,Brown,2022-10-25,France,F,1988,Silver
C03874,cameron.smith3874@example.com,Cameron,Smith,2022-05-17,United States,Other,1977,Bronze
C03875,alex.kumar3875@example.com,Alex,Kumar,2025-05-07,India,M,1969,Bronze
C03876,pat.wilson3876@example.com,Pat,Wilson,2023-03-13,United States,Other,1974,Gold
C03877,cameron.khan3877@example.com,Cameron,Khan,2025-07-28,United States,M,1957,Bronze
C03878,robin.martin3878@example.com,Robin,Martin,2024-02-03,Canada,M,2000,Bronze
C03879,robin.martin3879@example.com,Robin,Martin,2022-06-01,India,Other,1988,Silver
C03880,avery.smith3880@example.com,Avery,Smith,2025-08-18,India,Other,1976,Platinum
C03881,cameron.lee3881@example.com,Cameron,Lee,2024-10-28,Brazil,M,1993,Bronze
C03882,blake.smith3882@example.com,Blake,Smith,2022-08-23,Germany,F,1989,Bronze
C03883,riley.kumar3883@example.com,Riley,Kumar,2023-07-15,United States,Other,2000,Silver
C03884,riley.patel3884@example.com,Riley,Patel,2022-02-07,France,Other,1962,Bronze
C03885,riley.kumar3885@example.com,Riley,Kumar,2024-04-01,India,F,1991,Silver
C03886,avery.khan3886@example.com,Avery,Khan,2025-05-27,Australia,Other,1982,Silver
C03887,cameron.nguyen3887@example.com,Cameron,Nguyen,2025-01-07,Australia,F,1998,Platinum
C03888,sam.khan3888@example.com,Sam,Khan,2022-09-30,United Kingdom,F,1987,Bronze
C03889,riley.garcia3889@example.com,Riley,Garcia,2022-11-04,Australia,M,1970,Bronze
C03890,pat.patel3890@example.com,Pat,Patel,2024-01-03,United States,Other,1963,Bronze
C03891,blake.wilson3891@example.com,Blake,Wilson,2023-03-20,Canada,M,2003,Silver
C03892,jordan.brown3892@example.com,Jordan,Brown,2025-05-13,United States,M,1975,Silver
C03893,chris.kumar3893@example.com,Chris,Kumar,2024-05-02,United States,F,1959,Gold
C03894,riley.khan3894@example.com,Riley,Khan,2024-02-17,France,Other,1960,Bronze
C03895,cameron.smith3895@example.com,Cameron,Smith,2022-04-25,France,F,1967,Bronze
C03896,robin.lee3896@example.com,Robin,Lee,2022-03-06,India,M,1974,Bronze
C03897,robin.lopez3897@example.com,Robin,Lopez,2024-04-04,United States,Other,2001,Bronze
C03898,cameron.brown3898@example.com,Cameron,Brown,2022-10-29,India,Other,1962,Bronze
C03899,robin.patel3899@example.com,Robin,Patel,2024-08-26,France,Other,2003,Silver
C03900,jordan.nguyen3900@example.com,Jordan,Nguyen,2022-08-21,France,F,1957,Silver
C03901,avery.smith3901@example.com,Avery,Smith,2024-06-25,France,Other,1966,Gold
C03902,sam.johnson3902@example.com,Sam,Johnson,2024-07-09,France,F,2003,Bronze
C03903,pat.smith3903@example.com,Pat,Smith,2022-06-26,India,M,1979,Silver
C03904,morgan.patel3904@example.com,Morgan,Patel,2024-10-31,Brazil,M,1990,Bronze
C03905,morgan.nguyen3905@example.com,Morgan,Nguyen,2022-02-22,United Kingdom,F,1980,Silver
C03906,riley.garcia3906@example.com,Riley,Garcia,2024-09-25,United Kingdom,M,1994,Silver
C03907,alex.khan3907@example.com,Alex,Khan,2023-01-20,India,Other,1958,Bronze
C03908,avery.nguyen3908@example.com,Avery,Nguyen,2025-06-30,France,Other,1984,Silver
C03909,pat.patel3909@example.com,Pat,Patel,2024-02-19,United Kingdom,M,1989,Gold
C03910,chris.chen3910@example.com,Chris,Chen,2024-04-24,United States,Other,1985,Bronze
C03911,jordan.brown3911@example.com,Jordan,Brown,2025-06-12,Canada,Other,1977,Silver
C03912,chris.nguyen3912@example.com,Chris,Nguyen,2023-12-09,France,M,1970,Gold
C03913,jamie.kumar3913@example.com,Jamie,Kumar,2022-01-22,United States,Other,1983,Bronze
C03914,morgan.patel3914@example.com,Morgan,Patel,2024-04-22,India,M,1987,Gold
C03915,alex.lee3915@example.com,Alex,Lee,2025-01-21,Brazil,Other,1993,Silver
C03916,taylor.lee3916@example.com,Taylor,Lee,2023-01-31,United States,Other,1961,Bronze
C03917,pat.chen3917@example.com,Pat,Chen,2023-10-02,France,M,1993,Gold
C03918,sam.garcia3918@example.com,Sam,Garcia,2024-05-23,India,F,2002,Silver
C03919,sam.wilson3919@example.com,Sam,Wilson,2022-03-31,Canada,Other,1994,Bronze
C03920,pat.smith3920@example.com,Pat,Smith,2023-04-02,India,Other,1995,Silver
C03921,casey.brown3921@example.com,Casey,Brown,2022-12-20,Brazil,Other,1999,Gold
C03922,morgan.nguyen3922@example.com,Morgan,Nguyen,2023-03-15,United States,M,1990,Silver
C03923,robin.wilson3923@example.com,Robin,Wilson,2022-12-11,United Kingdom,F,1978,Gold
C03924,jamie.patel3924@example.com,Jamie,Patel,2023-10-19,United Kingdom,Other,1956,Bronze
C03925,jamie.johnson3925@example.com,Jamie,Johnson,2022-05-21,Germany,F,1985,Silver
C03926,robin.johnson3926@example.com,Robin,Johnson,2025-01-21,Canada,Other,2004,Bronze
C03927,drew.lee3927@example.com,Drew,Lee,2022-10-11,Germany,Other,1981,Bronze
C03928,avery.lopez3928@example.com,Avery,Lopez,2022-08-11,France,M,1994,Gold
C03929,riley.singh3929@example.com,Riley,Singh,2023-04-08,France,F,1987,Bronze
C03930,alex.garcia3930@example.com,Alex,Garcia,2025-07-23,France,F,1996,Silver
C03931,sam.brown3931@example.com,Sam,Brown,2025-03-09,United States,M,1991,Bronze
C03932,blake.johnson3932@example.com,Blake,Johnson,2024-11-12,France,Other,1962,Bronze
C03933,blake.johnson3933@example.com,Blake,Johnson,2025-07-17,United States,F,1981,Gold
C03934,sam.lopez3934@example.com,Sam,Lopez,2023-10-27,India,M,1967,Bronze
C03935,taylor.chen3935@example.com,Taylor,Chen,2024-10-11,France,Other,1975,Gold
C03936,sam.lee3936@example.com,Sam,Lee,2023-09-13,Canada,M,1985,Bronze
C03937,taylor.kumar3937@example.com,Taylor,Kumar,2022-08-28,India,Other,1997,Silver
C03938,pat.johnson3938@example.com,Pat,Johnson,2024-04-01,India,F,1959,Bronze
C03939,morgan.lee3939@example.com,Morgan,Lee,2023-10-30,United States,Other,1997,Bronze
C03940,casey.wilson3940@example.com,Casey,Wilson,2022-04-09,United Kingdom,Other,2001,Bronze
C03941,jordan.chen3941@example.com,Jordan,Chen,2024-04-18,Canada,F,1992,Bronze
C03942,chris.khan3942@example.com,Chris,Khan,2022-03-03,United States,F,1999,Silver
C03943,chris.wilson3943@example.com,Chris,Wilson,2025-02-16,France,M,2004,Bronze
C03944,robin.wilson3944@example.com,Robin,Wilson,2023-08-21,Brazil,Other,1962,Bronze
C03945,sam.johnson3945@example.com,Sam,Johnson,2024-09-03,France,F,1981,Silver
C03946,robin.khan3946@example.com,Robin,Khan,2025-08-05,United States,M,2000,Bronze
C03947,avery.johnson3947@example.com,Avery,Johnson,2022-12-03,Australia,Other,1996,Gold
C03948,casey.chen3948@example.com,Casey,Chen,2025-05-12,United States,F,2002,Silver
C03949,casey.garcia3949@example.com,Casey,Garcia,2025-06-15,United States,Other,1981,Bronze
C03950,avery.lopez3950@example.com,Avery,Lopez,2024-01-22,Brazil,F,1962,Silver
C03951,taylor.kumar3951@example.com,Taylor,Kumar,2024-05-30,India,Other,1983,Silver
C03952,taylor.lee3952@example.com,Taylor,Lee,2025-02-11,Brazil,Other,1974,Bronze
C03953,pat.garcia3953@example.com,Pat,Garcia,2023-06-12,United States,F,1971,Bronze
C03954,cameron.smith3954@example.com,Cameron,Smith,2025-05-16,India,Other,1973,Silver
C03955,cameron.nguyen3955@example.com,Cameron,Nguyen,2023-01-11,India,M,1962,Silver
C03956,jamie.lopez3956@example.com,Jamie,Lopez,2022-06-15,Germany,F,1992,Bronze
C03957,taylor.garcia3957@example.com,Taylor,Garcia,2025-04-19,India,M,1983,Silver
C03958,pat.kumar3958@example.com,Pat,Kumar,2023-09-09,United States,M,1990,Bronze
C03959,robin.chen3959@example.com,Robin,Chen,2023-05-18,United States,F,1971,Bronze
C03960,pat.nguyen3960@example.com,Pat,Nguyen,2022-03-20,United States,Other,1963,Platinum
C03961,avery.nguyen3961@example.com,Avery,Nguyen,2023-11-19,United Kingdom,Other,1966,Silver
C03962,jamie.lee3962@example.com,Jamie,Lee,2025-01-31,Australia,M,1972,Bronze
C03963,cameron.lee3963@example.com,Cameron,Lee,2024-09-01,India,M,1986,Silver
C03964,sam.patel3964@example.com,Sam,Patel,2023-06-02,United States,F,1998,Bronze
C03965,drew.patel3965@example.com,Drew,Patel,2022-04-26,France,Other,1989,Bronze
C03966,drew.nguyen3966@example.com,Drew,Nguyen,2022-08-14,United Kingdom,Other,1992,Bronze
C03967,casey.wilson3967@example.com,Casey,Wilson,2022-07-01,Brazil,M,1959,Gold
C03968,jordan.smith3968@example.com,Jordan,Smith,2022-07-29,Brazil,Other,1970,Silver
C03969,cameron.singh3969@example.com,Cameron,Singh,2022-04-06,United States,F,1980,Silver
C03970,cameron.patel3970@example.com,Cameron,Patel,2024-01-26,Germany,F,1976,Bronze
C03971,robin.johnson3971@example.com,Robin,Johnson,2023-02-19,United Kingdom,Other,1997,Silver
C03972,riley.khan3972@example.com,Riley,Khan,2023-01-29,Canada,M,1966,Bronze
C03973,chris.martin3973@example.com,Chris,Martin,2023-08-27,India,F,1960,Bronze
C03974,drew.kumar3974@example.com,Drew,Kumar,2022-05-13,France,F,1977,Silver
C03975,sam.martin3975@example.com,Sam,Martin,2023-10-11,France,Other,1983,Bronze
C03976,morgan.lopez3976@example.com,Morgan,Lopez,2024-09-02,India,Other,2000,Bronze
C03977,jordan.smith3977@example.com,Jordan,Smith,2025-04-30,France,F,1962,Bronze
C03978,drew.lee3978@example.com,Drew,Lee,2024-02-27,France,Other,1968,Bronze
C03979,robin.lopez3979@example.com,Robin,Lopez,2022-02-08,India,F,1991,Bronze
C03980,casey.johnson3980@example.com,Casey,Johnson,2023-11-21,Brazil,F,1988,Bronze
C03981,casey.lopez3981@example.com,Casey,Lopez,2025-02-01,Germany,M,1987,Bronze
C03982,pat.khan3982@example.com,Pat,Khan,2024-12-13,Canada,Other,1998,Bronze
C03983,alex.kumar3983@example.com,Alex,Kumar,2024-11-23,Australia,Other,2004,Bronze
C03984,alex.garcia3984@example.com,Alex,Garcia,2024-08-24,Australia,M,2003,Silver
C03985,pat.smith3985@example.com,Pat,Smith,2024-10-10,Germany,Other,1977,Gold
C03986,blake.chen3986@example.com,Blake,Chen,2024-04-03,United Kingdom,F,1961,Platinum
C03987,cameron.patel3987@example.com,Cameron,Patel,2025-02-15,United Kingdom,M,1979,Bronze
C03988,alex.nguyen3988@example.com,Alex,Nguyen,2023-12-02,United States,Other,1957,Bronze
C03989,jordan.kumar3989@example.com,Jordan,Kumar,2024-10-15,Germany,F,1992,Gold
C03990,chris.johnson3990@example.com,Chris,Johnson,2025-05-20,France,Other,1988,Bronze
C03991,morgan.brown3991@example.com,Morgan,Brown,2025-02-10,United States,Other,1998,Silver
C03992,chris.johnson3992@example.com,Chris,Johnson,2022-05-08,Australia,M,1998,Silver
C03993,robin.khan3993@example.com,Robin,Khan,2022-06-07,Germany,F,1971,Silver
C03994,avery.chen3994@example.com,Avery,Chen,2024-04-06,United States,Other,1964,Gold
C03995,blake.patel3995@example.com,Blake,Patel,2024-05-01,France,M,1972,Bronze
C03996,chris.lee3996@example.com,Chris,Lee,2022-02-14,Australia,M,1998,Gold
C03997,casey.kumar3997@example.com,Casey,Kumar,2022-08-07,United Kingdom,F,2003,Platinum
C03998,jordan.martin3998@example.com,Jordan,Martin,2022-08-16,India,M,1977,Gold
C03999,morgan.patel3999@example.com,Morgan,Patel,2022-09-24,United States,F,1992,Silver
C04000,casey.patel4000@example.com,Casey,Patel,2024-04-17,Brazil,M,1995,Bronze
C04001,avery.khan4001@example.com,Avery,Khan,2023-12-03,United States,F,2001,Silver
C04002,pat.smith4002@example.com,Pat,Smith,2025-08-06,France,F,1990,Bronze
C04003,morgan.chen4003@example.com,Morgan,Chen,2022-12-23,Canada,F,1971,Bronze
C04004,drew.lopez4004@example.com,Drew,Lopez,2024-05-21,Brazil,F,1966,Bronze
C04005,taylor.smith4005@example.com,Taylor,Smith,2025-05-21,United States,M,1994,Silver
C04006,blake.nguyen4006@example.com,Blake,Nguyen,2022-11-19,France,M,1972,Silver
C04007,blake.chen4007@example.com,Blake,Chen,2022-06-30,United States,F,1973,Bronze
C04008,jordan.smith4008@example.com,Jordan,Smith,2022-10-30,United States,F,1960,Silver
C04009,riley.brown4009@example.com,Riley,Brown,2024-02-23,United Kingdom,F,1962,Bronze
C04010,taylor.garcia4010@example.com,Taylor,Garcia,2025-06-17,United Kingdom,F,1972,Bronze
C04011,sam.martin4011@example.com,Sam,Martin,2023-11-23,Brazil,M,2002,Bronze
C04012,cameron.johnson4012@example.com,Cameron,Johnson,2023-11-14,United Kingdom,F,1993,Gold
C04013,jamie.singh4013@example.com,Jamie,Singh,2023-11-20,Brazil,M,2003,Bronze
C04014,drew.garcia4014@example.com,Drew,Garcia,2023-01-31,India,M,1999,Bronze
C04015,riley.wilson4015@example.com,Riley,Wilson,2025-03-07,France,Other,1961,Bronze
C04016,drew.lee4016@example.com,Drew,Lee,2024-05-27,United Kingdom,M,1955,Silver
C04017,alex.kumar4017@example.com,Alex,Kumar,2022-02-18,United Kingdom,Other,1990,Bronze
C04018,casey.lee4018@example.com,Casey,Lee,2024-02-28,Germany,Other,1991,Bronze
C04019,alex.patel4019@example.com,Alex,Patel,2023-06-20,Germany,F,1979,Bronze
C04020,alex.wilson4020@example.com,Alex,Wilson,2023-10-01,United Kingdom,Other,1996,Bronze
C04021,casey.khan4021@example.com,Casey,Khan,2025-05-17,Brazil,M,1983,Bronze
C04022,blake.johnson4022@example.com,Blake,Johnson,2022-04-04,France,F,1961,Bronze
C04023,morgan.smith4023@example.com,Morgan,Smith,2022-08-13,France,Other,1961,Gold
C04024,casey.garcia4024@example.com,Casey,Garcia,2024-06-08,Brazil,F,1978,Bronze
C04025,chris.wilson4025@example.com,Chris,Wilson,2022-01-11,Brazil,Other,1963,Bronze
C04026,pat.khan4026@example.com,Pat,Khan,2024-11-01,United Kingdom,Other,1989,Silver
C04027,chris.khan4027@example.com,Chris,Khan,2023-03-23,Australia,F,1958,Silver
C04028,pat.kumar4028@example.com,Pat,Kumar,2025-05-28,Brazil,Other,1967,Silver
C04029,chris.johnson4029@example.com,Chris,Johnson,2023-08-18,India,Other,1996,Bronze
C04030,blake.lee4030@example.com,Blake,Lee,2022-08-17,France,F,1993,Silver
C04031,pat.smith4031@example.com,Pat,Smith,2022-12-10,United States,M,1970,Gold
C04032,alex.johnson4032@example.com,Alex,Johnson,2025-08-06,Brazil,M,1961,Bronze
C04033,riley.nguyen4033@example.com,Riley,Nguyen,2024-09-15,Brazil,M,1967,Bronze
C04034,jordan.nguyen4034@example.com,Jordan,Nguyen,2023-06-11,Brazil,M,1965,Gold
C04035,drew.martin4035@example.com,Drew,Martin,2022-07-15,Brazil,M,1965,Bronze
C04036,pat.martin4036@example.com,Pat,Martin,2022-01-29,India,Other,1956,Bronze
C04037,robin.garcia4037@example.com,Robin,Garcia,2024-10-17,Canada,M,1970,Bronze
C04038,chris.wilson4038@example.com,Chris,Wilson,2024-03-15,United Kingdom,Other,1971,Bronze
C04039,morgan.garcia4039@example.com,Morgan,Garcia,2024-07-28,Canada,F,1973,Platinum
C04040,jordan.lopez4040@example.com,Jordan,Lopez,2024-08-24,France,M,1992,Silver
C04041,morgan.lopez4041@example.com,Morgan,Lopez,2025-01-05,France,Other,1991,Silver
C04042,chris.nguyen4042@example.com,Chris,Nguyen,2024-08-19,India,M,1995,Silver
C04043,pat.chen4043@example.com,Pat,Chen,2023-12-16,India,M,1978,Silver
C04044,blake.martin4044@example.com,Blake,Martin,2023-07-27,United Kingdom,M,1980,Gold
C04045,casey.brown4045@example.com,Casey,Brown,2023-09-07,Brazil,Other,1973,Bronze
C04046,drew.chen4046@example.com,Drew,Chen,2022-11-22,United States,M,1997,Bronze
C04047,jordan.brown4047@example.com,Jordan,Brown,2024-05-24,Canada,Other,1993,Gold
C04048,alex.nguyen4048@example.com,Alex,Nguyen,2022-11-20,United Kingdom,F,1960,Bronze
C04049,cameron.smith4049@example.com,Cameron,Smith,2022-06-14,France,F,1982,Bronze
C04050,chris.lopez4050@example.com,Chris,Lopez,2024-03-08,United States,F,1961,Silver
C04051,pat.smith4051@example.com,Pat,Smith,2025-03-22,India,F,1987,Silver
C04052,casey.singh4052@example.com,Casey,Singh,2025-02-24,United States,M,1955,Bronze
C04053,blake.martin4053@example.com,Blake,Martin,2023-09-19,India,Other,1960,Bronze
C04054,pat.khan4054@example.com,Pat,Khan,2023-06-14,Canada,F,1964,Bronze
C04055,jordan.chen4055@example.com,Jordan,Chen,2022-04-02,Canada,M,1965,Bronze
C04056,riley.lee4056@example.com,Riley,Lee,2023-04-26,India,Other,1955,Silver
C04057,cameron.lopez4057@example.com,Cameron,Lopez,2024-05-18,India,M,1974,Silver
C04058,cameron.lee4058@example.com,Cameron,Lee,2024-12-11,India,M,1957,Bronze
C04059,cameron.lopez4059@example.com,Cameron,Lopez,2023-04-11,France,M,1995,Silver
C04060,sam.lopez4060@example.com,Sam,Lopez,2023-12-19,Australia,Other,1985,Bronze
C04061,cameron.brown4061@example.com,Cameron,Brown,2023-04-20,France,M,1971,Silver
C04062,avery.smith4062@example.com,Avery,Smith,2023-08-28,United Kingdom,Other,1990,Bronze
C04063,riley.patel4063@example.com,Riley,Patel,2024-09-23,United States,M,1980,Bronze
C04064,sam.singh4064@example.com,Sam,Singh,2024-03-31,India,Other,1971,Bronze
C04065,sam.nguyen4065@example.com,Sam,Nguyen,2023-08-21,United Kingdom,M,1979,Bronze
C04066,taylor.johnson4066@example.com,Taylor,Johnson,2023-05-29,United Kingdom,M,1976,Bronze
C04067,drew.patel4067@example.com,Drew,Patel,2024-10-26,Brazil,F,1975,Bronze
C04068,casey.wilson4068@example.com,Casey,Wilson,2023-12-18,United Kingdom,Other,1991,Bronze
C04069,robin.lopez4069@example.com,Robin,Lopez,2023-08-24,Germany,M,1980,Gold
C04070,jordan.kumar4070@example.com,Jordan,Kumar,2023-04-13,India,M,1987,Bronze
C04071,riley.martin4071@example.com,Riley,Martin,2022-09-27,United Kingdom,F,1990,Bronze
C04072,riley.singh4072@example.com,Riley,Singh,2024-04-28,Germany,F,1975,Bronze
C04073,riley.chen4073@example.com,Riley,Chen,2024-12-05,Brazil,M,1970,Bronze
C04074,jordan.patel4074@example.com,Jordan,Patel,2023-09-24,United States,M,1974,Bronze
C04075,pat.brown4075@example.com,Pat,Brown,2023-02-17,Australia,Other,1982,Bronze
C04076,blake.lopez4076@example.com,Blake,Lopez,2023-06-04,Germany,Other,1978,Bronze
C04077,blake.chen4077@example.com,Blake,Chen,2023-01-22,United Kingdom,Other,1979,Bronze
C04078,blake.khan4078@example.com,Blake,Khan,2022-10-02,United States,Other,1987,Bronze
C04079,drew.lee4079@example.com,Drew,Lee,2024-12-25,United States,Other,1969,Bronze
C04080,drew.singh4080@example.com,Drew,Singh,2023-08-21,Brazil,M,1964,Bronze
C04081,alex.smith4081@example.com,Alex,Smith,2023-07-12,United Kingdom,Other,2003,Bronze
C04082,drew.nguyen4082@example.com,Drew,Nguyen,2025-01-19,France,Other,1967,Bronze
C04083,avery.patel4083@example.com,Avery,Patel,2025-08-05,India,Other,1959,Silver
C04084,cameron.singh4084@example.com,Cameron,Singh,2023-12-31,Germany,Other,1967,Bronze
C04085,pat.johnson4085@example.com,Pat,Johnson,2023-02-15,United States,M,1968,Bronze
C04086,drew.chen4086@example.com,Drew,Chen,2025-03-21,France,M,1957,Silver
C04087,taylor.smith4087@example.com,Taylor,Smith,2024-01-21,United Kingdom,F,2003,Bronze
C04088,robin.lee4088@example.com,Robin,Lee,2024-09-21,Brazil,Other,2002,Gold
C04089,pat.lee4089@example.com,Pat,Lee,2023-12-04,India,M,1968,Bronze
C04090,taylor.chen4090@example.com,Taylor,Chen,2022-01-12,Germany,M,1982,Gold
C04091,alex.kumar4091@example.com,Alex,Kumar,2023-04-22,United States,Other,1997,Bronze
C04092,riley.singh4092@example.com,Riley,Singh,2023-02-05,United Kingdom,F,1994,Bronze
C04093,taylor.lopez4093@example.com,Taylor,Lopez,2022-06-26,United Kingdom,Other,1975,Gold
C04094,taylor.smith4094@example.com,Taylor,Smith,2022-02-26,Canada,M,1977,Bronze
C04095,riley.garcia4095@example.com,Riley,Garcia,2023-03-24,France,Other,1965,Bronze
C04096,riley.lopez4096@example.com,Riley,Lopez,2024-01-08,United States,M,1964,Gold
C04097,morgan.smith4097@example.com,Morgan,Smith,2022-12-29,Australia,M,1960,Silver
C04098,taylor.johnson4098@example.com,Taylor,Johnson,2022-12-22,United States,Other,1978,Silver
C04099,jamie.garcia4099@example.com,Jamie,Garcia,2024-08-29,India,M,1997,Silver
C04100,sam.patel4100@example.com,Sam,Patel,2024-06-05,Brazil,M,1977,Silver
C04101,sam.garcia4101@example.com,Sam,Garcia,2022-06-04,India,M,1999,Bronze
C04102,alex.lee4102@example.com,Alex,Lee,2024-03-15,Canada,M,1960,Bronze
C04103,cameron.martin4103@example.com,Cameron,Martin,2022-11-17,Australia,F,1960,Gold
C04104,blake.brown4104@example.com,Blake,Brown,2023-03-10,United States,Other,1976,Silver
C04105,taylor.smith4105@example.com,Taylor,Smith,2024-05-22,United Kingdom,F,1978,Bronze
C04106,pat.brown4106@example.com,Pat,Brown,2025-02-22,India,F,1969,Silver
C04107,robin.nguyen4107@example.com,Robin,Nguyen,2024-05-07,Brazil,M,1962,Silver
C04108,jordan.kumar4108@example.com,Jordan,Kumar,2022-02-20,Brazil,M,1978,Bronze
C04109,chris.smith4109@example.com,Chris,Smith,2022-06-25,Brazil,Other,1992,Silver
C04110,casey.johnson4110@example.com,Casey,Johnson,2022-09-10,France,Other,1960,Gold
C04111,robin.martin4111@example.com,Robin,Martin,2025-06-23,France,F,1989,Bronze
C04112,morgan.johnson4112@example.com,Morgan,Johnson,2025-02-03,United States,M,1955,Silver
C04113,cameron.chen4113@example.com,Cameron,Chen,2025-09-01,United Kingdom,Other,2000,Gold
C04114,morgan.chen4114@example.com,Morgan,Chen,2023-07-02,Brazil,Other,1966,Silver
C04115,robin.smith4115@example.com,Robin,Smith,2024-02-18,Brazil,Other,1966,Bronze
C04116,riley.patel4116@example.com,Riley,Patel,2025-04-08,United Kingdom,Other,2004,Silver
C04117,jamie.chen4117@example.com,Jamie,Chen,2023-07-05,United States,F,1961,Bronze
C04118,sam.johnson4118@example.com,Sam,Johnson,2025-08-08,United Kingdom,F,1985,Bronze
C04119,casey.martin4119@example.com,Casey,Martin,2025-03-10,India,M,1972,Bronze
C04120,taylor.chen4120@example.com,Taylor,Chen,2022-11-10,United States,Other,1978,Gold
C04121,drew.johnson4121@example.com,Drew,Johnson,2023-12-14,United States,M,1985,Platinum
C04122,morgan.lee4122@example.com,Morgan,Lee,2025-06-30,United Kingdom,M,1995,Bronze
C04123,casey.lopez4123@example.com,Casey,Lopez,2023-12-01,United Kingdom,Other,1956,Bronze
C04124,alex.lopez4124@example.com,Alex,Lopez,2025-06-07,Germany,F,1969,Gold
C04125,morgan.chen4125@example.com,Morgan,Chen,2024-03-21,Canada,M,1985,Bronze
C04126,jordan.chen4126@example.com,Jordan,Chen,2022-07-17,United Kingdom,M,1957,Silver
C04127,pat.martin4127@example.com,Pat,Martin,2024-12-15,United Kingdom,Other,1965,Gold
C04128,robin.nguyen4128@example.com,Robin,Nguyen,2023-09-20,United States,F,1982,Silver
C04129,alex.brown4129@example.com,Alex,Brown,2025-03-07,United States,F,1992,Bronze
C04130,blake.garcia4130@example.com,Blake,Garcia,2024-12-16,France,Other,2004,Bronze
C04131,jamie.martin4131@example.com,Jamie,Martin,2024-10-06,India,Other,1961,Silver
C04132,sam.martin4132@example.com,Sam,Martin,2024-06-29,India,F,1972,Silver
C04133,pat.wilson4133@example.com,Pat,Wilson,2023-08-17,India,M,1995,Bronze
C04134,chris.lopez4134@example.com,Chris,Lopez,2023-08-23,Brazil,F,1956,Bronze
C04135,jamie.garcia4135@example.com,Jamie,Garcia,2022-03-25,United States,M,1988,Bronze
C04136,drew.lee4136@example.com,Drew,Lee,2024-12-02,Brazil,M,1980,Bronze
C04137,taylor.smith4137@example.com,Taylor,Smith,2024-04-18,Brazil,F,1992,Silver
C04138,casey.brown4138@example.com,Casey,Brown,2023-08-29,United States,M,1996,Bronze
C04139,jamie.johnson4139@example.com,Jamie,Johnson,2022-05-13,India,M,1965,Bronze
C04140,casey.lee4140@example.com,Casey,Lee,2024-12-24,Brazil,F,1988,Silver
C04141,sam.johnson4141@example.com,Sam,Johnson,2023-01-11,Canada,M,1955,Gold
C04142,pat.singh4142@example.com,Pat,Singh,2023-04-12,United States,Other,1956,Bronze
C04143,alex.garcia4143@example.com,Alex,Garcia,2025-05-21,India,F,1974,Bronze
C04144,cameron.brown4144@example.com,Cameron,Brown,2023-04-16,United Kingdom,F,1975,Gold
C04145,pat.khan4145@example.com,Pat,Khan,2022-03-29,France,M,1958,Bronze
C04146,drew.garcia4146@example.com,Drew,Garcia,2023-01-31,United States,M,1976,Silver
C04147,alex.patel4147@example.com,Alex,Patel,2025-01-10,India,Other,1955,Bronze
C04148,robin.martin4148@example.com,Robin,Martin,2025-08-02,India,Other,1987,Silver
C04149,chris.lopez4149@example.com,Chris,Lopez,2025-07-17,United States,M,1990,Bronze
C04150,pat.brown4150@example.com,Pat,Brown,2022-01-24,France,M,1985,Silver
C04151,riley.garcia4151@example.com,Riley,Garcia,2022-11-07,United States,F,1967,Silver
C04152,blake.wilson4152@example.com,Blake,Wilson,2025-05-16,Brazil,F,1978,Gold
C04153,avery.johnson4153@example.com,Avery,Johnson,2023-10-26,United States,Other,1980,Bronze
C04154,taylor.chen4154@example.com,Taylor,Chen,2023-12-07,United States,M,1970,Gold
C04155,alex.smith4155@example.com,Alex,Smith,2023-02-26,France,F,2000,Bronze
C04156,sam.wilson4156@example.com,Sam,Wilson,2022-11-17,France,M,2003,Silver
C04157,drew.lee4157@example.com,Drew,Lee,2023-08-10,Brazil,Other,1989,Bronze
C04158,jamie.nguyen4158@example.com,Jamie,Nguyen,2025-04-03,India,M,1971,Gold
C04159,alex.singh4159@example.com,Alex,Singh,2025-08-11,Australia,Other,1996,Bronze
C04160,drew.khan4160@example.com,Drew,Khan,2025-08-01,United States,Other,1997,Silver
C04161,avery.singh4161@example.com,Avery,Singh,2023-01-22,Australia,M,1964,Bronze
C04162,pat.brown4162@example.com,Pat,Brown,2025-04-25,Australia,F,1996,Silver
C04163,drew.johnson4163@example.com,Drew,Johnson,2024-06-28,United States,Other,1966,Silver
C04164,alex.kumar4164@example.com,Alex,Kumar,2023-03-07,Canada,Other,1996,Silver
C04165,avery.lopez4165@example.com,Avery,Lopez,2024-03-10,France,Other,1996,Bronze
C04166,casey.lopez4166@example.com,Casey,Lopez,2022-01-26,Australia,M,1955,Silver
C04167,jamie.patel4167@example.com,Jamie,Patel,2022-02-25,India,F,1996,Bronze
C04168,morgan.patel4168@example.com,Morgan,Patel,2025-02-27,Canada,F,1971,Bronze
C04169,blake.garcia4169@example.com,Blake,Garcia,2023-11-01,France,F,1993,Bronze
C04170,chris.smith4170@example.com,Chris,Smith,2024-08-24,India,M,1981,Bronze
C04171,taylor.chen4171@example.com,Taylor,Chen,2024-03-12,United States,M,2000,Bronze
C04172,taylor.singh4172@example.com,Taylor,Singh,2023-08-08,Australia,Other,1974,Bronze
C04173,riley.wilson4173@example.com,Riley,Wilson,2024-09-05,Canada,Other,1990,Gold
C04174,jamie.kumar4174@example.com,Jamie,Kumar,2022-06-17,United States,F,1999,Silver
C04175,jordan.garcia4175@example.com,Jordan,Garcia,2024-06-23,Brazil,M,1995,Gold
C04176,alex.brown4176@example.com,Alex,Brown,2022-05-30,India,Other,1972,Bronze
C04177,avery.johnson4177@example.com,Avery,Johnson,2023-12-17,United States,M,1996,Bronze
C04178,robin.nguyen4178@example.com,Robin,Nguyen,2022-10-26,Australia,Other,1993,Silver
C04179,robin.wilson4179@example.com,Robin,Wilson,2023-10-08,United States,Other,1973,Gold
C04180,drew.lee4180@example.com,Drew,Lee,2024-12-07,United States,Other,2001,Silver
C04181,riley.khan4181@example.com,Riley,Khan,2024-10-27,Canada,Other,1970,Gold
C04182,jamie.johnson4182@example.com,Jamie,Johnson,2023-03-29,France,F,1970,Bronze
C04183,alex.singh4183@example.com,Alex,Singh,2024-06-15,Brazil,Other,1991,Bronze
C04184,chris.nguyen4184@example.com,Chris,Nguyen,2023-05-02,India,M,1973,Silver
C04185,casey.garcia4185@example.com,Casey,Garcia,2022-06-14,France,M,1971,Bronze
C04186,jordan.kumar4186@example.com,Jordan,Kumar,2022-07-11,United States,F,1980,Gold
C04187,casey.khan4187@example.com,Casey,Khan,2022-08-02,Germany,F,1962,Bronze
C04188,casey.martin4188@example.com,Casey,Martin,2024-08-14,India,M,1987,Bronze
C04189,alex.kumar4189@example.com,Alex,Kumar,2024-03-08,United States,F,2001,Bronze
C04190,jamie.martin4190@example.com,Jamie,Martin,2023-12-01,India,M,1972,Bronze
C04191,avery.brown4191@example.com,Avery,Brown,2023-05-20,India,Other,1964,Bronze
C04192,morgan.lee4192@example.com,Morgan,Lee,2024-07-08,Brazil,M,1958,Silver
C04193,casey.lopez4193@example.com,Casey,Lopez,2022-02-06,Australia,M,1958,Bronze
C04194,riley.nguyen4194@example.com,Riley,Nguyen,2024-02-04,India,M,1978,Gold
C04195,jamie.singh4195@example.com,Jamie,Singh,2023-12-07,Germany,Other,2002,Bronze
C04196,blake.chen4196@example.com,Blake,Chen,2023-06-29,India,F,1973,Silver
C04197,alex.patel4197@example.com,Alex,Patel,2025-05-09,United Kingdom,F,1982,Silver
C04198,blake.kumar4198@example.com,Blake,Kumar,2024-10-13,United States,M,1993,Bronze
C04199,pat.garcia4199@example.com,Pat,Garcia,2023-01-29,United States,Other,1955,Gold
C04200,taylor.johnson4200@example.com,Taylor,Johnson,2024-12-01,India,Other,1975,Silver
C04201,casey.khan4201@example.com,Casey,Khan,2023-01-28,United States,F,2001,Silver
C04202,sam.kumar4202@example.com,Sam,Kumar,2023-03-17,France,Other,1959,Bronze
C04203,robin.nguyen4203@example.com,Robin,Nguyen,2024-07-06,India,M,1995,Bronze
C04204,blake.patel4204@example.com,Blake,Patel,2025-05-23,France,F,1961,Silver
C04205,avery.patel4205@example.com,Avery,Patel,2023-07-22,India,Other,1977,Bronze
C04206,chris.patel4206@example.com,Chris,Patel,2022-08-24,India,Other,1979,Bronze
C04207,chris.johnson4207@example.com,Chris,Johnson,2024-09-13,United States,Other,1995,Bronze
C04208,pat.lee4208@example.com,Pat,Lee,2025-03-31,India,F,1963,Bronze
C04209,riley.kumar4209@example.com,Riley,Kumar,2022-03-01,United States,F,2003,Silver
C04210,casey.khan4210@example.com,Casey,Khan,2022-08-13,United States,Other,1960,Bronze
C04211,drew.kumar4211@example.com,Drew,Kumar,2025-08-03,United States,Other,1988,Bronze
C04212,cameron.khan4212@example.com,Cameron,Khan,2022-06-18,United States,F,1983,Bronze
C04213,jordan.wilson4213@example.com,Jordan,Wilson,2022-01-14,India,Other,1990,Bronze
C04214,jamie.patel4214@example.com,Jamie,Patel,2024-01-27,Canada,Other,1969,Bronze
C04215,avery.lee4215@example.com,Avery,Lee,2024-11-17,United States,M,1958,Bronze
C04216,riley.kumar4216@example.com,Riley,Kumar,2023-03-22,France,Other,1970,Bronze
C04217,drew.patel4217@example.com,Drew,Patel,2023-12-17,Australia,M,1970,Bronze
C04218,cameron.garcia4218@example.com,Cameron,Garcia,2024-03-29,United States,Other,1994,Bronze
C04219,morgan.smith4219@example.com,Morgan,Smith,2024-01-12,United Kingdom,M,1996,Platinum
C04220,blake.wilson4220@example.com,Blake,Wilson,2025-01-29,United Kingdom,F,1983,Bronze
C04221,pat.kumar4221@example.com,Pat,Kumar,2023-10-01,Brazil,M,1972,Bronze
C04222,pat.wilson4222@example.com,Pat,Wilson,2025-02-03,Germany,F,1993,Bronze
C04223,sam.patel4223@example.com,Sam,Patel,2024-02-08,United States,M,1993,Bronze
C04224,avery.brown4224@example.com,Avery,Brown,2022-10-04,Germany,Other,1955,Bronze
C04225,morgan.garcia4225@example.com,Morgan,Garcia,2024-06-18,Brazil,Other,1974,Bronze
C04226,jamie.singh4226@example.com,Jamie,Singh,2025-03-07,United States,Other,1977,Bronze
C04227,chris.patel4227@example.com,Chris,Patel,2022-04-15,India,Other,1988,Silver
C04228,alex.khan4228@example.com,Alex,Khan,2023-01-15,India,M,2000,Gold
C04229,avery.garcia4229@example.com,Avery,Garcia,2023-06-29,India,M,1988,Bronze
C04230,chris.lee4230@example.com,Chris,Lee,2024-01-13,India,M,1964,Bronze
C04231,drew.brown4231@example.com,Drew,Brown,2024-12-24,Brazil,F,1967,Silver
C04232,robin.garcia4232@example.com,Robin,Garcia,2025-03-02,France,Other,1970,Bronze
C04233,robin.khan4233@example.com,Robin,Khan,2024-02-22,Canada,Other,2003,Gold
C04234,riley.garcia4234@example.com,Riley,Garcia,2023-06-24,Germany,F,1985,Bronze
C04235,blake.khan4235@example.com,Blake,Khan,2023-09-13,India,M,1997,Bronze
C04236,pat.martin4236@example.com,Pat,Martin,2024-06-27,Canada,Other,1968,Platinum
C04237,alex.lee4237@example.com,Alex,Lee,2024-09-18,United States,Other,1989,Bronze
C04238,robin.johnson4238@example.com,Robin,Johnson,2022-11-13,United States,F,1985,Silver
C04239,pat.brown4239@example.com,Pat,Brown,2023-04-02,Germany,Other,1964,Bronze
C04240,alex.martin4240@example.com,Alex,Martin,2023-06-04,United States,F,1975,Bronze
C04241,robin.singh4241@example.com,Robin,Singh,2023-12-18,United States,Other,2004,Silver
C04242,drew.kumar4242@example.com,Drew,Kumar,2023-12-10,Canada,F,1960,Bronze
C04243,pat.brown4243@example.com,Pat,Brown,2024-11-09,India,M,2002,Silver
C04244,sam.khan4244@example.com,Sam,Khan,2024-08-26,Canada,Other,1956,Bronze
C04245,alex.garcia4245@example.com,Alex,Garcia,2025-08-09,India,Other,1955,Bronze
C04246,robin.nguyen4246@example.com,Robin,Nguyen,2025-03-01,Canada,F,1990,Silver
C04247,casey.patel4247@example.com,Casey,Patel,2024-12-13,United Kingdom,F,1979,Bronze
C04248,morgan.nguyen4248@example.com,Morgan,Nguyen,2022-09-22,Brazil,Other,1976,Silver
C04249,avery.khan4249@example.com,Avery,Khan,2025-05-23,Canada,F,1966,Bronze
C04250,alex.martin4250@example.com,Alex,Martin,2024-03-12,Brazil,M,1997,Bronze
C04251,avery.kumar4251@example.com,Avery,Kumar,2024-05-11,France,F,1976,Bronze
C04252,jamie.kumar4252@example.com,Jamie,Kumar,2025-02-27,India,M,1984,Bronze
C04253,riley.lopez4253@example.com,Riley,Lopez,2025-02-03,Brazil,F,1970,Bronze
C04254,taylor.brown4254@example.com,Taylor,Brown,2022-01-01,Brazil,M,1962,Silver
C04255,morgan.johnson4255@example.com,Morgan,Johnson,2023-03-08,United States,F,2004,Silver
C04256,drew.garcia4256@example.com,Drew,Garcia,2022-02-22,Brazil,Other,1998,Silver
C04257,jordan.kumar4257@example.com,Jordan,Kumar,2023-06-04,India,M,1964,Silver
C04258,sam.garcia4258@example.com,Sam,Garcia,2025-02-11,Australia,F,1973,Silver
C04259,taylor.smith4259@example.com,Taylor,Smith,2025-04-04,United States,F,1965,Gold
C04260,jordan.chen4260@example.com,Jordan,Chen,2023-09-21,United States,F,1997,Bronze
C04261,jordan.kumar4261@example.com,Jordan,Kumar,2025-07-23,Brazil,F,1974,Bronze
C04262,cameron.nguyen4262@example.com,Cameron,Nguyen,2024-02-28,India,F,1972,Bronze
C04263,riley.lee4263@example.com,Riley,Lee,2022-06-27,India,M,1964,Bronze
C04264,chris.singh4264@example.com,Chris,Singh,2025-03-23,France,Other,1984,Bronze
C04265,avery.wilson4265@example.com,Avery,Wilson,2025-05-09,India,F,2000,Bronze
C04266,alex.smith4266@example.com,Alex,Smith,2025-02-12,Brazil,M,1985,Platinum
C04267,sam.lopez4267@example.com,Sam,Lopez,2024-01-29,Canada,F,1958,Platinum
C04268,cameron.lopez4268@example.com,Cameron,Lopez,2023-03-21,France,M,1960,Bronze
C04269,jordan.patel4269@example.com,Jordan,Patel,2023-12-09,Canada,F,1980,Gold
C04270,blake.kumar4270@example.com,Blake,Kumar,2022-05-25,France,F,1973,Gold
C04271,jamie.johnson4271@example.com,Jamie,Johnson,2023-05-24,France,F,2003,Bronze
C04272,avery.johnson4272@example.com,Avery,Johnson,2023-04-22,Australia,M,1965,Bronze
C04273,cameron.lee4273@example.com,Cameron,Lee,2025-03-22,France,Other,1994,Bronze
C04274,chris.brown4274@example.com,Chris,Brown,2025-01-03,Germany,F,1961,Gold
C04275,taylor.garcia4275@example.com,Taylor,Garcia,2023-10-28,United Kingdom,F,1976,Bronze
C04276,avery.kumar4276@example.com,Avery,Kumar,2023-06-15,India,F,1985,Bronze
C04277,avery.nguyen4277@example.com,Avery,Nguyen,2023-11-12,United States,Other,1990,Platinum
C04278,jordan.wilson4278@example.com,Jordan,Wilson,2022-01-23,United States,Other,2001,Silver
C04279,drew.brown4279@example.com,Drew,Brown,2023-06-09,India,F,1979,Gold
C04280,drew.kumar4280@example.com,Drew,Kumar,2022-05-24,France,M,1963,Bronze
C04281,robin.garcia4281@example.com,Robin,Garcia,2023-10-30,United Kingdom,F,1967,Silver
C04282,robin.lopez4282@example.com,Robin,Lopez,2023-11-12,United Kingdom,M,1967,Bronze
C04283,avery.lee4283@example.com,Avery,Lee,2024-03-09,United States,M,1975,Gold
C04284,blake.singh4284@example.com,Blake,Singh,2023-02-20,France,Other,1988,Bronze
C04285,riley.kumar4285@example.com,Riley,Kumar,2023-04-01,Germany,Other,1995,Platinum
C04286,riley.singh4286@example.com,Riley,Singh,2025-02-09,Brazil,F,1956,Bronze
C04287,blake.kumar4287@example.com,Blake,Kumar,2025-06-07,India,Other,1986,Bronze
C04288,chris.nguyen4288@example.com,Chris,Nguyen,2024-08-07,Australia,F,1994,Silver
C04289,jordan.smith4289@example.com,Jordan,Smith,2023-01-13,United States,Other,1982,Silver
C04290,morgan.nguyen4290@example.com,Morgan,Nguyen,2023-02-25,United States,F,1995,Bronze
C04291,pat.singh4291@example.com,Pat,Singh,2022-11-26,United States,M,1958,Bronze
C04292,riley.kumar4292@example.com,Riley,Kumar,2023-01-17,India,M,1964,Bronze
C04293,chris.martin4293@example.com,Chris,Martin,2024-07-31,Germany,F,1965,Bronze
C04294,riley.kumar4294@example.com,Riley,Kumar,2022-09-27,France,Other,1992,Bronze
C04295,casey.chen4295@example.com,Casey,Chen,2023-01-31,United States,M,1999,Silver
C04296,pat.chen4296@example.com,Pat,Chen,2024-07-01,United States,M,1970,Bronze
C04297,avery.chen4297@example.com,Avery,Chen,2023-03-26,Germany,M,1965,Silver
C04298,casey.lee4298@example.com,Casey,Lee,2025-06-30,Germany,F,1995,Bronze
C04299,casey.wilson4299@example.com,Casey,Wilson,2025-08-01,India,F,1972,Bronze
C04300,pat.johnson4300@example.com,Pat,Johnson,2022-01-20,United Kingdom,Other,2001,Bronze
C04301,pat.wilson4301@example.com,Pat,Wilson,2025-07-17,United Kingdom,Other,1988,Bronze
C04302,taylor.chen4302@example.com,Taylor,Chen,2025-08-26,India,M,1985,Bronze
C04303,jamie.patel4303@example.com,Jamie,Patel,2025-02-01,Canada,Other,1996,Bronze
C04304,sam.smith4304@example.com,Sam,Smith,2022-07-05,Australia,Other,1972,Silver
C04305,robin.martin4305@example.com,Robin,Martin,2025-07-28,United States,M,1973,Bronze
C04306,casey.lopez4306@example.com,Casey,Lopez,2023-12-13,France,F,1982,Bronze
C04307,avery.khan4307@example.com,Avery,Khan,2025-03-05,Germany,Other,1985,Silver
C04308,riley.garcia4308@example.com,Riley,Garcia,2022-01-03,France,M,1957,Bronze
C04309,blake.kumar4309@example.com,Blake,Kumar,2025-06-13,Germany,F,1976,Bronze
C04310,jamie.patel4310@example.com,Jamie,Patel,2022-08-16,Germany,M,1971,Silver
C04311,chris.chen4311@example.com,Chris,Chen,2023-05-14,India,F,1963,Bronze
C04312,taylor.smith4312@example.com,Taylor,Smith,2023-12-03,Brazil,Other,1984,Gold
C04313,casey.singh4313@example.com,Casey,Singh,2024-07-05,France,M,1966,Silver
C04314,chris.johnson4314@example.com,Chris,Johnson,2025-03-08,France,Other,1974,Silver
C04315,taylor.patel4315@example.com,Taylor,Patel,2022-10-18,India,M,2001,Bronze
C04316,riley.kumar4316@example.com,Riley,Kumar,2025-02-07,United States,Other,1965,Platinum
C04317,robin.khan4317@example.com,Robin,Khan,2024-08-05,India,M,1962,Bronze
C04318,blake.patel4318@example.com,Blake,Patel,2024-10-24,United States,Other,1981,Bronze
C04319,blake.smith4319@example.com,Blake,Smith,2023-11-15,Germany,M,1994,Bronze
C04320,jordan.johnson4320@example.com,Jordan,Johnson,2024-05-19,United States,M,2001,Silver
C04321,jordan.brown4321@example.com,Jordan,Brown,2022-04-04,United States,M,1998,Bronze
C04322,cameron.khan4322@example.com,Cameron,Khan,2023-07-14,India,M,2002,Bronze
C04323,alex.smith4323@example.com,Alex,Smith,2022-08-01,India,Other,1974,Silver
C04324,avery.khan4324@example.com,Avery,Khan,2023-05-23,France,Other,1958,Silver
C04325,morgan.lee4325@example.com,Morgan,Lee,2023-10-13,United States,F,1967,Bronze
C04326,taylor.martin4326@example.com,Taylor,Martin,2023-01-16,India,M,1963,Bronze
C04327,blake.singh4327@example.com,Blake,Singh,2025-01-04,United States,F,1963,Bronze
C04328,robin.brown4328@example.com,Robin,Brown,2022-03-18,Australia,Other,2002,Bronze
C04329,drew.smith4329@example.com,Drew,Smith,2024-02-07,Brazil,Other,1980,Bronze
C04330,robin.johnson4330@example.com,Robin,Johnson,2022-04-16,United States,Other,1967,Bronze
C04331,pat.chen4331@example.com,Pat,Chen,2023-07-05,Australia,M,1982,Bronze
C04332,taylor.singh4332@example.com,Taylor,Singh,2024-04-05,Brazil,F,1973,Bronze
C04333,blake.johnson4333@example.com,Blake,Johnson,2022-03-29,United States,F,1973,Silver
C04334,pat.singh4334@example.com,Pat,Singh,2024-05-30,Canada,M,1967,Bronze
C04335,pat.smith4335@example.com,Pat,Smith,2025-01-05,France,F,1982,Bronze
C04336,blake.nguyen4336@example.com,Blake,Nguyen,2022-09-02,India,M,1956,Bronze
C04337,alex.nguyen4337@example.com,Alex,Nguyen,2024-09-08,India,M,1967,Bronze
C04338,cameron.lee4338@example.com,Cameron,Lee,2022-05-22,Germany,M,2002,Gold
C04339,chris.smith4339@example.com,Chris,Smith,2025-01-12,Brazil,M,1969,Bronze
C04340,morgan.patel4340@example.com,Morgan,Patel,2022-12-18,Brazil,F,1987,Gold
C04341,drew.patel4341@example.com,Drew,Patel,2024-07-01,India,M,1978,Bronze
C04342,pat.kumar4342@example.com,Pat,Kumar,2025-03-27,Canada,F,1967,Bronze
C04343,casey.brown4343@example.com,Casey,Brown,2024-08-15,United Kingdom,Other,2001,Bronze
C04344,cameron.patel4344@example.com,Cameron,Patel,2023-09-16,Canada,F,1970,Bronze
C04345,riley.lopez4345@example.com,Riley,Lopez,2023-03-26,Brazil,Other,1971,Bronze
C04346,morgan.khan4346@example.com,Morgan,Khan,2025-06-01,Canada,Other,1997,Gold
C04347,sam.lopez4347@example.com,Sam,Lopez,2022-09-21,India,Other,1957,Silver
C04348,jamie.kumar4348@example.com,Jamie,Kumar,2025-07-15,Canada,F,1974,Bronze
C04349,drew.patel4349@example.com,Drew,Patel,2024-11-05,India,M,1968,Bronze
C04350,riley.lopez4350@example.com,Riley,Lopez,2024-12-18,France,Other,2003,Bronze
C04351,taylor.johnson4351@example.com,Taylor,Johnson,2022-03-04,United States,F,1997,Bronze
C04352,blake.singh4352@example.com,Blake,Singh,2023-07-15,Brazil,Other,1987,Bronze
C04353,casey.patel4353@example.com,Casey,Patel,2024-08-12,Canada,F,1966,Gold
C04354,alex.wilson4354@example.com,Alex,Wilson,2024-04-29,France,M,1982,Bronze
C04355,drew.patel4355@example.com,Drew,Patel,2023-08-29,United Kingdom,M,1987,Bronze
C04356,drew.lopez4356@example.com,Drew,Lopez,2024-04-09,United Kingdom,M,1969,Bronze
C04357,jamie.lopez4357@example.com,Jamie,Lopez,2025-05-07,India,Other,1969,Silver
C04358,cameron.johnson4358@example.com,Cameron,Johnson,2024-01-16,India,M,2000,Bronze
C04359,drew.lee4359@example.com,Drew,Lee,2022-03-05,United States,Other,1992,Silver
C04360,casey.johnson4360@example.com,Casey,Johnson,2024-07-30,United Kingdom,Other,1998,Silver
C04361,morgan.johnson4361@example.com,Morgan,Johnson,2022-06-06,India,M,1985,Bronze
C04362,riley.lopez4362@example.com,Riley,Lopez,2024-09-11,United Kingdom,F,1978,Bronze
C04363,alex.kumar4363@example.com,Alex,Kumar,2025-08-29,Germany,F,1973,Platinum
C04364,cameron.singh4364@example.com,Cameron,Singh,2024-12-25,United Kingdom,M,1976,Gold
C04365,avery.khan4365@example.com,Avery,Khan,2024-11-09,United Kingdom,F,1987,Bronze
C04366,avery.chen4366@example.com,Avery,Chen,2023-07-12,United States,Other,1963,Bronze
C04367,jordan.smith4367@example.com,Jordan,Smith,2024-04-04,Brazil,F,1977,Bronze
C04368,jamie.chen4368@example.com,Jamie,Chen,2025-03-02,United States,Other,1979,Bronze
C04369,alex.lee4369@example.com,Alex,Lee,2022-09-29,Australia,Other,2002,Bronze
C04370,blake.martin4370@example.com,Blake,Martin,2023-09-20,India,F,1969,Gold
C04371,jordan.brown4371@example.com,Jordan,Brown,2023-12-06,Brazil,F,1976,Bronze
C04372,jordan.khan4372@example.com,Jordan,Khan,2025-02-28,United States,F,1992,Bronze
C04373,blake.singh4373@example.com,Blake,Singh,2022-11-06,France,M,1968,Bronze
C04374,sam.lopez4374@example.com,Sam,Lopez,2025-08-08,India,Other,1972,Gold
C04375,jordan.johnson4375@example.com,Jordan,Johnson,2023-05-10,Australia,M,1995,Silver
C04376,sam.johnson4376@example.com,Sam,Johnson,2022-12-04,France,Other,1957,Bronze
C04377,blake.kumar4377@example.com,Blake,Kumar,2022-01-10,Brazil,M,2003,Bronze
C04378,alex.kumar4378@example.com,Alex,Kumar,2023-09-15,United Kingdom,Other,1955,Bronze
C04379,drew.smith4379@example.com,Drew,Smith,2024-01-01,United States,M,1981,Bronze
C04380,riley.johnson4380@example.com,Riley,Johnson,2024-08-28,Brazil,M,2003,Gold
C04381,avery.nguyen4381@example.com,Avery,Nguyen,2022-05-13,United States,M,1961,Bronze
C04382,cameron.smith4382@example.com,Cameron,Smith,2022-03-24,Germany,F,1983,Bronze
C04383,alex.chen4383@example.com,Alex,Chen,2022-09-28,Canada,M,1989,Bronze
C04384,jamie.lee4384@example.com,Jamie,Lee,2022-04-21,Brazil,Other,1991,Bronze
C04385,alex.smith4385@example.com,Alex,Smith,2024-06-05,France,Other,1966,Bronze
C04386,avery.nguyen4386@example.com,Avery,Nguyen,2025-03-27,United States,F,1974,Bronze
C04387,casey.singh4387@example.com,Casey,Singh,2022-11-25,United Kingdom,Other,1995,Bronze
C04388,jordan.kumar4388@example.com,Jordan,Kumar,2025-04-05,Canada,Other,1980,Bronze
C04389,casey.patel4389@example.com,Casey,Patel,2023-10-04,United States,F,1977,Gold
C04390,jordan.patel4390@example.com,Jordan,Patel,2022-10-06,United Kingdom,M,1975,Gold
C04391,morgan.chen4391@example.com,Morgan,Chen,2022-01-09,Germany,Other,1967,Gold
C04392,casey.johnson4392@example.com,Casey,Johnson,2024-07-12,France,F,1981,Bronze
C04393,drew.khan4393@example.com,Drew,Khan,2024-12-11,United States,Other,1971,Gold
C04394,drew.lee4394@example.com,Drew,Lee,2025-04-29,United States,M,1963,Bronze
C04395,pat.kumar4395@example.com,Pat,Kumar,2023-10-15,Canada,M,1994,Silver
C04396,robin.johnson4396@example.com,Robin,Johnson,2023-09-13,United States,M,1969,Gold
C04397,blake.kumar4397@example.com,Blake,Kumar,2025-08-16,Brazil,F,2000,Bronze
C04398,casey.kumar4398@example.com,Casey,Kumar,2022-07-15,France,M,1987,Bronze
C04399,morgan.khan4399@example.com,Morgan,Khan,2023-10-26,United States,Other,1990,Gold
C04400,morgan.smith4400@example.com,Morgan,Smith,2022-05-28,Germany,Other,1995,Bronze
C04401,casey.brown4401@example.com,Casey,Brown,2022-12-30,France,F,1965,Platinum
C04402,blake.khan4402@example.com,Blake,Khan,2023-02-06,India,M,1984,Bronze
C04403,pat.kumar4403@example.com,Pat,Kumar,2022-08-17,United States,Other,1974,Gold
C04404,avery.wilson4404@example.com,Avery,Wilson,2023-06-21,India,M,1966,Bronze
C04405,pat.martin4405@example.com,Pat,Martin,2024-10-31,United States,F,1963,Silver
C04406,cameron.smith4406@example.com,Cameron,Smith,2022-05-06,India,F,2004,Bronze
C04407,pat.lee4407@example.com,Pat,Lee,2025-01-17,United Kingdom,M,1989,Bronze
C04408,riley.johnson4408@example.com,Riley,Johnson,2023-09-20,Germany,M,1986,Bronze
C04409,casey.martin4409@example.com,Casey,Martin,2023-11-20,France,M,1968,Bronze
C04410,jamie.nguyen4410@example.com,Jamie,Nguyen,2025-07-04,Germany,Other,1971,Silver
C04411,riley.lee4411@example.com,Riley,Lee,2022-10-08,France,M,1962,Bronze
C04412,sam.lopez4412@example.com,Sam,Lopez,2024-04-16,Brazil,M,1959,Gold
C04413,riley.nguyen4413@example.com,Riley,Nguyen,2023-09-09,United States,F,1989,Bronze
C04414,cameron.lopez4414@example.com,Cameron,Lopez,2022-05-27,Australia,Other,1977,Bronze
C04415,jordan.johnson4415@example.com,Jordan,Johnson,2023-06-05,Australia,Other,1984,Bronze
C04416,pat.brown4416@example.com,Pat,Brown,2023-03-10,United Kingdom,F,1970,Gold
C04417,cameron.lee4417@example.com,Cameron,Lee,2022-10-16,Australia,M,1956,Platinum
C04418,robin.johnson4418@example.com,Robin,Johnson,2022-01-14,United States,Other,2000,Gold
C04419,pat.chen4419@example.com,Pat,Chen,2022-09-14,France,F,1980,Bronze
C04420,drew.kumar4420@example.com,Drew,Kumar,2025-05-15,Germany,F,1980,Bronze
C04421,sam.martin4421@example.com,Sam,Martin,2024-07-31,United States,M,1998,Silver
C04422,blake.martin4422@example.com,Blake,Martin,2023-04-09,France,Other,1968,Silver
C04423,riley.wilson4423@example.com,Riley,Wilson,2025-05-29,India,F,1978,Gold
C04424,alex.lopez4424@example.com,Alex,Lopez,2023-09-15,United Kingdom,F,1969,Gold
C04425,sam.kumar4425@example.com,Sam,Kumar,2022-03-13,India,M,1988,Bronze
C04426,jamie.patel4426@example.com,Jamie,Patel,2025-07-30,Canada,Other,1964,Gold
C04427,cameron.patel4427@example.com,Cameron,Patel,2022-12-21,Australia,M,1977,Silver
C04428,robin.kumar4428@example.com,Robin,Kumar,2023-05-12,Brazil,F,1962,Bronze
C04429,chris.nguyen4429@example.com,Chris,Nguyen,2024-09-14,Canada,Other,1977,Gold
C04430,alex.brown4430@example.com,Alex,Brown,2023-08-03,Germany,M,1968,Bronze
C04431,chris.martin4431@example.com,Chris,Martin,2023-01-08,United States,M,1996,Bronze
C04432,morgan.smith4432@example.com,Morgan,Smith,2022-04-03,India,F,1955,Silver
C04433,sam.lee4433@example.com,Sam,Lee,2022-11-20,India,M,1986,Silver
C04434,taylor.nguyen4434@example.com,Taylor,Nguyen,2024-01-07,United Kingdom,M,2003,Silver
C04435,casey.martin4435@example.com,Casey,Martin,2022-12-12,United Kingdom,F,1971,Silver
C04436,robin.patel4436@example.com,Robin,Patel,2025-01-31,United Kingdom,F,1977,Bronze
C04437,sam.smith4437@example.com,Sam,Smith,2025-04-30,United States,Other,1986,Gold
C04438,riley.smith4438@example.com,Riley,Smith,2023-12-20,Australia,F,1967,Bronze
C04439,blake.chen4439@example.com,Blake,Chen,2024-10-16,India,F,1956,Bronze
C04440,cameron.lopez4440@example.com,Cameron,Lopez,2023-10-26,India,Other,1999,Bronze
C04441,blake.brown4441@example.com,Blake,Brown,2023-08-23,France,Other,1965,Bronze
C04442,robin.johnson4442@example.com,Robin,Johnson,2022-07-06,Germany,Other,1976,Gold
C04443,taylor.patel4443@example.com,Taylor,Patel,2024-11-04,Brazil,Other,1964,Bronze
C04444,pat.chen4444@example.com,Pat,Chen,2025-08-13,United States,F,1981,Bronze
C04445,jamie.garcia4445@example.com,Jamie,Garcia,2024-08-13,Germany,F,1963,Silver
C04446,pat.smith4446@example.com,Pat,Smith,2024-12-11,United States,M,1982,Silver
C04447,sam.lopez4447@example.com,Sam,Lopez,2023-07-31,United States,F,1971,Bronze
C04448,jordan.garcia4448@example.com,Jordan,Garcia,2025-06-06,United States,Other,1983,Bronze
C04449,chris.johnson4449@example.com,Chris,Johnson,2025-05-18,Canada,Other,2001,Silver
C04450,riley.singh4450@example.com,Riley,Singh,2025-08-10,Brazil,M,1993,Bronze
C04451,chris.martin4451@example.com,Chris,Martin,2025-02-01,Brazil,Other,1966,Bronze
C04452,drew.smith4452@example.com,Drew,Smith,2024-12-12,Canada,F,1968,Silver
C04453,avery.nguyen4453@example.com,Avery,Nguyen,2024-07-28,United States,Other,1964,Bronze
C04454,drew.khan4454@example.com,Drew,Khan,2024-12-13,Canada,F,1974,Bronze
C04455,taylor.smith4455@example.com,Taylor,Smith,2024-11-20,United States,M,1961,Gold
C04456,morgan.garcia4456@example.com,Morgan,Garcia,2024-12-17,India,Other,1995,Silver
C04457,blake.smith4457@example.com,Blake,Smith,2025-07-13,United Kingdom,F,1964,Silver
C04458,pat.kumar4458@example.com,Pat,Kumar,2022-09-10,Brazil,Other,1993,Bronze
C04459,jamie.martin4459@example.com,Jamie,Martin,2023-10-30,Brazil,M,1984,Gold
C04460,jordan.patel4460@example.com,Jordan,Patel,2023-07-03,Germany,F,1957,Silver
C04461,jordan.garcia4461@example.com,Jordan,Garcia,2022-10-26,United States,M,1969,Gold
C04462,morgan.nguyen4462@example.com,Morgan,Nguyen,2022-04-11,Brazil,M,1966,Bronze
C04463,blake.singh4463@example.com,Blake,Singh,2024-04-15,United States,Other,2001,Bronze
C04464,jordan.lee4464@example.com,Jordan,Lee,2023-01-28,United Kingdom,M,1993,Platinum
C04465,cameron.patel4465@example.com,Cameron,Patel,2024-05-23,United States,M,1982,Gold
C04466,sam.kumar4466@example.com,Sam,Kumar,2023-03-23,United Kingdom,Other,1999,Bronze
C04467,drew.khan4467@example.com,Drew,Khan,2022-11-13,United States,Other,1994,Bronze
C04468,jordan.lee4468@example.com,Jordan,Lee,2023-03-18,Australia,Other,1980,Silver
C04469,jordan.lee4469@example.com,Jordan,Lee,2025-05-30,United Kingdom,M,1987,Gold
C04470,casey.patel4470@example.com,Casey,Patel,2022-10-05,France,Other,2003,Silver
C04471,pat.patel4471@example.com,Pat,Patel,2023-07-23,United States,M,2004,Bronze
C04472,casey.garcia4472@example.com,Casey,Garcia,2024-05-24,United States,Other,1972,Bronze
C04473,casey.lee4473@example.com,Casey,Lee,2024-04-18,Germany,Other,2004,Gold
C04474,cameron.lopez4474@example.com,Cameron,Lopez,2024-04-17,Germany,Other,1984,Bronze
C04475,cameron.lee4475@example.com,Cameron,Lee,2022-12-25,India,Other,1977,Bronze
C04476,alex.kumar4476@example.com,Alex,Kumar,2025-08-04,France,M,1976,Bronze
C04477,jamie.khan4477@example.com,Jamie,Khan,2025-06-11,Brazil,M,1997,Silver
C04478,sam.khan4478@example.com,Sam,Khan,2022-11-09,France,M,1999,Silver
C04479,casey.patel4479@example.com,Casey,Patel,2024-06-23,India,Other,1967,Bronze
C04480,chris.martin4480@example.com,Chris,Martin,2023-11-29,France,M,1957,Bronze
C04481,robin.lee4481@example.com,Robin,Lee,2024-03-13,France,Other,1987,Bronze
C04482,drew.lopez4482@example.com,Drew,Lopez,2024-02-28,United States,Other,1985,Bronze
C04483,taylor.patel4483@example.com,Taylor,Patel,2022-06-29,United Kingdom,M,1988,Bronze
C04484,jordan.nguyen4484@example.com,Jordan,Nguyen,2025-04-01,France,M,1969,Bronze
C04485,chris.wilson4485@example.com,Chris,Wilson,2025-01-24,India,M,1960,Bronze
C04486,cameron.johnson4486@example.com,Cameron,Johnson,2023-05-25,France,Other,1999,Gold
C04487,sam.lee4487@example.com,Sam,Lee,2024-09-07,India,F,1987,Gold
C04488,riley.patel4488@example.com,Riley,Patel,2024-03-10,Germany,Other,1973,Silver
C04489,jordan.singh4489@example.com,Jordan,Singh,2025-06-02,Canada,M,1982,Bronze
C04490,robin.brown4490@example.com,Robin,Brown,2024-01-05,France,Other,1975,Bronze
C04491,cameron.johnson4491@example.com,Cameron,Johnson,2022-04-28,United States,Other,1988,Bronze
C04492,jamie.lopez4492@example.com,Jamie,Lopez,2022-07-11,United Kingdom,Other,1969,Gold
C04493,blake.lee4493@example.com,Blake,Lee,2023-08-13,United States,M,1973,Silver
C04494,blake.kumar4494@example.com,Blake,Kumar,2022-04-17,Germany,F,1969,Bronze
C04495,pat.smith4495@example.com,Pat,Smith,2023-01-25,India,M,1963,Bronze
C04496,robin.chen4496@example.com,Robin,Chen,2024-05-18,United States,Other,1974,Silver
C04497,taylor.chen4497@example.com,Taylor,Chen,2024-05-15,India,F,1992,Bronze
C04498,blake.patel4498@example.com,Blake,Patel,2025-05-18,United States,M,1982,Bronze
C04499,drew.lee4499@example.com,Drew,Lee,2024-10-11,Australia,Other,1963,Silver
C04500,sam.garcia4500@example.com,Sam,Garcia,2025-08-25,Australia,Other,1960,Silver
C04501,sam.lopez4501@example.com,Sam,Lopez,2024-05-09,United Kingdom,M,1978,Gold
C04502,avery.johnson4502@example.com,Avery,Johnson,2025-06-30,Canada,M,1967,Gold
C04503,sam.kumar4503@example.com,Sam,Kumar,2022-10-26,United States,Other,1966,Bronze
C04504,casey.chen4504@example.com,Casey,Chen,2024-12-10,United Kingdom,F,1973,Silver
C04505,jordan.johnson4505@example.com,Jordan,Johnson,2022-05-29,Canada,M,1981,Silver
C04506,sam.garcia4506@example.com,Sam,Garcia,2022-05-02,India,F,1973,Bronze
C04507,morgan.khan4507@example.com,Morgan,Khan,2025-07-27,France,F,1980,Gold
C04508,avery.garcia4508@example.com,Avery,Garcia,2025-03-25,India,M,2000,Silver
C04509,morgan.brown4509@example.com,Morgan,Brown,2023-01-11,Germany,M,1972,Gold
C04510,riley.khan4510@example.com,Riley,Khan,2023-05-07,Brazil,M,1990,Bronze
C04511,chris.patel4511@example.com,Chris,Patel,2024-07-13,United Kingdom,F,1971,Silver
C04512,chris.nguyen4512@example.com,Chris,Nguyen,2024-12-03,United States,F,1999,Gold
C04513,taylor.nguyen4513@example.com,Taylor,Nguyen,2022-05-03,United Kingdom,Other,1983,Silver
C04514,taylor.patel4514@example.com,Taylor,Patel,2023-12-09,India,Other,1964,Bronze
C04515,riley.garcia4515@example.com,Riley,Garcia,2024-09-17,United States,M,1957,Bronze
C04516,morgan.johnson4516@example.com,Morgan,Johnson,2025-02-08,India,M,1956,Silver
C04517,chris.johnson4517@example.com,Chris,Johnson,2025-01-17,United Kingdom,Other,2003,Silver
C04518,jordan.chen4518@example.com,Jordan,Chen,2023-12-11,Germany,Other,1980,Gold
C04519,cameron.martin4519@example.com,Cameron,Martin,2023-12-13,United Kingdom,Other,1989,Bronze
C04520,casey.chen4520@example.com,Casey,Chen,2023-06-23,India,M,1979,Gold
C04521,casey.singh4521@example.com,Casey,Singh,2025-03-15,India,Other,1955,Platinum
C04522,riley.lee4522@example.com,Riley,Lee,2025-04-27,Germany,M,2002,Gold
C04523,robin.brown4523@example.com,Robin,Brown,2024-05-20,Germany,Other,1957,Gold
C04524,sam.nguyen4524@example.com,Sam,Nguyen,2024-03-19,Canada,F,1991,Silver
C04525,taylor.brown4525@example.com,Taylor,Brown,2022-09-28,Canada,M,1962,Silver
C04526,cameron.wilson4526@example.com,Cameron,Wilson,2023-07-04,France,M,2004,Platinum
C04527,blake.martin4527@example.com,Blake,Martin,2023-07-22,Australia,M,2001,Bronze
C04528,taylor.brown4528@example.com,Taylor,Brown,2024-09-12,United Kingdom,M,1993,Bronze
C04529,drew.singh4529@example.com,Drew,Singh,2025-04-07,United States,F,1973,Bronze
C04530,avery.nguyen4530@example.com,Avery,Nguyen,2024-03-08,India,F,1959,Bronze
C04531,cameron.wilson4531@example.com,Cameron,Wilson,2024-06-05,United Kingdom,Other,1985,Bronze
C04532,morgan.singh4532@example.com,Morgan,Singh,2025-05-07,Canada,F,1973,Bronze
C04533,drew.lopez4533@example.com,Drew,Lopez,2022-10-14,India,Other,1993,Silver
C04534,drew.wilson4534@example.com,Drew,Wilson,2024-11-12,Germany,Other,2002,Gold
C04535,pat.brown4535@example.com,Pat,Brown,2025-02-06,United Kingdom,F,1994,Bronze
C04536,riley.lopez4536@example.com,Riley,Lopez,2022-01-06,France,F,1992,Bronze
C04537,blake.singh4537@example.com,Blake,Singh,2023-11-12,Canada,M,1990,Bronze
C04538,morgan.brown4538@example.com,Morgan,Brown,2024-03-05,France,M,1965,Bronze
C04539,pat.wilson4539@example.com,Pat,Wilson,2022-11-21,United Kingdom,M,1971,Bronze
C04540,riley.martin4540@example.com,Riley,Martin,2022-09-01,France,F,1961,Gold
C04541,casey.lee4541@example.com,Casey,Lee,2024-09-13,Brazil,F,2001,Bronze
C04542,riley.johnson4542@example.com,Riley,Johnson,2024-01-31,United Kingdom,Other,1969,Gold
C04543,morgan.garcia4543@example.com,Morgan,Garcia,2024-11-02,United Kingdom,M,1965,Bronze
C04544,avery.brown4544@example.com,Avery,Brown,2022-12-31,United States,F,1980,Gold
C04545,jordan.brown4545@example.com,Jordan,Brown,2025-05-29,United Kingdom,M,1963,Silver
C04546,chris.johnson4546@example.com,Chris,Johnson,2024-12-05,India,F,1972,Gold
C04547,alex.nguyen4547@example.com,Alex,Nguyen,2022-07-27,France,Other,1987,Silver
C04548,taylor.brown4548@example.com,Taylor,Brown,2022-05-04,Brazil,F,1964,Bronze
C04549,avery.lee4549@example.com,Avery,Lee,2025-04-25,United Kingdom,F,1985,Bronze
C04550,taylor.singh4550@example.com,Taylor,Singh,2022-03-01,Brazil,F,1957,Bronze
C04551,taylor.nguyen4551@example.com,Taylor,Nguyen,2024-06-04,Brazil,Other,1968,Bronze
C04552,blake.smith4552@example.com,Blake,Smith,2023-03-18,United States,Other,1979,Silver
C04553,sam.lopez4553@example.com,Sam,Lopez,2024-06-29,France,M,1956,Silver
C04554,jordan.lee4554@example.com,Jordan,Lee,2024-04-11,United States,F,2002,Silver
C04555,sam.khan4555@example.com,Sam,Khan,2023-09-18,United Kingdom,F,1978,Bronze
C04556,avery.nguyen4556@example.com,Avery,Nguyen,2025-04-03,United Kingdom,F,1992,Gold
C04557,blake.khan4557@example.com,Blake,Khan,2024-01-04,Brazil,Other,1981,Bronze
C04558,robin.nguyen4558@example.com,Robin,Nguyen,2022-06-16,India,M,1969,Bronze
C04559,robin.johnson4559@example.com,Robin,Johnson,2025-07-29,Brazil,Other,1955,Gold
C04560,alex.singh4560@example.com,Alex,Singh,2023-05-31,India,Other,1983,Silver
C04561,avery.johnson4561@example.com,Avery,Johnson,2024-01-17,United States,F,2004,Bronze
C04562,jordan.patel4562@example.com,Jordan,Patel,2023-01-30,India,F,1964,Silver
C04563,taylor.brown4563@example.com,Taylor,Brown,2022-07-06,India,M,1971,Bronze
C04564,robin.chen4564@example.com,Robin,Chen,2023-09-15,United States,Other,1980,Silver
C04565,pat.chen4565@example.com,Pat,Chen,2022-08-28,United States,Other,1975,Bronze
C04566,sam.smith4566@example.com,Sam,Smith,2022-05-21,France,Other,1963,Bronze
C04567,casey.nguyen4567@example.com,Casey,Nguyen,2022-05-19,France,M,1965,Bronze
C04568,jamie.chen4568@example.com,Jamie,Chen,2022-03-11,Australia,M,1955,Silver
C04569,chris.johnson4569@example.com,Chris,Johnson,2023-09-22,United Kingdom,M,1960,Silver
C04570,sam.garcia4570@example.com,Sam,Garcia,2022-07-24,United States,Other,1976,Bronze
C04571,cameron.kumar4571@example.com,Cameron,Kumar,2023-07-22,United States,F,1985,Gold
C04572,casey.kumar4572@example.com,Casey,Kumar,2024-09-08,Canada,M,1991,Bronze
C04573,blake.smith4573@example.com,Blake,Smith,2024-05-08,United States,Other,2004,Bronze
C04574,pat.martin4574@example.com,Pat,Martin,2024-08-31,Germany,F,2001,Bronze
C04575,jordan.singh4575@example.com,Jordan,Singh,2022-11-21,United States,Other,1990,Silver
C04576,cameron.nguyen4576@example.com,Cameron,Nguyen,2022-10-15,Brazil,F,1988,Silver
C04577,jordan.singh4577@example.com,Jordan,Singh,2024-12-23,India,Other,1961,Silver
C04578,robin.brown4578@example.com,Robin,Brown,2024-07-26,France,M,2002,Bronze
C04579,robin.singh4579@example.com,Robin,Singh,2023-12-15,Brazil,Other,2004,Bronze
C04580,riley.brown4580@example.com,Riley,Brown,2024-04-28,France,M,1984,Silver
C04581,alex.wilson4581@example.com,Alex,Wilson,2022-03-01,United Kingdom,Other,1967,Bronze
C04582,avery.kumar4582@example.com,Avery,Kumar,2022-09-14,Brazil,M,1955,Silver
C04583,jordan.brown4583@example.com,Jordan,Brown,2022-08-27,India,F,1987,Bronze
C04584,alex.lopez4584@example.com,Alex,Lopez,2022-02-07,India,Other,1979,Gold
C04585,jamie.smith4585@example.com,Jamie,Smith,2023-02-14,India,F,1967,Bronze
C04586,drew.lee4586@example.com,Drew,Lee,2024-09-14,Brazil,M,1987,Silver
C04587,morgan.smith4587@example.com,Morgan,Smith,2022-12-23,United States,M,1995,Bronze
C04588,morgan.lee4588@example.com,Morgan,Lee,2025-03-27,United Kingdom,Other,2003,Silver
C04589,taylor.khan4589@example.com,Taylor,Khan,2024-12-07,Australia,M,1962,Silver
C04590,cameron.lee4590@example.com,Cameron,Lee,2023-03-09,France,Other,2001,Bronze
C04591,morgan.singh4591@example.com,Morgan,Singh,2022-02-25,Brazil,F,1955,Bronze
C04592,drew.garcia4592@example.com,Drew,Garcia,2022-09-25,India,F,1959,Bronze
C04593,jordan.johnson4593@example.com,Jordan,Johnson,2024-06-20,United States,M,1979,Gold
C04594,cameron.johnson4594@example.com,Cameron,Johnson,2024-03-03,United States,Other,1955,Bronze
C04595,casey.smith4595@example.com,Casey,Smith,2023-11-03,Australia,F,1996,Silver
C04596,chris.johnson4596@example.com,Chris,Johnson,2024-01-16,United Kingdom,Other,1957,Platinum
C04597,riley.johnson4597@example.com,Riley,Johnson,2022-02-18,Germany,Other,1973,Silver
C04598,robin.chen4598@example.com,Robin,Chen,2022-11-12,United States,F,1997,Silver
C04599,morgan.smith4599@example.com,Morgan,Smith,2023-02-17,India,Other,2004,Silver
C04600,pat.brown4600@example.com,Pat,Brown,2024-10-22,India,F,1963,Bronze
C04601,taylor.chen4601@example.com,Taylor,Chen,2025-03-14,France,F,2000,Silver
C04602,avery.kumar4602@example.com,Avery,Kumar,2023-02-24,United States,M,1971,Gold
C04603,casey.smith4603@example.com,Casey,Smith,2024-04-23,United Kingdom,F,1974,Silver
C04604,chris.lee4604@example.com,Chris,Lee,2023-03-10,Brazil,Other,1957,Bronze
C04605,pat.brown4605@example.com,Pat,Brown,2022-02-26,Brazil,M,2004,Gold
C04606,robin.khan4606@example.com,Robin,Khan,2024-08-21,United Kingdom,Other,1971,Bronze
C04607,sam.brown4607@example.com,Sam,Brown,2025-04-16,Brazil,Other,1991,Bronze
C04608,alex.khan4608@example.com,Alex,Khan,2022-02-15,Brazil,M,1996,Silver
C04609,riley.chen4609@example.com,Riley,Chen,2025-07-18,Germany,F,1987,Silver
C04610,sam.martin4610@example.com,Sam,Martin,2024-04-27,Germany,M,1965,Silver
C04611,pat.martin4611@example.com,Pat,Martin,2022-09-04,United Kingdom,M,1974,Bronze
C04612,blake.nguyen4612@example.com,Blake,Nguyen,2022-08-18,Australia,F,1978,Bronze
C04613,cameron.wilson4613@example.com,Cameron,Wilson,2023-09-29,United States,Other,1970,Bronze
C04614,pat.martin4614@example.com,Pat,Martin,2024-01-08,India,Other,1955,Bronze
C04615,sam.patel4615@example.com,Sam,Patel,2022-03-29,Germany,M,1978,Bronze
C04616,riley.martin4616@example.com,Riley,Martin,2023-12-14,India,M,1976,Bronze
C04617,alex.lopez4617@example.com,Alex,Lopez,2025-05-12,Brazil,M,1971,Silver
C04618,chris.johnson4618@example.com,Chris,Johnson,2023-08-24,India,M,1982,Bronze
C04619,sam.patel4619@example.com,Sam,Patel,2023-06-23,Brazil,M,1976,Bronze
C04620,cameron.nguyen4620@example.com,Cameron,Nguyen,2022-03-15,United States,M,1985,Bronze
C04621,riley.brown4621@example.com,Riley,Brown,2025-05-27,Germany,Other,1966,Bronze
C04622,morgan.lopez4622@example.com,Morgan,Lopez,2024-03-24,India,F,1985,Silver
C04623,alex.patel4623@example.com,Alex,Patel,2022-02-01,France,M,1986,Bronze
C04624,jordan.garcia4624@example.com,Jordan,Garcia,2024-09-27,India,M,1999,Bronze
C04625,drew.patel4625@example.com,Drew,Patel,2025-04-19,France,F,2000,Bronze
C04626,robin.garcia4626@example.com,Robin,Garcia,2025-01-08,Australia,F,1961,Bronze
C04627,cameron.patel4627@example.com,Cameron,Patel,2024-09-13,France,F,1979,Bronze
C04628,robin.khan4628@example.com,Robin,Khan,2022-04-22,India,Other,1974,Bronze
C04629,blake.brown4629@example.com,Blake,Brown,2025-08-08,France,Other,1971,Silver
C04630,cameron.wilson4630@example.com,Cameron,Wilson,2023-05-08,United States,Other,1965,Silver
C04631,drew.garcia4631@example.com,Drew,Garcia,2024-07-14,United Kingdom,Other,1989,Bronze
C04632,robin.singh4632@example.com,Robin,Singh,2022-04-27,Brazil,M,1997,Silver
C04633,taylor.lee4633@example.com,Taylor,Lee,2024-05-29,United States,Other,1981,Bronze
C04634,sam.martin4634@example.com,Sam,Martin,2024-03-24,Brazil,F,2003,Silver
C04635,drew.garcia4635@example.com,Drew,Garcia,2023-10-06,United Kingdom,Other,1970,Bronze
C04636,jamie.kumar4636@example.com,Jamie,Kumar,2022-12-02,France,Other,1975,Bronze
C04637,alex.smith4637@example.com,Alex,Smith,2024-07-10,United States,F,1990,Gold
C04638,morgan.wilson4638@example.com,Morgan,Wilson,2022-05-27,United Kingdom,F,1971,Silver
C04639,jamie.garcia4639@example.com,Jamie,Garcia,2023-11-16,United Kingdom,F,1980,Bronze
C04640,blake.wilson4640@example.com,Blake,Wilson,2023-10-24,France,M,1982,Bronze
C04641,morgan.martin4641@example.com,Morgan,Martin,2023-03-25,India,F,1998,Platinum
C04642,avery.martin4642@example.com,Avery,Martin,2024-05-17,United States,F,1997,Bronze
C04643,pat.singh4643@example.com,Pat,Singh,2025-09-07,United States,Other,1971,Bronze
C04644,cameron.garcia4644@example.com,Cameron,Garcia,2023-11-11,France,Other,1992,Bronze
C04645,jordan.lopez4645@example.com,Jordan,Lopez,2023-04-06,India,Other,1965,Bronze
C04646,riley.nguyen4646@example.com,Riley,Nguyen,2025-04-27,United Kingdom,F,1970,Bronze
C04647,taylor.martin4647@example.com,Taylor,Martin,2024-06-30,United States,Other,1956,Silver
C04648,jamie.singh4648@example.com,Jamie,Singh,2022-12-30,United States,M,1962,Bronze
C04649,jordan.khan4649@example.com,Jordan,Khan,2023-09-30,United States,M,1996,Bronze
C04650,morgan.wilson4650@example.com,Morgan,Wilson,2025-05-13,United States,F,1971,Bronze
C04651,riley.wilson4651@example.com,Riley,Wilson,2022-07-14,France,Other,1984,Silver
C04652,avery.patel4652@example.com,Avery,Patel,2024-10-08,Brazil,F,1967,Silver
C04653,blake.wilson4653@example.com,Blake,Wilson,2025-07-22,India,F,1961,Bronze
C04654,pat.kumar4654@example.com,Pat,Kumar,2024-06-23,United Kingdom,F,1973,Gold
C04655,cameron.brown4655@example.com,Cameron,Brown,2023-07-20,United Kingdom,M,1994,Bronze
C04656,drew.wilson4656@example.com,Drew,Wilson,2023-07-27,Canada,Other,1977,Bronze
C04657,riley.brown4657@example.com,Riley,Brown,2024-02-09,Germany,Other,2004,Bronze
C04658,avery.wilson4658@example.com,Avery,Wilson,2022-08-30,United Kingdom,M,1965,Bronze
C04659,riley.wilson4659@example.com,Riley,Wilson,2025-01-08,Brazil,Other,1965,Bronze
C04660,drew.nguyen4660@example.com,Drew,Nguyen,2024-02-05,Brazil,M,1961,Silver
C04661,jordan.brown4661@example.com,Jordan,Brown,2024-06-14,United States,F,1985,Bronze
C04662,jordan.patel4662@example.com,Jordan,Patel,2023-11-19,Germany,M,2000,Silver
C04663,riley.nguyen4663@example.com,Riley,Nguyen,2022-02-16,Brazil,Other,1968,Silver
C04664,riley.chen4664@example.com,Riley,Chen,2023-09-11,France,M,1970,Bronze
C04665,sam.smith4665@example.com,Sam,Smith,2022-05-03,France,F,1980,Silver
C04666,jordan.smith4666@example.com,Jordan,Smith,2022-05-14,Germany,F,1997,Bronze
C04667,drew.smith4667@example.com,Drew,Smith,2024-04-20,India,Other,2004,Bronze
C04668,pat.brown4668@example.com,Pat,Brown,2024-04-28,United Kingdom,F,1985,Silver
C04669,pat.martin4669@example.com,Pat,Martin,2022-01-23,India,M,1959,Bronze
C04670,alex.brown4670@example.com,Alex,Brown,2022-08-23,United States,Other,1990,Bronze
C04671,morgan.chen4671@example.com,Morgan,Chen,2024-12-18,United Kingdom,M,1990,Gold
C04672,cameron.patel4672@example.com,Cameron,Patel,2024-04-05,United States,M,1978,Bronze
C04673,jordan.singh4673@example.com,Jordan,Singh,2025-04-21,Brazil,M,1971,Bronze
C04674,taylor.singh4674@example.com,Taylor,Singh,2024-07-23,Brazil,F,1980,Bronze
C04675,avery.martin4675@example.com,Avery,Martin,2022-11-07,India,M,1999,Bronze
C04676,pat.patel4676@example.com,Pat,Patel,2024-08-29,United Kingdom,F,1955,Silver
C04677,alex.khan4677@example.com,Alex,Khan,2023-06-17,France,M,1973,Platinum
C04678,blake.patel4678@example.com,Blake,Patel,2022-02-21,Canada,F,1972,Gold
C04679,cameron.martin4679@example.com,Cameron,Martin,2025-04-09,Canada,Other,1957,Bronze
C04680,pat.garcia4680@example.com,Pat,Garcia,2022-10-27,India,M,1986,Bronze
C04681,blake.khan4681@example.com,Blake,Khan,2024-02-17,Canada,M,1994,Bronze
C04682,chris.johnson4682@example.com,Chris,Johnson,2024-09-01,United States,Other,1959,Bronze
C04683,cameron.johnson4683@example.com,Cameron,Johnson,2024-12-27,United States,F,1982,Bronze
C04684,jamie.wilson4684@example.com,Jamie,Wilson,2024-12-10,United States,Other,1958,Bronze
C04685,sam.smith4685@example.com,Sam,Smith,2023-08-14,United Kingdom,Other,1971,Silver
C04686,riley.garcia4686@example.com,Riley,Garcia,2023-09-12,India,Other,1957,Silver
C04687,morgan.kumar4687@example.com,Morgan,Kumar,2023-08-09,Brazil,M,2001,Silver
C04688,casey.kumar4688@example.com,Casey,Kumar,2024-09-28,France,F,1977,Gold
C04689,cameron.singh4689@example.com,Cameron,Singh,2022-05-09,France,F,1989,Bronze
C04690,morgan.kumar4690@example.com,Morgan,Kumar,2023-05-16,Canada,Other,1985,Bronze
C04691,sam.nguyen4691@example.com,Sam,Nguyen,2023-05-07,Australia,F,1955,Bronze
C04692,sam.lopez4692@example.com,Sam,Lopez,2024-12-26,United Kingdom,F,1991,Platinum
C04693,taylor.chen4693@example.com,Taylor,Chen,2023-04-12,United Kingdom,Other,1983,Bronze
C04694,drew.kumar4694@example.com,Drew,Kumar,2023-08-24,Brazil,M,1987,Gold
C04695,jordan.chen4695@example.com,Jordan,Chen,2025-01-28,Canada,F,1983,Gold
C04696,morgan.martin4696@example.com,Morgan,Martin,2024-06-08,United States,Other,1980,Silver
C04697,avery.kumar4697@example.com,Avery,Kumar,2023-01-23,France,M,2003,Bronze
C04698,jordan.khan4698@example.com,Jordan,Khan,2023-02-21,France,M,1976,Silver
C04699,alex.johnson4699@example.com,Alex,Johnson,2022-06-25,United States,Other,1957,Bronze
C04700,sam.brown4700@example.com,Sam,Brown,2024-05-02,United States,M,1995,Bronze
C04701,taylor.brown4701@example.com,Taylor,Brown,2023-10-25,United Kingdom,M,1958,Bronze
C04702,cameron.singh4702@example.com,Cameron,Singh,2022-10-04,United States,F,1991,Gold
C04703,pat.chen4703@example.com,Pat,Chen,2025-04-09,United States,M,1985,Gold
C04704,drew.lopez4704@example.com,Drew,Lopez,2022-08-01,Canada,F,1980,Bronze
C04705,taylor.singh4705@example.com,Taylor,Singh,2022-02-10,United States,F,1989,Bronze
C04706,taylor.smith4706@example.com,Taylor,Smith,2022-10-21,United States,M,1978,Gold
C04707,cameron.patel4707@example.com,Cameron,Patel,2025-07-14,Canada,F,1995,Bronze
C04708,jordan.brown4708@example.com,Jordan,Brown,2023-06-25,United States,M,2001,Bronze
C04709,alex.johnson4709@example.com,Alex,Johnson,2023-03-27,India,Other,1955,Bronze
C04710,drew.singh4710@example.com,Drew,Singh,2024-12-20,Brazil,M,1973,Gold
C04711,sam.lopez4711@example.com,Sam,Lopez,2024-02-29,Germany,Other,1968,Gold
C04712,drew.johnson4712@example.com,Drew,Johnson,2024-06-09,United Kingdom,M,1968,Gold
C04713,jamie.chen4713@example.com,Jamie,Chen,2022-02-13,Brazil,F,1970,Bronze
C04714,robin.khan4714@example.com,Robin,Khan,2022-11-29,India,M,1992,Silver
C04715,avery.lopez4715@example.com,Avery,Lopez,2022-02-24,Australia,F,1992,Silver
C04716,avery.wilson4716@example.com,Avery,Wilson,2024-03-07,India,Other,1959,Silver
C04717,blake.chen4717@example.com,Blake,Chen,2022-03-21,United States,F,1985,Bronze
C04718,pat.nguyen4718@example.com,Pat,Nguyen,2024-09-11,India,F,2002,Bronze
C04719,jordan.kumar4719@example.com,Jordan,Kumar,2023-07-12,Australia,F,1987,Silver
C04720,casey.chen4720@example.com,Casey,Chen,2023-12-18,France,F,1964,Bronze
C04721,riley.smith4721@example.com,Riley,Smith,2023-04-17,Brazil,Other,1964,Bronze
C04722,pat.garcia4722@example.com,Pat,Garcia,2023-08-12,India,Other,1957,Bronze
C04723,chris.khan4723@example.com,Chris,Khan,2023-07-18,Germany,M,1988,Bronze
C04724,jamie.brown4724@example.com,Jamie,Brown,2023-04-12,Canada,M,1977,Bronze
C04725,drew.johnson4725@example.com,Drew,Johnson,2024-09-18,United States,M,1967,Bronze
C04726,sam.khan4726@example.com,Sam,Khan,2024-01-07,India,M,1988,Bronze
C04727,cameron.martin4727@example.com,Cameron,Martin,2022-09-05,France,Other,1959,Bronze
C04728,riley.smith4728@example.com,Riley,Smith,2025-02-17,Australia,M,1957,Gold
C04729,jamie.chen4729@example.com,Jamie,Chen,2023-07-27,United States,F,1961,Silver
C04730,cameron.smith4730@example.com,Cameron,Smith,2023-12-04,Brazil,Other,1976,Gold
C04731,jordan.martin4731@example.com,Jordan,Martin,2023-05-08,United States,Other,1977,Platinum
C04732,chris.singh4732@example.com,Chris,Singh,2022-10-13,United Kingdom,Other,1972,Bronze
C04733,blake.kumar4733@example.com,Blake,Kumar,2022-11-08,United States,M,1961,Bronze
C04734,jordan.lopez4734@example.com,Jordan,Lopez,2025-01-25,France,M,1959,Silver
C04735,taylor.khan4735@example.com,Taylor,Khan,2025-02-10,India,F,1982,Bronze
C04736,avery.wilson4736@example.com,Avery,Wilson,2023-04-01,United States,M,1969,Bronze
C04737,morgan.nguyen4737@example.com,Morgan,Nguyen,2022-05-12,United Kingdom,Other,1988,Silver
C04738,blake.nguyen4738@example.com,Blake,Nguyen,2024-08-22,India,M,1987,Gold
C04739,cameron.singh4739@example.com,Cameron,Singh,2022-05-01,United States,M,1959,Bronze
C04740,taylor.wilson4740@example.com,Taylor,Wilson,2023-09-26,United Kingdom,M,1980,Bronze
C04741,chris.khan4741@example.com,Chris,Khan,2024-06-15,Brazil,Other,1958,Bronze
C04742,riley.martin4742@example.com,Riley,Martin,2024-11-28,United States,M,1980,Bronze
C04743,alex.chen4743@example.com,Alex,Chen,2025-03-30,India,Other,1987,Silver
C04744,robin.martin4744@example.com,Robin,Martin,2022-07-19,United States,F,1974,Silver
C04745,taylor.kumar4745@example.com,Taylor,Kumar,2023-06-12,Australia,Other,1975,Bronze
C04746,cameron.johnson4746@example.com,Cameron,Johnson,2025-06-25,India,M,1980,Silver
C04747,jordan.patel4747@example.com,Jordan,Patel,2025-01-15,Germany,F,1972,Bronze
C04748,jordan.lopez4748@example.com,Jordan,Lopez,2024-12-21,France,M,1985,Bronze
C04749,jordan.martin4749@example.com,Jordan,Martin,2024-12-01,Canada,M,1966,Bronze
C04750,blake.garcia4750@example.com,Blake,Garcia,2024-04-12,United Kingdom,Other,1996,Bronze
C04751,jordan.smith4751@example.com,Jordan,Smith,2024-04-20,Australia,M,1957,Bronze
C04752,jordan.patel4752@example.com,Jordan,Patel,2025-02-12,United Kingdom,F,1980,Bronze
C04753,taylor.smith4753@example.com,Taylor,Smith,2022-04-16,United States,Other,1970,Bronze
C04754,cameron.patel4754@example.com,Cameron,Patel,2024-04-25,India,F,1957,Bronze
C04755,robin.singh4755@example.com,Robin,Singh,2025-06-03,Brazil,M,1987,Silver
C04756,avery.patel4756@example.com,Avery,Patel,2023-02-12,Germany,M,1963,Silver
C04757,alex.garcia4757@example.com,Alex,Garcia,2024-06-16,India,F,1961,Bronze
C04758,riley.khan4758@example.com,Riley,Khan,2023-10-01,United States,F,1975,Silver
C04759,sam.brown4759@example.com,Sam,Brown,2024-03-25,United States,Other,1976,Bronze
C04760,casey.kumar4760@example.com,Casey,Kumar,2022-07-22,Brazil,Other,1987,Bronze
C04761,casey.chen4761@example.com,Casey,Chen,2023-02-20,Brazil,M,1975,Silver
C04762,sam.chen4762@example.com,Sam,Chen,2022-06-16,Australia,M,1974,Bronze
C04763,sam.chen4763@example.com,Sam,Chen,2024-12-31,United States,Other,1996,Bronze
C04764,chris.khan4764@example.com,Chris,Khan,2024-09-23,Australia,Other,1963,Gold
C04765,pat.khan4765@example.com,Pat,Khan,2023-04-18,United States,F,1987,Bronze
C04766,casey.lopez4766@example.com,Casey,Lopez,2025-07-05,France,M,1973,Bronze
C04767,sam.kumar4767@example.com,Sam,Kumar,2024-11-09,Canada,F,1996,Bronze
C04768,casey.khan4768@example.com,Casey,Khan,2023-05-05,United States,F,1983,Bronze
C04769,drew.johnson4769@example.com,Drew,Johnson,2022-11-22,Brazil,M,1971,Silver
C04770,drew.garcia4770@example.com,Drew,Garcia,2024-06-10,United States,F,1979,Gold
C04771,jamie.nguyen4771@example.com,Jamie,Nguyen,2023-05-01,India,F,1958,Bronze
C04772,casey.martin4772@example.com,Casey,Martin,2022-12-16,Brazil,Other,1974,Gold
C04773,morgan.wilson4773@example.com,Morgan,Wilson,2023-01-22,France,F,1977,Bronze
C04774,drew.singh4774@example.com,Drew,Singh,2022-11-03,United States,M,1972,Bronze
C04775,taylor.wilson4775@example.com,Taylor,Wilson,2025-03-23,Australia,M,1990,Bronze
C04776,cameron.garcia4776@example.com,Cameron,Garcia,2022-09-21,Brazil,M,1971,Bronze
C04777,jordan.smith4777@example.com,Jordan,Smith,2024-01-05,United Kingdom,F,1991,Bronze
C04778,jordan.patel4778@example.com,Jordan,Patel,2023-05-08,United Kingdom,M,1987,Bronze
C04779,chris.singh4779@example.com,Chris,Singh,2023-02-15,India,Other,1999,Bronze
C04780,drew.chen4780@example.com,Drew,Chen,2022-01-04,Germany,F,1976,Bronze
C04781,avery.patel4781@example.com,Avery,Patel,2024-09-12,India,F,1986,Silver
C04782,riley.patel4782@example.com,Riley,Patel,2025-02-07,Canada,Other,1989,Silver
C04783,cameron.khan4783@example.com,Cameron,Khan,2024-11-26,United States,Other,1986,Bronze
C04784,taylor.lee4784@example.com,Taylor,Lee,2023-08-06,Germany,M,1987,Bronze
C04785,blake.garcia4785@example.com,Blake,Garcia,2024-11-20,India,Other,1966,Bronze
C04786,cameron.johnson4786@example.com,Cameron,Johnson,2024-10-31,Germany,F,1978,Bronze
C04787,blake.brown4787@example.com,Blake,Brown,2022-06-15,Germany,M,1976,Bronze
C04788,casey.garcia4788@example.com,Casey,Garcia,2024-11-08,United States,F,1974,Bronze
C04789,robin.smith4789@example.com,Robin,Smith,2025-04-22,United Kingdom,M,1968,Bronze
C04790,blake.khan4790@example.com,Blake,Khan,2023-06-29,France,M,1964,Bronze
C04791,blake.martin4791@example.com,Blake,Martin,2022-07-11,Canada,F,1958,Bronze
C04792,avery.kumar4792@example.com,Avery,Kumar,2023-04-20,Canada,Other,1982,Silver
C04793,drew.patel4793@example.com,Drew,Patel,2023-09-29,United States,Other,1997,Bronze
C04794,cameron.garcia4794@example.com,Cameron,Garcia,2024-12-18,United States,F,1987,Bronze
C04795,blake.brown4795@example.com,Blake,Brown,2023-05-11,Brazil,Other,1973,Bronze
C04796,blake.brown4796@example.com,Blake,Brown,2023-10-23,France,F,1976,Bronze
C04797,robin.kumar4797@example.com,Robin,Kumar,2025-07-12,France,F,1963,Bronze
C04798,morgan.singh4798@example.com,Morgan,Singh,2023-04-02,United States,M,1981,Bronze
C04799,blake.nguyen4799@example.com,Blake,Nguyen,2022-09-30,France,F,1998,Gold
C04800,jordan.garcia4800@example.com,Jordan,Garcia,2024-10-28,India,Other,1970,Bronze
C04801,chris.kumar4801@example.com,Chris,Kumar,2025-02-20,United States,M,1987,Platinum
C04802,jordan.nguyen4802@example.com,Jordan,Nguyen,2022-07-23,India,M,1960,Bronze
C04803,cameron.patel4803@example.com,Cameron,Patel,2023-06-01,United States,Other,1970,Silver
C04804,cameron.brown4804@example.com,Cameron,Brown,2023-11-20,United Kingdom,Other,1972,Bronze
C04805,riley.singh4805@example.com,Riley,Singh,2024-04-12,Brazil,F,1973,Bronze
C04806,cameron.kumar4806@example.com,Cameron,Kumar,2025-03-05,Germany,F,1957,Silver
C04807,blake.lopez4807@example.com,Blake,Lopez,2024-11-14,India,M,1959,Bronze
C04808,morgan.kumar4808@example.com,Morgan,Kumar,2023-11-11,Canada,Other,1973,Bronze
C04809,jordan.smith4809@example.com,Jordan,Smith,2023-11-21,Australia,Other,1985,Gold
C04810,sam.chen4810@example.com,Sam,Chen,2023-09-15,Australia,M,1972,Bronze
C04811,riley.johnson4811@example.com,Riley,Johnson,2024-06-11,India,F,1993,Bronze
C04812,sam.lopez4812@example.com,Sam,Lopez,2024-02-23,France,F,1970,Silver
C04813,riley.garcia4813@example.com,Riley,Garcia,2023-05-10,Canada,M,1992,Bronze
C04814,casey.singh4814@example.com,Casey,Singh,2024-01-17,United Kingdom,M,2002,Silver
C04815,cameron.nguyen4815@example.com,Cameron,Nguyen,2022-12-11,United States,Other,1986,Silver
C04816,jordan.singh4816@example.com,Jordan,Singh,2023-07-04,India,F,1976,Bronze
C04817,casey.garcia4817@example.com,Casey,Garcia,2024-03-30,Brazil,F,1983,Silver
C04818,riley.chen4818@example.com,Riley,Chen,2022-05-24,United States,M,1966,Bronze
C04819,chris.patel4819@example.com,Chris,Patel,2023-10-19,India,M,1991,Bronze
C04820,pat.martin4820@example.com,Pat,Martin,2022-12-11,United States,F,1967,Bronze
C04821,robin.nguyen4821@example.com,Robin,Nguyen,2023-11-27,United States,F,1959,Bronze
C04822,blake.johnson4822@example.com,Blake,Johnson,2022-09-25,Canada,F,1995,Silver
C04823,chris.nguyen4823@example.com,Chris,Nguyen,2022-02-02,India,F,1976,Silver
C04824,morgan.patel4824@example.com,Morgan,Patel,2023-01-28,France,F,1995,Bronze
C04825,riley.patel4825@example.com,Riley,Patel,2023-12-23,India,M,2004,Bronze
C04826,casey.kumar4826@example.com,Casey,Kumar,2024-11-18,Canada,Other,1993,Bronze
C04827,jamie.wilson4827@example.com,Jamie,Wilson,2025-04-11,Canada,Other,1971,Silver
C04828,chris.garcia4828@example.com,Chris,Garcia,2024-12-15,United Kingdom,M,1988,Gold
C04829,drew.patel4829@example.com,Drew,Patel,2022-03-08,Brazil,M,1959,Silver
C04830,morgan.lopez4830@example.com,Morgan,Lopez,2024-04-14,United States,Other,1977,Silver
C04831,robin.martin4831@example.com,Robin,Martin,2024-09-25,United States,Other,1984,Silver
C04832,drew.khan4832@example.com,Drew,Khan,2022-08-25,United States,Other,1977,Bronze
C04833,casey.smith4833@example.com,Casey,Smith,2025-03-07,United Kingdom,Other,1979,Bronze
C04834,jordan.nguyen4834@example.com,Jordan,Nguyen,2023-07-07,Australia,M,1988,Silver
C04835,pat.johnson4835@example.com,Pat,Johnson,2023-11-26,United States,M,1991,Gold
C04836,jordan.garcia4836@example.com,Jordan,Garcia,2022-11-13,United States,F,1976,Bronze
C04837,morgan.wilson4837@example.com,Morgan,Wilson,2024-02-07,Canada,M,1971,Gold
C04838,avery.khan4838@example.com,Avery,Khan,2024-06-04,United States,F,1990,Bronze
C04839,pat.khan4839@example.com,Pat,Khan,2023-07-15,United States,Other,1963,Bronze
C04840,blake.khan4840@example.com,Blake,Khan,2022-09-15,Canada,Other,1986,Bronze
C04841,drew.smith4841@example.com,Drew,Smith,2025-04-16,United Kingdom,Other,1976,Bronze
C04842,casey.brown4842@example.com,Casey,Brown,2025-04-09,Canada,F,1967,Silver
C04843,avery.chen4843@example.com,Avery,Chen,2024-12-18,Germany,F,1955,Bronze
C04844,morgan.chen4844@example.com,Morgan,Chen,2022-09-17,United States,F,1967,Bronze
C04845,drew.martin4845@example.com,Drew,Martin,2022-04-05,France,M,1995,Bronze
C04846,alex.nguyen4846@example.com,Alex,Nguyen,2022-09-11,United Kingdom,Other,1961,Bronze
C04847,morgan.lee4847@example.com,Morgan,Lee,2023-12-29,Canada,Other,1959,Gold
C04848,pat.nguyen4848@example.com,Pat,Nguyen,2022-03-10,United States,F,1971,Gold
C04849,morgan.wilson4849@example.com,Morgan,Wilson,2023-06-26,United States,Other,1963,Bronze
C04850,taylor.chen4850@example.com,Taylor,Chen,2025-07-09,India,F,1979,Bronze
C04851,morgan.lopez4851@example.com,Morgan,Lopez,2025-05-16,Canada,F,1975,Bronze
C04852,blake.singh4852@example.com,Blake,Singh,2024-04-13,France,Other,1964,Silver
C04853,jamie.johnson4853@example.com,Jamie,Johnson,2024-06-30,India,M,1991,Silver
C04854,alex.lee4854@example.com,Alex,Lee,2025-05-15,Australia,F,1967,Bronze
C04855,blake.singh4855@example.com,Blake,Singh,2025-01-05,United States,F,1986,Bronze
C04856,chris.wilson4856@example.com,Chris,Wilson,2024-10-01,United States,M,2001,Bronze
C04857,morgan.lopez4857@example.com,Morgan,Lopez,2023-09-14,United Kingdom,F,1962,Bronze
C04858,casey.garcia4858@example.com,Casey,Garcia,2023-03-03,Brazil,F,1972,Bronze
C04859,alex.garcia4859@example.com,Alex,Garcia,2024-06-06,United States,M,1990,Silver
C04860,pat.martin4860@example.com,Pat,Martin,2022-06-03,Canada,F,1964,Bronze
C04861,jordan.martin4861@example.com,Jordan,Martin,2023-02-19,France,M,1987,Silver
C04862,avery.johnson4862@example.com,Avery,Johnson,2025-03-26,United States,M,1959,Bronze
C04863,taylor.nguyen4863@example.com,Taylor,Nguyen,2025-01-05,Australia,M,1955,Bronze
C04864,chris.lopez4864@example.com,Chris,Lopez,2024-09-09,United Kingdom,F,1994,Gold
C04865,casey.wilson4865@example.com,Casey,Wilson,2025-02-28,Australia,Other,1957,Bronze
C04866,taylor.patel4866@example.com,Taylor,Patel,2024-01-10,India,M,1989,Bronze
C04867,casey.brown4867@example.com,Casey,Brown,2024-11-04,United Kingdom,M,1994,Bronze
C04868,jordan.wilson4868@example.com,Jordan,Wilson,2022-07-14,United Kingdom,M,1983,Bronze
C04869,jordan.singh4869@example.com,Jordan,Singh,2023-06-26,Brazil,M,1993,Gold
C04870,alex.singh4870@example.com,Alex,Singh,2024-04-29,United States,M,1965,Bronze
C04871,sam.chen4871@example.com,Sam,Chen,2023-03-03,United States,F,2003,Silver
C04872,taylor.kumar4872@example.com,Taylor,Kumar,2024-04-07,Australia,F,1992,Silver
C04873,jamie.johnson4873@example.com,Jamie,Johnson,2022-11-26,India,Other,1982,Bronze
C04874,casey.singh4874@example.com,Casey,Singh,2024-06-07,United States,F,1985,Bronze
C04875,cameron.nguyen4875@example.com,Cameron,Nguyen,2025-03-16,United Kingdom,M,1957,Bronze
C04876,riley.nguyen4876@example.com,Riley,Nguyen,2022-10-19,United Kingdom,F,1997,Silver
C04877,jordan.singh4877@example.com,Jordan,Singh,2022-05-23,Brazil,M,1987,Bronze
C04878,casey.martin4878@example.com,Casey,Martin,2024-01-17,India,F,1999,Silver
C04879,sam.smith4879@example.com,Sam,Smith,2022-03-31,United Kingdom,Other,1970,Bronze
C04880,alex.martin4880@example.com,Alex,Martin,2025-04-02,United Kingdom,F,1987,Bronze
C04881,jamie.wilson4881@example.com,Jamie,Wilson,2022-03-25,United Kingdom,F,1967,Bronze
C04882,robin.brown4882@example.com,Robin,Brown,2023-11-04,United Kingdom,F,1959,Bronze
C04883,avery.khan4883@example.com,Avery,Khan,2023-04-30,Germany,F,1968,Gold
C04884,sam.chen4884@example.com,Sam,Chen,2024-02-21,Brazil,F,1994,Bronze
C04885,riley.wilson4885@example.com,Riley,Wilson,2022-12-05,Germany,F,2001,Platinum
C04886,taylor.wilson4886@example.com,Taylor,Wilson,2024-06-18,United Kingdom,M,1984,Gold
C04887,alex.martin4887@example.com,Alex,Martin,2023-08-30,United States,M,1985,Bronze
C04888,taylor.brown4888@example.com,Taylor,Brown,2024-10-29,United States,M,1967,Bronze
C04889,avery.kumar4889@example.com,Avery,Kumar,2023-05-18,United States,Other,2000,Bronze
C04890,casey.patel4890@example.com,Casey,Patel,2024-04-01,France,M,1964,Bronze
C04891,casey.lopez4891@example.com,Casey,Lopez,2023-09-16,India,Other,1985,Gold
C04892,sam.martin4892@example.com,Sam,Martin,2022-06-14,Brazil,F,1977,Bronze
C04893,taylor.smith4893@example.com,Taylor,Smith,2024-11-16,United Kingdom,M,1960,Bronze
C04894,pat.nguyen4894@example.com,Pat,Nguyen,2025-05-26,United States,F,1956,Bronze
C04895,cameron.wilson4895@example.com,Cameron,Wilson,2025-08-22,India,M,1973,Silver
C04896,blake.martin4896@example.com,Blake,Martin,2025-07-04,Germany,Other,1994,Bronze
C04897,alex.lee4897@example.com,Alex,Lee,2024-11-11,India,F,2002,Gold
C04898,morgan.nguyen4898@example.com,Morgan,Nguyen,2024-09-15,India,F,1956,Bronze
C04899,jamie.lee4899@example.com,Jamie,Lee,2023-07-06,Germany,F,1992,Bronze
C04900,blake.johnson4900@example.com,Blake,Johnson,2024-12-07,Canada,M,1965,Bronze
C04901,chris.brown4901@example.com,Chris,Brown,2023-12-22,United States,Other,1997,Bronze
C04902,riley.patel4902@example.com,Riley,Patel,2025-04-26,United Kingdom,F,1962,Bronze
C04903,chris.martin4903@example.com,Chris,Martin,2025-01-14,United States,Other,1958,Bronze
C04904,drew.smith4904@example.com,Drew,Smith,2025-03-06,Australia,Other,1980,Bronze
C04905,riley.khan4905@example.com,Riley,Khan,2024-06-16,United Kingdom,M,1970,Bronze
C04906,casey.brown4906@example.com,Casey,Brown,2023-08-30,Brazil,F,1960,Silver
C04907,jordan.lee4907@example.com,Jordan,Lee,2023-08-25,Germany,F,1973,Bronze
C04908,robin.khan4908@example.com,Robin,Khan,2023-06-24,United Kingdom,Other,1962,Bronze
C04909,chris.garcia4909@example.com,Chris,Garcia,2022-01-24,United Kingdom,Other,2002,Gold
C04910,chris.patel4910@example.com,Chris,Patel,2024-12-15,Germany,Other,1980,Gold
C04911,riley.singh4911@example.com,Riley,Singh,2022-08-11,India,M,1986,Bronze
C04912,casey.martin4912@example.com,Casey,Martin,2023-03-10,Brazil,F,1995,Gold
C04913,robin.singh4913@example.com,Robin,Singh,2024-03-03,Canada,M,1998,Silver
C04914,casey.singh4914@example.com,Casey,Singh,2025-04-27,United States,M,1956,Bronze
C04915,jordan.lee4915@example.com,Jordan,Lee,2024-03-20,India,Other,1955,Bronze
C04916,casey.patel4916@example.com,Casey,Patel,2023-02-24,Australia,Other,1966,Silver
C04917,avery.lee4917@example.com,Avery,Lee,2023-10-11,Brazil,Other,1990,Bronze
C04918,taylor.nguyen4918@example.com,Taylor,Nguyen,2025-07-02,Canada,M,1982,Gold
C04919,jamie.smith4919@example.com,Jamie,Smith,2022-06-19,France,Other,2000,Silver
C04920,chris.wilson4920@example.com,Chris,Wilson,2023-04-15,France,F,1979,Silver
C04921,drew.brown4921@example.com,Drew,Brown,2023-03-21,India,M,1972,Silver
C04922,casey.garcia4922@example.com,Casey,Garcia,2024-12-29,France,M,1972,Bronze
C04923,cameron.brown4923@example.com,Cameron,Brown,2023-09-20,Australia,Other,1970,Bronze
C04924,pat.kumar4924@example.com,Pat,Kumar,2023-06-11,India,M,2002,Bronze
C04925,riley.brown4925@example.com,Riley,Brown,2023-04-01,Canada,Other,1967,Platinum
C04926,sam.wilson4926@example.com,Sam,Wilson,2024-03-21,France,M,1961,Bronze
C04927,blake.chen4927@example.com,Blake,Chen,2023-06-13,United States,Other,2004,Silver
C04928,blake.chen4928@example.com,Blake,Chen,2022-10-15,France,Other,1976,Silver
C04929,avery.johnson4929@example.com,Avery,Johnson,2023-05-14,Brazil,Other,1967,Bronze
C04930,alex.martin4930@example.com,Alex,Martin,2022-10-30,United Kingdom,F,1977,Bronze
C04931,blake.garcia4931@example.com,Blake,Garcia,2024-04-09,Canada,F,1983,Bronze
C04932,sam.nguyen4932@example.com,Sam,Nguyen,2024-11-11,Brazil,Other,1955,Bronze
C04933,casey.kumar4933@example.com,Casey,Kumar,2024-03-07,United States,Other,2002,Silver
C04934,alex.kumar4934@example.com,Alex,Kumar,2024-02-01,Brazil,M,1989,Bronze
C04935,robin.garcia4935@example.com,Robin,Garcia,2023-04-12,United States,M,1991,Silver
C04936,riley.brown4936@example.com,Riley,Brown,2023-11-06,Brazil,M,1999,Bronze
C04937,avery.khan4937@example.com,Avery,Khan,2025-03-10,United States,F,1964,Bronze
C04938,chris.johnson4938@example.com,Chris,Johnson,2023-08-01,Australia,M,1960,Bronze
C04939,taylor.singh4939@example.com,Taylor,Singh,2022-08-16,India,Other,1979,Bronze
C04940,casey.martin4940@example.com,Casey,Martin,2023-11-15,Brazil,Other,2001,Silver
C04941,cameron.lee4941@example.com,Cameron,Lee,2024-11-29,United States,M,1961,Bronze
C04942,chris.brown4942@example.com,Chris,Brown,2025-05-19,Germany,M,2000,Bronze
C04943,blake.martin4943@example.com,Blake,Martin,2025-01-14,France,Other,1967,Silver
C04944,jamie.brown4944@example.com,Jamie,Brown,2025-06-30,India,F,1975,Bronze
C04945,sam.brown4945@example.com,Sam,Brown,2024-02-08,Germany,Other,1973,Bronze
C04946,morgan.patel4946@example.com,Morgan,Patel,2023-03-20,United States,Other,1987,Bronze
C04947,alex.singh4947@example.com,Alex,Singh,2022-09-17,United States,F,1996,Bronze
C04948,avery.kumar4948@example.com,Avery,Kumar,2025-08-24,Brazil,F,1995,Bronze
C04949,robin.wilson4949@example.com,Robin,Wilson,2024-01-09,India,Other,1982,Bronze
C04950,pat.chen4950@example.com,Pat,Chen,2022-03-11,India,Other,1960,Bronze
C04951,jamie.patel4951@example.com,Jamie,Patel,2024-09-09,United States,M,1987,Bronze
C04952,sam.garcia4952@example.com,Sam,Garcia,2025-03-13,United Kingdom,Other,1978,Bronze
C04953,riley.smith4953@example.com,Riley,Smith,2024-08-22,Australia,M,1995,Silver
C04954,jamie.lopez4954@example.com,Jamie,Lopez,2024-01-16,United States,M,1967,Bronze
C04955,casey.patel4955@example.com,Casey,Patel,2025-04-13,India,F,1966,Silver
C04956,morgan.smith4956@example.com,Morgan,Smith,2022-11-21,United Kingdom,M,1991,Bronze
C04957,casey.lee4957@example.com,Casey,Lee,2024-03-08,India,M,1972,Bronze
C04958,avery.singh4958@example.com,Avery,Singh,2022-02-13,Australia,M,1981,Bronze
C04959,riley.singh4959@example.com,Riley,Singh,2024-05-16,India,Other,1980,Gold
C04960,blake.brown4960@example.com,Blake,Brown,2024-01-13,United Kingdom,Other,2003,Gold
C04961,blake.wilson4961@example.com,Blake,Wilson,2022-08-13,India,F,1979,Bronze
C04962,sam.smith4962@example.com,Sam,Smith,2022-01-31,United States,M,1991,Bronze
C04963,jordan.lopez4963@example.com,Jordan,Lopez,2024-12-18,France,M,1956,Bronze
C04964,jamie.garcia4964@example.com,Jamie,Garcia,2024-07-23,United States,Other,1997,Bronze
C04965,avery.lee4965@example.com,Avery,Lee,2025-02-04,United Kingdom,F,1986,Bronze
C04966,jamie.lee4966@example.com,Jamie,Lee,2023-06-14,India,Other,1971,Bronze
C04967,pat.kumar4967@example.com,Pat,Kumar,2024-01-08,United States,F,1993,Bronze
C04968,riley.kumar4968@example.com,Riley,Kumar,2024-05-23,United States,F,1989,Bronze
C04969,cameron.kumar4969@example.com,Cameron,Kumar,2022-03-17,Brazil,Other,1989,Silver
C04970,robin.singh4970@example.com,Robin,Singh,2022-09-24,France,M,1998,Bronze
C04971,casey.khan4971@example.com,Casey,Khan,2025-02-18,Brazil,Other,1958,Bronze
C04972,casey.lopez4972@example.com,Casey,Lopez,2022-01-25,Brazil,F,2002,Gold
C04973,sam.chen4973@example.com,Sam,Chen,2022-06-09,Germany,F,1974,Silver
C04974,casey.singh4974@example.com,Casey,Singh,2025-02-11,France,F,1985,Bronze
C04975,sam.lopez4975@example.com,Sam,Lopez,2024-06-18,United Kingdom,Other,1992,Bronze
C04976,morgan.kumar4976@example.com,Morgan,Kumar,2024-10-09,Canada,M,2001,Bronze
C04977,drew.lee4977@example.com,Drew,Lee,2022-01-01,Germany,F,1957,Silver
C04978,drew.singh4978@example.com,Drew,Singh,2024-01-11,Brazil,F,1976,Bronze
C04979,taylor.patel4979@example.com,Taylor,Patel,2022-11-16,India,M,1971,Bronze
C04980,casey.lopez4980@example.com,Casey,Lopez,2023-01-17,United States,Other,1968,Bronze
C04981,cameron.martin4981@example.com,Cameron,Martin,2025-09-03,France,M,1989,Bronze
C04982,taylor.garcia4982@example.com,Taylor,Garcia,2025-06-27,United Kingdom,M,1967,Bronze
C04983,avery.wilson4983@example.com,Avery,Wilson,2024-06-16,United States,Other,2001,Silver
C04984,alex.patel4984@example.com,Alex,Patel,2023-12-18,France,F,1970,Gold
C04985,taylor.khan4985@example.com,Taylor,Khan,2023-01-26,Brazil,M,1999,Gold
C04986,jordan.khan4986@example.com,Jordan,Khan,2025-04-07,United States,F,1984,Bronze
C04987,drew.johnson4987@example.com,Drew,Johnson,2022-10-25,France,M,1995,Gold
C04988,robin.chen4988@example.com,Robin,Chen,2022-09-28,United States,M,1994,Gold
C04989,riley.smith4989@example.com,Riley,Smith,2025-06-12,Germany,F,1991,Bronze
C04990,jordan.smith4990@example.com,Jordan,Smith,2023-12-07,United Kingdom,M,1996,Bronze
C04991,alex.singh4991@example.com,Alex,Singh,2024-04-24,Germany,Other,1994,Silver
C04992,chris.lee4992@example.com,Chris,Lee,2023-05-06,Canada,F,1997,Bronze
C04993,drew.brown4993@example.com,Drew,Brown,2023-05-18,Brazil,M,1985,Silver
C04994,riley.lopez4994@example.com,Riley,Lopez,2023-08-15,Germany,Other,1996,Bronze
C04995,blake.johnson4995@example.com,Blake,Johnson,2023-03-04,United States,F,1960,Bronze
C04996,alex.patel4996@example.com,Alex,Patel,2024-01-02,Germany,M,1986,Bronze
C04997,cameron.garcia4997@example.com,Cameron,Garcia,2022-12-30,France,Other,1964,Gold
C04998,morgan.brown4998@example.com,Morgan,Brown,2024-05-31,United States,F,1972,Bronze
C04999,avery.wilson4999@example.com,Avery,Wilson,2024-04-15,Brazil,M,1963,Bronze
C05000,chris.chen5000@example.com,Chris,Chen,2022-05-15,France,M,2004,Silver
