order_item_id,order_id,product_id,quantity,item_price,item_cost
1,O0000001,P0387,1,23.9,15.74
2,O0000002,P0190,1,22.11,14.44
3,O0000002,P0133,1,13.22,8.94
4,O0000003,P0361,1,13.03,8.52
5,O0000004,P0168,2,18.02,11.76
6,O0000005,P0052,1,16.42,12.74
7,O0000005,P0091,1,37.25,30.94
8,O0000006,P0205,1,7.7,5.84
9,O0000006,P0287,1,14.63,6.88
10,O0000007,P0090,1,45.85,26.54
11,O0000007,P0017,1,15.17,11.11
12,O0000008,P0308,1,44.75,24.08
13,O0000009,P0306,1,44.89,31.19
14,O0000010,P0388,1,15.88,6.95
15,O0000011,P0126,1,57.0,31.15
16,O0000012,P0139,1,13.84,9.45
17,O0000013,P0281,1,38.91,24.76
18,O0000014,P0392,1,5.0,2.42
19,O0000014,P0066,1,21.25,12.11
20,O0000014,P0159,1,5.0,2.41
21,O0000015,P0015,1,13.03,10.81
22,O0000016,P0362,1,35.77,24.48
23,O0000017,P0073,1,61.21,32.21
24,O0000018,P0228,1,110.05,86.75
25,O0000019,P0261,1,5.0,3.38
26,O0000020,P0284,1,11.42,5.74
27,O0000021,P0195,1,24.29,10.38
28,O0000022,P0304,1,11.87,9.52
29,O0000023,P0045,1,23.84,15.0
30,O0000024,P0001,1,36.5,27.31
31,O0000025,P0292,1,12.32,9.08
32,O0000026,P0052,1,16.42,12.45
33,O0000026,P0019,1,24.27,10.36
34,O0000027,P0102,1,34.13,23.26
35,O0000028,P0108,1,78.48,50.84
36,O0000029,P0031,2,31.79,14.41
37,O0000030,P0302,1,12.62,10.6
38,O0000031,P0034,1,40.02,32.13
39,O0000032,P0184,1,20.87,12.95
40,O0000033,P0291,1,23.42,17.6
41,O0000034,P0140,1,42.25,18.94
42,O0000035,P0282,1,31.47,20.48
43,O0000036,P0310,1,38.72,22.99
44,O0000037,P0388,1,11.56,6.82
45,O0000038,P0034,1,40.02,31.14
46,O0000038,P0194,1,46.22,34.64
47,O0000038,P0077,1,10.0,4.85
48,O0000039,P0288,1,10.33,8.26
49,O0000039,P0084,1,18.96,15.64
50,O0000040,P0396,1,67.85,33.93
51,O0000041,P0208,1,20.68,14.01
52,O0000042,P0384,1,25.72,19.7
53,O0000043,P0271,1,118.13,48.68
54,O0000044,P0192,1,130.83,74.39
55,O0000045,P0178,1,31.37,24.75
56,O0000046,P0375,1,19.93,9.47
57,O0000047,P0073,1,61.21,30.74
58,O0000048,P0318,1,15.46,11.32
59,O0000049,P0087,1,6.78,3.0
60,O0000050,P0089,1,30.2,16.83
61,O0000050,P0306,1,44.89,32.5
62,O0000051,P0175,1,15.31,7.11
63,O0000052,P0237,1,20.14,13.53
64,O0000053,P0141,1,25.44,17.0
65,O0000053,P0349,1,19.77,15.31
66,O0000054,P0257,1,90.28,73.94
67,O0000055,P0221,2,137.35,92.5
68,O0000056,P0194,1,46.22,36.55
69,O0000057,P0126,1,57.0,30.7
70,O0000058,P0164,1,7.78,6.41
71,O0000059,P0328,1,17.65,8.61
72,O0000060,P0385,1,28.75,14.42
73,O0000060,P0190,1,22.11,14.66
74,O0000061,P0143,3,5.0,3.8
75,O0000062,P0272,1,21.56,19.71
76,O0000063,P0180,1,15.67,12.2
77,O0000064,P0322,1,20.85,17.77
78,O0000065,P0062,1,17.52,9.95
79,O0000066,P0139,1,13.84,9.59
80,O0000067,P0342,1,150.89,118.18
81,O0000068,P0133,1,13.22,8.85
82,O0000069,P0035,1,55.97,43.54
83,O0000070,P0137,1,16.82,7.88
84,O0000071,P0353,1,34.15,17.48
85,O0000072,P0251,2,41.11,29.09
86,O0000073,P0044,1,14.64,9.45
87,O0000074,P0374,1,8.71,5.42
88,O0000075,P0165,1,11.19,4.86
89,O0000076,P0266,1,52.67,25.69
90,O0000077,P0151,1,8.95,7.69
91,O0000078,P0166,1,35.51,25.23
92,O0000078,P0175,1,13.78,7.19
93,O0000079,P0132,1,34.68,23.45
94,O0000080,P0271,1,118.13,50.57
95,O0000081,P0293,1,10.7,5.84
96,O0000082,P0265,1,23.33,17.13
97,O0000082,P0277,1,16.05,9.06
98,O0000083,P0318,1,15.46,11.24
99,O0000084,P0115,1,35.82,29.96
100,O0000085,P0282,1,31.47,21.08
101,O0000086,P0340,1,61.25,46.1
102,O0000087,P0353,1,34.15,17.96
103,O0000088,P0289,1,89.71,74.92
104,O0000089,P0175,1,15.31,7.02
105,O0000090,P0034,1,40.02,31.65
106,O0000090,P0080,1,25.92,12.64
107,O0000090,P0287,1,14.63,6.78
108,O0000091,P0083,1,13.11,10.67
109,O0000092,P0126,1,57.0,31.77
110,O0000092,P0256,1,43.56,33.63
111,O0000092,P0378,1,23.49,13.18
112,O0000093,P0197,1,53.52,30.87
113,O0000094,P0021,1,47.37,26.53
114,O0000095,P0400,1,36.29,18.23
115,O0000096,P0290,2,49.67,31.47
116,O0000097,P0159,1,5.0,2.43
117,O0000098,P0362,2,35.77,25.05
118,O0000098,P0061,1,7.91,3.65
119,O0000098,P0262,1,20.56,11.65
120,O0000099,P0159,1,5.0,2.37
121,O0000100,P0273,3,14.02,11.39
122,O0000101,P0199,1,34.14,23.25
123,O0000102,P0312,1,25.49,18.06
124,O0000103,P0297,1,8.01,3.71
125,O0000104,P0297,1,8.01,3.68
126,O0000104,P0366,1,22.18,17.29
127,O0000105,P0070,1,176.02,93.53
128,O0000106,P0117,1,12.46,9.79
129,O0000107,P0274,2,29.11,24.24
130,O0000108,P0139,1,12.46,9.24
131,O0000109,P0145,1,13.01,5.32
132,O0000110,P0351,1,44.95,32.68
133,O0000111,P0165,1,11.19,4.8
134,O0000112,P0340,1,61.25,48.69
135,O0000113,P0367,1,19.38,17.11
136,O0000114,P0392,1,5.0,2.53
137,O0000114,P0284,2,11.42,6.0
138,O0000114,P0321,1,38.93,31.54
139,O0000115,P0267,1,16.05,7.82
140,O0000116,P0297,1,7.19,3.62
141,O0000117,P0076,1,7.99,5.25
142,O0000118,P0357,1,30.69,19.02
143,O0000119,P0323,1,33.01,27.48
144,O0000120,P0035,1,55.97,41.9
145,O0000121,P0336,1,79.84,78.22
146,O0000122,P0039,1,16.72,9.25
147,O0000123,P0369,1,21.62,16.35
148,O0000124,P0108,2,72.65,50.22
149,O0000125,P0139,1,13.84,9.79
150,O0000126,P0286,1,7.86,4.23
151,O0000127,P0076,1,7.99,5.37
152,O0000128,P0114,1,43.43,35.51
153,O0000129,P0104,1,13.42,6.99
154,O0000130,P0052,1,16.42,12.76
155,O0000131,P0242,1,40.38,18.35
156,O0000132,P0358,1,8.02,6.64
157,O0000133,P0189,1,31.8,27.09
158,O0000133,P0357,1,30.69,19.06
159,O0000134,P0039,1,16.72,9.18
160,O0000135,P0235,1,5.61,5.21
161,O0000136,P0270,1,10.72,6.01
162,O0000137,P0082,1,84.77,39.26
163,O0000138,P0136,1,5.51,3.84
164,O0000139,P0094,1,29.54,24.68
165,O0000140,P0186,1,47.03,39.46
166,O0000141,P0146,1,22.38,19.01
167,O0000142,P0011,1,8.47,5.8
168,O0000142,P0279,1,7.3,4.4
169,O0000143,P0327,1,32.14,15.46
170,O0000144,P0101,1,53.02,37.31
171,O0000145,P0157,1,34.99,22.52
172,O0000146,P0288,1,10.33,8.37
173,O0000147,P0315,1,14.56,8.4
174,O0000148,P0066,1,23.11,12.3
175,O0000149,P0269,1,22.52,11.36
176,O0000150,P0044,1,14.64,9.56
177,O0000151,P0261,1,5.0,3.43
178,O0000152,P0382,1,10.12,8.7
179,O0000153,P0373,1,8.74,6.34
180,O0000154,P0146,1,22.38,18.63
181,O0000155,P0087,1,6.78,3.1
182,O0000156,P0268,1,9.33,5.84
183,O0000157,P0036,1,51.68,22.4
184,O0000157,P0033,1,14.27,5.84
185,O0000157,P0006,1,45.33,38.8
186,O0000158,P0078,1,15.6,10.62
187,O0000159,P0170,1,9.11,5.96
188,O0000160,P0116,1,23.14,18.59
189,O0000161,P0264,1,11.57,6.61
190,O0000162,P0352,1,11.73,8.03
191,O0000163,P0083,1,13.11,11.15
192,O0000164,P0316,1,25.48,11.52
193,O0000165,P0286,1,6.11,4.28
194,O0000166,P0203,1,12.43,7.47
195,O0000167,P0336,1,93.8,75.16
196,O0000168,P0048,1,19.31,12.59
197,O0000168,P0165,1,11.19,4.88
198,O0000169,P0398,1,9.94,4.59
199,O0000170,P0369,1,21.62,16.4
200,O0000170,P0382,1,10.12,8.79
201,O0000170,P0050,1,32.64,24.1
202,O0000171,P0384,1,25.72,19.03
203,O0000172,P0368,1,58.87,33.6
204,O0000173,P0012,1,28.39,17.81
205,O0000173,P0153,1,133.98,79.17
206,O0000173,P0125,1,58.35,33.27
207,O0000174,P0019,1,24.27,10.57
208,O0000175,P0271,1,94.39,49.91
209,O0000175,P0344,1,12.43,9.37
210,O0000176,P0244,1,37.02,25.63
211,O0000177,P0117,1,12.46,9.75
212,O0000178,P0268,1,13.01,5.65
213,O0000178,P0327,1,32.14,15.8
214,O0000178,P0004,1,20.34,16.44
215,O0000179,P0189,1,31.8,27.14
216,O0000180,P0065,1,30.15,25.19
217,O0000181,P0267,1,16.05,8.08
218,O0000182,P0079,1,7.1,4.84
219,O0000182,P0278,1,15.48,10.04
220,O0000183,P0011,1,10.91,6.02
221,O0000184,P0167,1,25.94,21.0
222,O0000185,P0115,1,31.85,29.9
223,O0000186,P0370,1,17.44,7.22
224,O0000186,P0129,1,37.04,29.4
225,O0000187,P0221,1,137.35,95.51
226,O0000188,P0251,1,41.11,29.51
227,O0000189,P0029,1,16.97,8.87
228,O0000190,P0118,1,7.3,4.06
229,O0000191,P0058,1,18.88,11.3
230,O0000192,P0356,1,81.19,66.18
231,O0000193,P0284,1,11.42,6.03
232,O0000194,P0312,1,25.49,17.56
233,O0000195,P0160,1,10.81,6.52
234,O0000196,P0164,1,7.78,6.18
235,O0000197,P0056,1,53.25,43.59
236,O0000198,P0247,1,84.85,54.2
237,O0000199,P0014,1,20.48,12.93
238,O0000200,P0078,1,15.6,10.61
239,O0000201,P0158,1,32.93,20.13
240,O0000202,P0028,1,19.28,10.4
241,O0000203,P0400,1,36.29,18.06
242,O0000204,P0182,1,26.95,20.36
243,O0000205,P0356,1,81.19,70.44
244,O0000206,P0041,1,46.99,38.12
245,O0000207,P0255,1,19.78,12.59
246,O0000208,P0063,1,21.56,13.92
247,O0000208,P0249,1,127.56,101.19
248,O0000209,P0105,1,20.76,18.27
249,O0000210,P0230,1,36.36,27.74
250,O0000211,P0112,1,36.09,30.6
251,O0000212,P0306,1,41.38,31.98
252,O0000213,P0103,1,20.16,10.26
253,O0000214,P0120,1,9.06,6.53
254,O0000215,P0139,1,13.84,9.76
255,O0000216,P0363,1,87.76,74.65
256,O0000217,P0069,3,25.74,11.04
257,O0000218,P0011,1,10.91,5.89
258,O0000219,P0085,1,47.03,36.92
259,O0000220,P0398,1,9.94,4.54
260,O0000220,P0192,1,130.83,75.17
261,O0000221,P0116,1,23.14,18.32
262,O0000222,P0155,1,67.59,26.93
263,O0000223,P0035,1,55.97,41.33
264,O0000224,P0333,1,5.0,3.07
265,O0000225,P0269,1,22.52,11.62
266,O0000226,P0369,1,21.62,16.96
267,O0000227,P0316,1,25.48,12.27
268,O0000228,P0025,1,44.29,19.91
269,O0000229,P0215,2,22.49,11.68
270,O0000230,P0210,1,19.43,13.77
271,O0000230,P0255,1,19.78,12.98
272,O0000230,P0308,1,44.75,23.6
273,O0000231,P0379,2,76.87,45.08
274,O0000232,P0188,1,24.95,20.3
275,O0000233,P0070,1,176.02,90.94
276,O0000234,P0116,1,23.14,18.32
277,O0000234,P0296,1,113.02,96.22
278,O0000234,P0340,1,61.25,47.55
279,O0000235,P0192,1,130.83,70.42
280,O0000236,P0355,1,5.91,3.68
281,O0000237,P0109,1,40.47,20.95
282,O0000237,P0106,1,32.23,22.78
283,O0000238,P0294,1,16.05,12.45
284,O0000239,P0356,1,81.19,69.19
285,O0000240,P0231,1,8.53,7.18
286,O0000240,P0272,1,25.23,19.79
287,O0000241,P0045,1,23.84,15.85
288,O0000242,P0084,1,18.96,15.17
289,O0000243,P0142,1,14.57,9.81
290,O0000244,P0255,1,19.78,12.31
291,O0000245,P0094,1,29.54,23.3
292,O0000246,P0203,1,16.83,7.53
293,O0000247,P0132,1,41.31,23.92
294,O0000248,P0051,1,11.56,10.76
295,O0000248,P0218,1,24.78,15.78
296,O0000248,P0319,1,37.48,23.02
297,O0000249,P0280,1,60.08,56.27
298,O0000250,P0108,1,78.48,48.58
299,O0000251,P0257,1,90.28,70.88
300,O0000252,P0376,1,7.37,3.46
301,O0000253,P0324,1,15.13,7.54
302,O0000254,P0098,1,35.84,18.39
303,O0000255,P0383,1,138.54,85.34
304,O0000256,P0230,1,32.72,28.67
305,O0000257,P0354,1,110.11,62.2
306,O0000258,P0122,1,27.74,24.32
307,O0000259,P0047,1,26.3,14.65
308,O0000260,P0111,2,10.42,8.41
309,O0000261,P0331,1,42.84,29.45
310,O0000262,P0094,1,29.54,24.75
311,O0000263,P0094,1,29.54,23.84
312,O0000264,P0185,1,47.48,21.63
313,O0000265,P0400,1,36.29,19.01
314,O0000265,P0219,1,25.02,17.71
315,O0000265,P0216,1,33.83,27.11
316,O0000266,P0015,1,15.87,10.58
317,O0000266,P0131,1,52.63,42.92
318,O0000266,P0257,1,90.28,70.8
319,O0000267,P0145,1,13.01,5.39
320,O0000268,P0275,1,22.42,16.83
321,O0000269,P0154,1,56.03,28.66
322,O0000270,P0052,1,16.42,12.77
323,O0000271,P0359,1,26.78,18.77
324,O0000272,P0334,1,10.95,5.76
325,O0000273,P0388,1,15.88,7.03
326,O0000274,P0230,1,36.36,28.95
327,O0000275,P0308,1,44.75,23.68
328,O0000276,P0153,1,133.98,77.36
329,O0000277,P0060,1,30.23,18.73
330,O0000278,P0088,1,28.44,23.76
331,O0000279,P0084,1,18.96,15.16
332,O0000280,P0168,1,18.02,11.89
333,O0000281,P0083,1,13.11,11.13
334,O0000282,P0211,1,24.17,10.5
335,O0000283,P0330,1,17.52,11.67
336,O0000284,P0342,1,150.89,114.65
337,O0000285,P0250,1,99.91,59.08
338,O0000286,P0197,1,39.21,30.67
339,O0000286,P0233,2,47.76,55.48
340,O0000287,P0250,1,99.91,56.97
341,O0000288,P0158,1,45.59,21.16
342,O0000288,P0099,1,11.25,6.13
343,O0000289,P0079,1,7.1,5.07
344,O0000290,P0293,1,10.7,5.56
345,O0000290,P0362,1,35.77,23.88
346,O0000291,P0071,1,19.24,10.2
347,O0000292,P0305,1,12.62,7.38
348,O0000292,P0179,1,12.64,9.39
349,O0000292,P0063,1,15.68,13.63
350,O0000293,P0031,1,26.18,14.41
351,O0000294,P0332,1,17.03,15.23
352,O0000294,P0248,1,26.91,20.67
353,O0000295,P0157,1,34.99,21.21
354,O0000296,P0210,1,21.59,13.83
355,O0000297,P0289,2,94.61,71.6
356,O0000298,P0280,1,73.22,53.19
357,O0000299,P0257,1,90.28,71.38
358,O0000300,P0035,1,55.97,42.0
359,O0000301,P0093,1,14.24,6.62
360,O0000301,P0359,1,26.78,19.05
361,O0000302,P0323,1,33.01,27.75
362,O0000302,P0205,1,6.22,6.17
363,O0000303,P0204,1,29.54,24.66
364,O0000304,P0102,1,34.13,23.26
365,O0000305,P0268,1,13.01,5.98
366,O0000306,P0260,2,23.47,20.71
367,O0000307,P0393,1,7.96,5.54
368,O0000308,P0071,1,21.03,9.61
369,O0000309,P0108,1,78.48,49.65
370,O0000310,P0173,2,30.72,13.93
371,O0000311,P0132,2,41.31,23.0
372,O0000312,P0200,1,15.63,6.84
373,O0000313,P0111,1,9.38,9.01
374,O0000314,P0081,1,11.76,9.47
375,O0000315,P0361,1,13.03,8.51
376,O0000316,P0315,1,14.56,8.33
377,O0000317,P0140,1,42.25,19.0
378,O0000318,P0283,1,22.15,13.95
379,O0000319,P0349,1,19.77,15.64
380,O0000320,P0329,1,33.63,24.35
381,O0000321,P0198,1,21.81,9.88
382,O0000322,P0063,1,21.56,14.06
383,O0000323,P0100,1,41.44,33.73
384,O0000324,P0383,1,192.23,86.63
385,O0000324,P0020,1,10.53,8.78
386,O0000325,P0337,1,47.63,38.91
387,O0000326,P0047,1,26.3,14.42
388,O0000326,P0206,1,7.96,6.52
389,O0000327,P0388,1,11.65,7.12
390,O0000328,P0062,1,17.52,9.79
391,O0000329,P0316,1,25.48,11.96
392,O0000330,P0227,1,32.25,18.06
393,O0000331,P0322,1,20.85,18.22
394,O0000332,P0153,1,133.98,80.1
395,O0000333,P0195,1,24.29,10.7
396,O0000334,P0041,1,46.99,38.46
397,O0000335,P0032,1,18.03,15.36
398,O0000336,P0172,1,39.28,31.31
399,O0000337,P0366,1,22.18,17.98
400,O0000338,P0383,1,192.23,82.53
401,O0000339,P0011,1,10.91,5.84
402,O0000340,P0368,1,58.87,34.66
403,O0000341,P0152,1,51.13,37.23
404,O0000342,P0215,1,22.49,11.82
405,O0000343,P0321,1,38.93,29.96
406,O0000344,P0140,1,42.25,18.37
407,O0000344,P0005,1,86.78,35.41
408,O0000345,P0337,1,47.63,40.35
409,O0000345,P0340,1,55.12,48.52
410,O0000346,P0116,1,23.14,19.03
411,O0000347,P0163,1,77.71,49.14
412,O0000348,P0328,1,15.41,8.46
413,O0000349,P0280,1,73.22,52.92
414,O0000349,P0381,1,19.78,8.53
415,O0000350,P0106,1,32.23,21.75
416,O0000350,P0362,1,35.77,24.07
417,O0000351,P0166,1,35.51,24.46
418,O0000352,P0261,1,5.0,3.39
419,O0000352,P0259,1,6.28,3.77
420,O0000352,P0376,1,7.37,3.65
421,O0000353,P0354,1,110.11,64.14
422,O0000354,P0137,1,11.87,7.93
423,O0000354,P0265,1,23.33,16.43
424,O0000355,P0318,1,15.46,10.79
425,O0000356,P0219,1,25.02,16.9
426,O0000357,P0086,1,8.24,5.94
427,O0000358,P0070,1,176.02,93.82
428,O0000359,P0187,1,69.71,39.38
429,O0000360,P0150,1,14.55,10.76
430,O0000361,P0279,1,7.3,4.38
431,O0000361,P0008,1,37.87,18.76
432,O0000362,P0204,1,29.54,25.35
433,O0000363,P0150,1,14.55,10.98
434,O0000364,P0257,1,77.35,71.14
435,O0000365,P0278,1,15.48,9.77
436,O0000366,P0380,1,60.42,43.89
437,O0000367,P0132,1,36.7,23.46
438,O0000368,P0290,1,44.7,32.5
439,O0000369,P0236,1,72.46,56.0
440,O0000369,P0320,1,77.73,46.95
441,O0000370,P0350,1,10.09,5.17
442,O0000371,P0188,1,24.95,20.95
443,O0000371,P0241,1,17.11,10.29
444,O0000372,P0170,1,7.38,5.87
445,O0000372,P0274,1,21.01,24.25
446,O0000373,P0048,1,19.31,12.05
447,O0000374,P0367,1,25.65,17.92
448,O0000375,P0211,1,24.17,10.52
449,O0000375,P0029,1,16.97,9.28
450,O0000375,P0078,1,15.6,10.5
451,O0000376,P0087,1,6.78,3.12
452,O0000377,P0317,1,54.87,29.11
453,O0000378,P0025,1,44.29,20.34
454,O0000379,P0341,1,40.7,33.97
455,O0000380,P0249,1,127.56,100.28
456,O0000381,P0297,2,8.01,3.69
457,O0000382,P0200,1,15.63,6.86
458,O0000383,P0334,2,10.95,5.94
459,O0000384,P0042,1,72.6,46.27
460,O0000385,P0097,1,109.14,76.62
461,O0000386,P0236,1,72.46,55.5
462,O0000387,P0154,1,46.75,28.92
463,O0000388,P0180,1,12.1,12.22
464,O0000389,P0335,1,24.9,12.83
465,O0000390,P0060,1,30.23,19.67
466,O0000391,P0023,1,8.48,7.38
467,O0000392,P0371,1,10.92,6.9
468,O0000392,P0370,1,17.44,7.09
469,O0000393,P0170,1,9.11,6.14
470,O0000394,P0207,1,13.81,10.79
471,O0000395,P0045,1,17.17,15.43
472,O0000396,P0254,1,6.01,3.52
473,O0000397,P0244,1,37.02,26.58
474,O0000398,P0314,1,6.49,4.17
475,O0000399,P0090,1,45.85,26.69
476,O0000400,P0375,1,17.94,9.65
477,O0000400,P0342,1,150.89,113.54
478,O0000401,P0167,1,23.37,21.05
479,O0000402,P0228,1,110.05,87.65
480,O0000403,P0135,1,156.29,82.31
481,O0000404,P0386,1,21.86,10.89
482,O0000405,P0136,1,5.51,3.75
483,O0000406,P0255,2,19.78,13.09
484,O0000407,P0205,1,7.7,5.8
485,O0000408,P0031,1,31.79,14.0
486,O0000409,P0275,1,22.42,17.46
487,O0000409,P0353,1,34.15,17.43
488,O0000410,P0230,1,36.36,27.7
489,O0000410,P0399,1,16.13,11.04
490,O0000411,P0079,1,7.1,4.9
491,O0000412,P0300,1,16.61,8.96
492,O0000413,P0272,1,25.23,19.23
493,O0000414,P0042,1,72.6,44.6
494,O0000414,P0060,1,30.23,19.49
495,O0000415,P0377,1,4.71,4.05
496,O0000415,P0055,1,26.51,20.28
497,O0000416,P0398,1,9.94,4.66
498,O0000417,P0066,1,23.11,12.21
499,O0000417,P0067,1,5.29,2.9
500,O0000418,P0223,1,141.44,75.02
501,O0000419,P0355,1,5.91,3.7
502,O0000420,P0354,1,110.11,62.9
503,O0000421,P0015,1,15.87,10.78
504,O0000421,P0135,1,156.29,83.3
505,O0000422,P0233,1,63.03,52.62
506,O0000423,P0032,1,18.03,15.12
507,O0000424,P0065,1,30.15,25.94
508,O0000425,P0217,1,29.35,12.95
509,O0000426,P0042,1,65.34,45.26
510,O0000427,P0232,1,106.18,84.32
511,O0000428,P0297,1,8.01,3.63
512,O0000429,P0030,1,57.15,37.94
513,O0000430,P0379,1,107.68,44.61
514,O0000431,P0300,1,16.61,8.98
515,O0000432,P0255,1,19.78,12.29
516,O0000433,P0098,1,35.84,18.57
517,O0000434,P0349,1,19.77,15.24
518,O0000435,P0049,1,20.58,12.49
519,O0000436,P0008,1,37.87,19.04
520,O0000437,P0012,1,28.39,17.61
521,O0000437,P0369,1,21.62,16.46
522,O0000438,P0127,1,37.04,30.36
523,O0000439,P0378,1,23.49,13.86
524,O0000440,P0364,1,16.3,13.45
525,O0000441,P0069,1,25.74,11.21
526,O0000442,P0126,1,57.0,31.09
527,O0000443,P0223,1,141.44,76.11
528,O0000444,P0203,1,16.83,7.44
529,O0000445,P0185,1,47.48,21.71
530,O0000446,P0371,1,10.92,7.09
531,O0000447,P0355,1,4.19,3.75
532,O0000448,P0030,1,51.44,36.19
533,O0000449,P0143,1,5.0,3.94
534,O0000450,P0023,1,8.48,7.12
535,O0000451,P0249,1,127.56,103.02
536,O0000452,P0011,1,10.91,5.73
537,O0000453,P0340,1,61.25,46.84
538,O0000454,P0090,1,45.85,26.04
539,O0000455,P0031,1,31.79,13.59
540,O0000456,P0268,1,13.01,5.71
541,O0000457,P0035,1,50.37,42.11
542,O0000458,P0296,1,113.02,97.52
543,O0000459,P0236,2,72.46,56.77
544,O0000460,P0259,1,6.28,3.79
545,O0000460,P0288,1,10.33,8.58
546,O0000461,P0035,1,55.97,43.22
547,O0000462,P0256,1,43.56,33.51
548,O0000463,P0241,1,17.11,10.83
549,O0000464,P0305,1,15.47,7.61
550,O0000464,P0183,1,38.0,29.89
551,O0000464,P0078,1,15.6,10.45
552,O0000465,P0348,1,12.67,12.91
553,O0000466,P0344,1,12.43,9.13
554,O0000467,P0354,1,110.11,62.5
555,O0000468,P0269,1,20.38,11.51
556,O0000469,P0387,1,21.36,15.59
557,O0000470,P0360,1,34.73,35.17
558,O0000471,P0034,1,40.02,30.3
559,O0000472,P0023,1,7.63,7.34
560,O0000473,P0202,1,16.35,12.42
561,O0000474,P0112,1,36.09,29.54
562,O0000475,P0106,1,32.23,21.65
563,O0000476,P0168,1,18.02,12.04
564,O0000477,P0062,1,17.52,9.71
565,O0000478,P0291,1,26.1,17.21
566,O0000479,P0209,1,48.72,21.97
567,O0000480,P0086,1,9.16,6.0
568,O0000481,P0364,1,16.3,13.42
569,O0000482,P0068,1,24.02,10.29
570,O0000483,P0246,1,68.18,47.49
571,O0000484,P0236,1,72.46,56.85
572,O0000485,P0178,1,28.72,24.46
573,O0000486,P0179,1,10.32,9.8
574,O0000487,P0231,1,8.53,7.17
575,O0000488,P0134,1,20.3,8.39
576,O0000489,P0252,1,66.0,37.41
577,O0000490,P0331,1,44.32,28.5
578,O0000491,P0202,1,12.81,12.99
579,O0000491,P0228,1,110.05,85.11
580,O0000492,P0014,1,20.48,13.43
581,O0000493,P0145,1,13.01,5.41
582,O0000494,P0304,1,11.87,9.29
583,O0000495,P0075,3,75.36,52.84
584,O0000495,P0115,2,35.82,30.19
585,O0000496,P0226,1,16.11,7.29
586,O0000497,P0060,1,30.23,19.79
587,O0000497,P0305,1,15.47,7.41
588,O0000498,P0014,1,20.48,13.05
589,O0000498,P0230,1,36.36,27.61
590,O0000498,P0124,1,9.83,7.47
591,O0000499,P0276,1,20.56,15.48
592,O0000499,P0234,1,11.89,8.05
593,O0000500,P0375,1,19.93,9.68
594,O0000501,P0242,1,40.38,18.25
595,O0000502,P0180,1,15.67,12.18
596,O0000503,P0182,1,26.95,20.2
597,O0000504,P0365,1,11.12,9.58
598,O0000505,P0007,1,16.85,8.31
599,O0000506,P0043,1,25.18,24.34
600,O0000507,P0342,1,150.89,119.48
601,O0000507,P0106,1,32.23,21.96
602,O0000508,P0020,1,10.53,8.76
603,O0000509,P0188,1,24.95,20.7
604,O0000510,P0035,1,55.97,41.28
605,O0000511,P0335,3,24.9,12.97
606,O0000512,P0141,1,21.94,16.8
607,O0000513,P0139,1,13.84,9.57
608,O0000514,P0295,1,51.47,28.63
609,O0000514,P0262,1,22.84,11.61
610,O0000515,P0075,1,75.36,50.97
611,O0000516,P0323,1,33.01,28.47
612,O0000517,P0142,1,14.57,10.28
613,O0000518,P0399,1,16.13,11.62
614,O0000519,P0084,1,18.96,15.3
615,O0000520,P0315,1,14.56,8.14
616,O0000521,P0234,1,16.86,8.16
617,O0000522,P0325,1,26.29,17.13
618,O0000523,P0115,1,35.82,31.35
619,O0000524,P0046,1,85.77,53.14
620,O0000525,P0238,1,66.04,33.9
621,O0000526,P0079,1,7.1,4.8
622,O0000526,P0121,1,12.1,8.06
623,O0000526,P0129,2,37.04,27.66
624,O0000527,P0045,1,23.84,15.55
625,O0000528,P0304,1,11.87,9.42
626,O0000529,P0078,1,15.6,10.83
627,O0000530,P0081,1,10.58,10.09
628,O0000531,P0036,1,51.68,22.91
629,O0000532,P0316,1,25.48,11.97
630,O0000533,P0328,1,17.65,8.46
631,O0000534,P0367,1,25.65,17.43
632,O0000535,P0278,1,15.48,9.53
633,O0000536,P0011,1,10.91,5.74
634,O0000537,P0295,1,51.47,28.8
635,O0000538,P0216,2,33.83,26.69
636,O0000539,P0362,1,35.77,24.09
637,O0000540,P0082,1,84.77,38.69
638,O0000540,P0173,1,27.65,13.22
639,O0000540,P0133,1,13.22,8.72
640,O0000541,P0262,1,22.84,11.96
641,O0000541,P0252,1,73.33,37.65
642,O0000541,P0042,1,72.6,43.8
643,O0000542,P0148,1,49.04,23.75
644,O0000543,P0352,1,11.73,8.2
645,O0000544,P0282,2,31.47,21.0
646,O0000545,P0012,1,31.54,18.12
647,O0000546,P0374,2,8.71,5.45
648,O0000547,P0218,1,24.78,15.81
649,O0000548,P0137,1,16.82,7.59
650,O0000549,P0058,2,18.88,11.45
651,O0000550,P0047,1,26.3,14.83
652,O0000551,P0283,1,22.15,14.2
653,O0000552,P0236,1,72.46,58.29
654,O0000552,P0350,1,11.21,5.49
655,O0000552,P0004,1,20.34,16.66
656,O0000553,P0174,1,14.91,8.44
657,O0000554,P0006,1,45.33,37.27
658,O0000555,P0205,1,7.7,5.9
659,O0000556,P0101,1,53.02,37.4
660,O0000557,P0268,1,13.01,5.9
661,O0000558,P0241,1,17.11,10.57
662,O0000559,P0390,2,81.71,50.31
663,O0000560,P0153,1,133.98,79.08
664,O0000561,P0367,1,25.65,17.07
665,O0000562,P0131,1,52.63,41.84
666,O0000563,P0360,1,43.84,35.18
667,O0000564,P0354,1,110.11,61.97
668,O0000565,P0135,1,156.29,82.5
669,O0000566,P0393,1,7.96,5.54
670,O0000566,P0166,1,35.51,24.02
671,O0000567,P0316,1,25.48,12.22
672,O0000568,P0279,1,5.67,4.37
673,O0000568,P0364,1,16.3,13.77
674,O0000569,P0373,1,7.87,6.46
675,O0000570,P0240,1,25.47,21.26
676,O0000571,P0152,1,51.13,38.59
677,O0000572,P0345,1,25.98,20.19
678,O0000573,P0034,1,40.02,32.16
679,O0000574,P0240,1,25.47,21.04
680,O0000575,P0207,1,13.81,10.54
681,O0000576,P0309,1,11.22,7.93
682,O0000577,P0174,2,14.91,8.12
683,O0000578,P0145,1,13.01,5.47
684,O0000579,P0031,1,31.79,14.35
685,O0000580,P0148,1,49.04,23.18
686,O0000581,P0087,1,6.78,3.05
687,O0000582,P0151,1,8.95,7.56
688,O0000582,P0346,1,16.74,13.82
689,O0000582,P0156,1,13.93,6.3
690,O0000583,P0024,1,25.85,21.5
691,O0000584,P0028,1,19.28,10.11
692,O0000585,P0201,1,29.84,13.32
693,O0000586,P0091,1,37.25,30.75
694,O0000587,P0007,1,16.85,7.99
695,O0000588,P0376,1,7.37,3.64
696,O0000589,P0240,1,25.47,21.95
697,O0000590,P0190,1,22.11,14.29
698,O0000591,P0283,1,22.15,13.97
699,O0000592,P0299,1,14.58,7.27
700,O0000593,P0213,1,31.76,23.65
701,O0000594,P0354,1,110.11,61.16
702,O0000595,P0035,1,55.97,43.89
703,O0000596,P0143,1,5.0,3.89
704,O0000597,P0085,1,47.03,37.84
705,O0000598,P0247,1,84.85,52.79
706,O0000599,P0069,1,25.74,10.81
707,O0000600,P0239,1,24.64,18.66
708,O0000601,P0321,1,38.93,30.71
709,O0000602,P0383,1,192.23,83.76
710,O0000602,P0179,1,12.64,9.74
711,O0000602,P0321,1,38.93,30.51
712,O0000603,P0375,1,19.93,9.06
713,O0000604,P0227,1,32.25,18.05
714,O0000605,P0081,1,11.76,9.49
715,O0000605,P0012,1,31.54,18.7
716,O0000606,P0144,1,28.48,15.35
717,O0000607,P0378,1,23.49,13.64
718,O0000607,P0040,1,21.15,11.81
719,O0000607,P0105,1,23.07,18.8
720,O0000608,P0392,1,5.0,2.47
721,O0000608,P0003,1,20.34,8.66
722,O0000608,P0068,1,24.02,9.89
723,O0000609,P0394,1,13.17,7.93
724,O0000610,P0067,1,5.29,2.91
725,O0000610,P0080,1,25.92,12.99
726,O0000611,P0150,1,14.55,10.39
727,O0000612,P0014,1,20.48,13.36
728,O0000613,P0119,1,29.12,23.92
729,O0000614,P0395,1,36.98,22.13
730,O0000615,P0074,1,44.77,32.05
731,O0000616,P0031,1,31.79,13.88
732,O0000617,P0321,1,38.93,30.94
733,O0000618,P0267,2,16.05,7.73
734,O0000619,P0032,1,18.03,15.22
735,O0000620,P0193,1,55.76,46.95
736,O0000621,P0228,1,110.05,86.72
737,O0000622,P0039,1,16.72,9.18
738,O0000623,P0301,1,25.5,15.09
739,O0000624,P0322,1,20.85,17.63
740,O0000625,P0382,1,10.12,8.74
741,O0000626,P0167,1,25.94,21.01
742,O0000627,P0242,1,40.38,18.78
743,O0000628,P0377,1,5.0,4.21
744,O0000628,P0082,1,84.77,40.72
745,O0000629,P0181,1,24.13,14.33
746,O0000630,P0322,1,20.85,17.36
747,O0000631,P0079,1,7.1,5.08
748,O0000632,P0366,1,22.18,17.51
749,O0000633,P0041,1,46.99,37.0
750,O0000634,P0116,1,23.14,18.45
751,O0000634,P0236,1,72.46,59.12
752,O0000634,P0113,1,20.52,8.36
753,O0000635,P0209,1,48.72,22.62
754,O0000636,P0357,1,30.69,19.97
755,O0000637,P0286,1,7.86,4.45
756,O0000638,P0323,3,33.01,28.24
757,O0000639,P0099,1,11.25,6.21
758,O0000639,P0163,1,77.71,47.78
759,O0000640,P0178,2,31.37,23.47
760,O0000641,P0242,1,40.38,18.51
761,O0000641,P0166,1,35.51,24.93
762,O0000642,P0377,1,5.0,4.06
763,O0000643,P0031,1,31.79,13.65
764,O0000643,P0220,1,36.54,26.47
765,O0000643,P0301,1,25.5,15.46
766,O0000644,P0226,1,16.11,6.95
767,O0000645,P0394,1,13.17,8.05
768,O0000646,P0069,1,25.74,11.23
769,O0000647,P0376,1,7.37,3.69
770,O0000648,P0217,1,29.35,12.47
771,O0000648,P0102,1,34.13,22.27
772,O0000649,P0260,1,21.86,20.51
773,O0000650,P0276,1,20.56,15.91
774,O0000650,P0146,1,22.38,18.47
775,O0000650,P0142,1,14.57,10.31
776,O0000651,P0295,1,51.47,29.55
777,O0000652,P0075,1,75.36,52.61
778,O0000653,P0160,1,10.81,6.57
779,O0000654,P0002,1,21.96,14.81
780,O0000654,P0256,1,43.56,32.49
781,O0000655,P0385,1,28.75,14.37
782,O0000655,P0062,1,17.52,9.85
783,O0000656,P0332,1,18.9,14.87
784,O0000657,P0206,1,7.96,6.75
785,O0000658,P0237,2,22.38,12.92
786,O0000659,P0120,1,9.06,6.71
787,O0000660,P0275,1,22.42,17.59
788,O0000660,P0265,1,18.83,16.81
789,O0000661,P0168,1,18.02,12.0
790,O0000662,P0117,1,12.46,9.86
791,O0000662,P0092,1,31.11,24.44
792,O0000663,P0394,1,13.17,7.58
793,O0000664,P0175,1,15.31,6.85
794,O0000665,P0145,1,13.01,5.58
795,O0000666,P0082,1,84.77,38.6
796,O0000667,P0295,1,51.47,28.8
797,O0000668,P0214,1,12.66,8.37
798,O0000669,P0371,1,10.92,7.2
799,O0000670,P0256,1,43.56,32.63
800,O0000671,P0398,1,9.94,4.56
801,O0000672,P0115,1,35.82,30.8
802,O0000673,P0162,1,7.03,3.4
803,O0000674,P0145,1,13.01,5.25
804,O0000675,P0201,1,29.84,13.32
805,O0000676,P0214,1,12.66,8.72
806,O0000677,P0367,1,25.65,17.84
807,O0000678,P0354,3,110.11,62.73
808,O0000679,P0190,1,22.11,14.86
809,O0000679,P0308,2,31.88,23.3
810,O0000680,P0326,1,21.66,17.0
811,O0000681,P0207,1,13.81,10.76
812,O0000682,P0108,1,78.48,49.34
813,O0000683,P0190,1,22.11,14.85
814,O0000684,P0138,1,58.62,37.13
815,O0000685,P0003,2,20.34,8.81
816,O0000685,P0260,1,23.47,19.95
817,O0000686,P0350,1,11.21,5.26
818,O0000687,P0208,1,20.68,13.21
819,O0000687,P0273,1,14.02,11.31
820,O0000687,P0323,1,25.16,27.92
821,O0000688,P0261,1,5.0,3.4
822,O0000689,P0245,1,5.52,3.18
823,O0000690,P0172,1,39.28,32.24
824,O0000691,P0061,1,7.91,3.55
825,O0000692,P0359,1,20.6,19.47
826,O0000692,P0334,1,10.95,5.91
827,O0000693,P0169,1,87.25,53.64
828,O0000694,P0013,1,79.24,39.11
829,O0000694,P0133,1,13.22,8.89
830,O0000695,P0170,1,9.11,6.04
831,O0000695,P0074,1,44.77,33.29
832,O0000696,P0063,2,21.56,14.3
833,O0000696,P0345,1,25.98,19.16
834,O0000696,P0114,1,39.09,35.72
835,O0000697,P0200,1,14.07,7.12
836,O0000698,P0070,1,134.22,91.12
837,O0000699,P0043,1,32.76,25.33
838,O0000700,P0299,1,14.58,7.34
839,O0000701,P0226,1,16.11,7.31
840,O0000702,P0380,1,60.42,41.46
841,O0000703,P0386,1,21.86,10.79
842,O0000704,P0307,1,26.56,17.32
843,O0000705,P0034,1,40.02,30.87
844,O0000706,P0284,1,11.42,5.77
845,O0000706,P0170,1,9.11,6.01
846,O0000707,P0092,1,31.11,23.44
847,O0000707,P0321,1,36.53,30.92
848,O0000707,P0018,1,19.43,12.0
849,O0000708,P0180,1,14.22,12.19
850,O0000709,P0326,1,21.66,17.6
851,O0000710,P0379,1,107.68,45.23
852,O0000711,P0254,1,6.01,3.66
853,O0000712,P0145,1,13.01,5.35
854,O0000713,P0285,1,13.4,5.73
855,O0000714,P0057,1,13.99,7.31
856,O0000715,P0131,1,52.63,42.98
857,O0000716,P0223,1,141.44,77.79
858,O0000717,P0017,1,15.17,10.64
859,O0000718,P0201,1,26.86,13.12
860,O0000719,P0197,1,53.52,29.62
861,O0000720,P0177,2,50.38,38.0
862,O0000721,P0171,1,21.73,18.17
863,O0000722,P0331,1,49.25,29.6
864,O0000723,P0063,1,21.56,13.77
865,O0000724,P0192,1,130.83,72.72
866,O0000725,P0088,2,28.44,22.55
867,O0000726,P0172,1,39.28,33.25
868,O0000727,P0238,1,66.04,34.41
869,O0000728,P0380,1,60.42,42.21
870,O0000728,P0199,3,34.14,22.99
871,O0000728,P0131,1,52.63,41.59
872,O0000729,P0315,2,14.56,8.36
873,O0000730,P0321,2,31.99,31.39
874,O0000731,P0156,1,13.93,6.39
875,O0000731,P0333,1,5.0,3.14
876,O0000732,P0263,1,32.89,15.93
877,O0000733,P0373,1,8.74,6.57
878,O0000734,P0047,1,26.3,14.05
879,O0000735,P0020,1,10.53,8.46
880,O0000736,P0275,1,22.42,16.77
881,O0000737,P0399,1,16.13,11.18
882,O0000738,P0294,1,21.07,11.73
883,O0000739,P0348,1,16.31,12.86
884,O0000739,P0053,1,51.03,39.71
885,O0000739,P0320,1,77.73,45.46
886,O0000740,P0275,1,22.42,16.95
887,O0000740,P0035,1,55.97,41.23
888,O0000741,P0346,1,16.74,13.41
889,O0000742,P0252,1,66.0,35.74
890,O0000743,P0270,1,10.72,6.14
891,O0000744,P0318,1,15.46,11.22
892,O0000744,P0047,1,23.67,14.07
893,O0000744,P0127,1,37.04,28.77
894,O0000745,P0336,1,93.8,75.51
895,O0000746,P0061,1,7.12,3.64
896,O0000747,P0100,1,46.05,34.96
897,O0000748,P0121,1,12.1,8.43
898,O0000749,P0157,1,34.99,22.3
899,O0000750,P0318,1,15.46,11.42
900,O0000751,P0140,1,42.25,19.16
901,O0000752,P0307,1,26.56,17.3
902,O0000753,P0023,1,8.48,7.01
903,O0000754,P0098,1,35.84,17.77
904,O0000755,P0316,1,25.48,12.23
905,O0000756,P0137,1,16.82,7.87
906,O0000757,P0371,1,10.92,7.26
907,O0000758,P0021,1,47.37,26.29
908,O0000759,P0056,1,53.25,44.18
909,O0000760,P0202,1,16.35,12.71
910,O0000761,P0120,1,6.6,6.63
911,O0000761,P0128,1,37.0,30.22
912,O0000761,P0385,1,28.75,14.34
913,O0000762,P0316,1,25.48,11.62
914,O0000763,P0111,1,10.42,8.53
915,O0000764,P0067,1,5.29,2.8
916,O0000765,P0251,1,41.11,29.24
917,O0000766,P0369,1,21.62,16.96
918,O0000766,P0371,1,10.92,7.13
919,O0000767,P0032,1,18.03,15.78
920,O0000767,P0162,1,7.81,3.41
921,O0000768,P0381,1,19.78,8.72
922,O0000768,P0021,1,47.37,26.22
923,O0000769,P0263,1,32.89,15.89
924,O0000770,P0080,1,25.92,13.0
925,O0000771,P0013,1,79.24,38.18
926,O0000772,P0358,1,9.97,6.83
927,O0000773,P0367,1,25.65,17.0
928,O0000774,P0299,1,11.61,7.32
929,O0000774,P0385,1,23.29,14.2
930,O0000774,P0043,1,32.76,24.52
931,O0000775,P0182,1,26.95,20.36
932,O0000775,P0211,1,24.17,10.45
933,O0000776,P0089,1,30.2,16.85
934,O0000777,P0019,1,24.27,10.31
935,O0000778,P0395,1,51.86,21.63
936,O0000779,P0076,1,5.82,5.06
937,O0000780,P0177,1,50.38,36.91
938,O0000781,P0047,1,26.3,14.83
939,O0000782,P0393,1,7.96,5.47
940,O0000783,P0080,1,25.92,12.45
941,O0000784,P0297,1,8.01,3.6
942,O0000784,P0381,1,19.78,8.55
943,O0000784,P0089,1,30.2,17.39
944,O0000785,P0380,1,60.42,43.19
945,O0000786,P0086,1,9.16,6.13
946,O0000787,P0298,1,36.25,18.26
947,O0000788,P0385,1,28.75,14.37
948,O0000789,P0249,1,127.56,101.75
949,O0000790,P0279,1,7.3,4.54
950,O0000791,P0059,1,31.09,12.69
951,O0000792,P0104,1,13.42,7.13
952,O0000792,P0094,1,24.69,23.92
953,O0000793,P0014,1,20.48,13.07
954,O0000794,P0229,1,11.96,9.78
955,O0000795,P0303,1,20.26,17.04
956,O0000796,P0021,1,47.37,26.83
957,O0000797,P0366,1,22.18,17.79
958,O0000798,P0125,1,58.35,33.41
959,O0000799,P0074,1,44.77,32.37
960,O0000800,P0379,1,107.68,44.53
961,O0000801,P0208,1,20.68,13.33
962,O0000802,P0102,1,34.13,22.9
963,O0000803,P0377,1,4.5,4.1
964,O0000804,P0284,2,11.42,6.08
965,O0000805,P0068,1,24.02,10.47
966,O0000806,P0160,1,10.81,6.73
967,O0000807,P0296,1,99.6,98.43
968,O0000808,P0252,1,73.33,36.95
969,O0000809,P0215,1,22.49,11.66
970,O0000810,P0080,1,25.92,12.64
971,O0000811,P0139,1,13.84,9.67
972,O0000812,P0075,1,54.88,50.82
973,O0000812,P0034,1,40.02,31.86
974,O0000812,P0260,1,18.19,20.63
975,O0000813,P0208,1,20.68,14.07
976,O0000813,P0265,1,23.33,16.78
977,O0000813,P0294,1,21.07,12.19
978,O0000814,P0086,1,9.16,5.9
979,O0000814,P0011,1,10.91,6.06
980,O0000815,P0193,1,55.76,46.19
981,O0000816,P0180,1,13.49,12.33
982,O0000817,P0251,1,41.11,30.68
983,O0000818,P0035,1,55.97,43.81
984,O0000819,P0394,1,13.17,7.7
985,O0000820,P0340,1,61.25,48.18
986,O0000821,P0166,1,35.51,25.62
987,O0000821,P0227,1,32.25,18.07
988,O0000822,P0357,1,30.69,19.84
989,O0000823,P0187,1,69.71,37.87
990,O0000824,P0140,1,42.25,18.42
991,O0000825,P0269,1,20.27,11.61
992,O0000826,P0264,2,11.57,6.71
993,O0000827,P0316,1,25.48,11.74
994,O0000828,P0011,1,10.91,5.74
995,O0000829,P0300,1,16.61,9.12
996,O0000830,P0360,1,43.84,36.2
997,O0000831,P0286,1,7.86,4.47
998,O0000832,P0204,1,29.54,24.99
999,O0000833,P0053,1,51.03,38.25
1000,O0000834,P0242,1,40.38,19.24
1001,O0000835,P0278,1,15.48,9.72
1002,O0000836,P0194,1,46.22,34.4
1003,O0000837,P0287,1,14.63,6.67
1004,O0000837,P0232,1,106.18,88.0
1005,O0000838,P0103,1,20.16,10.95
1006,O0000839,P0242,1,40.38,19.23
1007,O0000839,P0075,1,69.45,51.79
1008,O0000840,P0289,1,94.61,71.23
1009,O0000841,P0206,1,7.96,6.58
1010,O0000842,P0165,1,11.19,5.04
1011,O0000843,P0344,1,12.43,9.43
1012,O0000844,P0294,1,21.07,11.87
1013,O0000845,P0287,1,13.17,6.59
1014,O0000846,P0193,1,57.76,47.64
1015,O0000847,P0043,2,32.76,24.92
1016,O0000848,P0376,1,7.37,3.52
1017,O0000849,P0056,1,53.25,44.68
1018,O0000850,P0129,1,37.04,28.39
1019,O0000850,P0104,1,13.42,7.02
1020,O0000851,P0094,1,26.39,23.71
1021,O0000852,P0260,1,23.47,20.16
1022,O0000853,P0386,1,21.86,11.04
1023,O0000854,P0269,1,20.27,11.58
1024,O0000855,P0362,1,35.77,23.83
1025,O0000855,P0397,1,39.33,18.07
1026,O0000856,P0200,1,15.63,7.06
1027,O0000857,P0319,1,37.48,23.55
1028,O0000857,P0160,1,10.81,6.52
1029,O0000857,P0347,1,56.26,25.38
1030,O0000858,P0227,1,32.25,17.53
1031,O0000859,P0205,1,6.93,5.78
1032,O0000859,P0308,1,44.75,24.44
1033,O0000860,P0187,1,69.71,38.65
1034,O0000861,P0009,1,29.77,18.01
1035,O0000862,P0190,1,22.11,14.79
1036,O0000862,P0103,1,20.16,10.33
1037,O0000862,P0074,1,44.77,33.55
1038,O0000863,P0290,1,49.67,32.5
1039,O0000863,P0394,1,13.17,8.0
1040,O0000864,P0125,1,46.92,32.53
1041,O0000865,P0047,1,26.3,14.49
1042,O0000866,P0360,1,30.99,35.13
1043,O0000867,P0257,1,90.28,72.9
1044,O0000868,P0347,1,56.26,26.52
1045,O0000868,P0246,1,68.18,47.56
1046,O0000869,P0046,1,85.77,50.84
1047,O0000869,P0339,1,7.52,3.52
1048,O0000870,P0058,1,18.88,11.33
1049,O0000871,P0254,1,6.01,3.72
1050,O0000872,P0319,1,37.48,23.24
1051,O0000873,P0320,1,77.73,45.52
1052,O0000873,P0300,1,16.61,8.68
1053,O0000874,P0334,1,10.95,5.87
1054,O0000875,P0157,1,25.35,21.98
1055,O0000876,P0279,1,7.3,4.5
1056,O0000877,P0086,1,9.16,5.85
1057,O0000878,P0062,2,17.52,10.14
1058,O0000879,P0386,2,21.86,10.87
1059,O0000880,P0326,1,21.66,17.46
1060,O0000881,P0346,1,16.74,13.82
1061,O0000882,P0310,1,38.72,23.47
1062,O0000883,P0336,1,93.8,78.31
1063,O0000884,P0313,1,40.89,19.15
1064,O0000885,P0226,1,16.11,7.16
1065,O0000886,P0298,1,38.49,17.91
1066,O0000887,P0137,1,16.82,7.54
1067,O0000888,P0038,1,19.16,13.63
1068,O0000889,P0332,1,18.9,14.9
1069,O0000890,P0062,1,17.52,9.95
1070,O0000891,P0157,1,28.9,21.63
1071,O0000892,P0290,1,49.67,31.73
1072,O0000893,P0328,1,15.71,8.38
1073,O0000894,P0113,1,20.52,8.49
1074,O0000894,P0220,1,36.54,25.61
1075,O0000895,P0391,1,66.48,31.3
1076,O0000896,P0308,1,44.75,24.6
1077,O0000897,P0136,1,4.63,3.8
1078,O0000898,P0278,1,15.48,10.0
1079,O0000899,P0077,1,7.9,4.71
1080,O0000900,P0218,1,24.78,16.01
1081,O0000901,P0061,1,7.91,3.66
1082,O0000902,P0013,1,79.24,40.53
1083,O0000903,P0233,1,63.03,53.34
1084,O0000904,P0007,1,16.85,8.04
1085,O0000905,P0237,1,22.38,13.54
1086,O0000906,P0056,1,53.25,43.55
1087,O0000907,P0129,1,37.04,29.28
1088,O0000908,P0120,1,9.06,6.57
1089,O0000909,P0158,1,45.59,20.58
1090,O0000910,P0288,1,10.33,8.44
1091,O0000911,P0058,1,18.88,11.59
1092,O0000911,P0309,1,14.44,7.72
1093,O0000912,P0145,1,13.01,5.49
1094,O0000913,P0382,1,10.12,8.66
1095,O0000913,P0333,1,5.0,3.13
1096,O0000914,P0256,1,43.56,34.0
1097,O0000915,P0277,1,15.0,9.25
1098,O0000916,P0128,2,37.0,30.34
1099,O0000917,P0364,1,11.6,13.19
1100,O0000918,P0255,1,19.78,12.84
1101,O0000919,P0392,1,5.0,2.39
1102,O0000920,P0104,1,13.42,6.77
1103,O0000920,P0226,1,14.5,7.03
1104,O0000921,P0291,1,23.49,17.44
1105,O0000922,P0282,1,31.47,20.34
1106,O0000923,P0208,1,20.68,13.72
1107,O0000924,P0190,1,22.11,15.21
1108,O0000925,P0221,1,137.35,92.24
1109,O0000926,P0340,1,61.25,46.03
1110,O0000927,P0240,1,25.47,21.86
1111,O0000927,P0119,1,26.21,24.98
1112,O0000927,P0184,1,20.87,12.3
1113,O0000928,P0109,1,40.47,22.09
1114,O0000928,P0192,1,130.83,71.82
1115,O0000929,P0032,1,18.03,15.31
1116,O0000930,P0061,1,7.91,3.65
1117,O0000931,P0210,1,21.59,13.33
1118,O0000932,P0156,1,13.93,6.3
1119,O0000933,P0060,1,30.23,19.49
1120,O0000934,P0331,1,49.25,28.18
1121,O0000935,P0176,1,48.41,34.0
1122,O0000936,P0299,1,14.58,6.98
1123,O0000937,P0301,1,25.5,15.29
1124,O0000938,P0272,1,25.23,19.14
1125,O0000939,P0024,1,28.72,21.78
1126,O0000940,P0206,1,7.96,6.6
1127,O0000941,P0171,1,21.73,18.12
1128,O0000942,P0016,1,26.81,12.96
1129,O0000943,P0060,1,30.23,19.76
1130,O0000944,P0205,1,7.7,6.0
1131,O0000945,P0235,1,6.23,5.43
1132,O0000946,P0341,1,40.7,32.77
1133,O0000947,P0340,1,61.25,45.59
1134,O0000948,P0386,1,21.86,11.08
1135,O0000949,P0306,1,44.89,30.93
1136,O0000950,P0095,1,31.01,12.88
1137,O0000951,P0070,1,176.02,96.2
1138,O0000952,P0227,1,32.25,17.77
1139,O0000953,P0038,1,19.16,13.21
1140,O0000954,P0007,1,16.85,8.48
1141,O0000955,P0365,1,11.12,9.22
1142,O0000956,P0180,1,15.67,12.08
1143,O0000956,P0248,1,26.91,21.36
1144,O0000957,P0240,1,25.47,20.68
1145,O0000958,P0096,1,13.85,6.74
1146,O0000959,P0109,1,40.47,21.51
1147,O0000960,P0343,1,16.99,8.93
1148,O0000961,P0230,1,36.36,28.46
1149,O0000962,P0395,1,43.43,21.3
1150,O0000963,P0102,1,34.13,23.26
1151,O0000964,P0156,1,13.93,6.24
1152,O0000965,P0108,1,78.48,48.71
1153,O0000966,P0317,1,54.87,27.94
1154,O0000967,P0321,1,38.93,30.82
1155,O0000967,P0186,1,47.03,38.34
1156,O0000967,P0176,1,48.41,33.86
1157,O0000968,P0035,1,55.97,43.57
1158,O0000969,P0034,1,40.02,30.26
1159,O0000970,P0008,1,37.87,18.31
1160,O0000970,P0228,1,110.05,84.4
1161,O0000971,P0257,1,77.17,73.24
1162,O0000972,P0154,1,56.03,28.36
1163,O0000972,P0025,1,44.29,19.14
1164,O0000972,P0235,1,6.23,5.26
1165,O0000973,P0086,1,9.16,5.91
1166,O0000974,P0024,1,28.72,22.35
1167,O0000975,P0199,1,34.14,23.3
1168,O0000976,P0270,1,10.72,6.06
1169,O0000977,P0371,1,10.92,7.05
1170,O0000978,P0364,1,16.3,13.36
1171,O0000978,P0223,1,141.44,74.7
1172,O0000979,P0001,1,36.5,26.37
1173,O0000980,P0034,1,40.02,32.2
1174,O0000981,P0325,1,26.29,17.76
1175,O0000982,P0356,1,81.19,66.31
1176,O0000983,P0352,1,8.78,8.34
1177,O0000984,P0379,1,107.68,43.47
1178,O0000985,P0208,1,20.68,13.41
1179,O0000986,P0056,1,47.92,43.34
1180,O0000987,P0330,1,15.77,11.43
1181,O0000988,P0045,1,18.02,15.22
1182,O0000989,P0173,2,30.72,13.7
1183,O0000990,P0102,1,34.13,21.97
1184,O0000991,P0313,1,31.85,19.63
1185,O0000992,P0051,1,9.68,10.73
1186,O0000993,P0130,1,534.96,388.51
1187,O0000994,P0238,1,50.08,35.68
1188,O0000995,P0007,1,16.85,8.28
1189,O0000996,P0095,1,31.01,13.07
1190,O0000997,P0059,1,31.09,12.31
1191,O0000998,P0029,1,16.97,8.96
1192,O0000999,P0173,1,30.72,13.55
1193,O0001000,P0327,1,32.14,16.08
1194,O0001001,P0326,1,21.66,17.61
1195,O0001001,P0019,1,24.27,10.22
1196,O0001002,P0190,1,22.11,14.62
1197,O0001003,P0184,1,20.87,12.79
1198,O0001004,P0386,2,21.86,10.64
1199,O0001005,P0176,2,48.41,34.53
1200,O0001006,P0219,1,17.73,16.83
1201,O0001007,P0338,1,4.5,3.44
1202,O0001008,P0298,1,38.49,17.92
1203,O0001009,P0269,1,22.52,11.45
1204,O0001010,P0034,1,36.02,30.46
1205,O0001011,P0335,1,24.9,12.96
1206,O0001012,P0293,1,10.7,5.7
1207,O0001013,P0011,1,10.91,5.89
1208,O0001014,P0174,1,14.91,8.41
1209,O0001015,P0381,1,19.78,9.03
1210,O0001016,P0179,2,12.64,9.51
1211,O0001017,P0139,1,10.94,9.56
1212,O0001018,P0029,1,16.97,8.82
1213,O0001019,P0300,1,16.61,9.09
1214,O0001020,P0056,1,53.25,43.28
1215,O0001021,P0005,1,70.57,36.52
1216,O0001022,P0099,1,11.25,6.35
1217,O0001022,P0209,1,48.72,22.7
1218,O0001022,P0019,1,24.27,10.08
1219,O0001023,P0084,1,18.96,15.59
1220,O0001024,P0332,1,18.9,14.82
1221,O0001025,P0121,1,12.1,8.39
1222,O0001026,P0345,1,25.98,19.02
1223,O0001027,P0175,1,15.31,7.0
1224,O0001028,P0056,1,53.25,42.6
1225,O0001029,P0270,1,10.72,6.05
1226,O0001029,P0132,1,41.31,22.65
1227,O0001030,P0181,1,24.13,14.24
1228,O0001030,P0229,1,11.96,9.98
1229,O0001031,P0310,1,38.72,23.23
1230,O0001032,P0180,1,15.67,11.92
1231,O0001033,P0398,1,9.94,4.36
1232,O0001034,P0158,2,45.59,20.48
1233,O0001035,P0130,1,534.96,367.94
1234,O0001035,P0043,3,32.76,24.57
1235,O0001035,P0081,1,11.76,10.06
1236,O0001036,P0236,1,72.46,57.7
1237,O0001037,P0259,1,6.28,3.81
1238,O0001038,P0204,1,29.54,25.15
1239,O0001039,P0050,1,32.64,24.41
1240,O0001040,P0047,1,26.3,14.69
1241,O0001041,P0225,1,5.0,3.41
1242,O0001042,P0241,1,17.11,10.12
1243,O0001042,P0025,1,44.29,19.41
1244,O0001043,P0270,1,10.72,6.28
1245,O0001044,P0001,1,36.5,27.29
1246,O0001045,P0323,1,24.91,26.98
1247,O0001046,P0389,1,20.01,12.8
1248,O0001047,P0339,1,7.52,3.47
1249,O0001048,P0125,1,58.35,32.14
1250,O0001049,P0378,1,23.49,13.74
1251,O0001050,P0241,1,15.4,10.7
1252,O0001051,P0269,1,22.52,11.04
1253,O0001051,P0318,1,15.46,11.45
1254,O0001052,P0296,1,113.02,94.56
1255,O0001052,P0047,1,26.3,14.54
1256,O0001053,P0008,1,37.87,18.38
1257,O0001054,P0125,1,58.35,33.26
1258,O0001055,P0370,1,17.44,7.01
1259,O0001056,P0307,1,26.56,17.61
1260,O0001057,P0108,1,55.26,51.08
1261,O0001058,P0032,1,18.03,15.47
1262,O0001059,P0038,1,19.16,13.65
1263,O0001060,P0389,1,20.01,13.1
1264,O0001061,P0200,1,15.63,7.17
1265,O0001062,P0375,1,19.93,9.13
1266,O0001063,P0291,1,26.1,17.31
1267,O0001063,P0012,1,31.54,17.92
1268,O0001064,P0002,1,15.93,15.32
1269,O0001065,P0001,1,36.5,27.1
1270,O0001066,P0286,1,7.86,4.24
1271,O0001067,P0191,1,12.75,6.82
1272,O0001067,P0019,3,24.27,10.44
1273,O0001068,P0248,1,24.26,21.31
1274,O0001069,P0043,1,32.76,23.91
1275,O0001070,P0064,1,33.89,25.21
1276,O0001071,P0321,2,38.93,30.93
1277,O0001072,P0248,1,26.91,21.9
1278,O0001073,P0038,1,19.16,13.15
1279,O0001074,P0294,1,21.07,11.66
1280,O0001075,P0117,1,12.46,9.98
1281,O0001075,P0307,1,26.56,17.96
1282,O0001076,P0059,1,31.09,12.48
1283,O0001077,P0297,1,7.21,3.63
1284,O0001078,P0344,2,11.19,9.37
1285,O0001079,P0238,1,66.04,34.93
1286,O0001080,P0191,2,12.75,6.89
1287,O0001081,P0110,1,12.36,5.2
1288,O0001082,P0039,1,14.15,9.36
1289,O0001083,P0208,1,20.68,13.31
1290,O0001084,P0240,1,25.47,21.88
1291,O0001085,P0248,1,26.91,21.82
1292,O0001086,P0119,1,22.95,23.51
1293,O0001087,P0167,1,25.94,21.27
1294,O0001088,P0133,1,13.22,9.02
1295,O0001088,P0021,1,47.37,25.22
1296,O0001089,P0027,1,22.36,13.16
1297,O0001090,P0286,1,7.86,4.27
1298,O0001091,P0326,1,21.66,17.37
1299,O0001092,P0041,2,46.99,38.23
1300,O0001093,P0062,1,17.52,9.81
1301,O0001094,P0390,1,81.71,48.37
1302,O0001095,P0080,1,25.92,12.21
1303,O0001096,P0086,1,9.16,5.92
1304,O0001096,P0377,1,5.0,4.04
1305,O0001096,P0248,1,21.81,21.8
1306,O0001097,P0375,1,19.93,9.51
1307,O0001098,P0160,1,9.42,6.68
1308,O0001099,P0107,1,24.79,16.44
1309,O0001100,P0239,1,24.64,19.07
1310,O0001101,P0097,1,109.14,76.04
1311,O0001102,P0348,1,16.31,13.24
1312,O0001102,P0258,1,8.13,7.0
1313,O0001102,P0283,1,22.15,14.62
1314,O0001103,P0084,1,18.96,15.22
1315,O0001104,P0187,1,69.71,37.31
1316,O0001105,P0334,1,10.95,5.79
1317,O0001106,P0376,1,6.63,3.63
1318,O0001107,P0317,1,54.87,29.51
1319,O0001108,P0080,1,25.92,12.31
1320,O0001109,P0395,1,51.86,21.99
1321,O0001109,P0399,1,16.13,11.14
1322,O0001110,P0376,1,7.37,3.53
1323,O0001111,P0049,1,19.23,12.38
1324,O0001112,P0232,1,106.18,87.19
1325,O0001113,P0243,1,27.01,14.13
1326,O0001113,P0018,1,19.43,11.6
1327,O0001114,P0021,1,47.37,26.62
1328,O0001115,P0275,1,22.42,17.36
1329,O0001116,P0281,1,38.91,24.73
1330,O0001117,P0339,1,7.52,3.6
1331,O0001118,P0381,1,19.78,8.59
1332,O0001119,P0277,1,16.05,9.33
1333,O0001120,P0104,1,13.42,6.93
1334,O0001121,P0256,1,43.56,33.27
1335,O0001122,P0284,1,8.26,5.76
1336,O0001123,P0329,1,33.63,24.45
1337,O0001124,P0361,1,13.03,8.56
1338,O0001125,P0384,1,25.72,19.78
1339,O0001126,P0010,1,5.31,2.8
1340,O0001127,P0202,1,16.35,12.81
1341,O0001128,P0150,1,11.33,10.75
1342,O0001129,P0169,1,87.25,52.95
1343,O0001130,P0073,1,61.21,30.81
1344,O0001131,P0266,1,52.67,24.92
1345,O0001132,P0365,1,11.12,9.44
1346,O0001133,P0333,1,5.0,3.01
1347,O0001134,P0091,1,37.25,29.93
1348,O0001134,P0354,1,110.11,61.46
1349,O0001135,P0252,1,73.33,38.04
1350,O0001136,P0159,1,5.0,2.45
1351,O0001137,P0144,1,28.48,14.72
1352,O0001138,P0253,1,57.21,32.96
1353,O0001139,P0148,1,49.04,23.44
1354,O0001140,P0102,1,34.13,23.45
1355,O0001141,P0288,1,10.33,8.47
1356,O0001142,P0047,1,26.3,14.86
1357,O0001143,P0374,1,8.71,5.42
1358,O0001144,P0342,1,150.89,113.88
1359,O0001144,P0062,1,17.52,9.88
1360,O0001145,P0304,1,11.87,9.24
1361,O0001145,P0138,1,58.62,38.91
1362,O0001146,P0315,1,14.56,8.06
1363,O0001146,P0091,1,37.25,31.04
1364,O0001146,P0235,1,6.23,5.14
1365,O0001147,P0195,1,24.29,10.26
1366,O0001148,P0311,1,6.67,3.07
1367,O0001149,P0300,1,16.61,9.11
1368,O0001149,P0079,1,7.1,4.97
1369,O0001150,P0342,1,150.89,118.76
1370,O0001150,P0238,1,66.04,35.24
1371,O0001151,P0287,1,14.63,6.51
1372,O0001152,P0024,1,28.72,21.62
1373,O0001153,P0256,1,43.56,33.56
1374,O0001154,P0377,1,5.0,4.26
1375,O0001155,P0086,1,9.16,5.9
1376,O0001156,P0106,1,23.34,21.61
1377,O0001157,P0318,2,15.46,11.44
1378,O0001158,P0060,1,30.23,19.88
1379,O0001159,P0270,1,10.72,6.32
1380,O0001159,P0189,2,31.8,27.57
1381,O0001160,P0341,1,40.7,33.0
1382,O0001161,P0395,1,51.86,21.14
1383,O0001162,P0006,1,45.33,37.55
1384,O0001163,P0228,1,99.04,86.25
1385,O0001164,P0105,1,23.07,19.34
1386,O0001164,P0062,1,17.52,9.75
1387,O0001165,P0139,1,13.84,9.67
1388,O0001165,P0134,1,20.3,8.6
1389,O0001165,P0326,1,21.66,17.58
1390,O0001166,P0110,1,12.36,5.23
1391,O0001167,P0390,1,81.71,48.19
1392,O0001168,P0020,1,10.53,8.5
1393,O0001169,P0290,1,49.67,32.25
1394,O0001170,P0062,1,17.52,9.8
1395,O0001171,P0288,1,10.33,8.51
1396,O0001172,P0152,1,51.13,38.85
1397,O0001173,P0258,1,8.13,6.61
1398,O0001174,P0270,1,9.65,6.19
1399,O0001174,P0344,1,12.43,9.05
1400,O0001174,P0162,1,7.81,3.26
1401,O0001175,P0171,1,21.73,18.16
1402,O0001176,P0236,1,72.46,56.9
1403,O0001176,P0279,1,7.3,4.39
1404,O0001177,P0345,1,25.98,19.01
1405,O0001178,P0352,1,11.73,8.39
1406,O0001179,P0040,1,21.15,12.03
1407,O0001180,P0187,1,51.7,38.02
1408,O0001181,P0331,1,49.25,29.2
1409,O0001182,P0116,1,23.14,17.78
1410,O0001183,P0141,1,25.44,17.14
1411,O0001184,P0304,1,11.87,9.59
1412,O0001185,P0007,1,16.85,8.29
1413,O0001185,P0033,1,14.27,5.84
1414,O0001185,P0288,1,10.33,8.56
1415,O0001186,P0235,1,6.23,5.11
1416,O0001187,P0150,1,14.55,10.72
1417,O0001188,P0303,1,20.26,17.47
1418,O0001188,P0202,1,16.35,13.19
1419,O0001189,P0012,1,31.54,18.1
1420,O0001190,P0311,1,6.67,2.97
1421,O0001191,P0042,2,72.6,44.26
1422,O0001192,P0170,1,9.11,5.98
1423,O0001193,P0150,1,14.55,10.98
1424,O0001194,P0276,1,20.56,15.25
1425,O0001195,P0016,1,26.81,13.38
1426,O0001196,P0270,1,10.72,5.93
1427,O0001197,P0065,1,30.15,24.72
1428,O0001198,P0247,1,84.85,53.55
1429,O0001199,P0339,1,7.52,3.43
1430,O0001200,P0344,1,12.43,9.31
1431,O0001201,P0395,1,51.86,21.25
1432,O0001202,P0136,1,4.5,3.64
1433,O0001203,P0260,1,23.47,20.31
1434,O0001204,P0333,1,4.45,3.14
1435,O0001205,P0287,1,14.63,6.53
1436,O0001206,P0147,1,36.74,22.05
1437,O0001207,P0151,1,8.95,7.59
1438,O0001207,P0075,1,75.36,52.21
1439,O0001207,P0028,1,19.28,9.95
1440,O0001208,P0387,1,23.9,16.37
1441,O0001209,P0218,1,24.78,16.37
1442,O0001210,P0225,1,5.0,3.41
1443,O0001210,P0300,1,16.61,8.76
1444,O0001211,P0341,1,40.7,33.99
1445,O0001212,P0240,1,25.47,21.25
1446,O0001213,P0181,1,24.13,13.48
1447,O0001214,P0250,1,99.91,59.53
1448,O0001215,P0149,2,16.78,10.74
1449,O0001215,P0156,1,13.93,6.27
1450,O0001216,P0177,1,50.38,36.89
1451,O0001217,P0207,1,13.81,10.5
1452,O0001218,P0353,1,34.15,17.18
1453,O0001219,P0119,1,29.12,23.63
1454,O0001220,P0288,1,10.33,8.6
1455,O0001221,P0136,1,5.51,3.72
1456,O0001222,P0219,1,25.02,17.53
1457,O0001223,P0322,1,20.85,17.53
1458,O0001224,P0189,1,31.8,26.19
1459,O0001225,P0395,1,51.86,21.12
1460,O0001226,P0280,1,73.22,55.39
1461,O0001227,P0268,1,13.01,5.95
1462,O0001228,P0398,1,9.94,4.44
1463,O0001229,P0071,2,21.03,9.92
1464,O0001230,P0160,2,10.81,6.52
1465,O0001231,P0125,1,58.35,32.84
1466,O0001231,P0279,1,5.65,4.44
1467,O0001232,P0247,1,84.85,53.57
1468,O0001233,P0305,1,15.47,7.6
1469,O0001234,P0397,1,43.7,18.6
1470,O0001235,P0120,1,9.06,6.56
1471,O0001235,P0004,1,20.34,15.86
1472,O0001236,P0356,1,81.19,67.2
1473,O0001237,P0138,1,52.76,36.51
1474,O0001238,P0258,1,8.13,6.63
1475,O0001239,P0322,1,18.76,17.98
1476,O0001240,P0036,1,51.68,22.26
1477,O0001241,P0008,1,37.87,18.48
1478,O0001242,P0018,1,19.43,11.53
1479,O0001243,P0303,1,20.26,17.5
1480,O0001244,P0107,1,24.79,16.23
1481,O0001245,P0026,1,28.14,13.67
1482,O0001246,P0298,1,38.49,18.9
1483,O0001247,P0227,1,23.23,17.79
1484,O0001248,P0086,1,9.16,5.95
1485,O0001248,P0105,1,23.07,18.54
1486,O0001249,P0266,1,52.67,25.98
1487,O0001250,P0127,1,37.04,29.0
1488,O0001250,P0388,1,15.88,7.03
1489,O0001250,P0218,1,24.78,16.08
1490,O0001251,P0304,1,11.87,9.48
1491,O0001252,P0047,1,26.3,14.95
1492,O0001253,P0067,1,5.29,2.82
1493,O0001253,P0084,1,18.96,15.65
1494,O0001254,P0390,1,81.71,50.68
1495,O0001255,P0038,1,19.16,13.08
1496,O0001256,P0387,1,23.9,15.98
1497,O0001257,P0193,1,61.96,46.65
1498,O0001258,P0018,1,19.43,11.76
1499,O0001259,P0055,1,26.51,21.19
1500,O0001259,P0185,1,47.48,20.79
1501,O0001260,P0396,1,67.85,33.37
1502,O0001261,P0269,1,17.53,11.64
1503,O0001262,P0247,1,84.85,56.15
1504,O0001263,P0151,1,8.95,7.49
1505,O0001264,P0067,1,5.29,2.88
1506,O0001265,P0263,1,32.89,16.3
1507,O0001265,P0265,1,20.32,16.37
1508,O0001266,P0309,1,14.44,7.99
1509,O0001267,P0296,1,113.02,96.53
1510,O0001268,P0400,1,36.29,18.48
1511,O0001269,P0127,1,37.04,30.21
1512,O0001270,P0397,1,43.7,17.54
1513,O0001270,P0224,1,12.85,6.14
1514,O0001270,P0242,1,40.38,18.25
1515,O0001271,P0320,1,77.73,46.45
1516,O0001272,P0353,1,34.15,17.79
1517,O0001273,P0338,1,5.0,3.5
1518,O0001274,P0361,1,13.03,8.55
1519,O0001275,P0012,1,31.54,17.7
1520,O0001276,P0229,1,11.96,9.68
1521,O0001277,P0348,1,16.31,12.56
1522,O0001278,P0079,1,7.1,4.81
1523,O0001279,P0322,1,20.85,18.22
1524,O0001280,P0067,1,4.67,2.79
1525,O0001280,P0374,1,6.88,5.28
1526,O0001280,P0006,1,31.88,39.01
1527,O0001281,P0178,1,31.37,24.06
1528,O0001282,P0367,1,25.65,16.84
1529,O0001282,P0223,1,141.44,73.57
1530,O0001282,P0054,1,31.91,15.46
1531,O0001283,P0286,1,7.86,4.46
1532,O0001284,P0185,3,47.48,21.04
1533,O0001285,P0236,1,72.46,57.1
1534,O0001286,P0119,1,29.12,24.48
1535,O0001286,P0334,1,10.95,5.9
1536,O0001286,P0135,1,156.29,85.61
1537,O0001287,P0046,1,85.77,52.86
1538,O0001288,P0156,1,13.93,6.43
1539,O0001289,P0320,1,77.73,46.09
1540,O0001290,P0121,1,12.1,8.38
1541,O0001291,P0123,1,25.7,21.35
1542,O0001292,P0143,2,4.5,3.85
1543,O0001293,P0272,1,25.23,20.08
1544,O0001294,P0317,1,54.87,27.87
1545,O0001295,P0201,1,29.84,13.17
1546,O0001296,P0286,1,7.86,4.35
1547,O0001297,P0281,1,38.91,24.38
1548,O0001298,P0312,1,25.49,17.38
1549,O0001298,P0060,1,30.23,19.53
1550,O0001298,P0010,1,5.31,2.82
1551,O0001299,P0214,1,12.66,8.24
1552,O0001300,P0382,1,9.11,8.97
1553,O0001301,P0352,1,11.73,8.15
1554,O0001302,P0169,1,87.25,53.41
1555,O0001302,P0025,1,44.29,20.27
1556,O0001303,P0390,1,59.0,49.97
1557,O0001304,P0379,1,107.68,45.3
1558,O0001305,P0369,1,21.62,16.65
1559,O0001306,P0313,1,40.89,19.41
1560,O0001307,P0075,1,54.16,53.13
1561,O0001308,P0156,1,13.93,6.19
1562,O0001309,P0214,1,11.26,8.61
1563,O0001310,P0313,1,40.89,19.86
1564,O0001311,P0137,1,16.82,7.71
1565,O0001312,P0050,1,32.64,25.09
1566,O0001313,P0274,1,29.11,24.02
1567,O0001314,P0103,1,20.16,10.64
1568,O0001315,P0330,1,17.52,11.16
1569,O0001316,P0301,1,25.5,15.36
1570,O0001317,P0390,1,81.71,49.27
1571,O0001318,P0074,1,31.65,32.26
1572,O0001319,P0113,1,20.52,8.66
1573,O0001320,P0118,1,7.3,4.1
1574,O0001321,P0299,1,14.58,7.26
1575,O0001322,P0336,1,93.8,78.65
1576,O0001323,P0352,1,11.73,8.24
1577,O0001324,P0296,1,113.02,97.54
1578,O0001325,P0009,1,29.77,18.31
1579,O0001326,P0268,1,13.01,5.95
1580,O0001326,P0358,1,9.97,6.7
1581,O0001326,P0047,1,26.3,14.36
1582,O0001327,P0386,1,21.86,10.69
1583,O0001328,P0098,1,35.84,18.3
1584,O0001329,P0184,1,20.87,12.31
1585,O0001330,P0184,2,20.87,12.16
1586,O0001331,P0269,1,22.52,11.04
1587,O0001332,P0247,1,84.85,53.53
1588,O0001333,P0358,1,9.97,7.03
1589,O0001334,P0063,1,21.56,13.94
1590,O0001335,P0172,1,35.35,31.81
1591,O0001336,P0069,1,25.74,10.87
1592,O0001337,P0172,1,39.28,31.21
1593,O0001337,P0363,1,83.07,71.27
1594,O0001338,P0312,1,25.49,18.05
1595,O0001339,P0089,1,27.18,16.7
1596,O0001340,P0200,1,15.63,6.9
1597,O0001341,P0166,2,31.96,25.51
1598,O0001341,P0204,1,29.54,24.6
1599,O0001342,P0353,1,34.15,17.47
1600,O0001343,P0099,1,11.25,6.22
1601,O0001344,P0229,1,11.96,9.89
1602,O0001345,P0229,1,10.82,10.08
1603,O0001346,P0045,1,23.84,15.57
1604,O0001347,P0060,1,30.23,18.86
1605,O0001348,P0349,1,19.77,15.63
1606,O0001349,P0124,1,9.83,7.32
1607,O0001350,P0311,1,6.67,3.09
1608,O0001350,P0269,1,22.52,11.43
1609,O0001351,P0228,1,110.05,85.22
1610,O0001352,P0326,1,16.94,17.7
1611,O0001353,P0349,1,19.77,14.91
1612,O0001354,P0102,1,34.13,22.02
1613,O0001355,P0191,1,12.75,7.04
1614,O0001355,P0239,1,24.64,18.76
1615,O0001355,P0288,1,10.33,8.65
1616,O0001356,P0020,1,10.53,8.48
1617,O0001357,P0020,1,10.53,8.5
1618,O0001357,P0236,1,72.46,56.05
1619,O0001358,P0024,1,25.85,21.98
1620,O0001359,P0289,1,94.61,72.65
1621,O0001360,P0146,1,22.38,19.55
1622,O0001361,P0253,1,57.21,33.21
1623,O0001362,P0064,1,33.89,24.39
1624,O0001363,P0140,1,42.25,19.17
1625,O0001364,P0379,1,107.68,43.07
1626,O0001365,P0222,1,13.28,10.57
1627,O0001366,P0088,1,28.44,23.7
1628,O0001367,P0070,1,148.81,92.75
1629,O0001368,P0196,1,11.97,7.64
1630,O0001368,P0010,1,5.31,2.9
1631,O0001369,P0106,1,32.23,22.26
1632,O0001370,P0006,1,45.33,38.4
1633,O0001370,P0066,1,23.11,11.71
1634,O0001370,P0251,1,41.11,29.5
1635,O0001371,P0305,2,13.11,7.26
1636,O0001372,P0011,1,10.91,6.09
1637,O0001373,P0088,1,28.44,22.96
1638,O0001374,P0125,1,58.35,33.39
1639,O0001375,P0263,1,32.89,15.83
1640,O0001376,P0050,1,32.64,24.93
1641,O0001377,P0294,1,21.07,12.07
1642,O0001378,P0366,1,22.18,17.28
1643,O0001379,P0312,1,25.49,17.08
1644,O0001380,P0392,1,5.0,2.42
1645,O0001381,P0210,1,21.59,13.62
1646,O0001382,P0010,1,4.78,2.89
1647,O0001383,P0262,1,22.84,11.85
1648,O0001384,P0060,1,30.23,19.09
1649,O0001385,P0309,1,14.44,8.01
1650,O0001386,P0329,1,33.63,23.69
1651,O0001387,P0365,1,11.12,9.41
1652,O0001388,P0389,1,20.01,13.32
1653,O0001389,P0165,1,11.19,4.84
1654,O0001389,P0266,1,52.67,24.86
1655,O0001390,P0155,1,67.59,27.63
1656,O0001391,P0092,1,31.11,23.29
1657,O0001392,P0160,1,9.73,6.4
1658,O0001393,P0084,2,18.96,15.8
1659,O0001394,P0105,1,23.07,18.87
1660,O0001395,P0281,1,38.91,25.42
1661,O0001396,P0314,1,6.49,4.04
1662,O0001397,P0309,1,14.44,8.14
1663,O0001397,P0273,1,14.02,11.26
1664,O0001398,P0142,1,14.57,10.48
1665,O0001399,P0173,1,30.72,13.62
1666,O0001400,P0288,1,10.33,8.46
1667,O0001401,P0249,1,127.56,105.64
1668,O0001401,P0105,1,23.07,18.68
1669,O0001401,P0356,1,81.19,68.68
1670,O0001402,P0044,1,14.64,9.56
1671,O0001403,P0019,1,24.27,10.43
1672,O0001404,P0174,1,13.42,8.33
1673,O0001405,P0043,1,32.76,24.99
1674,O0001406,P0329,1,33.63,24.5
1675,O0001407,P0214,1,12.66,8.49
1676,O0001408,P0070,1,176.02,93.02
1677,O0001409,P0225,1,5.0,3.42
1678,O0001410,P0140,1,42.25,19.39
1679,O0001410,P0341,1,40.7,33.71
1680,O0001411,P0245,1,7.19,3.26
1681,O0001411,P0026,1,28.14,13.9
1682,O0001412,P0090,1,45.85,26.34
1683,O0001413,P0197,1,53.52,30.34
1684,O0001414,P0037,1,12.54,9.71
1685,O0001415,P0263,1,32.89,16.36
1686,O0001416,P0098,1,35.84,17.64
1687,O0001416,P0024,1,28.72,21.81
1688,O0001417,P0236,1,54.41,57.87
1689,O0001418,P0221,1,137.35,93.39
1690,O0001419,P0301,1,25.5,15.55
1691,O0001420,P0106,1,32.23,22.8
1692,O0001421,P0074,1,44.77,32.42
1693,O0001421,P0294,1,21.07,12.09
1694,O0001421,P0202,1,16.35,13.08
1695,O0001422,P0006,1,33.6,39.53
1696,O0001423,P0236,1,72.46,58.08
1697,O0001423,P0090,1,45.85,26.1
1698,O0001424,P0248,1,22.58,21.17
1699,O0001425,P0321,1,30.5,29.54
1700,O0001426,P0084,1,18.96,15.36
1701,O0001427,P0357,1,30.69,19.6
1702,O0001428,P0335,1,24.9,13.14
1703,O0001429,P0101,1,53.02,38.64
1704,O0001430,P0178,1,31.37,24.73
1705,O0001431,P0140,1,42.25,19.03
1706,O0001432,P0030,1,57.15,36.76
1707,O0001433,P0044,1,14.64,9.46
1708,O0001434,P0260,1,23.47,19.57
1709,O0001435,P0143,1,4.5,3.9
1710,O0001436,P0330,1,17.52,11.34
1711,O0001437,P0110,1,12.36,5.15
1712,O0001438,P0359,2,26.78,19.87
1713,O0001439,P0138,1,58.62,36.96
1714,O0001439,P0074,1,44.77,33.3
1715,O0001440,P0197,1,53.52,29.48
1716,O0001441,P0239,1,24.64,18.11
1717,O0001441,P0212,1,19.47,9.13
1718,O0001442,P0343,1,14.29,9.05
1719,O0001443,P0153,1,133.98,81.41
1720,O0001444,P0044,1,14.64,9.67
1721,O0001444,P0142,2,14.57,9.82
1722,O0001445,P0290,1,44.7,30.82
1723,O0001446,P0300,1,16.61,8.83
1724,O0001447,P0038,1,19.16,13.54
1725,O0001447,P0166,1,35.51,25.11
1726,O0001447,P0360,1,39.46,35.76
1727,O0001448,P0287,1,14.63,6.96
1728,O0001448,P0096,1,13.85,6.57
1729,O0001449,P0246,1,68.18,49.17
1730,O0001450,P0015,1,15.87,10.76
1731,O0001451,P0072,1,31.23,19.84
1732,O0001452,P0316,2,25.48,11.58
1733,O0001452,P0250,1,99.91,59.54
1734,O0001453,P0344,3,12.43,9.57
1735,O0001454,P0144,2,28.48,15.38
1736,O0001455,P0055,1,26.51,20.39
1737,O0001456,P0105,1,23.07,19.05
1738,O0001457,P0296,1,104.06,95.97
1739,O0001458,P0050,1,32.64,25.11
1740,O0001459,P0140,1,42.25,18.76
1741,O0001460,P0186,1,47.03,39.43
1742,O0001461,P0161,1,90.55,61.34
1743,O0001462,P0001,1,36.5,26.53
1744,O0001462,P0138,1,58.62,38.67
1745,O0001463,P0203,1,13.09,7.32
1746,O0001464,P0326,1,21.66,17.67
1747,O0001465,P0041,1,46.99,37.66
1748,O0001466,P0014,1,20.48,12.77
1749,O0001467,P0364,1,14.67,13.47
1750,O0001468,P0387,1,23.9,15.74
1751,O0001469,P0257,1,90.28,72.84
1752,O0001470,P0271,1,118.13,50.18
1753,O0001471,P0256,1,43.56,32.71
1754,O0001471,P0141,1,25.44,17.17
1755,O0001471,P0205,1,7.7,6.02
1756,O0001472,P0080,1,25.92,12.46
1757,O0001473,P0026,1,28.14,13.78
1758,O0001474,P0078,1,15.6,10.25
1759,O0001474,P0133,1,13.22,8.74
1760,O0001475,P0253,1,57.21,33.31
1761,O0001476,P0015,1,15.87,10.52
1762,O0001477,P0384,1,25.72,19.23
1763,O0001478,P0037,1,12.54,10.38
1764,O0001479,P0049,1,20.58,12.4
1765,O0001480,P0315,1,14.56,8.37
1766,O0001481,P0170,1,9.11,5.8
1767,O0001482,P0185,1,47.48,20.93
1768,O0001483,P0047,1,26.3,14.88
1769,O0001484,P0040,1,19.04,12.02
1770,O0001485,P0389,1,20.01,12.72
1771,O0001485,P0279,1,7.3,4.46
1772,O0001485,P0113,1,20.52,8.43
1773,O0001486,P0067,1,5.29,2.9
1774,O0001486,P0278,1,15.48,9.57
1775,O0001486,P0337,1,47.63,39.3
1776,O0001487,P0154,1,56.03,28.16
1777,O0001487,P0035,1,55.97,43.86
1778,O0001488,P0021,1,47.37,25.15
1779,O0001489,P0257,1,90.28,74.69
1780,O0001490,P0381,1,19.78,8.65
1781,O0001491,P0384,1,25.72,19.75
1782,O0001492,P0005,1,78.1,36.97
1783,O0001493,P0270,1,10.72,6.34
1784,O0001494,P0010,3,5.31,2.84
1785,O0001495,P0310,1,35.22,23.17
1786,O0001496,P0022,1,9.24,6.01
1787,O0001497,P0138,1,48.4,37.27
1788,O0001497,P0369,1,19.23,16.91
1789,O0001498,P0095,1,31.01,12.28
1790,O0001499,P0125,1,58.35,32.91
1791,O0001500,P0006,2,45.33,39.11
1792,O0001501,P0344,1,12.43,9.21
1793,O0001502,P0189,1,31.8,27.3
1794,O0001503,P0387,1,23.9,15.65
1795,O0001504,P0210,1,21.59,13.27
1796,O0001504,P0320,1,77.73,45.29
1797,O0001504,P0008,3,37.87,18.17
1798,O0001505,P0108,1,78.48,48.35
1799,O0001506,P0233,1,63.03,54.28
1800,O0001507,P0343,1,16.99,8.54
1801,O0001507,P0040,1,21.15,12.03
1802,O0001507,P0306,1,41.16,31.89
1803,O0001508,P0223,1,141.44,73.35
1804,O0001509,P0157,1,34.99,21.71
1805,O0001510,P0102,1,34.13,23.21
1806,O0001511,P0343,1,16.99,8.59
1807,O0001512,P0353,1,34.15,17.99
1808,O0001513,P0379,1,107.68,42.9
1809,O0001514,P0373,1,8.74,6.6
1810,O0001515,P0376,1,7.37,3.7
1811,O0001516,P0367,1,25.65,17.63
1812,O0001517,P0070,1,176.02,94.04
1813,O0001518,P0072,1,31.23,20.29
1814,O0001519,P0131,1,52.63,41.47
1815,O0001520,P0080,1,25.92,12.6
1816,O0001520,P0111,1,10.42,8.58
1817,O0001521,P0280,1,73.22,55.47
1818,O0001522,P0218,1,24.78,16.88
1819,O0001523,P0107,1,24.79,16.15
1820,O0001523,P0004,1,20.34,16.54
1821,O0001524,P0304,1,11.87,9.35
1822,O0001525,P0296,1,90.06,98.98
1823,O0001526,P0194,1,46.22,34.51
1824,O0001527,P0144,1,25.63,14.89
1825,O0001528,P0229,1,10.3,9.79
1826,O0001529,P0166,1,35.51,25.57
1827,O0001530,P0067,1,5.29,2.75
1828,O0001531,P0187,1,69.71,38.92
1829,O0001532,P0330,1,17.52,11.63
1830,O0001533,P0115,1,35.82,30.85
1831,O0001534,P0397,1,43.7,18.59
1832,O0001534,P0105,1,23.07,18.76
1833,O0001535,P0160,1,9.73,6.35
1834,O0001536,P0020,1,10.53,8.42
1835,O0001537,P0102,1,34.13,22.3
1836,O0001538,P0287,1,13.17,6.59
1837,O0001539,P0232,1,106.18,85.17
1838,O0001540,P0313,1,40.89,20.13
1839,O0001541,P0014,1,20.48,13.43
1840,O0001542,P0363,1,87.76,75.38
1841,O0001543,P0012,1,31.54,17.5
1842,O0001544,P0312,1,25.49,16.87
1843,O0001544,P0187,1,64.1,38.94
1844,O0001544,P0065,1,30.15,26.1
1845,O0001545,P0366,1,22.18,17.84
1846,O0001546,P0222,1,13.28,11.13
1847,O0001547,P0187,1,69.71,38.84
1848,O0001548,P0258,1,8.13,6.66
1849,O0001549,P0273,1,14.02,11.31
1850,O0001550,P0153,1,133.98,78.68
1851,O0001551,P0373,1,8.74,6.34
1852,O0001552,P0334,1,10.95,5.9
1853,O0001553,P0308,1,44.75,23.14
1854,O0001554,P0063,1,21.56,13.9
1855,O0001555,P0271,1,118.13,49.85
1856,O0001556,P0298,1,38.49,18.78
1857,O0001556,P0150,1,13.47,10.55
1858,O0001556,P0101,1,41.94,37.96
1859,O0001557,P0191,1,12.75,7.12
1860,O0001558,P0277,1,14.28,9.5
1861,O0001559,P0271,1,118.13,50.52
1862,O0001560,P0230,1,36.36,28.92
1863,O0001561,P0116,1,23.14,18.18
1864,O0001562,P0225,1,5.0,3.45
1865,O0001563,P0075,1,67.82,51.45
1866,O0001564,P0166,1,35.51,24.69
1867,O0001565,P0113,1,20.52,8.37
1868,O0001566,P0017,1,15.17,10.56
1869,O0001567,P0269,1,22.52,10.94
1870,O0001568,P0289,1,94.61,70.52
1871,O0001569,P0116,2,23.14,18.13
1872,O0001570,P0070,1,176.02,93.99
1873,O0001571,P0353,1,34.15,17.7
1874,O0001571,P0262,2,22.84,11.59
1875,O0001572,P0328,1,17.65,8.3
1876,O0001572,P0132,1,41.31,22.92
1877,O0001573,P0206,1,7.96,6.54
1878,O0001574,P0249,1,112.19,104.94
1879,O0001575,P0256,1,43.56,34.13
1880,O0001576,P0072,1,31.23,19.66
1881,O0001576,P0093,1,14.24,6.67
1882,O0001576,P0080,1,25.92,12.75
1883,O0001577,P0045,1,23.84,15.77
1884,O0001578,P0077,1,11.11,4.57
1885,O0001579,P0291,2,26.1,17.3
1886,O0001580,P0103,1,20.16,10.51
1887,O0001581,P0115,1,35.82,30.05
1888,O0001582,P0351,1,44.95,33.26
1889,O0001583,P0375,1,19.93,9.26
1890,O0001584,P0137,1,16.82,7.87
1891,O0001584,P0267,1,16.05,7.98
1892,O0001584,P0388,1,15.88,7.14
1893,O0001585,P0058,1,16.99,11.53
1894,O0001586,P0201,1,29.84,12.71
1895,O0001587,P0053,1,51.03,39.09
1896,O0001588,P0197,1,53.52,30.95
1897,O0001589,P0081,1,11.76,9.63
1898,O0001590,P0002,1,21.96,14.78
1899,O0001590,P0090,1,45.85,25.35
1900,O0001591,P0025,1,44.29,19.52
1901,O0001592,P0276,1,17.89,15.6
1902,O0001593,P0166,1,35.51,23.99
1903,O0001594,P0332,1,17.01,14.92
1904,O0001595,P0237,1,22.38,12.98
1905,O0001596,P0163,1,77.71,50.08
1906,O0001597,P0191,1,12.75,6.85
1907,O0001598,P0304,1,11.87,9.2
1908,O0001599,P0056,1,53.25,42.44
1909,O0001600,P0399,1,16.13,11.29
1910,O0001601,P0293,1,10.7,5.7
1911,O0001602,P0364,1,16.3,13.47
1912,O0001602,P0024,1,28.72,21.14
1913,O0001602,P0152,1,51.13,37.29
1914,O0001603,P0308,1,44.75,23.13
1915,O0001604,P0343,1,16.99,8.92
1916,O0001605,P0396,1,67.85,35.24
1917,O0001606,P0270,1,10.72,6.26
1918,O0001607,P0305,1,15.47,7.38
1919,O0001608,P0125,1,58.35,32.46
1920,O0001609,P0261,1,5.0,3.4
1921,O0001610,P0074,1,44.77,33.23
1922,O0001611,P0114,1,43.43,35.68
1923,O0001612,P0074,1,44.77,33.46
1924,O0001613,P0379,1,107.68,44.36
1925,O0001614,P0102,1,34.13,22.69
1926,O0001615,P0271,1,118.13,49.15
1927,O0001616,P0176,1,48.41,34.42
1928,O0001617,P0123,1,25.7,21.21
1929,O0001618,P0293,1,10.7,5.89
1930,O0001619,P0302,1,12.62,10.46
1931,O0001620,P0025,1,44.29,19.76
1932,O0001621,P0084,1,18.96,15.48
1933,O0001622,P0129,1,37.04,28.94
1934,O0001622,P0269,1,22.52,11.51
1935,O0001623,P0121,1,10.89,8.06
1936,O0001623,P0131,1,52.63,41.81
1937,O0001624,P0142,1,14.57,9.95
1938,O0001625,P0362,1,35.77,23.73
1939,O0001626,P0196,1,8.99,8.04
1940,O0001627,P0129,1,37.04,29.26
1941,O0001628,P0009,1,29.77,17.62
1942,O0001628,P0159,1,5.0,2.5
1943,O0001629,P0315,1,14.56,7.95
1944,O0001630,P0256,2,43.56,33.29
1945,O0001631,P0121,1,12.1,8.16
1946,O0001632,P0263,1,32.89,16.31
1947,O0001633,P0335,1,24.9,12.99
1948,O0001634,P0363,1,87.76,74.98
1949,O0001634,P0012,1,31.54,18.49
1950,O0001635,P0121,1,12.1,8.39
1951,O0001636,P0035,1,55.97,42.58
1952,O0001636,P0230,1,36.36,27.99
1953,O0001637,P0228,1,110.05,84.31
1954,O0001637,P0010,1,5.31,2.88
1955,O0001637,P0300,1,16.61,9.11
1956,O0001638,P0120,1,9.06,6.54
1957,O0001638,P0044,1,13.18,9.77
1958,O0001639,P0074,2,44.77,32.88
1959,O0001640,P0236,1,72.46,55.73
1960,O0001641,P0034,2,40.02,30.29
1961,O0001642,P0272,1,25.23,20.12
1962,O0001643,P0344,1,12.43,9.47
1963,O0001644,P0042,1,65.34,45.02
1964,O0001645,P0381,1,19.78,9.09
1965,O0001646,P0052,1,16.42,12.55
1966,O0001646,P0275,1,22.42,17.94
1967,O0001647,P0213,1,31.76,23.27
1968,O0001648,P0219,1,25.02,16.87
1969,O0001649,P0043,1,32.76,24.17
1970,O0001650,P0272,1,25.23,19.26
1971,O0001651,P0114,1,43.43,36.85
1972,O0001652,P0292,1,12.32,9.11
1973,O0001653,P0353,1,34.15,18.09
1974,O0001654,P0035,1,55.97,41.61
1975,O0001655,P0174,1,14.91,8.12
1976,O0001656,P0067,1,5.29,2.74
1977,O0001656,P0093,1,14.24,6.64
1978,O0001657,P0187,1,62.74,38.94
1979,O0001658,P0357,1,30.69,20.17
1980,O0001659,P0325,1,26.29,17.6
1981,O0001660,P0345,1,25.98,19.55
1982,O0001661,P0199,1,34.14,23.39
1983,O0001662,P0306,1,44.89,32.32
1984,O0001663,P0063,1,21.56,14.05
1985,O0001663,P0266,1,52.67,25.38
1986,O0001664,P0292,1,12.32,9.38
1987,O0001665,P0213,1,25.38,23.98
1988,O0001665,P0340,1,61.25,47.13
1989,O0001666,P0240,1,25.47,21.17
1990,O0001667,P0057,1,13.99,6.89
1991,O0001667,P0233,1,63.03,54.28
1992,O0001667,P0384,1,25.72,19.08
1993,O0001668,P0152,1,51.13,38.71
1994,O0001669,P0294,1,21.07,11.64
1995,O0001669,P0209,1,48.72,21.88
1996,O0001670,P0003,2,18.31,8.93
1997,O0001671,P0324,1,15.13,7.65
1998,O0001672,P0303,1,20.26,17.42
1999,O0001673,P0389,1,18.01,13.17
2000,O0001674,P0142,1,14.57,10.26
2001,O0001675,P0377,1,5.0,4.12
2002,O0001676,P0110,1,12.36,5.06
2003,O0001677,P0373,1,8.74,6.58
2004,O0001678,P0289,1,94.61,71.06
2005,O0001678,P0160,1,9.73,6.42
2006,O0001679,P0191,1,12.75,7.01
2007,O0001680,P0380,1,60.42,43.14
2008,O0001681,P0111,1,7.35,8.76
2009,O0001682,P0082,1,84.77,40.74
2010,O0001683,P0249,1,127.56,102.13
2011,O0001684,P0270,1,10.72,6.03
2012,O0001685,P0256,2,43.56,33.12
2013,O0001686,P0171,1,21.73,18.99
2014,O0001686,P0181,1,24.13,14.37
2015,O0001686,P0196,1,11.97,7.87
2016,O0001687,P0222,1,13.28,10.58
2017,O0001688,P0059,1,31.09,12.66
2018,O0001689,P0192,1,130.83,70.34
2019,O0001690,P0176,1,35.97,34.62
2020,O0001691,P0064,1,33.89,24.4
2021,O0001692,P0238,1,66.04,35.14
2022,O0001693,P0110,1,11.69,5.04
2023,O0001694,P0010,1,5.31,2.83
2024,O0001694,P0211,1,24.17,10.39
2025,O0001694,P0063,1,21.56,13.57
2026,O0001695,P0375,1,19.93,9.66
2027,O0001695,P0005,1,86.78,35.25
2028,O0001696,P0317,2,54.87,28.35
2029,O0001697,P0136,2,5.51,3.67
2030,O0001698,P0399,1,16.13,11.52
2031,O0001699,P0006,1,45.33,39.3
2032,O0001699,P0203,1,16.83,7.49
2033,O0001700,P0254,1,6.01,3.7
2034,O0001701,P0072,1,31.23,19.61
2035,O0001701,P0052,1,16.42,12.86
2036,O0001701,P0225,1,3.54,3.38
2037,O0001702,P0006,1,45.33,37.94
2038,O0001703,P0009,2,29.77,17.57
2039,O0001704,P0012,1,31.54,18.66
2040,O0001705,P0205,1,7.7,5.94
2041,O0001706,P0335,1,24.9,12.76
2042,O0001707,P0260,1,23.47,19.92
2043,O0001708,P0002,1,15.49,14.78
2044,O0001709,P0265,1,21.0,16.22
2045,O0001710,P0081,1,11.76,9.85
2046,O0001711,P0147,1,36.74,21.45
2047,O0001712,P0072,1,31.23,20.31
2048,O0001713,P0280,1,73.22,55.69
2049,O0001714,P0015,1,15.87,10.52
2050,O0001715,P0332,1,18.9,14.95
2051,O0001715,P0395,1,51.86,22.19
2052,O0001716,P0357,1,30.69,19.03
2053,O0001717,P0064,1,33.89,24.91
2054,O0001718,P0011,1,10.91,6.03
2055,O0001718,P0086,1,9.16,5.86
2056,O0001719,P0260,1,21.12,20.4
2057,O0001720,P0048,1,17.38,12.5
2058,O0001721,P0374,1,8.71,5.37
2059,O0001722,P0002,1,21.96,14.82
2060,O0001723,P0170,1,7.91,6.1
2061,O0001724,P0054,1,31.91,15.23
2062,O0001725,P0385,1,28.75,14.6
2063,O0001726,P0338,1,5.0,3.53
2064,O0001727,P0072,2,31.23,19.42
2065,O0001727,P0213,1,31.76,23.47
2066,O0001728,P0013,1,79.24,39.9
2067,O0001729,P0283,1,22.15,14.32
2068,O0001730,P0209,1,48.72,21.9
2069,O0001731,P0216,1,33.83,27.56
2070,O0001732,P0170,1,9.11,5.78
2071,O0001733,P0329,2,33.63,23.34
2072,O0001734,P0054,1,31.91,15.89
2073,O0001735,P0016,1,26.81,12.57
2074,O0001736,P0320,1,77.73,44.96
2075,O0001737,P0148,1,49.04,24.61
2076,O0001738,P0265,1,23.33,16.97
2077,O0001739,P0113,1,20.52,8.59
2078,O0001740,P0002,1,21.96,14.91
2079,O0001741,P0212,1,19.47,9.08
2080,O0001742,P0019,2,24.27,10.03
2081,O0001743,P0231,1,8.53,7.07
2082,O0001743,P0091,1,37.25,29.96
2083,O0001744,P0264,1,11.57,6.74
2084,O0001745,P0307,1,26.56,18.09
2085,O0001746,P0080,1,25.92,12.27
2086,O0001747,P0289,1,94.61,74.87
2087,O0001748,P0353,1,34.15,17.35
2088,O0001748,P0106,1,32.23,22.73
2089,O0001748,P0015,1,15.87,10.59
2090,O0001749,P0244,1,37.02,26.95
2091,O0001750,P0399,1,16.13,11.0
2092,O0001750,P0342,1,135.8,116.83
2093,O0001751,P0340,1,61.25,48.63
2094,O0001752,P0171,1,21.73,18.49
2095,O0001752,P0018,2,19.43,11.58
2096,O0001753,P0031,1,29.73,13.59
2097,O0001754,P0112,1,36.09,30.94
2098,O0001755,P0028,1,19.28,10.37
2099,O0001755,P0258,1,8.13,6.65
2100,O0001756,P0137,1,16.82,7.57
2101,O0001757,P0387,1,23.9,16.22
2102,O0001757,P0118,1,7.3,3.94
2103,O0001757,P0172,1,39.28,31.92
2104,O0001758,P0186,1,47.03,38.77
2105,O0001759,P0159,1,5.0,2.4
2106,O0001760,P0355,1,5.91,3.52
2107,O0001761,P0077,1,11.11,4.87
2108,O0001762,P0316,1,25.48,11.77
2109,O0001763,P0204,1,29.54,24.75
2110,O0001764,P0048,1,19.31,12.68
2111,O0001765,P0033,1,14.27,6.0
2112,O0001766,P0244,1,33.32,26.31
2113,O0001767,P0325,1,26.29,17.71
2114,O0001768,P0274,1,29.11,24.45
2115,O0001769,P0392,1,5.0,2.4
2116,O0001770,P0285,1,13.4,5.59
2117,O0001771,P0047,1,26.3,14.9
2118,O0001772,P0311,1,6.67,3.09
2119,O0001773,P0357,2,30.69,19.77
2120,O0001774,P0350,1,11.21,5.37
2121,O0001775,P0271,1,118.13,50.24
2122,O0001776,P0208,1,19.26,13.65
2123,O0001776,P0184,1,20.87,12.46
2124,O0001777,P0200,1,15.63,6.9
2125,O0001778,P0218,2,20.8,16.65
2126,O0001779,P0001,1,36.5,27.17
2127,O0001780,P0212,1,19.47,8.83
2128,O0001781,P0305,1,15.47,7.24
2129,O0001782,P0036,1,51.68,23.17
2130,O0001783,P0399,1,16.13,11.01
2131,O0001784,P0333,1,5.0,3.14
2132,O0001784,P0267,1,16.05,7.55
2133,O0001784,P0237,1,22.38,13.21
2134,O0001785,P0331,1,49.25,28.46
2135,O0001785,P0354,1,110.11,63.88
2136,O0001785,P0289,1,94.61,73.15
2137,O0001786,P0339,1,7.52,3.57
2138,O0001787,P0238,1,58.79,35.66
2139,O0001788,P0248,1,26.91,21.5
2140,O0001789,P0089,1,30.2,17.23
2141,O0001789,P0272,1,25.23,19.16
2142,O0001790,P0211,2,24.17,10.57
2143,O0001791,P0217,1,29.35,13.18
2144,O0001792,P0376,1,7.37,3.66
2145,O0001793,P0046,1,85.77,52.1
2146,O0001794,P0238,1,66.04,35.35
2147,O0001795,P0329,1,33.63,23.83
2148,O0001796,P0378,1,23.49,13.69
2149,O0001797,P0090,1,45.85,26.52
2150,O0001798,P0226,1,16.11,6.92
2151,O0001799,P0323,1,33.01,26.62
2152,O0001799,P0190,1,22.11,14.57
2153,O0001800,P0229,1,11.96,10.07
2154,O0001800,P0369,1,21.62,16.85
2155,O0001801,P0239,2,22.18,19.22
2156,O0001802,P0353,1,34.15,17.45
2157,O0001803,P0133,1,11.9,8.96
2158,O0001803,P0090,1,45.85,26.32
2159,O0001804,P0029,1,16.97,8.96
2160,O0001804,P0294,1,21.07,12.02
2161,O0001804,P0241,1,17.11,10.6
2162,O0001805,P0103,1,20.16,10.28
2163,O0001806,P0294,1,16.06,12.45
2164,O0001807,P0092,1,31.11,24.45
2165,O0001808,P0266,1,47.4,26.02
2166,O0001809,P0025,1,44.29,20.18
2167,O0001810,P0044,1,14.64,9.57
2168,O0001811,P0048,1,16.27,12.07
2169,O0001812,P0057,1,13.99,7.23
2170,O0001813,P0104,1,13.42,6.81
2171,O0001813,P0078,1,14.04,10.88
2172,O0001813,P0339,1,7.52,3.49
2173,O0001814,P0398,1,9.94,4.64
2174,O0001815,P0021,1,47.37,26.07
2175,O0001816,P0160,1,10.81,6.68
2176,O0001817,P0297,1,7.21,3.57
2177,O0001818,P0259,1,6.28,3.96
2178,O0001819,P0343,1,16.99,8.76
2179,O0001820,P0323,1,33.01,27.13
2180,O0001821,P0338,1,5.0,3.39
2181,O0001822,P0025,1,32.79,19.25
2182,O0001823,P0143,1,5.0,3.87
2183,O0001824,P0269,1,22.52,11.34
2184,O0001825,P0239,1,24.64,18.19
2185,O0001825,P0383,2,192.23,83.07
2186,O0001826,P0263,1,32.89,16.09
2187,O0001827,P0229,1,11.96,10.11
2188,O0001828,P0067,1,4.76,2.83
2189,O0001829,P0132,1,41.31,22.62
2190,O0001830,P0217,1,29.35,12.91
2191,O0001831,P0287,1,14.63,6.9
2192,O0001832,P0175,1,15.31,7.0
2193,O0001833,P0333,1,5.0,3.03
2194,O0001833,P0157,1,34.99,21.77
2195,O0001834,P0202,1,16.35,12.85
2196,O0001835,P0213,1,31.76,23.83
2197,O0001836,P0307,1,26.56,17.45
2198,O0001837,P0171,1,21.73,17.82
2199,O0001837,P0237,1,20.14,13.39
2200,O0001837,P0142,1,14.57,10.47
2201,O0001838,P0069,1,25.74,10.85
2202,O0001838,P0002,1,21.96,14.86
2203,O0001839,P0039,1,16.72,9.46
2204,O0001840,P0041,1,46.99,38.05
2205,O0001841,P0333,1,5.0,3.0
2206,O0001842,P0280,2,73.22,54.33
2207,O0001843,P0312,1,25.49,17.4
2208,O0001843,P0047,1,26.3,14.49
2209,O0001844,P0020,1,10.53,8.52
2210,O0001845,P0012,1,31.54,18.67
2211,O0001846,P0138,1,58.62,38.17
2212,O0001847,P0206,1,5.61,6.81
2213,O0001848,P0227,1,32.25,17.78
2214,O0001848,P0311,1,6.0,3.03
2215,O0001849,P0219,1,25.02,17.92
2216,O0001850,P0316,1,25.48,11.54
2217,O0001851,P0262,1,22.84,11.9
2218,O0001852,P0351,1,44.95,33.73
2219,O0001853,P0400,1,36.29,18.76
2220,O0001854,P0398,1,9.94,4.57
2221,O0001855,P0153,1,133.98,79.29
2222,O0001856,P0229,1,11.96,10.06
2223,O0001857,P0107,1,24.79,16.54
2224,O0001858,P0238,1,66.04,36.19
2225,O0001859,P0212,1,19.47,8.85
2226,O0001860,P0349,1,18.53,15.12
2227,O0001860,P0288,1,10.33,8.34
2228,O0001861,P0317,1,54.87,28.4
2229,O0001862,P0155,1,60.83,27.54
2230,O0001863,P0154,1,56.03,29.6
2231,O0001864,P0366,1,22.18,18.03
2232,O0001865,P0087,1,6.78,3.13
2233,O0001865,P0180,1,15.67,11.8
2234,O0001866,P0199,1,30.73,24.07
2235,O0001867,P0214,1,12.66,8.53
2236,O0001868,P0012,1,31.54,18.34
2237,O0001869,P0290,1,49.67,31.83
2238,O0001870,P0366,1,22.18,17.75
2239,O0001871,P0243,1,19.09,13.56
2240,O0001872,P0047,1,26.3,14.18
2241,O0001873,P0356,1,81.19,68.49
2242,O0001873,P0341,1,40.7,33.86
2243,O0001874,P0285,1,13.4,5.68
2244,O0001875,P0179,1,12.64,9.22
2245,O0001876,P0201,1,29.84,13.54
2246,O0001877,P0230,1,36.36,28.09
2247,O0001878,P0169,1,87.25,54.15
2248,O0001879,P0393,1,7.96,5.47
2249,O0001879,P0329,1,30.27,23.42
2250,O0001880,P0308,1,44.75,24.27
2251,O0001881,P0273,2,14.02,11.42
2252,O0001882,P0117,1,12.46,10.07
2253,O0001882,P0167,1,25.94,22.3
2254,O0001882,P0337,1,47.63,40.37
2255,O0001883,P0086,1,9.16,5.94
2256,O0001884,P0080,1,25.92,12.59
2257,O0001884,P0391,1,66.48,31.05
2258,O0001885,P0383,1,192.23,85.1
2259,O0001886,P0178,1,31.37,24.19
2260,O0001887,P0076,1,7.99,5.24
2261,O0001887,P0325,1,26.29,17.95
2262,O0001887,P0375,1,19.93,9.28
2263,O0001888,P0170,1,9.11,5.95
2264,O0001888,P0250,1,99.91,59.12
2265,O0001889,P0225,1,5.0,3.46
2266,O0001889,P0268,1,13.01,5.67
2267,O0001890,P0115,3,26.53,29.4
2268,O0001891,P0374,1,8.71,5.41
2269,O0001892,P0212,1,19.47,8.94
2270,O0001893,P0169,1,87.25,52.23
2271,O0001893,P0147,1,36.74,21.8
2272,O0001894,P0149,1,16.78,11.25
2273,O0001894,P0308,1,44.75,23.85
2274,O0001895,P0205,1,7.7,6.0
2275,O0001896,P0345,1,25.98,18.93
2276,O0001897,P0261,1,5.0,3.55
2277,O0001898,P0040,1,21.15,11.5
2278,O0001898,P0291,1,26.1,17.94
2279,O0001899,P0112,1,36.09,31.31
2280,O0001900,P0127,1,37.04,29.56
2281,O0001901,P0087,1,6.78,2.97
2282,O0001902,P0210,1,21.59,13.65
2283,O0001903,P0233,1,63.03,54.77
2284,O0001903,P0220,1,36.54,25.8
2285,O0001904,P0375,1,19.93,9.46
2286,O0001905,P0183,1,38.0,29.53
2287,O0001906,P0054,1,31.91,15.35
2288,O0001907,P0104,1,13.42,6.72
2289,O0001908,P0209,1,39.55,22.79
2290,O0001909,P0226,1,16.11,6.9
2291,O0001909,P0373,1,8.74,6.71
2292,O0001910,P0155,1,67.59,28.62
2293,O0001911,P0241,1,17.11,10.63
2294,O0001912,P0145,1,13.01,5.29
2295,O0001913,P0169,1,87.25,53.66
2296,O0001914,P0136,1,5.51,3.78
2297,O0001915,P0079,2,6.39,4.83
2298,O0001916,P0031,1,31.79,14.0
2299,O0001917,P0109,1,40.47,21.08
2300,O0001918,P0259,1,6.28,4.0
2301,O0001918,P0164,1,7.78,6.21
2302,O0001919,P0122,1,27.74,24.26
2303,O0001919,P0238,1,66.04,36.02
2304,O0001920,P0059,1,31.09,12.86
2305,O0001921,P0363,1,87.76,71.82
2306,O0001921,P0166,1,35.51,25.22
2307,O0001922,P0018,1,19.43,11.48
2308,O0001923,P0354,1,110.11,64.09
2309,O0001924,P0076,1,7.99,5.27
2310,O0001925,P0015,1,15.87,11.0
2311,O0001925,P0258,1,8.13,7.03
2312,O0001926,P0329,1,33.63,24.22
2313,O0001927,P0232,1,106.18,87.94
2314,O0001928,P0199,1,34.14,23.29
2315,O0001929,P0341,1,40.7,33.9
2316,O0001930,P0189,1,31.8,26.72
2317,O0001931,P0099,1,11.25,6.36
2318,O0001932,P0059,1,31.09,12.96
2319,O0001933,P0291,1,19.5,17.26
2320,O0001934,P0338,1,5.0,3.47
2321,O0001935,P0399,2,14.51,11.32
2322,O0001936,P0374,1,8.71,5.47
2323,O0001937,P0269,1,22.52,11.62
2324,O0001938,P0218,1,24.78,16.68
2325,O0001939,P0341,1,40.7,32.47
2326,O0001940,P0273,1,14.02,10.94
2327,O0001941,P0239,1,24.64,18.39
2328,O0001941,P0111,1,10.42,8.55
2329,O0001941,P0010,1,5.31,2.77
2330,O0001942,P0105,1,23.07,18.8
2331,O0001943,P0256,1,40.36,33.6
2332,O0001944,P0245,1,7.19,3.27
2333,O0001945,P0114,1,43.43,37.21
2334,O0001946,P0114,1,43.43,35.89
2335,O0001947,P0138,1,58.62,36.75
2336,O0001948,P0398,1,9.94,4.38
2337,O0001949,P0121,1,12.1,8.1
2338,O0001950,P0237,1,22.38,13.42
2339,O0001951,P0358,1,9.97,6.6
2340,O0001952,P0094,1,26.59,24.14
2341,O0001953,P0193,1,61.96,46.01
2342,O0001953,P0370,1,14.07,7.09
2343,O0001953,P0116,1,23.14,18.37
2344,O0001954,P0329,1,33.63,23.49
2345,O0001954,P0192,1,130.83,72.4
2346,O0001955,P0082,1,84.77,41.06
2347,O0001956,P0040,1,21.15,11.56
2348,O0001957,P0169,1,87.25,54.78
2349,O0001958,P0063,1,21.56,13.46
2350,O0001959,P0370,1,12.76,6.93
2351,O0001960,P0257,1,81.25,72.75
2352,O0001961,P0209,1,48.72,21.86
2353,O0001962,P0243,1,27.01,14.2
2354,O0001963,P0103,1,20.16,10.68
2355,O0001964,P0273,1,14.02,11.1
2356,O0001965,P0246,1,68.18,48.91
2357,O0001966,P0006,1,45.33,38.2
2358,O0001967,P0323,1,33.01,27.92
2359,O0001968,P0312,2,25.49,17.88
2360,O0001969,P0106,1,32.23,22.59
2361,O0001969,P0326,1,21.66,16.64
2362,O0001969,P0246,1,68.18,49.93
2363,O0001970,P0092,1,31.11,23.42
2364,O0001971,P0277,3,16.05,8.94
2365,O0001972,P0269,1,22.52,11.19
2366,O0001973,P0188,1,24.95,20.37
2367,O0001974,P0131,1,52.63,43.11
2368,O0001975,P0285,1,13.4,5.47
2369,O0001976,P0146,1,22.38,19.22
2370,O0001977,P0044,1,14.64,9.62
2371,O0001978,P0392,1,4.13,2.47
2372,O0001979,P0359,1,26.78,19.66
2373,O0001980,P0366,1,22.18,17.84
2374,O0001980,P0012,1,31.54,18.47
2375,O0001981,P0016,1,26.81,13.3
2376,O0001982,P0379,1,107.68,43.38
2377,O0001982,P0075,1,75.36,54.08
2378,O0001982,P0051,1,12.85,10.46
2379,O0001983,P0275,1,20.18,16.84
2380,O0001984,P0398,1,9.94,4.42
2381,O0001985,P0179,1,12.64,9.67
2382,O0001986,P0372,1,6.53,5.36
2383,O0001987,P0242,1,40.38,18.81
2384,O0001988,P0117,1,12.46,10.09
2385,O0001988,P0026,1,28.14,13.77
2386,O0001989,P0044,1,13.18,9.55
2387,O0001990,P0021,1,47.37,25.58
2388,O0001991,P0247,1,76.36,53.96
2389,O0001992,P0038,1,16.7,13.32
2390,O0001993,P0139,1,13.84,9.66
2391,O0001994,P0090,1,45.85,25.88
2392,O0001995,P0397,1,43.7,18.03
2393,O0001996,P0185,1,47.48,21.4
2394,O0001997,P0163,1,69.94,49.22
2395,O0001998,P0038,1,19.16,12.88
2396,O0001999,P0163,1,77.71,49.25
2397,O0002000,P0018,1,19.43,11.64
2398,O0002001,P0226,1,12.73,6.88
2399,O0002002,P0234,1,16.86,8.24
2400,O0002003,P0057,1,10.51,7.37
2401,O0002004,P0356,1,81.19,67.56
2402,O0002005,P0118,1,7.3,4.03
2403,O0002006,P0256,1,43.56,32.39
2404,O0002007,P0036,1,51.68,22.2
2405,O0002008,P0208,1,20.68,13.98
2406,O0002009,P0340,1,43.13,48.13
2407,O0002010,P0301,1,20.28,15.59
2408,O0002011,P0391,1,66.48,30.97
2409,O0002012,P0059,1,31.09,12.82
2410,O0002013,P0089,1,30.2,17.22
2411,O0002014,P0164,1,7.78,6.33
2412,O0002015,P0236,2,64.06,56.5
2413,O0002016,P0127,1,37.04,29.65
2414,O0002016,P0124,1,9.83,7.17
2415,O0002017,P0082,1,84.77,39.82
2416,O0002018,P0195,1,24.29,10.69
2417,O0002019,P0196,1,11.97,7.69
2418,O0002020,P0264,1,10.41,6.7
2419,O0002021,P0307,1,26.56,17.78
2420,O0002022,P0109,1,40.47,20.92
2421,O0002023,P0253,1,46.3,32.37
2422,O0002024,P0063,1,21.56,14.15
2423,O0002025,P0022,1,9.24,5.87
2424,O0002026,P0112,1,36.09,30.23
2425,O0002027,P0188,1,24.95,20.02
2426,O0002028,P0175,1,15.31,7.19
2427,O0002028,P0229,1,11.96,9.61
2428,O0002029,P0028,1,19.28,9.98
2429,O0002029,P0229,1,11.96,10.03
2430,O0002030,P0320,1,69.96,46.03
2431,O0002031,P0374,1,8.71,5.28
2432,O0002032,P0240,1,25.47,21.2
2433,O0002033,P0068,1,24.02,9.89
2434,O0002034,P0105,1,23.07,19.35
2435,O0002034,P0385,1,28.75,14.35
2436,O0002034,P0179,1,12.64,9.48
2437,O0002035,P0308,1,44.75,24.08
2438,O0002036,P0036,1,51.68,22.89
2439,O0002036,P0284,1,11.42,5.82
2440,O0002036,P0158,1,45.59,20.75
2441,O0002037,P0031,1,31.79,13.94
2442,O0002038,P0121,1,8.87,8.16
2443,O0002038,P0320,1,77.73,46.09
2444,O0002039,P0066,1,23.11,12.08
2445,O0002040,P0341,1,40.7,33.19
2446,O0002041,P0069,1,25.74,10.73
2447,O0002042,P0079,1,6.23,5.0
2448,O0002043,P0220,1,36.54,26.22
2449,O0002044,P0210,1,21.59,13.22
2450,O0002045,P0128,1,37.0,31.4
2451,O0002046,P0015,1,15.87,11.1
2452,O0002047,P0248,1,26.91,20.82
2453,O0002048,P0067,1,5.29,2.91
2454,O0002048,P0115,1,35.82,30.56
2455,O0002049,P0146,1,22.38,19.5
2456,O0002050,P0062,2,17.52,9.9
2457,O0002051,P0240,1,25.47,20.73
2458,O0002052,P0055,1,21.35,19.94
2459,O0002053,P0392,1,5.0,2.5
2460,O0002054,P0058,1,18.88,11.59
2461,O0002054,P0228,1,110.05,87.93
2462,O0002055,P0071,1,21.03,9.59
2463,O0002055,P0029,1,16.97,8.81
2464,O0002055,P0073,1,61.21,31.75
2465,O0002056,P0058,2,18.88,11.61
2466,O0002056,P0360,1,43.84,35.39
2467,O0002057,P0172,1,39.28,32.97
2468,O0002058,P0193,1,61.96,46.17
2469,O0002059,P0040,1,21.15,11.78
2470,O0002060,P0266,1,52.67,24.97
2471,O0002061,P0320,1,77.73,46.48
2472,O0002062,P0207,1,13.81,10.46
2473,O0002063,P0038,1,19.16,13.11
2474,O0002064,P0101,1,53.02,37.55
2475,O0002065,P0204,1,29.54,24.98
2476,O0002066,P0350,1,11.21,5.33
2477,O0002067,P0013,1,79.24,40.65
2478,O0002068,P0387,1,23.9,15.89
2479,O0002069,P0011,2,10.91,5.73
2480,O0002069,P0037,1,11.29,9.87
2481,O0002069,P0139,1,13.84,9.27
2482,O0002070,P0010,1,4.78,2.86
2483,O0002070,P0311,1,6.67,3.14
2484,O0002070,P0108,1,70.63,48.71
2485,O0002071,P0089,1,30.2,17.44
2486,O0002072,P0263,1,32.89,16.47
2487,O0002073,P0347,1,48.6,26.36
2488,O0002074,P0131,1,52.63,42.4
2489,O0002075,P0333,1,5.0,3.19
2490,O0002075,P0318,1,13.91,11.16
2491,O0002075,P0069,1,25.74,11.08
2492,O0002076,P0202,1,16.35,13.19
2493,O0002077,P0073,1,61.21,32.37
2494,O0002078,P0331,1,49.25,28.18
2495,O0002079,P0174,2,14.91,8.16
2496,O0002080,P0163,1,69.94,48.51
2497,O0002081,P0047,1,26.3,14.01
2498,O0002082,P0011,1,10.91,6.03
2499,O0002083,P0319,1,37.48,23.47
2500,O0002084,P0072,1,31.23,19.12
2501,O0002085,P0389,1,20.01,12.68
2502,O0002085,P0222,1,13.28,11.19
2503,O0002085,P0044,1,12.39,9.64
2504,O0002086,P0169,1,78.53,52.8
2505,O0002087,P0229,1,11.96,9.62
2506,O0002088,P0350,1,11.21,5.5
2507,O0002089,P0345,1,25.98,19.39
2508,O0002090,P0154,1,56.03,28.66
2509,O0002091,P0136,1,5.51,3.62
2510,O0002092,P0140,1,38.02,18.74
2511,O0002093,P0259,1,6.28,3.91
2512,O0002094,P0071,1,21.03,9.99
2513,O0002095,P0020,1,10.53,8.77
2514,O0002096,P0024,1,28.72,22.36
2515,O0002097,P0258,1,8.13,6.89
2516,O0002097,P0011,1,10.91,5.75
2517,O0002097,P0226,1,16.11,7.2
2518,O0002098,P0190,1,22.11,14.78
2519,O0002098,P0028,1,19.28,9.89
2520,O0002099,P0233,1,63.03,55.19
2521,O0002100,P0237,1,22.38,13.25
2522,O0002101,P0003,1,20.34,8.91
2523,O0002102,P0274,1,29.11,24.0
2524,O0002103,P0334,2,8.55,5.79
2525,O0002104,P0194,1,46.22,34.89
2526,O0002105,P0393,1,7.96,5.52
2527,O0002106,P0127,1,37.04,30.71
2528,O0002107,P0164,1,7.78,6.25
2529,O0002107,P0143,1,4.5,3.71
2530,O0002108,P0254,1,6.01,3.6
2531,O0002109,P0263,1,32.89,16.38
2532,O0002110,P0103,1,20.16,10.78
2533,O0002111,P0266,2,52.67,25.37
2534,O0002112,P0057,1,13.99,7.18
2535,O0002113,P0262,1,22.84,11.55
2536,O0002113,P0007,1,16.85,8.02
2537,O0002113,P0216,1,33.83,26.38
2538,O0002114,P0151,1,8.95,7.4
2539,O0002115,P0156,1,13.93,6.22
2540,O0002116,P0005,1,86.78,35.43
2541,O0002117,P0155,1,67.59,27.26
2542,O0002118,P0016,1,26.81,13.35
2543,O0002119,P0072,1,31.23,19.99
2544,O0002120,P0261,1,5.0,3.45
2545,O0002121,P0397,1,43.7,18.29
2546,O0002121,P0186,1,47.03,37.7
2547,O0002121,P0266,1,52.67,25.57
2548,O0002122,P0237,1,20.14,12.99
2549,O0002123,P0132,1,35.66,23.43
2550,O0002124,P0327,1,32.14,16.14
2551,O0002125,P0129,1,35.01,28.08
2552,O0002126,P0001,1,36.5,27.87
2553,O0002127,P0089,1,30.2,17.08
2554,O0002128,P0331,1,49.25,29.75
2555,O0002129,P0032,1,18.03,15.52
2556,O0002130,P0276,1,20.56,15.81
2557,O0002131,P0296,1,113.02,99.15
2558,O0002132,P0298,1,38.49,18.35
2559,O0002133,P0369,1,21.62,17.05
2560,O0002134,P0395,1,51.86,22.0
2561,O0002135,P0075,1,75.36,53.1
2562,O0002136,P0128,1,37.0,29.87
2563,O0002136,P0283,1,20.82,13.97
2564,O0002137,P0061,1,7.91,3.63
2565,O0002138,P0261,1,5.0,3.53
2566,O0002138,P0120,1,9.06,6.75
2567,O0002138,P0215,1,20.24,11.82
2568,O0002139,P0287,1,14.63,6.87
2569,O0002140,P0201,1,26.86,13.16
2570,O0002140,P0112,1,36.09,30.36
2571,O0002140,P0295,1,46.32,28.75
2572,O0002141,P0055,1,26.51,20.36
2573,O0002142,P0246,1,68.18,49.48
2574,O0002143,P0014,1,16.28,13.45
2575,O0002144,P0013,1,79.24,40.42
2576,O0002145,P0047,1,26.3,14.55
2577,O0002146,P0361,1,13.03,8.81
2578,O0002146,P0076,1,7.99,5.05
2579,O0002146,P0067,1,5.29,2.92
2580,O0002147,P0267,1,12.87,7.82
2581,O0002148,P0116,1,23.14,18.69
2582,O0002149,P0245,1,7.19,3.35
2583,O0002150,P0291,1,26.1,18.13
2584,O0002151,P0283,1,22.15,14.15
2585,O0002151,P0305,1,15.47,7.62
2586,O0002152,P0261,1,5.0,3.51
2587,O0002153,P0273,1,14.02,11.13
2588,O0002154,P0188,1,22.46,20.53
2589,O0002155,P0323,1,33.01,27.84
2590,O0002156,P0265,1,23.33,16.85
2591,O0002157,P0390,1,81.71,50.72
2592,O0002158,P0251,1,41.11,30.47
2593,O0002159,P0303,1,20.26,16.67
2594,O0002159,P0178,1,31.37,25.06
2595,O0002160,P0355,1,5.91,3.52
2596,O0002161,P0251,1,41.11,29.77
2597,O0002162,P0373,1,8.74,6.35
2598,O0002163,P0129,1,37.04,28.24
2599,O0002164,P0058,1,18.88,10.96
2600,O0002165,P0210,1,21.59,13.23
2601,O0002165,P0218,1,24.78,16.72
2602,O0002166,P0074,1,44.77,31.97
2603,O0002166,P0367,1,25.65,17.59
2604,O0002167,P0308,1,40.28,24.41
2605,O0002168,P0250,1,99.91,57.64
2606,O0002169,P0352,1,10.18,8.23
2607,O0002169,P0206,1,7.96,6.58
2608,O0002169,P0002,1,21.96,14.72
2609,O0002170,P0357,1,30.69,19.57
2610,O0002171,P0165,1,11.19,4.77
2611,O0002172,P0263,1,29.6,16.45
2612,O0002173,P0312,1,25.49,17.87
2613,O0002174,P0284,2,11.42,5.94
2614,O0002175,P0270,1,9.68,6.3
2615,O0002176,P0400,1,36.29,18.52
2616,O0002177,P0056,1,39.44,43.78
2617,O0002178,P0202,1,16.35,12.75
2618,O0002179,P0238,1,66.04,36.23
2619,O0002180,P0268,1,11.71,5.8
2620,O0002180,P0333,1,5.0,3.14
2621,O0002181,P0192,1,130.83,73.91
2622,O0002182,P0110,1,11.12,5.2
2623,O0002183,P0294,1,21.07,12.06
2624,O0002183,P0286,1,7.86,4.44
2625,O0002183,P0244,2,37.02,26.64
2626,O0002184,P0097,1,109.14,79.42
2627,O0002185,P0164,1,7.78,6.2
2628,O0002186,P0054,2,31.91,16.13
2629,O0002187,P0184,1,20.87,12.52
2630,O0002188,P0245,2,7.19,3.24
2631,O0002189,P0073,1,61.21,31.93
2632,O0002190,P0114,1,43.43,35.97
2633,O0002191,P0385,1,28.75,14.25
2634,O0002191,P0331,1,49.25,29.12
2635,O0002192,P0399,1,16.13,11.18
2636,O0002193,P0338,1,5.0,3.52
2637,O0002194,P0336,1,93.8,77.39
2638,O0002195,P0104,1,13.42,7.02
2639,O0002196,P0029,1,15.27,8.79
2640,O0002197,P0364,1,16.3,13.06
2641,O0002198,P0241,1,17.11,10.7
2642,O0002199,P0181,2,24.13,14.21
2643,O0002200,P0205,1,7.7,6.07
2644,O0002201,P0161,1,90.55,62.43
2645,O0002202,P0004,1,20.34,16.02
2646,O0002203,P0084,1,18.96,15.48
2647,O0002204,P0322,1,18.76,17.53
2648,O0002205,P0259,1,6.28,3.81
2649,O0002206,P0222,1,13.28,11.2
2650,O0002206,P0161,1,90.55,64.35
2651,O0002207,P0096,1,13.85,6.42
2652,O0002208,P0066,1,23.11,12.02
2653,O0002209,P0014,1,20.48,12.84
2654,O0002210,P0353,1,34.15,17.39
2655,O0002211,P0307,1,26.56,17.69
2656,O0002212,P0322,2,20.85,17.06
2657,O0002213,P0323,1,33.01,28.31
2658,O0002214,P0147,1,36.74,21.67
2659,O0002214,P0236,1,72.46,57.34
2660,O0002215,P0088,1,28.44,22.63
2661,O0002216,P0072,1,31.23,19.35
2662,O0002217,P0258,1,8.13,6.86
2663,O0002218,P0351,1,44.95,34.01
2664,O0002219,P0315,1,11.66,8.09
2665,O0002220,P0286,1,7.86,4.23
2666,O0002220,P0307,1,26.56,17.65
2667,O0002221,P0095,1,31.01,12.75
2668,O0002222,P0227,1,32.25,17.79
2669,O0002223,P0019,1,24.27,10.1
2670,O0002224,P0310,1,38.72,24.03
2671,O0002225,P0284,1,11.42,5.83
2672,O0002226,P0228,1,110.05,85.86
2673,O0002226,P0298,1,38.49,18.75
2674,O0002226,P0358,1,9.97,6.83
2675,O0002227,P0359,1,26.78,19.06
2676,O0002228,P0197,1,53.52,29.36
2677,O0002229,P0049,1,20.58,11.8
2678,O0002230,P0125,1,58.35,32.67
2679,O0002231,P0308,1,33.48,24.25
2680,O0002231,P0036,1,39.3,23.14
2681,O0002232,P0006,1,45.33,37.54
2682,O0002233,P0192,1,112.89,71.49
2683,O0002234,P0129,1,28.09,29.24
2684,O0002235,P0398,1,9.94,4.59
2685,O0002236,P0151,2,8.95,7.47
2686,O0002237,P0100,1,46.05,34.16
2687,O0002238,P0253,1,57.21,33.81
2688,O0002239,P0386,1,21.86,10.43
2689,O0002240,P0291,1,26.1,17.96
2690,O0002241,P0284,1,11.42,6.06
2691,O0002241,P0113,1,20.52,8.73
2692,O0002242,P0172,1,39.28,32.46
2693,O0002243,P0308,1,44.75,23.12
2694,O0002243,P0253,1,57.21,32.92
2695,O0002244,P0258,1,8.13,6.63
2696,O0002245,P0175,1,12.91,6.89
2697,O0002246,P0170,1,9.11,5.82
2698,O0002247,P0181,1,24.13,13.61
2699,O0002248,P0155,1,67.59,27.29
2700,O0002249,P0085,1,47.03,36.05
2701,O0002250,P0169,1,87.25,51.87
2702,O0002251,P0078,1,11.64,10.81
2703,O0002252,P0293,1,10.7,5.7
2704,O0002253,P0043,1,29.48,24.63
2705,O0002254,P0369,1,21.62,17.15
2706,O0002255,P0208,1,20.68,13.51
2707,O0002256,P0211,1,24.17,10.68
2708,O0002257,P0032,1,18.03,15.33
2709,O0002258,P0297,1,8.01,3.74
2710,O0002258,P0064,1,33.89,25.31
2711,O0002259,P0149,1,16.78,10.92
2712,O0002260,P0335,1,24.9,12.32
2713,O0002261,P0125,1,58.35,33.53
2714,O0002261,P0033,1,14.27,5.94
2715,O0002262,P0321,1,38.93,29.71
2716,O0002263,P0030,1,57.15,37.81
2717,O0002263,P0323,1,33.01,26.61
2718,O0002263,P0096,1,13.85,6.61
2719,O0002264,P0370,1,17.44,6.96
2720,O0002265,P0051,1,12.85,10.81
2721,O0002266,P0028,1,19.28,10.26
2722,O0002266,P0286,1,7.86,4.41
2723,O0002267,P0265,1,23.33,16.28
2724,O0002268,P0238,1,66.04,33.97
2725,O0002269,P0122,1,27.74,22.99
2726,O0002270,P0282,1,31.47,19.79
2727,O0002271,P0228,1,110.05,84.51
2728,O0002272,P0396,1,67.85,35.24
2729,O0002273,P0277,1,16.05,9.05
2730,O0002273,P0342,1,150.89,113.76
2731,O0002274,P0162,1,7.81,3.32
2732,O0002275,P0162,1,7.81,3.33
2733,O0002275,P0113,1,20.52,8.55
2734,O0002276,P0365,1,11.12,9.45
2735,O0002277,P0115,1,35.82,30.81
2736,O0002278,P0140,1,42.25,19.18
2737,O0002279,P0337,1,47.63,40.33
2738,O0002280,P0272,1,25.23,19.96
2739,O0002281,P0379,1,100.99,43.43
2740,O0002282,P0002,1,19.25,14.6
2741,O0002283,P0146,1,22.38,18.81
2742,O0002284,P0127,1,37.04,30.11
2743,O0002284,P0121,1,12.1,8.11
2744,O0002285,P0342,1,150.89,114.1
2745,O0002286,P0389,3,14.6,13.1
2746,O0002287,P0340,1,61.25,48.11
2747,O0002288,P0351,1,44.95,32.72
2748,O0002289,P0324,1,15.13,7.62
2749,O0002290,P0246,1,68.18,50.03
2750,O0002291,P0304,1,11.87,9.44
2751,O0002292,P0373,1,8.74,6.69
2752,O0002293,P0129,1,37.04,29.51
2753,O0002294,P0329,1,33.63,24.38
2754,O0002295,P0131,1,52.63,43.9
2755,O0002295,P0153,1,133.98,77.84
2756,O0002295,P0361,1,13.03,8.64
2757,O0002296,P0098,1,35.84,18.63
2758,O0002297,P0222,1,13.28,11.17
2759,O0002298,P0293,1,10.7,5.74
2760,O0002299,P0320,1,77.73,45.28
2761,O0002300,P0278,1,15.48,9.54
2762,O0002301,P0066,1,23.11,11.71
2763,O0002302,P0054,1,31.91,16.06
2764,O0002303,P0400,1,36.29,18.97
2765,O0002304,P0298,1,38.49,18.17
2766,O0002305,P0334,1,10.95,5.84
2767,O0002306,P0104,1,13.42,6.98
2768,O0002307,P0305,3,15.47,7.48
2769,O0002308,P0305,1,15.47,7.37
2770,O0002309,P0178,1,31.37,24.95
2771,O0002310,P0025,1,44.29,19.11
2772,O0002311,P0373,1,8.74,6.4
2773,O0002312,P0314,1,6.49,4.16
2774,O0002313,P0316,1,25.48,12.28
2775,O0002313,P0115,1,35.82,29.39
2776,O0002314,P0128,1,37.0,30.91
2777,O0002315,P0172,1,39.28,31.19
2778,O0002316,P0284,1,11.42,5.9
2779,O0002317,P0249,1,127.56,104.42
2780,O0002318,P0126,1,57.0,29.78
2781,O0002319,P0287,1,14.63,6.59
2782,O0002319,P0278,1,11.02,9.51
2783,O0002320,P0374,1,7.84,5.38
2784,O0002321,P0065,1,30.15,25.45
2785,O0002322,P0309,1,14.44,8.19
2786,O0002323,P0230,1,36.36,29.14
2787,O0002323,P0385,1,28.75,14.24
2788,O0002323,P0375,1,19.93,9.62
2789,O0002324,P0158,1,45.59,20.45
2790,O0002325,P0105,1,23.07,18.3
2791,O0002326,P0186,1,44.6,37.47
2792,O0002326,P0253,1,42.08,34.6
2793,O0002327,P0228,1,110.05,86.38
2794,O0002328,P0209,1,48.72,22.15
2795,O0002329,P0360,1,43.84,36.73
2796,O0002330,P0342,1,150.89,112.53
2797,O0002331,P0034,1,40.02,30.31
2798,O0002332,P0255,1,19.78,13.05
2799,O0002333,P0211,1,24.17,10.79
2800,O0002334,P0314,1,6.49,4.1
2801,O0002335,P0073,1,61.21,30.8
2802,O0002336,P0399,1,16.13,11.38
2803,O0002337,P0217,1,29.35,13.15
2804,O0002338,P0114,1,43.43,36.82
2805,O0002339,P0193,1,61.96,47.47
2806,O0002340,P0208,1,19.6,14.03
2807,O0002341,P0303,1,20.26,16.63
2808,O0002342,P0235,1,6.23,5.29
2809,O0002343,P0284,1,11.42,5.97
2810,O0002343,P0066,1,23.11,11.99
2811,O0002343,P0039,1,16.72,9.17
2812,O0002344,P0068,1,24.02,10.49
2813,O0002345,P0366,1,22.18,17.6
2814,O0002346,P0237,1,22.38,13.63
2815,O0002347,P0082,3,84.77,39.25
2816,O0002347,P0269,1,22.52,11.57
2817,O0002348,P0208,1,20.68,13.53
2818,O0002349,P0009,1,26.79,17.58
2819,O0002350,P0087,1,5.53,3.02
2820,O0002351,P0199,1,34.14,24.25
2821,O0002352,P0374,1,7.69,5.42
2822,O0002352,P0320,1,77.73,44.94
2823,O0002353,P0205,1,7.7,5.89
2824,O0002354,P0321,1,38.93,31.03
2825,O0002354,P0114,1,43.43,35.87
2826,O0002355,P0135,1,156.29,86.53
2827,O0002356,P0241,1,17.11,10.22
2828,O0002357,P0313,3,40.89,19.29
2829,O0002358,P0205,1,7.7,6.08
2830,O0002359,P0216,1,33.83,26.73
2831,O0002360,P0129,1,37.04,27.84
2832,O0002361,P0293,1,9.63,5.59
2833,O0002362,P0200,1,15.63,7.0
2834,O0002363,P0279,1,7.3,4.52
2835,O0002364,P0051,1,12.85,10.69
2836,O0002364,P0058,1,18.88,11.53
2837,O0002364,P0369,1,21.62,16.52
2838,O0002365,P0241,1,12.43,10.72
2839,O0002366,P0323,1,33.01,26.88
2840,O0002367,P0386,1,21.86,10.57
2841,O0002368,P0234,1,16.86,8.03
2842,O0002369,P0123,1,25.7,21.42
2843,O0002370,P0349,1,19.77,14.93
2844,O0002371,P0203,1,13.08,7.23
2845,O0002372,P0331,1,49.25,28.29
2846,O0002373,P0090,1,45.85,25.33
2847,O0002374,P0049,1,20.58,12.6
2848,O0002375,P0162,1,7.81,3.42
2849,O0002376,P0009,1,24.98,17.76
2850,O0002377,P0039,1,16.72,9.4
2851,O0002378,P0261,1,5.0,3.58
2852,O0002379,P0169,1,87.25,54.79
2853,O0002380,P0069,1,23.17,11.11
2854,O0002381,P0192,1,130.83,71.68
2855,O0002382,P0093,1,12.82,6.64
2856,O0002383,P0001,1,36.5,27.8
2857,O0002383,P0286,1,7.86,4.22
2858,O0002383,P0202,1,14.72,12.86
2859,O0002384,P0115,1,35.82,29.97
2860,O0002385,P0216,2,33.83,27.77
2861,O0002386,P0319,1,37.48,23.76
2862,O0002387,P0078,1,15.6,10.34
2863,O0002388,P0107,1,24.79,16.95
2864,O0002389,P0292,1,12.32,9.07
2865,O0002389,P0138,1,58.62,38.48
2866,O0002390,P0301,1,25.5,15.19
2867,O0002391,P0141,1,20.6,16.83
2868,O0002391,P0094,1,29.54,24.94
2869,O0002392,P0380,1,49.32,42.63
2870,O0002393,P0306,1,44.89,32.03
2871,O0002394,P0142,1,14.57,10.27
2872,O0002395,P0335,1,24.9,13.17
2873,O0002396,P0397,1,31.72,17.77
2874,O0002397,P0031,1,31.79,13.63
2875,O0002397,P0017,1,15.17,11.2
2876,O0002398,P0374,1,8.71,5.38
2877,O0002399,P0288,1,10.33,8.11
2878,O0002400,P0359,1,26.78,20.05
2879,O0002401,P0154,1,45.06,28.58
2880,O0002402,P0321,1,38.93,31.33
2881,O0002403,P0309,1,14.44,7.74
2882,O0002404,P0179,1,12.64,9.3
2883,O0002405,P0057,1,13.99,7.09
2884,O0002406,P0176,1,48.41,34.62
2885,O0002406,P0313,1,40.89,20.13
2886,O0002406,P0026,1,28.14,13.88
2887,O0002407,P0398,1,9.94,4.57
2888,O0002408,P0354,1,110.11,62.24
2889,O0002409,P0239,1,24.64,18.53
2890,O0002409,P0060,1,30.23,19.37
2891,O0002410,P0145,2,13.01,5.52
2892,O0002410,P0256,1,43.56,32.88
2893,O0002410,P0037,1,12.54,9.98
2894,O0002411,P0243,1,27.01,13.72
2895,O0002412,P0389,1,20.01,12.78
2896,O0002413,P0162,1,7.81,3.32
2897,O0002414,P0280,1,73.22,53.49
2898,O0002415,P0120,1,9.06,6.72
2899,O0002416,P0387,2,23.9,16.22
2900,O0002416,P0194,2,41.6,36.01
2901,O0002416,P0380,1,60.42,43.73
2902,O0002417,P0017,1,15.17,10.96
2903,O0002417,P0305,1,15.47,7.32
2904,O0002418,P0005,1,86.78,35.15
2905,O0002419,P0103,1,20.16,10.9
2906,O0002420,P0133,1,13.22,8.59
2907,O0002420,P0365,1,10.01,9.62
2908,O0002421,P0107,1,24.79,16.9
2909,O0002422,P0051,1,12.85,10.42
2910,O0002423,P0304,1,9.76,9.84
2911,O0002423,P0032,1,18.03,14.97
2912,O0002424,P0340,1,61.25,47.16
2913,O0002424,P0229,1,11.96,10.12
2914,O0002424,P0192,3,130.83,71.03
2915,O0002425,P0245,1,7.19,3.36
2916,O0002426,P0266,1,52.67,24.94
2917,O0002427,P0177,1,42.05,37.93
2918,O0002428,P0261,1,5.0,3.53
2919,O0002429,P0334,1,10.95,6.11
2920,O0002430,P0248,1,26.91,20.84
2921,O0002431,P0162,1,7.81,3.26
2922,O0002431,P0302,1,12.62,10.7
2923,O0002432,P0035,1,55.97,41.99
2924,O0002433,P0263,1,32.89,16.26
2925,O0002434,P0298,1,38.49,17.79
2926,O0002435,P0181,1,24.13,13.74
2927,O0002436,P0336,1,93.8,76.92
2928,O0002437,P0225,1,5.0,3.25
2929,O0002437,P0098,1,35.84,18.03
2930,O0002437,P0348,1,16.31,12.73
2931,O0002438,P0293,1,10.7,5.88
2932,O0002439,P0304,1,11.87,9.35
2933,O0002440,P0006,1,45.33,38.79
2934,O0002441,P0366,1,16.14,17.36
2935,O0002442,P0214,1,12.66,8.27
2936,O0002443,P0315,1,14.56,8.23
2937,O0002444,P0326,1,16.85,16.73
2938,O0002445,P0038,1,19.16,13.35
2939,O0002446,P0127,1,37.04,29.68
2940,O0002447,P0041,1,46.99,37.01
2941,O0002448,P0399,1,16.13,11.57
2942,O0002449,P0118,2,7.3,4.09
2943,O0002450,P0359,1,24.1,19.92
2944,O0002451,P0159,1,5.0,2.38
2945,O0002452,P0205,1,7.7,5.87
2946,O0002453,P0081,1,11.76,9.96
2947,O0002453,P0151,1,8.95,7.77
2948,O0002454,P0310,2,38.72,23.43
2949,O0002455,P0323,1,33.01,28.12
2950,O0002456,P0236,1,72.46,57.54
2951,O0002457,P0010,1,5.31,2.79
2952,O0002458,P0003,1,20.34,8.81
2953,O0002459,P0318,1,15.46,11.47
2954,O0002460,P0309,1,14.44,7.8
2955,O0002461,P0103,2,17.57,10.59
2956,O0002461,P0109,3,31.22,21.72
2957,O0002461,P0394,1,10.12,7.56
2958,O0002462,P0335,1,24.9,13.09
2959,O0002463,P0195,1,24.29,10.55
2960,O0002463,P0278,1,15.48,9.84
2961,O0002463,P0328,1,17.65,8.32
2962,O0002464,P0384,1,25.72,19.05
2963,O0002464,P0295,1,51.47,28.45
2964,O0002464,P0224,1,12.85,6.41
2965,O0002465,P0320,1,77.73,44.73
2966,O0002466,P0013,1,56.87,38.62
2967,O0002466,P0111,1,8.07,8.65
2968,O0002467,P0206,1,7.96,6.83
2969,O0002468,P0015,1,15.87,10.92
2970,O0002469,P0030,1,57.15,37.36
2971,O0002470,P0072,1,31.23,20.09
2972,O0002471,P0146,1,16.19,18.64
2973,O0002471,P0206,1,7.96,6.8
2974,O0002472,P0195,1,24.29,10.4
2975,O0002472,P0118,1,7.3,4.06
2976,O0002473,P0104,1,13.42,6.82
2977,O0002474,P0026,1,28.14,13.62
2978,O0002475,P0327,1,32.14,16.27
2979,O0002476,P0160,1,10.81,6.45
2980,O0002477,P0018,1,19.43,11.87
2981,O0002478,P0319,1,37.48,23.27
2982,O0002479,P0248,1,26.91,22.04
2983,O0002480,P0041,1,46.99,36.84
2984,O0002481,P0315,1,14.56,8.06
2985,O0002482,P0064,1,33.89,23.95
2986,O0002483,P0210,1,21.59,13.22
2987,O0002484,P0394,1,13.17,7.95
2988,O0002485,P0191,1,12.75,7.09
2989,O0002486,P0116,1,23.14,18.31
2990,O0002487,P0212,1,19.47,8.78
2991,O0002488,P0230,1,36.36,28.19
2992,O0002489,P0145,1,13.01,5.43
2993,O0002490,P0315,1,14.56,8.13
2994,O0002491,P0272,1,18.66,19.88
2995,O0002492,P0174,1,14.91,8.06
2996,O0002493,P0129,1,37.04,29.09
2997,O0002494,P0278,1,15.48,9.68
2998,O0002495,P0275,1,22.42,17.3
2999,O0002496,P0086,1,9.16,6.13
3000,O0002497,P0242,1,40.38,19.01
3001,O0002497,P0289,1,76.89,72.39
3002,O0002497,P0172,1,39.28,32.75
3003,O0002498,P0201,1,29.84,12.69
3004,O0002499,P0158,1,45.59,20.11
3005,O0002500,P0399,1,16.13,11.17
3006,O0002501,P0334,1,10.95,5.9
3007,O0002502,P0379,1,96.91,44.04
3008,O0002502,P0048,1,19.31,11.98
3009,O0002503,P0304,1,11.87,9.4
3010,O0002504,P0090,1,45.85,25.13
3011,O0002504,P0135,1,156.29,86.0
3012,O0002505,P0316,1,25.48,11.78
3013,O0002505,P0351,1,44.95,32.32
3014,O0002505,P0165,1,11.19,5.03
3015,O0002506,P0105,1,23.07,18.31
3016,O0002506,P0099,1,11.25,6.06
3017,O0002506,P0383,1,192.23,86.0
3018,O0002507,P0154,1,56.03,29.19
3019,O0002508,P0103,1,20.16,10.43
3020,O0002509,P0223,2,141.44,74.74
3021,O0002510,P0388,1,15.88,6.88
3022,O0002511,P0273,1,14.02,10.91
3023,O0002512,P0349,1,19.77,15.68
3024,O0002513,P0365,1,11.12,9.38
3025,O0002514,P0312,1,25.49,17.78
3026,O0002515,P0303,1,20.26,17.78
3027,O0002516,P0295,1,51.47,28.91
3028,O0002517,P0018,1,19.43,12.07
3029,O0002518,P0038,1,19.16,13.45
3030,O0002519,P0358,1,9.97,6.69
3031,O0002520,P0147,1,33.07,21.04
3032,O0002521,P0048,1,19.31,11.94
3033,O0002522,P0111,1,10.42,8.6
3034,O0002523,P0054,1,31.91,15.42
3035,O0002524,P0201,1,29.84,12.86
3036,O0002525,P0240,1,25.47,21.1
3037,O0002526,P0145,1,13.01,5.42
3038,O0002527,P0241,1,17.11,10.15
3039,O0002528,P0173,1,30.72,13.47
3040,O0002529,P0040,1,21.15,11.61
3041,O0002530,P0226,1,16.11,7.29
3042,O0002531,P0141,1,25.44,16.15
3043,O0002532,P0169,1,87.25,52.18
3044,O0002533,P0122,1,27.74,23.4
3045,O0002534,P0315,2,14.56,8.42
3046,O0002535,P0308,3,44.75,23.31
3047,O0002535,P0188,1,24.95,20.04
3048,O0002536,P0301,1,25.5,15.14
3049,O0002537,P0170,1,9.11,6.09
3050,O0002538,P0180,1,15.67,12.33
3051,O0002538,P0175,1,15.31,6.86
3052,O0002539,P0020,1,10.53,8.7
3053,O0002540,P0250,1,99.91,60.42
3054,O0002541,P0151,1,8.95,7.78
3055,O0002542,P0058,1,16.99,11.46
3056,O0002543,P0203,3,16.83,7.65
3057,O0002544,P0347,1,56.26,24.97
3058,O0002545,P0272,1,25.23,19.31
3059,O0002545,P0150,1,14.55,10.32
3060,O0002546,P0091,2,37.25,30.31
3061,O0002547,P0078,1,15.6,10.87
3062,O0002548,P0303,1,20.26,17.23
3063,O0002549,P0388,1,15.88,6.92
3064,O0002550,P0029,1,16.97,9.2
3065,O0002551,P0335,1,22.41,12.63
3066,O0002552,P0232,1,106.18,86.97
3067,O0002553,P0146,1,22.38,18.58
3068,O0002554,P0125,1,58.35,34.1
3069,O0002555,P0154,2,56.03,30.06
3070,O0002556,P0103,1,20.16,10.44
3071,O0002557,P0157,1,34.99,21.27
3072,O0002558,P0148,1,49.04,24.2
3073,O0002559,P0240,1,25.47,21.1
3074,O0002560,P0260,1,23.47,19.85
3075,O0002561,P0099,1,11.25,6.32
3076,O0002562,P0143,1,5.0,3.94
3077,O0002563,P0102,1,34.13,22.51
3078,O0002564,P0262,1,22.84,11.51
3079,O0002565,P0041,1,46.99,37.51
3080,O0002566,P0296,1,113.02,93.93
3081,O0002567,P0011,1,10.91,5.7
3082,O0002568,P0119,1,29.12,24.35
3083,O0002569,P0232,1,106.18,84.86
3084,O0002570,P0156,1,12.54,6.56
3085,O0002570,P0292,1,12.32,9.11
3086,O0002571,P0017,1,13.65,10.74
3087,O0002572,P0364,1,16.3,13.92
3088,O0002573,P0338,1,5.0,3.55
3089,O0002574,P0195,1,24.29,10.74
3090,O0002575,P0280,1,73.22,56.18
3091,O0002576,P0015,1,15.87,10.59
3092,O0002577,P0098,1,35.84,17.64
3093,O0002578,P0114,1,43.43,37.25
3094,O0002579,P0380,1,60.42,44.06
3095,O0002579,P0037,1,9.33,9.87
3096,O0002580,P0093,1,14.24,6.72
3097,O0002581,P0121,1,12.1,8.17
3098,O0002582,P0296,1,101.72,99.15
3099,O0002583,P0270,1,10.72,6.32
3100,O0002584,P0146,1,20.14,19.1
3101,O0002585,P0055,1,26.51,20.69
3102,O0002586,P0240,1,25.47,21.57
3103,O0002587,P0340,1,61.25,48.69
3104,O0002588,P0088,1,28.44,23.24
3105,O0002589,P0292,1,12.32,9.39
3106,O0002590,P0101,1,53.02,36.38
3107,O0002591,P0132,1,41.31,23.06
3108,O0002592,P0155,1,67.59,27.09
3109,O0002593,P0318,1,15.46,11.29
3110,O0002594,P0020,1,10.53,8.39
3111,O0002595,P0387,1,23.9,16.02
3112,O0002596,P0115,1,35.82,30.5
3113,O0002597,P0226,1,16.11,7.18
3114,O0002598,P0213,1,31.76,23.65
3115,O0002599,P0391,1,66.48,31.2
3116,O0002600,P0161,1,90.55,61.67
3117,O0002601,P0010,1,5.31,2.94
3118,O0002602,P0151,1,8.95,7.44
3119,O0002603,P0278,1,13.89,9.8
3120,O0002604,P0114,1,39.09,36.21
3121,O0002605,P0399,1,14.52,11.55
3122,O0002606,P0172,1,39.28,31.32
3123,O0002606,P0144,1,28.48,14.85
3124,O0002607,P0215,1,22.49,12.13
3125,O0002608,P0231,1,8.53,6.92
3126,O0002609,P0127,1,37.04,30.11
3127,O0002610,P0351,2,41.39,34.0
3128,O0002611,P0175,1,13.78,6.97
3129,O0002612,P0139,3,13.84,9.86
3130,O0002613,P0340,1,61.25,47.11
3131,O0002614,P0032,1,18.03,15.31
3132,O0002615,P0013,1,79.24,39.75
3133,O0002616,P0385,1,28.75,14.11
3134,O0002617,P0143,1,5.0,3.82
3135,O0002618,P0187,1,69.71,37.38
3136,O0002619,P0087,1,6.78,3.11
3137,O0002619,P0032,1,18.03,14.99
3138,O0002620,P0153,1,133.98,81.12
3139,O0002621,P0265,1,23.33,17.04
3140,O0002622,P0347,1,56.26,25.38
3141,O0002623,P0223,1,141.44,73.59
3142,O0002624,P0177,1,50.38,36.62
3143,O0002624,P0362,2,35.77,23.72
3144,O0002625,P0042,1,72.6,45.04
3145,O0002626,P0265,1,23.33,17.05
3146,O0002627,P0265,1,23.33,16.97
3147,O0002628,P0155,1,67.59,27.31
3148,O0002629,P0139,1,13.84,9.33
3149,O0002630,P0117,1,12.46,10.22
3150,O0002631,P0233,1,63.03,53.84
3151,O0002632,P0133,1,13.22,9.1
3152,O0002632,P0043,1,32.76,25.3
3153,O0002633,P0349,1,19.77,14.92
3154,O0002634,P0107,1,24.79,16.25
3155,O0002635,P0026,1,25.33,14.02
3156,O0002636,P0092,1,31.11,24.34
3157,O0002637,P0146,1,16.35,18.93
3158,O0002637,P0363,1,87.76,74.96
3159,O0002638,P0333,1,5.0,3.01
3160,O0002639,P0149,1,16.78,11.36
3161,O0002640,P0266,1,52.67,24.94
3162,O0002641,P0203,1,16.83,7.64
3163,O0002642,P0172,2,30.64,32.35
3164,O0002643,P0307,2,26.56,17.51
3165,O0002644,P0283,1,22.15,14.39
3166,O0002645,P0164,1,7.78,6.22
3167,O0002646,P0363,1,87.76,74.04
3168,O0002647,P0090,1,45.85,26.28
3169,O0002648,P0155,1,67.59,27.73
3170,O0002649,P0207,3,13.81,10.38
3171,O0002650,P0394,1,13.17,7.92
3172,O0002650,P0276,1,20.56,15.81
3173,O0002651,P0306,1,44.89,32.17
3174,O0002652,P0385,1,28.75,14.48
3175,O0002653,P0141,1,25.44,16.24
3176,O0002654,P0076,1,7.99,5.22
3177,O0002654,P0022,1,9.24,5.84
3178,O0002654,P0293,1,10.7,5.7
3179,O0002655,P0176,2,48.41,36.18
3180,O0002656,P0022,1,9.24,6.09
3181,O0002657,P0132,1,41.31,23.47
3182,O0002658,P0231,1,8.53,7.24
3183,O0002659,P0185,1,47.48,21.72
3184,O0002660,P0215,1,22.49,11.83
3185,O0002661,P0374,1,8.71,5.47
3186,O0002662,P0181,1,24.13,13.93
3187,O0002663,P0026,1,28.14,14.06
3188,O0002664,P0129,1,37.04,27.6
3189,O0002665,P0396,1,50.85,33.81
3190,O0002666,P0316,1,25.48,11.6
3191,O0002667,P0353,1,34.15,18.32
3192,O0002668,P0287,1,14.63,6.86
3193,O0002669,P0334,1,9.65,5.97
3194,O0002670,P0221,1,137.35,91.26
3195,O0002671,P0359,1,26.78,19.9
3196,O0002671,P0379,1,107.68,44.19
3197,O0002672,P0382,1,10.12,8.72
3198,O0002673,P0091,1,26.42,30.62
3199,O0002674,P0318,1,15.46,11.38
3200,O0002675,P0279,1,7.3,4.57
3201,O0002676,P0160,1,9.73,6.6
3202,O0002677,P0381,1,19.78,8.72
3203,O0002678,P0067,1,5.29,2.9
3204,O0002679,P0135,1,156.29,86.29
3205,O0002680,P0385,1,28.75,14.29
3206,O0002681,P0301,1,25.5,14.65
3207,O0002682,P0222,1,11.95,10.67
3208,O0002683,P0218,1,24.78,16.36
3209,O0002684,P0333,1,5.0,3.09
3210,O0002685,P0057,1,13.99,6.91
3211,O0002685,P0079,1,7.1,4.97
3212,O0002686,P0286,1,7.86,4.43
3213,O0002687,P0226,1,16.11,7.04
3214,O0002688,P0106,1,32.23,22.09
3215,O0002689,P0143,1,5.0,3.73
3216,O0002690,P0063,1,16.16,14.31
3217,O0002690,P0008,1,37.87,19.09
3218,O0002690,P0071,1,21.03,9.86
3219,O0002691,P0058,1,18.88,11.19
3220,O0002691,P0111,1,10.42,8.75
3221,O0002692,P0164,1,7.78,6.41
3222,O0002692,P0135,1,156.29,85.43
3223,O0002693,P0007,1,16.85,8.18
3224,O0002694,P0008,1,37.87,18.66
3225,O0002694,P0237,1,22.38,12.87
3226,O0002695,P0027,1,22.36,13.1
3227,O0002695,P0299,1,14.58,7.22
3228,O0002696,P0081,1,11.76,9.77
3229,O0002696,P0041,1,46.99,39.17
3230,O0002697,P0378,1,23.49,13.69
3231,O0002698,P0163,1,77.71,48.25
3232,O0002699,P0259,1,6.28,3.97
3233,O0002700,P0017,1,15.17,10.65
3234,O0002701,P0019,1,24.27,10.02
3235,O0002702,P0369,1,21.62,16.49
3236,O0002703,P0132,1,41.31,23.69
3237,O0002704,P0140,1,42.25,18.52
3238,O0002705,P0389,1,20.01,12.89
3239,O0002705,P0316,1,25.48,12.03
3240,O0002706,P0252,2,66.0,37.36
3241,O0002707,P0041,1,42.29,38.24
3242,O0002707,P0314,1,6.49,4.12
3243,O0002707,P0350,1,11.21,5.32
3244,O0002708,P0367,1,25.65,17.74
3245,O0002708,P0324,2,15.13,7.25
3246,O0002709,P0267,1,16.05,7.6
3247,O0002710,P0203,1,16.83,7.57
3248,O0002711,P0015,1,15.87,10.94
3249,O0002711,P0123,1,25.7,21.03
3250,O0002712,P0090,1,45.85,26.81
3251,O0002713,P0363,1,87.76,72.53
3252,O0002713,P0096,1,13.85,6.68
3253,O0002714,P0343,1,16.99,8.73
3254,O0002715,P0098,1,35.84,18.43
3255,O0002716,P0169,1,87.25,52.42
3256,O0002717,P0177,1,50.38,37.15
3257,O0002717,P0291,1,26.1,17.0
3258,O0002718,P0247,1,84.85,54.2
3259,O0002719,P0296,1,113.02,99.84
3260,O0002720,P0156,1,13.93,6.37
3261,O0002721,P0336,1,93.8,79.22
3262,O0002721,P0182,1,26.95,20.55
3263,O0002721,P0248,1,24.22,21.4
3264,O0002722,P0009,1,29.77,18.15
3265,O0002723,P0111,1,10.42,8.78
3266,O0002724,P0110,1,12.36,5.04
3267,O0002724,P0134,1,20.3,8.65
3268,O0002724,P0218,1,24.78,15.88
3269,O0002725,P0005,1,86.78,35.99
3270,O0002726,P0345,1,25.98,19.77
3271,O0002726,P0074,1,44.77,33.96
3272,O0002727,P0059,1,31.09,12.47
3273,O0002728,P0033,1,14.27,5.84
3274,O0002729,P0214,1,12.66,8.61
3275,O0002730,P0282,1,31.47,20.4
3276,O0002731,P0078,1,15.6,10.26
3277,O0002731,P0122,1,27.74,23.25
3278,O0002732,P0378,1,23.49,13.3
3279,O0002733,P0348,1,16.31,12.86
3280,O0002734,P0205,1,7.7,5.99
3281,O0002735,P0144,1,28.48,15.04
3282,O0002736,P0085,1,47.03,37.29
3283,O0002737,P0243,1,27.01,13.53
3284,O0002738,P0321,1,38.93,31.24
3285,O0002739,P0146,1,22.38,18.94
3286,O0002740,P0168,1,12.94,12.23
3287,O0002741,P0307,1,26.56,17.28
3288,O0002741,P0284,1,11.42,6.09
3289,O0002742,P0133,1,13.22,9.04
3290,O0002742,P0053,1,51.03,38.97
3291,O0002743,P0367,1,25.65,16.82
3292,O0002744,P0167,1,25.94,21.49
3293,O0002744,P0121,1,12.1,8.38
3294,O0002744,P0091,1,33.52,29.72
3295,O0002745,P0185,1,47.48,21.62
3296,O0002746,P0131,2,36.86,43.83
3297,O0002747,P0325,1,26.29,17.97
3298,O0002748,P0160,1,10.81,6.3
3299,O0002749,P0348,2,16.31,12.64
3300,O0002750,P0322,1,20.85,18.22
3301,O0002751,P0257,1,90.28,71.98
3302,O0002752,P0074,1,44.77,31.95
3303,O0002753,P0011,1,10.91,5.93
3304,O0002754,P0244,1,37.02,26.13
3305,O0002755,P0293,1,10.7,5.91
3306,O0002756,P0331,1,49.25,28.44
3307,O0002756,P0030,1,57.15,38.25
3308,O0002757,P0237,1,22.38,13.48
3309,O0002758,P0206,1,7.96,6.62
3310,O0002759,P0348,1,16.31,13.1
3311,O0002760,P0034,1,40.02,30.92
3312,O0002761,P0070,1,176.02,91.17
3313,O0002762,P0275,1,22.42,17.86
3314,O0002763,P0094,1,26.59,24.3
3315,O0002764,P0053,1,51.03,40.75
3316,O0002765,P0223,1,141.44,73.92
3317,O0002766,P0195,1,24.29,10.2
3318,O0002767,P0141,1,25.44,16.32
3319,O0002768,P0166,1,35.51,25.14
3320,O0002769,P0020,1,10.53,8.69
3321,O0002770,P0291,1,22.45,17.12
3322,O0002771,P0237,1,22.38,13.72
3323,O0002772,P0030,1,57.15,36.15
3324,O0002773,P0293,2,10.7,5.71
3325,O0002774,P0374,1,8.71,5.46
3326,O0002775,P0192,1,130.83,70.91
3327,O0002776,P0320,1,77.73,47.13
3328,O0002777,P0120,1,8.15,6.73
3329,O0002778,P0238,1,66.04,34.5
3330,O0002779,P0376,1,7.37,3.51
3331,O0002780,P0226,1,16.11,7.06
3332,O0002781,P0065,1,30.15,25.39
3333,O0002782,P0099,1,11.25,6.44
3334,O0002783,P0234,1,16.86,8.15
3335,O0002784,P0169,1,87.25,55.51
3336,O0002785,P0179,1,11.38,9.36
3337,O0002786,P0216,1,33.83,26.89
3338,O0002787,P0263,1,32.89,16.42
3339,O0002788,P0012,1,31.54,18.42
3340,O0002789,P0127,1,37.04,29.8
3341,O0002790,P0152,1,46.55,38.08
3342,O0002791,P0084,1,14.05,15.74
3343,O0002791,P0083,1,12.22,11.13
3344,O0002791,P0037,1,12.54,10.33
3345,O0002792,P0147,1,36.74,22.35
3346,O0002793,P0227,1,29.02,18.21
3347,O0002794,P0292,1,12.32,9.5
3348,O0002795,P0204,1,29.54,24.87
3349,O0002795,P0095,1,23.62,12.28
3350,O0002796,P0147,1,33.07,21.06
3351,O0002797,P0191,1,12.75,7.01
3352,O0002798,P0042,1,72.6,45.1
3353,O0002799,P0234,1,16.86,8.0
3354,O0002800,P0019,1,21.84,10.46
3355,O0002801,P0011,1,9.44,6.03
3356,O0002802,P0297,1,8.01,3.6
3357,O0002803,P0163,1,77.71,49.34
3358,O0002804,P0218,1,24.78,16.02
3359,O0002805,P0318,1,15.46,11.4
3360,O0002805,P0134,1,20.3,8.87
3361,O0002806,P0069,1,25.74,11.23
3362,O0002807,P0281,1,32.09,24.1
3363,O0002808,P0236,1,72.46,58.15
3364,O0002809,P0164,1,7.78,6.11
3365,O0002810,P0060,1,30.23,19.28
3366,O0002811,P0191,1,12.75,6.66
3367,O0002812,P0040,1,21.15,11.43
3368,O0002812,P0373,1,8.74,6.28
3369,O0002813,P0244,1,37.02,26.89
3370,O0002814,P0070,1,176.02,96.76
3371,O0002815,P0306,1,39.99,30.93
3372,O0002816,P0381,1,19.78,8.69
3373,O0002817,P0276,1,20.56,15.67
3374,O0002817,P0091,1,37.25,30.67
3375,O0002817,P0381,1,19.78,9.1
3376,O0002818,P0191,1,12.75,6.75
3377,O0002819,P0371,1,10.92,7.34
3378,O0002820,P0137,1,16.82,7.64
3379,O0002821,P0398,1,9.94,4.53
3380,O0002822,P0305,1,15.47,7.48
3381,O0002823,P0311,1,6.67,3.14
3382,O0002823,P0096,1,13.85,6.47
3383,O0002823,P0295,1,51.47,28.58
3384,O0002824,P0359,1,26.78,18.74
3385,O0002825,P0367,1,25.65,17.6
3386,O0002826,P0165,1,11.19,4.93
3387,O0002827,P0352,1,11.73,8.14
3388,O0002827,P0307,1,26.56,17.44
3389,O0002828,P0371,1,7.84,7.24
3390,O0002829,P0365,1,11.12,9.67
3391,O0002829,P0393,1,7.96,5.51
3392,O0002829,P0341,1,40.7,34.11
3393,O0002830,P0224,1,12.85,6.49
3394,O0002831,P0313,1,40.89,19.78
3395,O0002832,P0390,1,81.71,51.28
3396,O0002833,P0001,1,36.5,27.78
3397,O0002834,P0244,1,37.02,26.3
3398,O0002835,P0331,1,49.25,29.55
3399,O0002836,P0314,1,6.49,4.1
3400,O0002837,P0261,1,5.0,3.4
3401,O0002838,P0225,1,5.0,3.38
3402,O0002839,P0090,1,45.85,25.82
3403,O0002840,P0150,1,14.55,10.41
3404,O0002841,P0181,1,24.13,14.25
3405,O0002842,P0070,1,176.02,91.5
3406,O0002843,P0148,1,49.04,23.77
3407,O0002844,P0184,1,20.87,12.21
3408,O0002845,P0156,1,13.93,6.48
3409,O0002846,P0303,1,20.26,17.5
3410,O0002847,P0233,2,63.03,52.93
3411,O0002848,P0312,1,23.18,17.02
3412,O0002849,P0015,1,15.87,10.93
3413,O0002849,P0287,1,13.68,6.72
3414,O0002850,P0144,1,28.48,14.93
3415,O0002851,P0088,1,28.44,23.35
3416,O0002852,P0150,1,14.55,10.65
3417,O0002852,P0049,1,20.58,12.47
3418,O0002853,P0208,1,20.68,14.13
3419,O0002854,P0066,1,16.55,12.33
3420,O0002855,P0189,1,31.8,26.78
3421,O0002856,P0241,1,17.11,10.78
3422,O0002856,P0033,1,14.27,5.65
3423,O0002856,P0335,1,24.9,13.06
3424,O0002857,P0299,1,14.58,7.4
3425,O0002857,P0316,1,25.48,12.2
3426,O0002857,P0130,1,534.96,365.11
3427,O0002858,P0001,1,36.5,26.33
3428,O0002858,P0369,1,19.46,16.2
3429,O0002858,P0031,1,31.79,14.43
3430,O0002859,P0080,1,25.92,13.01
3431,O0002860,P0006,1,40.8,39.56
3432,O0002861,P0122,1,27.74,23.37
3433,O0002862,P0194,1,46.22,35.65
3434,O0002863,P0004,1,20.34,16.32
3435,O0002863,P0352,1,10.56,8.31
3436,O0002864,P0308,1,44.75,23.74
3437,O0002864,P0046,1,85.77,49.91
3438,O0002865,P0204,1,29.54,25.44
3439,O0002866,P0395,1,51.86,21.71
3440,O0002867,P0375,1,19.93,9.51
3441,O0002868,P0269,1,22.52,11.59
3442,O0002869,P0345,1,25.98,19.29
3443,O0002870,P0184,1,20.87,12.93
3444,O0002871,P0236,1,72.46,56.3
3445,O0002872,P0016,1,26.81,13.01
3446,O0002872,P0391,1,66.48,31.17
3447,O0002873,P0188,1,24.95,20.54
3448,O0002874,P0243,2,27.01,14.21
3449,O0002875,P0305,2,13.92,7.29
3450,O0002876,P0388,1,15.88,6.81
3451,O0002877,P0001,1,36.5,26.99
3452,O0002878,P0377,1,5.0,4.0
3453,O0002879,P0116,1,23.14,18.48
3454,O0002880,P0090,1,45.85,26.41
3455,O0002881,P0120,1,9.06,6.64
3456,O0002882,P0152,1,51.13,38.58
3457,O0002883,P0101,1,53.02,38.29
3458,O0002884,P0016,1,26.81,13.1
3459,O0002885,P0090,1,45.85,26.58
3460,O0002886,P0058,1,18.88,11.7
3461,O0002887,P0379,1,107.68,45.89
3462,O0002888,P0111,1,10.42,8.96
3463,O0002889,P0241,1,17.11,10.71
3464,O0002890,P0091,1,33.52,29.52
3465,O0002891,P0336,1,93.8,74.93
3466,O0002892,P0170,1,9.11,6.03
3467,O0002893,P0372,1,6.53,5.31
3468,O0002894,P0320,1,77.73,46.48
3469,O0002895,P0342,1,150.89,116.85
3470,O0002896,P0038,1,19.16,13.25
3471,O0002897,P0392,1,5.0,2.43
3472,O0002897,P0377,1,5.0,4.12
3473,O0002897,P0090,1,45.85,25.32
3474,O0002898,P0336,1,93.8,75.55
3475,O0002899,P0014,1,16.39,13.09
3476,O0002900,P0395,1,39.85,22.27
3477,O0002901,P0199,1,34.14,24.27
3478,O0002901,P0256,1,43.56,33.93
3479,O0002902,P0141,1,25.44,16.95
3480,O0002903,P0208,1,20.68,13.36
3481,O0002904,P0129,1,37.04,28.77
3482,O0002904,P0068,1,24.02,10.48
3483,O0002905,P0030,1,57.15,37.54
3484,O0002906,P0393,1,6.31,5.43
3485,O0002907,P0233,1,63.03,52.77
3486,O0002908,P0235,1,4.38,5.36
3487,O0002909,P0347,1,56.26,25.28
3488,O0002910,P0263,1,32.89,15.99
3489,O0002910,P0270,1,10.72,6.04
3490,O0002911,P0118,1,7.3,4.02
3491,O0002911,P0368,1,58.87,35.45
3492,O0002912,P0080,1,25.92,12.27
3493,O0002913,P0028,1,19.28,10.2
3494,O0002913,P0128,1,33.3,30.73
3495,O0002914,P0209,1,48.72,21.78
3496,O0002915,P0103,1,20.16,10.64
3497,O0002916,P0171,1,21.73,18.72
3498,O0002917,P0393,1,7.96,5.76
3499,O0002918,P0041,1,46.99,38.36
3500,O0002919,P0091,1,37.25,31.22
3501,O0002920,P0003,1,20.34,8.71
3502,O0002921,P0315,1,14.56,8.33
3503,O0002922,P0062,1,17.52,9.64
3504,O0002923,P0239,1,24.64,19.07
3505,O0002924,P0354,1,110.11,63.92
3506,O0002925,P0308,1,44.75,23.09
3507,O0002926,P0380,2,60.42,43.39
3508,O0002926,P0307,1,26.56,17.58
3509,O0002927,P0248,1,26.91,20.84
3510,O0002928,P0109,1,40.47,21.28
3511,O0002929,P0205,1,7.7,6.04
3512,O0002930,P0020,1,10.53,8.74
3513,O0002931,P0268,1,13.01,5.94
3514,O0002931,P0055,1,26.51,20.63
3515,O0002932,P0198,3,21.81,10.33
3516,O0002933,P0224,1,12.85,6.47
3517,O0002934,P0210,1,21.59,13.3
3518,O0002935,P0063,1,15.36,13.9
3519,O0002936,P0315,1,14.56,7.93
3520,O0002937,P0277,1,16.05,8.99
3521,O0002938,P0302,1,12.62,11.07
3522,O0002939,P0211,1,21.75,10.41
3523,O0002940,P0398,1,9.94,4.41
3524,O0002941,P0105,1,23.07,18.31
3525,O0002942,P0275,1,22.42,17.81
3526,O0002943,P0203,1,16.83,7.54
3527,O0002944,P0026,1,28.14,14.01
3528,O0002945,P0137,1,16.82,7.62
3529,O0002945,P0086,1,9.16,6.2
3530,O0002946,P0117,1,12.46,9.77
3531,O0002947,P0389,1,20.01,13.28
3532,O0002948,P0225,1,5.0,3.33
3533,O0002949,P0354,1,110.11,61.3
3534,O0002950,P0323,1,33.01,26.93
3535,O0002951,P0202,1,11.94,12.8
3536,O0002952,P0015,1,11.9,10.87
3537,O0002953,P0244,1,26.7,26.74
3538,O0002954,P0294,3,21.07,12.13
3539,O0002955,P0286,1,7.86,4.24
3540,O0002956,P0398,1,8.95,4.42
3541,O0002957,P0268,1,13.01,5.71
3542,O0002958,P0137,1,16.82,7.62
3543,O0002959,P0376,1,7.37,3.62
3544,O0002960,P0033,1,14.27,5.63
3545,O0002960,P0370,1,17.44,7.15
3546,O0002961,P0060,1,30.23,19.19
3547,O0002961,P0311,1,4.89,3.0
3548,O0002962,P0301,1,25.5,15.26
3549,O0002963,P0385,1,28.75,14.39
3550,O0002964,P0023,2,8.48,7.23
3551,O0002965,P0040,1,21.15,12.07
3552,O0002966,P0319,1,37.48,24.07
3553,O0002967,P0128,1,37.0,30.91
3554,O0002968,P0155,1,67.59,28.46
3555,O0002969,P0365,1,8.92,9.67
3556,O0002969,P0074,1,38.23,33.66
3557,O0002969,P0082,1,84.77,38.74
3558,O0002970,P0147,1,36.74,21.72
3559,O0002971,P0279,1,7.3,4.35
3560,O0002972,P0171,1,16.3,18.33
3561,O0002973,P0374,1,8.71,5.2
3562,O0002974,P0244,1,37.02,26.77
3563,O0002975,P0225,1,4.13,3.27
3564,O0002976,P0022,1,9.24,5.94
3565,O0002977,P0309,1,14.44,7.91
3566,O0002977,P0180,1,15.67,11.93
3567,O0002978,P0016,1,26.81,12.62
3568,O0002979,P0199,1,34.14,23.05
3569,O0002979,P0143,1,5.0,3.89
3570,O0002979,P0398,1,9.94,4.38
3571,O0002980,P0122,1,27.74,23.8
3572,O0002980,P0143,1,5.0,3.88
3573,O0002981,P0056,1,53.25,43.95
3574,O0002982,P0202,1,16.35,12.44
3575,O0002983,P0070,1,176.02,91.78
3576,O0002984,P0134,1,20.3,8.37
3577,O0002985,P0049,1,20.58,11.85
3578,O0002986,P0204,1,29.54,25.53
3579,O0002987,P0002,1,21.96,14.7
3580,O0002988,P0029,1,16.97,8.75
3581,O0002989,P0102,1,34.13,23.01
3582,O0002990,P0221,1,137.35,92.57
3583,O0002991,P0240,1,18.0,20.95
3584,O0002991,P0340,1,61.25,48.32
3585,O0002992,P0083,1,13.11,11.08
3586,O0002993,P0053,1,51.03,40.43
3587,O0002994,P0128,1,37.0,29.74
3588,O0002994,P0241,1,17.11,10.31
3589,O0002994,P0395,1,51.86,22.08
3590,O0002995,P0019,1,17.37,10.02
3591,O0002996,P0206,1,7.96,6.84
3592,O0002997,P0124,1,9.83,7.36
3593,O0002997,P0162,1,7.03,3.33
3594,O0002997,P0128,1,37.0,30.83
3595,O0002998,P0278,1,15.48,9.8
3596,O0002999,P0085,1,47.03,36.09
3597,O0003000,P0207,1,13.81,10.79
3598,O0003001,P0127,1,37.04,28.88
3599,O0003002,P0348,1,16.31,12.72
3600,O0003003,P0053,1,46.52,39.54
3601,O0003004,P0149,1,16.78,10.9
3602,O0003005,P0169,1,73.6,53.68
3603,O0003006,P0036,1,51.68,23.51
3604,O0003007,P0379,1,107.68,44.96
3605,O0003008,P0384,1,25.72,18.61
3606,O0003009,P0154,1,46.7,28.89
3607,O0003009,P0276,1,20.56,15.69
3608,O0003010,P0245,1,7.19,3.27
3609,O0003011,P0180,1,15.67,12.26
3610,O0003012,P0109,1,40.47,21.38
3611,O0003013,P0249,1,127.56,100.19
3612,O0003014,P0194,1,46.22,36.21
3613,O0003015,P0145,1,13.01,5.25
3614,O0003016,P0146,1,22.38,19.24
3615,O0003017,P0137,3,16.82,7.71
3616,O0003018,P0300,1,16.61,8.8
3617,O0003019,P0099,1,9.92,6.36
3618,O0003020,P0130,1,534.96,383.66
3619,O0003021,P0275,1,22.42,17.67
3620,O0003022,P0086,1,9.16,6.04
3621,O0003023,P0075,1,75.36,53.42
3622,O0003024,P0018,1,17.49,11.42
3623,O0003025,P0128,1,37.0,30.93
3624,O0003025,P0258,1,8.13,6.95
3625,O0003026,P0185,1,47.48,21.47
3626,O0003027,P0121,1,12.1,8.58
3627,O0003028,P0087,1,6.78,3.03
3628,O0003029,P0077,1,11.11,4.83
3629,O0003030,P0339,1,7.52,3.59
3630,O0003031,P0108,1,78.48,48.98
3631,O0003031,P0177,1,50.38,37.37
3632,O0003032,P0019,1,24.27,10.52
3633,O0003032,P0353,1,34.15,17.83
3634,O0003033,P0247,1,76.36,55.44
3635,O0003034,P0272,1,25.23,19.07
3636,O0003035,P0197,1,53.52,29.95
3637,O0003036,P0209,1,39.89,21.9
3638,O0003037,P0267,1,16.05,7.97
3639,O0003038,P0214,1,12.66,8.3
3640,O0003039,P0294,1,18.96,12.17
3641,O0003040,P0158,1,45.59,20.04
3642,O0003041,P0013,1,79.24,40.42
3643,O0003042,P0384,1,25.72,18.73
3644,O0003042,P0032,1,18.03,15.02
3645,O0003042,P0281,1,38.91,24.57
3646,O0003043,P0019,1,24.27,10.12
3647,O0003044,P0347,1,56.26,24.8
3648,O0003045,P0130,1,534.96,369.16
3649,O0003046,P0230,1,36.36,28.55
3650,O0003047,P0009,2,29.77,18.38
3651,O0003048,P0215,1,20.24,12.17
3652,O0003049,P0298,1,38.49,17.89
3653,O0003050,P0137,1,16.82,7.95
3654,O0003051,P0112,1,36.09,29.89
3655,O0003052,P0359,2,24.1,19.45
3656,O0003053,P0277,1,16.05,9.43
3657,O0003053,P0199,1,29.2,22.71
3658,O0003054,P0217,1,29.35,13.03
3659,O0003055,P0173,1,30.72,13.31
3660,O0003056,P0060,1,30.23,19.96
3661,O0003057,P0175,1,15.31,7.17
3662,O0003058,P0086,1,9.16,5.9
3663,O0003059,P0181,1,24.13,14.11
3664,O0003060,P0040,1,21.15,11.37
3665,O0003061,P0279,1,7.3,4.55
3666,O0003062,P0047,1,26.3,13.98
3667,O0003063,P0176,2,48.41,34.23
3668,O0003064,P0135,1,156.29,86.52
3669,O0003065,P0303,1,15.11,17.63
3670,O0003066,P0077,1,11.11,4.63
3671,O0003067,P0158,3,45.59,19.97
3672,O0003067,P0280,1,73.22,56.01
3673,O0003068,P0323,1,33.01,28.18
3674,O0003069,P0390,2,81.71,48.66
3675,O0003070,P0058,1,18.88,11.09
3676,O0003071,P0277,1,16.05,9.52
3677,O0003072,P0271,1,118.13,49.34
3678,O0003072,P0041,1,46.99,38.46
3679,O0003073,P0334,1,10.95,5.86
3680,O0003074,P0248,1,26.91,21.66
3681,O0003075,P0093,1,14.24,6.67
3682,O0003075,P0144,1,28.48,15.57
3683,O0003076,P0105,3,23.07,19.15
3684,O0003077,P0275,1,19.45,17.78
3685,O0003078,P0171,1,21.73,18.73
3686,O0003079,P0350,1,10.34,5.31
3687,O0003080,P0340,1,55.12,47.56
3688,O0003081,P0126,1,57.0,30.83
3689,O0003082,P0377,1,5.0,4.0
3690,O0003083,P0167,1,25.94,21.61
3691,O0003083,P0214,1,12.66,8.46
3692,O0003084,P0380,1,60.42,43.15
3693,O0003085,P0255,1,19.78,12.36
3694,O0003086,P0081,1,11.76,9.8
3695,O0003087,P0207,1,13.81,10.77
3696,O0003088,P0122,1,27.74,23.26
3697,O0003089,P0394,1,13.17,8.0
3698,O0003090,P0120,2,9.06,6.67
3699,O0003091,P0010,1,5.31,2.77
3700,O0003092,P0016,1,21.91,12.83
3701,O0003093,P0262,1,19.69,12.13
3702,O0003094,P0048,1,19.31,12.62
3703,O0003095,P0236,1,72.46,58.52
3704,O0003096,P0319,1,37.48,22.83
3705,O0003096,P0278,1,15.48,9.46
3706,O0003096,P0277,1,16.05,9.01
3707,O0003097,P0341,1,40.7,32.4
3708,O0003097,P0076,1,7.99,5.09
3709,O0003098,P0397,1,43.7,18.0
3710,O0003099,P0371,1,10.92,7.15
3711,O0003100,P0140,1,42.25,19.26
3712,O0003101,P0020,1,9.48,8.61
3713,O0003101,P0367,1,25.65,17.04
3714,O0003102,P0227,1,32.25,17.07
3715,O0003102,P0169,1,87.25,55.37
3716,O0003103,P0154,1,56.03,28.66
3717,O0003104,P0253,2,57.21,32.58
3718,O0003104,P0338,1,5.0,3.55
3719,O0003105,P0332,1,18.9,15.19
3720,O0003106,P0168,1,18.02,12.03
3721,O0003106,P0039,1,16.72,9.28
3722,O0003106,P0330,1,15.77,11.48
3723,O0003107,P0068,1,21.62,10.38
3724,O0003108,P0002,1,21.96,14.46
3725,O0003109,P0369,1,21.62,16.87
3726,O0003110,P0001,1,36.5,26.13
3727,O0003111,P0174,1,14.91,8.27
3728,O0003112,P0322,1,20.85,17.64
3729,O0003113,P0151,1,8.95,7.32
3730,O0003114,P0362,1,35.77,24.02
3731,O0003115,P0276,1,19.13,15.76
3732,O0003116,P0121,1,12.1,8.07
3733,O0003117,P0239,1,24.64,18.38
3734,O0003118,P0184,1,20.87,12.7
3735,O0003119,P0211,1,24.17,10.52
3736,O0003119,P0337,1,47.63,39.94
3737,O0003120,P0013,1,71.32,40.73
3738,O0003121,P0393,3,7.96,5.44
3739,O0003122,P0309,1,13.0,7.79
3740,O0003123,P0045,1,23.84,15.17
3741,O0003123,P0290,1,49.67,32.33
3742,O0003123,P0163,1,69.94,50.58
3743,O0003124,P0027,1,22.36,13.47
3744,O0003124,P0353,1,34.15,18.0
3745,O0003125,P0391,1,66.48,32.5
3746,O0003125,P0025,1,44.29,19.67
3747,O0003125,P0222,1,13.28,11.21
3748,O0003126,P0383,1,192.23,86.32
3749,O0003127,P0332,2,18.9,14.23
3750,O0003127,P0156,1,13.93,6.2
3751,O0003128,P0016,1,18.93,13.41
3752,O0003129,P0221,1,137.35,91.46
3753,O0003129,P0045,1,23.84,15.76
3754,O0003130,P0037,1,12.54,10.05
3755,O0003131,P0226,1,16.11,6.96
3756,O0003132,P0032,1,18.03,15.03
3757,O0003133,P0343,1,16.99,9.09
3758,O0003134,P0040,1,21.15,11.94
3759,O0003135,P0115,1,35.82,30.77
3760,O0003136,P0129,1,37.04,28.03
3761,O0003137,P0044,1,14.64,9.93
3762,O0003138,P0366,1,22.18,17.43
3763,O0003139,P0298,1,38.49,18.1
3764,O0003140,P0012,1,31.54,18.31
3765,O0003141,P0074,1,44.77,32.02
3766,O0003142,P0302,1,12.62,10.42
3767,O0003143,P0285,1,13.4,5.68
3768,O0003144,P0345,1,23.38,18.93
3769,O0003145,P0338,1,5.0,3.37
3770,O0003146,P0219,1,20.86,17.37
3771,O0003147,P0066,1,23.11,11.89
3772,O0003148,P0064,1,33.89,25.41
3773,O0003149,P0224,1,12.85,6.38
3774,O0003150,P0195,1,24.29,10.53
3775,O0003151,P0066,1,23.11,12.26
3776,O0003152,P0270,1,10.72,6.29
3777,O0003153,P0274,1,29.11,24.36
3778,O0003154,P0388,1,15.88,7.07
3779,O0003155,P0088,1,28.44,22.61
3780,O0003156,P0248,1,26.91,21.43
3781,O0003157,P0213,1,31.76,24.27
3782,O0003158,P0274,1,29.11,24.38
3783,O0003159,P0192,1,130.83,70.94
3784,O0003160,P0009,1,29.77,18.41
3785,O0003160,P0291,1,26.1,17.55
3786,O0003160,P0253,1,57.21,33.57
3787,O0003161,P0233,1,63.03,52.94
3788,O0003162,P0219,1,25.02,17.18
3789,O0003163,P0357,1,30.69,19.04
3790,O0003164,P0129,1,37.04,27.57
3791,O0003164,P0095,1,31.01,12.71
3792,O0003165,P0164,1,7.78,6.33
3793,O0003166,P0278,1,15.48,9.48
3794,O0003167,P0143,1,5.0,3.87
3795,O0003168,P0064,1,33.89,25.02
3796,O0003169,P0243,1,27.01,13.44
3797,O0003170,P0097,1,109.14,77.06
3798,O0003171,P0387,1,23.9,15.87
3799,O0003171,P0364,1,16.3,13.34
3800,O0003172,P0367,1,25.65,17.02
3801,O0003173,P0047,1,26.3,14.76
3802,O0003174,P0074,1,44.77,32.15
3803,O0003174,P0192,1,130.83,74.01
3804,O0003174,P0010,1,5.31,2.83
3805,O0003175,P0304,1,11.87,9.21
3806,O0003176,P0223,1,141.44,76.74
3807,O0003177,P0258,1,8.13,6.61
3808,O0003178,P0386,1,21.86,10.53
3809,O0003179,P0359,1,26.78,19.48
3810,O0003180,P0149,1,16.78,11.39
3811,O0003181,P0357,1,30.69,19.19
3812,O0003182,P0082,1,84.77,40.12
3813,O0003183,P0264,1,11.57,6.59
3814,O0003184,P0140,1,31.77,18.92
3815,O0003185,P0274,1,29.11,24.06
3816,O0003185,P0067,1,5.29,2.77
3817,O0003186,P0272,1,25.23,19.18
3818,O0003187,P0349,1,19.77,14.83
3819,O0003188,P0022,1,9.24,5.95
3820,O0003188,P0386,1,21.86,11.07
3821,O0003189,P0125,1,58.35,33.02
3822,O0003190,P0173,1,30.72,13.51
3823,O0003190,P0035,1,55.97,41.67
3824,O0003191,P0123,1,25.7,21.2
3825,O0003192,P0293,1,10.7,5.6
3826,O0003193,P0133,1,13.22,8.93
3827,O0003194,P0393,1,7.96,5.54
3828,O0003195,P0176,1,44.75,35.53
3829,O0003196,P0241,1,17.11,10.46
3830,O0003197,P0317,1,54.87,28.15
3831,O0003197,P0026,1,28.14,13.92
3832,O0003198,P0041,1,46.99,38.77
3833,O0003198,P0338,1,5.0,3.51
3834,O0003199,P0047,1,26.3,14.35
3835,O0003200,P0382,3,8.42,8.48
3836,O0003201,P0148,1,49.04,24.08
3837,O0003202,P0376,1,7.37,3.57
3838,O0003203,P0279,1,7.3,4.48
3839,O0003204,P0325,1,26.29,17.77
3840,O0003205,P0183,1,38.0,30.31
3841,O0003206,P0366,1,22.18,17.61
3842,O0003207,P0273,1,14.02,11.5
3843,O0003207,P0023,1,8.48,7.36
3844,O0003208,P0212,1,19.47,9.01
3845,O0003209,P0328,1,17.65,8.23
3846,O0003210,P0016,1,26.81,12.71
3847,O0003211,P0330,1,17.52,11.6
3848,O0003212,P0050,1,32.64,24.93
3849,O0003213,P0264,1,11.57,6.62
3850,O0003214,P0105,1,23.07,19.02
3851,O0003215,P0133,1,13.22,9.1
3852,O0003215,P0335,1,24.9,12.56
3853,O0003216,P0051,1,12.85,11.02
3854,O0003217,P0211,1,24.17,10.74
3855,O0003218,P0312,1,25.49,17.25
3856,O0003219,P0336,1,93.8,76.91
3857,O0003220,P0331,1,44.32,28.31
3858,O0003221,P0229,1,11.96,9.84
3859,O0003221,P0181,1,24.13,14.37
3860,O0003222,P0238,1,66.04,34.5
3861,O0003223,P0004,1,20.34,16.1
3862,O0003224,P0041,1,34.56,38.42
3863,O0003225,P0365,1,11.12,9.79
3864,O0003226,P0087,1,6.78,3.12
3865,O0003227,P0026,1,28.14,13.59
3866,O0003228,P0066,1,23.11,12.23
3867,O0003229,P0218,1,18.09,16.23
3868,O0003230,P0366,1,18.94,18.01
3869,O0003231,P0281,1,38.91,24.95
3870,O0003231,P0400,1,36.29,18.75
3871,O0003232,P0003,1,20.34,8.98
3872,O0003232,P0080,1,25.92,12.46
3873,O0003233,P0236,2,54.23,58.85
3874,O0003234,P0346,1,16.74,13.42
3875,O0003235,P0050,1,32.64,24.82
3876,O0003236,P0379,1,84.52,43.35
3877,O0003237,P0008,1,37.87,18.97
3878,O0003238,P0080,1,25.92,12.37
3879,O0003239,P0394,1,13.17,7.66
3880,O0003240,P0095,1,31.01,12.85
3881,O0003241,P0015,1,15.87,10.54
3882,O0003242,P0338,1,5.0,3.37
3883,O0003243,P0340,1,61.25,47.56
3884,O0003244,P0138,1,58.62,38.35
3885,O0003245,P0152,1,51.13,36.71
3886,O0003246,P0047,1,26.3,14.02
3887,O0003247,P0101,1,53.02,37.83
3888,O0003248,P0201,1,29.84,13.14
3889,O0003249,P0265,1,23.33,16.23
3890,O0003250,P0217,1,29.35,12.77
3891,O0003251,P0301,2,25.5,15.04
3892,O0003252,P0160,1,10.81,6.56
3893,O0003253,P0180,1,15.67,12.14
3894,O0003254,P0322,1,20.85,17.32
3895,O0003255,P0325,1,26.29,18.04
3896,O0003255,P0055,1,26.51,21.07
3897,O0003256,P0202,2,14.94,12.87
3898,O0003257,P0179,1,12.64,9.71
3899,O0003258,P0194,1,46.22,35.51
3900,O0003259,P0058,1,18.88,11.46
3901,O0003260,P0085,1,39.25,36.77
3902,O0003261,P0133,1,13.22,9.13
3903,O0003262,P0300,1,16.61,8.89
3904,O0003262,P0015,1,15.87,11.21
3905,O0003263,P0350,1,11.21,5.22
3906,O0003264,P0174,1,13.42,7.98
3907,O0003265,P0143,1,5.0,3.79
3908,O0003266,P0363,1,87.76,75.26
3909,O0003267,P0089,1,30.2,17.27
3910,O0003268,P0289,1,94.61,73.33
3911,O0003268,P0039,1,16.72,9.18
3912,O0003269,P0244,1,34.68,26.03
3913,O0003270,P0038,1,19.16,13.38
3914,O0003271,P0053,1,51.03,39.42
3915,O0003272,P0361,1,13.03,8.66
3916,O0003273,P0003,1,20.34,8.71
3917,O0003274,P0038,1,19.16,13.03
3918,O0003275,P0006,1,38.42,39.1
3919,O0003276,P0167,1,23.35,21.25
3920,O0003277,P0371,1,10.92,6.99
3921,O0003277,P0345,1,25.98,19.03
3922,O0003278,P0328,1,17.65,8.26
3923,O0003279,P0241,1,17.11,10.62
3924,O0003280,P0145,1,13.01,5.49
3925,O0003281,P0186,1,47.03,39.52
3926,O0003282,P0006,1,45.33,37.57
3927,O0003283,P0211,1,24.17,10.66
3928,O0003284,P0279,1,7.3,4.51
3929,O0003285,P0142,1,14.57,10.09
3930,O0003285,P0134,1,20.3,8.38
3931,O0003286,P0329,1,33.63,23.61
3932,O0003286,P0067,1,5.29,2.85
3933,O0003286,P0346,1,16.74,13.87
3934,O0003287,P0335,1,24.9,12.49
3935,O0003288,P0296,1,113.02,97.46
3936,O0003288,P0034,1,40.02,30.77
3937,O0003289,P0058,1,18.88,11.48
3938,O0003290,P0130,1,534.96,365.31
3939,O0003291,P0267,1,16.05,7.64
3940,O0003292,P0390,1,81.71,48.1
3941,O0003293,P0116,1,20.83,18.35
3942,O0003294,P0302,1,11.36,10.95
3943,O0003295,P0139,1,13.84,9.29
3944,O0003296,P0029,1,16.97,9.15
3945,O0003297,P0304,1,11.87,9.43
3946,O0003298,P0026,1,28.14,13.47
3947,O0003299,P0276,1,20.56,15.14
3948,O0003300,P0396,3,67.85,34.15
3949,O0003301,P0048,1,19.31,12.17
3950,O0003302,P0358,2,9.97,6.81
3951,O0003303,P0199,1,34.14,22.71
3952,O0003303,P0029,1,16.97,9.21
3953,O0003304,P0037,1,12.54,10.37
3954,O0003305,P0221,1,137.35,94.81
3955,O0003306,P0326,1,21.66,17.14
3956,O0003307,P0140,1,42.25,19.07
3957,O0003308,P0051,1,11.56,10.85
3958,O0003309,P0081,1,11.76,10.01
3959,O0003309,P0229,1,11.96,9.95
3960,O0003309,P0284,1,11.42,5.87
3961,O0003310,P0289,1,94.61,74.82
3962,O0003311,P0175,2,15.31,7.19
3963,O0003312,P0362,1,35.77,23.7
3964,O0003313,P0012,1,31.54,18.53
3965,O0003313,P0324,1,15.13,7.43
3966,O0003314,P0008,1,34.08,19.09
3967,O0003315,P0386,1,21.86,10.43
3968,O0003315,P0052,1,16.42,12.62
3969,O0003315,P0038,1,19.16,13.04
3970,O0003316,P0088,1,28.44,23.33
3971,O0003316,P0372,1,6.53,5.41
3972,O0003317,P0324,1,15.13,7.52
3973,O0003318,P0150,1,14.55,10.47
3974,O0003319,P0140,1,38.02,19.28
3975,O0003319,P0373,1,8.74,6.4
3976,O0003320,P0064,1,33.89,25.35
3977,O0003321,P0145,1,13.01,5.34
3978,O0003322,P0151,1,8.95,7.46
3979,O0003323,P0185,1,47.48,21.86
3980,O0003324,P0234,1,16.86,7.77
3981,O0003325,P0085,1,47.03,35.9
3982,O0003326,P0232,1,106.18,83.84
3983,O0003327,P0319,1,37.48,24.09
3984,O0003328,P0396,1,67.85,34.45
3985,O0003329,P0299,1,14.58,7.14
3986,O0003330,P0186,1,47.03,39.69
3987,O0003331,P0288,1,10.33,8.2
3988,O0003332,P0163,1,77.71,48.98
3989,O0003333,P0371,1,10.92,7.02
3990,O0003334,P0154,1,56.03,28.46
3991,O0003335,P0296,1,113.02,97.33
3992,O0003336,P0106,1,29.01,22.31
3993,O0003337,P0203,1,16.83,7.44
3994,O0003338,P0145,1,13.01,5.36
3995,O0003339,P0331,1,49.25,28.56
3996,O0003340,P0297,1,8.01,3.7
3997,O0003340,P0007,1,16.85,8.43
3998,O0003341,P0202,1,16.35,12.64
3999,O0003342,P0373,1,8.74,6.49
4000,O0003343,P0150,1,14.55,10.64
4001,O0003343,P0070,1,176.02,94.16
4002,O0003344,P0084,1,18.96,15.16
4003,O0003345,P0200,1,11.92,6.95
4004,O0003346,P0047,1,23.89,14.87
4005,O0003347,P0092,1,31.11,24.25
4006,O0003348,P0193,1,61.96,45.94
4007,O0003348,P0114,1,43.43,35.94
4008,O0003348,P0154,1,56.03,28.62
4009,O0003349,P0312,1,25.49,17.89
4010,O0003350,P0357,1,30.69,18.99
4011,O0003351,P0259,1,6.28,3.89
4012,O0003352,P0012,1,31.54,17.94
4013,O0003352,P0023,1,8.48,6.96
4014,O0003353,P0212,1,19.47,8.98
4015,O0003354,P0134,1,17.82,8.47
4016,O0003355,P0273,1,14.02,11.06
4017,O0003356,P0047,1,26.3,14.66
4018,O0003357,P0327,1,32.14,15.74
4019,O0003358,P0111,1,9.38,8.88
4020,O0003358,P0042,1,72.6,44.3
4021,O0003358,P0337,1,47.63,39.38
4022,O0003359,P0084,1,18.96,15.7
4023,O0003360,P0336,1,93.8,76.59
4024,O0003361,P0290,1,49.67,32.38
4025,O0003362,P0306,1,44.89,31.21
4026,O0003363,P0092,1,31.11,24.33
4027,O0003364,P0207,1,13.81,10.75
4028,O0003365,P0273,1,14.02,11.18
4029,O0003366,P0048,1,19.31,12.48
4030,O0003367,P0377,1,5.0,4.21
4031,O0003368,P0136,1,4.96,3.62
4032,O0003369,P0277,1,16.05,8.93
4033,O0003370,P0131,1,52.63,43.23
4034,O0003371,P0163,1,77.71,49.1
4035,O0003372,P0016,1,26.81,13.33
4036,O0003373,P0198,1,21.81,9.75
4037,O0003374,P0388,1,15.88,6.91
4038,O0003374,P0148,1,49.04,23.47
4039,O0003375,P0040,1,19.04,11.94
4040,O0003375,P0237,1,22.38,13.17
4041,O0003376,P0230,1,36.36,28.97
4042,O0003377,P0394,1,13.17,7.58
4043,O0003378,P0032,2,18.03,15.36
4044,O0003379,P0283,1,22.15,13.98
4045,O0003380,P0395,1,51.86,21.16
4046,O0003381,P0055,1,20.27,20.61
4047,O0003382,P0230,1,36.36,27.77
4048,O0003382,P0008,1,37.87,19.06
4049,O0003383,P0184,2,20.87,12.17
4050,O0003384,P0293,1,10.7,5.64
4051,O0003385,P0073,1,61.21,31.76
4052,O0003386,P0121,1,12.1,8.24
4053,O0003386,P0156,1,13.93,6.55
4054,O0003387,P0115,1,35.82,29.73
4055,O0003388,P0043,1,29.48,25.13
4056,O0003389,P0041,1,46.99,38.1
4057,O0003390,P0216,1,33.83,26.54
4058,O0003391,P0162,1,7.81,3.41
4059,O0003392,P0183,1,38.0,30.59
4060,O0003393,P0057,1,13.99,7.32
4061,O0003394,P0318,1,15.46,10.73
4062,O0003395,P0059,1,31.09,13.03
4063,O0003395,P0034,1,40.02,31.51
4064,O0003396,P0348,1,16.31,12.7
4065,O0003397,P0208,1,20.68,13.71
4066,O0003398,P0009,1,29.77,17.98
4067,O0003399,P0267,1,16.05,7.8
4068,O0003400,P0189,1,31.8,25.95
4069,O0003401,P0077,1,11.11,4.59
4070,O0003402,P0372,1,4.58,5.28
4071,O0003403,P0104,2,13.42,6.93
4072,O0003404,P0079,1,7.1,4.99
4073,O0003405,P0362,1,35.77,24.07
4074,O0003406,P0305,2,15.47,7.41
4075,O0003407,P0229,1,10.76,9.72
4076,O0003407,P0066,2,23.11,12.45
4077,O0003408,P0106,1,32.23,21.75
4078,O0003409,P0323,1,33.01,27.77
4079,O0003410,P0256,1,43.56,33.66
4080,O0003411,P0074,1,44.77,31.99
4081,O0003412,P0018,1,19.43,11.98
4082,O0003413,P0111,1,10.42,8.71
4083,O0003413,P0241,1,17.11,10.25
4084,O0003413,P0131,1,52.63,43.82
4085,O0003414,P0210,1,21.59,13.58
4086,O0003414,P0158,1,45.59,19.93
4087,O0003414,P0359,2,26.78,18.85
4088,O0003415,P0194,1,46.22,36.57
4089,O0003416,P0013,2,79.24,40.21
4090,O0003417,P0140,1,42.25,19.31
4091,O0003417,P0199,1,34.14,24.21
4092,O0003417,P0198,2,21.81,9.77
4093,O0003418,P0355,1,5.91,3.65
4094,O0003418,P0164,1,7.78,6.34
4095,O0003419,P0297,1,8.01,3.63
4096,O0003420,P0020,1,10.53,8.44
4097,O0003421,P0358,1,8.97,6.79
4098,O0003422,P0070,1,176.02,95.94
4099,O0003422,P0082,1,84.77,39.1
4100,O0003423,P0311,1,6.67,3.05
4101,O0003424,P0014,1,20.48,12.75
4102,O0003425,P0108,1,78.48,50.84
4103,O0003426,P0056,1,53.25,44.49
4104,O0003427,P0165,3,11.19,4.86
4105,O0003428,P0010,1,5.31,2.88
4106,O0003429,P0154,1,56.03,28.88
4107,O0003430,P0256,2,43.56,33.73
4108,O0003431,P0261,1,5.0,3.37
4109,O0003432,P0057,1,13.99,6.9
4110,O0003433,P0379,1,107.68,45.73
4111,O0003434,P0124,1,9.83,7.33
4112,O0003435,P0150,1,14.55,10.52
4113,O0003436,P0338,1,5.0,3.54
4114,O0003437,P0278,1,15.48,9.6
4115,O0003437,P0148,1,49.04,23.17
4116,O0003438,P0182,1,26.95,20.9
4117,O0003439,P0037,1,12.54,10.22
4118,O0003440,P0374,1,8.71,5.33
4119,O0003441,P0064,1,33.89,24.35
4120,O0003442,P0040,1,21.15,11.81
4121,O0003443,P0378,2,23.49,13.76
4122,O0003444,P0382,1,10.12,8.74
4123,O0003445,P0169,1,87.25,53.83
4124,O0003446,P0123,3,25.7,20.76
4125,O0003446,P0214,1,12.66,8.33
4126,O0003446,P0232,2,106.18,84.44
4127,O0003447,P0375,1,19.93,9.27
4128,O0003448,P0341,1,40.7,34.16
4129,O0003449,P0319,1,37.48,23.17
4130,O0003450,P0315,1,14.56,8.38
4131,O0003451,P0309,1,14.44,7.85
4132,O0003452,P0194,1,46.22,35.13
4133,O0003453,P0363,1,87.76,71.08
4134,O0003454,P0353,1,34.15,18.31
4135,O0003455,P0228,1,110.05,84.33
4136,O0003456,P0297,1,8.01,3.71
4137,O0003457,P0048,1,19.31,12.39
4138,O0003458,P0208,1,20.68,13.47
4139,O0003459,P0182,1,26.95,21.07
4140,O0003460,P0298,1,38.49,17.69
4141,O0003461,P0164,1,7.78,6.14
4142,O0003461,P0338,1,5.0,3.48
4143,O0003462,P0398,1,7.71,4.43
4144,O0003463,P0118,1,7.3,4.07
4145,O0003464,P0167,1,25.94,21.8
4146,O0003465,P0023,1,8.48,7.21
4147,O0003466,P0022,1,8.32,5.78
4148,O0003467,P0226,1,16.11,7.22
4149,O0003468,P0167,2,25.94,22.16
4150,O0003469,P0314,1,6.49,3.93
4151,O0003470,P0242,1,32.09,18.87
4152,O0003471,P0082,1,84.77,39.83
4153,O0003472,P0123,1,25.7,21.06
4154,O0003473,P0158,2,45.59,20.67
4155,O0003473,P0121,1,12.1,8.58
4156,O0003474,P0083,1,13.11,10.91
4157,O0003475,P0034,1,40.02,31.58
4158,O0003476,P0379,1,107.68,43.02
4159,O0003477,P0102,1,34.13,22.37
4160,O0003478,P0233,1,63.03,54.62
4161,O0003479,P0208,1,18.61,13.76
4162,O0003480,P0198,1,21.81,10.08
4163,O0003480,P0160,1,10.81,6.51
4164,O0003481,P0267,1,16.05,7.67
4165,O0003482,P0062,1,17.52,9.74
4166,O0003483,P0199,1,34.14,23.38
4167,O0003484,P0157,1,34.99,21.32
4168,O0003485,P0096,1,12.46,6.51
4169,O0003486,P0187,1,69.71,38.83
4170,O0003487,P0225,2,5.0,3.28
4171,O0003488,P0380,1,60.42,43.37
4172,O0003489,P0112,1,36.09,30.97
4173,O0003490,P0306,1,44.89,31.59
4174,O0003490,P0113,1,20.52,8.73
4175,O0003491,P0380,1,60.42,43.44
4176,O0003492,P0102,2,34.13,23.01
4177,O0003493,P0136,1,5.17,3.82
4178,O0003494,P0227,1,32.25,17.14
4179,O0003495,P0001,1,36.5,26.62
4180,O0003496,P0400,1,36.29,18.86
4181,O0003497,P0127,1,37.04,29.59
4182,O0003498,P0253,1,57.21,32.94
4183,O0003499,P0054,1,31.91,15.54
4184,O0003500,P0249,1,127.56,103.42
4185,O0003501,P0144,1,25.63,15.27
4186,O0003502,P0058,1,18.88,11.18
4187,O0003503,P0147,1,36.74,21.82
4188,O0003504,P0345,1,25.98,20.19
4189,O0003505,P0237,1,22.38,13.4
4190,O0003505,P0303,1,20.26,16.88
4191,O0003506,P0385,1,25.88,14.25
4192,O0003507,P0394,1,13.17,7.99
4193,O0003508,P0316,1,25.48,12.09
4194,O0003509,P0023,1,8.48,7.35
4195,O0003510,P0241,1,17.11,10.57
4196,O0003511,P0202,1,16.35,12.99
4197,O0003512,P0248,1,26.91,21.08
4198,O0003513,P0087,1,4.96,2.95
4199,O0003514,P0102,1,34.13,23.39
4200,O0003515,P0249,1,127.56,100.33
4201,O0003516,P0038,1,19.16,13.66
4202,O0003517,P0348,1,16.31,12.84
4203,O0003518,P0135,1,156.29,84.46
4204,O0003518,P0342,1,150.89,115.15
4205,O0003519,P0003,1,20.34,8.63
4206,O0003520,P0036,2,51.68,21.99
4207,O0003521,P0254,1,6.01,3.59
4208,O0003522,P0303,1,20.26,17.14
4209,O0003523,P0273,1,14.02,11.11
4210,O0003524,P0147,1,36.74,21.2
4211,O0003525,P0059,1,31.09,12.59
4212,O0003526,P0165,1,11.19,4.82
4213,O0003526,P0140,1,42.25,18.96
4214,O0003527,P0139,1,13.84,9.63
4215,O0003528,P0087,1,6.78,2.96
4216,O0003529,P0395,1,51.86,21.92
4217,O0003530,P0195,1,24.29,10.21
4218,O0003531,P0337,1,47.63,40.28
4219,O0003532,P0283,1,22.15,14.47
4220,O0003533,P0106,1,32.23,21.78
4221,O0003534,P0051,1,12.85,10.96
4222,O0003534,P0211,1,24.17,10.12
4223,O0003534,P0105,1,23.07,18.39
4224,O0003535,P0037,1,12.54,9.92
4225,O0003536,P0268,1,13.01,5.86
4226,O0003537,P0354,1,110.11,60.11
4227,O0003538,P0115,1,35.82,29.94
4228,O0003539,P0050,1,32.64,24.97
4229,O0003539,P0154,1,56.03,29.42
4230,O0003540,P0194,1,46.22,36.05
4231,O0003541,P0152,1,51.13,37.1
4232,O0003542,P0031,2,31.79,14.4
4233,O0003543,P0060,1,30.23,18.82
4234,O0003544,P0063,1,21.56,14.18
4235,O0003545,P0217,1,29.35,12.84
4236,O0003545,P0294,1,21.07,12.31
4237,O0003545,P0296,1,113.02,99.73
4238,O0003546,P0331,1,49.25,29.53
4239,O0003547,P0174,1,14.91,8.29
4240,O0003548,P0237,2,22.38,13.11
4241,O0003549,P0029,1,16.97,8.76
4242,O0003550,P0261,1,5.0,3.51
4243,O0003551,P0076,1,7.99,5.08
4244,O0003552,P0102,1,34.13,23.18
4245,O0003553,P0304,1,11.87,9.31
4246,O0003554,P0283,1,22.15,14.35
4247,O0003555,P0354,1,110.11,64.23
4248,O0003556,P0151,1,8.95,7.77
4249,O0003557,P0040,1,21.15,11.76
4250,O0003558,P0199,1,34.14,23.55
4251,O0003559,P0263,1,32.89,16.58
4252,O0003559,P0067,1,5.29,2.78
4253,O0003560,P0131,1,52.63,41.75
4254,O0003561,P0268,1,13.01,5.85
4255,O0003562,P0115,1,35.82,29.47
4256,O0003563,P0128,1,37.0,29.49
4257,O0003564,P0072,1,31.23,19.93
4258,O0003565,P0081,1,11.76,9.85
4259,O0003566,P0103,1,20.16,10.56
4260,O0003566,P0339,1,7.52,3.5
4261,O0003567,P0288,1,10.33,8.51
4262,O0003568,P0246,1,68.18,49.09
4263,O0003568,P0393,1,7.96,5.68
4264,O0003569,P0093,1,14.24,6.96
4265,O0003569,P0241,1,17.11,10.77
4266,O0003570,P0312,1,25.49,17.65
4267,O0003571,P0112,1,36.09,30.73
4268,O0003572,P0219,2,25.02,17.9
4269,O0003573,P0018,1,19.43,11.79
4270,O0003574,P0227,1,32.25,17.55
4271,O0003575,P0386,1,19.67,10.55
4272,O0003576,P0187,1,69.71,38.1
4273,O0003577,P0312,1,25.49,17.33
4274,O0003578,P0365,1,11.12,9.34
4275,O0003579,P0316,1,25.48,11.72
4276,O0003580,P0205,1,7.7,5.84
4277,O0003581,P0399,1,16.13,11.62
4278,O0003582,P0360,1,43.84,36.87
4279,O0003582,P0242,1,40.38,18.21
4280,O0003583,P0212,1,19.47,9.03
4281,O0003583,P0182,1,26.95,19.98
4282,O0003583,P0212,1,17.52,9.06
4283,O0003584,P0093,1,14.24,6.94
4284,O0003585,P0213,1,31.76,24.36
4285,O0003586,P0342,1,150.89,115.64
4286,O0003587,P0318,1,15.46,11.01
4287,O0003588,P0344,1,12.43,8.98
4288,O0003589,P0003,1,20.34,8.85
4289,O0003590,P0183,1,38.0,29.3
4290,O0003591,P0198,1,21.81,9.69
4291,O0003592,P0131,1,47.37,43.33
4292,O0003593,P0229,1,11.96,9.87
4293,O0003594,P0344,1,12.43,8.97
4294,O0003595,P0354,1,110.11,60.36
4295,O0003596,P0268,1,11.79,5.97
4296,O0003597,P0069,1,25.74,10.92
4297,O0003598,P0079,1,7.1,4.94
4298,O0003599,P0067,1,5.29,2.88
4299,O0003600,P0061,1,7.91,3.66
4300,O0003601,P0279,1,7.3,4.51
4301,O0003602,P0094,1,29.54,24.6
4302,O0003603,P0353,1,34.15,17.68
4303,O0003604,P0249,1,127.56,105.02
4304,O0003605,P0169,1,87.25,52.32
4305,O0003606,P0099,1,11.25,6.23
4306,O0003607,P0198,1,21.81,10.23
4307,O0003608,P0056,1,53.25,41.97
4308,O0003609,P0047,1,26.3,14.81
4309,O0003610,P0174,1,14.91,8.4
4310,O0003611,P0363,1,87.76,74.72
4311,O0003612,P0046,1,85.77,51.86
4312,O0003613,P0147,1,28.43,21.9
4313,O0003614,P0032,1,18.03,14.93
4314,O0003615,P0102,1,34.13,22.47
4315,O0003616,P0084,1,18.96,15.64
4316,O0003617,P0194,1,46.22,35.04
4317,O0003618,P0311,1,6.67,3.08
4318,O0003618,P0063,1,19.4,14.0
4319,O0003618,P0397,1,43.7,17.77
4320,O0003619,P0109,1,40.47,21.94
4321,O0003620,P0167,1,25.94,21.28
4322,O0003621,P0086,1,9.16,6.12
4323,O0003622,P0300,1,16.61,8.64
4324,O0003623,P0314,1,5.38,4.18
4325,O0003624,P0353,1,34.15,17.68
4326,O0003625,P0314,1,5.84,3.98
4327,O0003626,P0315,1,14.56,8.29
4328,O0003627,P0372,1,6.53,5.24
4329,O0003627,P0246,1,68.18,49.88
4330,O0003627,P0037,1,12.54,10.26
4331,O0003628,P0243,1,27.01,13.95
4332,O0003628,P0281,1,29.0,25.27
4333,O0003629,P0357,1,30.69,19.45
4334,O0003630,P0174,1,14.91,8.17
4335,O0003631,P0060,1,30.23,19.43
4336,O0003632,P0333,1,5.0,3.0
4337,O0003633,P0139,1,13.84,9.47
4338,O0003634,P0091,1,37.25,30.55
4339,O0003635,P0398,1,9.94,4.58
4340,O0003636,P0064,1,33.89,25.47
4341,O0003637,P0316,3,21.06,12.05
4342,O0003637,P0095,1,31.01,13.09
4343,O0003638,P0224,1,12.85,6.32
4344,O0003639,P0358,3,9.97,6.81
4345,O0003640,P0172,1,39.28,32.63
4346,O0003641,P0243,1,27.01,13.56
4347,O0003642,P0042,1,72.6,45.79
4348,O0003642,P0249,1,114.8,105.81
4349,O0003643,P0118,1,7.3,4.0
4350,O0003644,P0096,1,13.85,6.51
4351,O0003645,P0047,1,23.67,14.14
4352,O0003646,P0302,1,11.36,10.61
4353,O0003647,P0156,1,13.93,6.21
4354,O0003648,P0199,1,34.14,22.84
4355,O0003649,P0283,1,22.15,14.09
4356,O0003650,P0005,3,86.78,35.63
4357,O0003651,P0061,1,7.91,3.72
4358,O0003652,P0006,1,45.33,37.96
4359,O0003653,P0300,1,16.61,8.71
4360,O0003654,P0311,1,6.67,2.95
4361,O0003655,P0180,1,15.67,12.46
4362,O0003655,P0078,1,15.6,10.54
4363,O0003656,P0298,1,38.49,17.72
4364,O0003657,P0170,1,9.11,5.81
4365,O0003658,P0042,1,72.6,45.17
4366,O0003659,P0343,1,16.99,9.03
4367,O0003660,P0349,1,16.25,15.52
4368,O0003661,P0285,1,13.4,5.73
4369,O0003662,P0106,1,32.23,23.05
4370,O0003663,P0107,1,24.79,16.53
4371,O0003664,P0159,1,5.0,2.47
4372,O0003665,P0398,1,7.96,4.56
4373,O0003665,P0040,1,21.15,11.79
4374,O0003665,P0075,1,75.36,50.95
4375,O0003666,P0236,1,72.46,57.88
4376,O0003666,P0380,1,60.42,41.96
4377,O0003667,P0283,1,22.15,14.13
4378,O0003668,P0292,2,12.32,9.38
4379,O0003668,P0296,1,113.02,96.89
4380,O0003669,P0292,1,12.32,9.2
4381,O0003670,P0287,1,14.63,6.68
4382,O0003671,P0069,1,25.74,10.88
4383,O0003672,P0001,1,36.5,27.58
4384,O0003673,P0325,1,26.29,17.67
4385,O0003674,P0141,1,25.44,16.71
4386,O0003675,P0195,1,24.29,10.55
4387,O0003676,P0271,1,83.93,51.73
4388,O0003677,P0196,1,11.97,7.92
4389,O0003678,P0381,1,15.41,8.57
4390,O0003679,P0373,1,7.87,6.34
4391,O0003680,P0340,1,61.25,48.3
4392,O0003681,P0247,1,84.85,55.95
4393,O0003682,P0067,1,5.29,2.87
4394,O0003683,P0373,1,8.74,6.53
4395,O0003684,P0080,1,25.92,12.68
4396,O0003684,P0360,1,43.84,35.52
4397,O0003684,P0198,1,21.81,10.04
4398,O0003685,P0097,1,109.14,79.46
4399,O0003686,P0206,3,7.96,6.69
4400,O0003687,P0307,1,26.56,17.51
4401,O0003688,P0208,1,20.68,13.92
4402,O0003689,P0245,1,7.19,3.35
4403,O0003690,P0010,1,5.31,2.87
4404,O0003691,P0210,1,21.59,13.93
4405,O0003692,P0197,1,53.52,30.16
4406,O0003693,P0138,1,58.62,38.78
4407,O0003694,P0127,1,37.04,30.31
4408,O0003695,P0107,1,24.79,16.33
4409,O0003696,P0172,1,39.28,32.95
4410,O0003697,P0299,1,14.58,7.05
4411,O0003698,P0376,1,7.37,3.62
4412,O0003699,P0003,1,20.34,8.51
4413,O0003699,P0329,1,33.63,23.55
4414,O0003699,P0137,1,16.82,7.79
4415,O0003700,P0040,3,21.15,12.05
4416,O0003701,P0399,1,16.13,11.36
4417,O0003701,P0279,1,7.3,4.43
4418,O0003702,P0297,1,8.01,3.56
4419,O0003703,P0048,1,19.31,12.17
4420,O0003704,P0302,1,12.62,11.0
4421,O0003705,P0164,1,7.78,6.17
4422,O0003706,P0159,1,4.5,2.43
4423,O0003707,P0249,2,127.56,104.03
4424,O0003708,P0249,1,127.56,103.65
4425,O0003708,P0354,1,110.11,63.46
4426,O0003709,P0065,1,30.15,26.11
4427,O0003710,P0098,1,35.84,18.22
4428,O0003711,P0390,1,81.71,48.33
4429,O0003712,P0104,1,12.19,6.84
4430,O0003713,P0048,1,19.31,12.17
4431,O0003714,P0010,1,5.31,2.95
4432,O0003715,P0063,1,21.56,14.24
4433,O0003716,P0385,1,21.46,13.97
4434,O0003717,P0112,1,36.09,30.03
4435,O0003718,P0183,1,38.0,31.05
4436,O0003719,P0033,1,14.27,5.97
4437,O0003720,P0168,1,14.59,12.35
4438,O0003720,P0193,2,61.96,47.64
4439,O0003721,P0148,1,49.04,24.49
4440,O0003722,P0376,1,7.37,3.52
4441,O0003723,P0027,1,22.36,12.74
4442,O0003724,P0206,1,7.96,6.69
4443,O0003725,P0318,1,15.46,11.35
4444,O0003725,P0056,1,53.25,43.28
4445,O0003725,P0147,1,36.74,21.1
4446,O0003726,P0053,1,51.03,40.18
4447,O0003727,P0052,1,16.42,12.41
4448,O0003728,P0354,1,110.11,61.22
4449,O0003729,P0320,1,77.73,46.01
4450,O0003730,P0193,1,61.96,47.07
4451,O0003731,P0159,1,5.0,2.42
4452,O0003732,P0129,1,33.34,28.67
4453,O0003733,P0305,1,15.47,7.6
4454,O0003733,P0142,1,14.57,10.5
4455,O0003734,P0293,1,9.63,5.61
4456,O0003735,P0035,1,55.97,41.2
4457,O0003735,P0134,1,20.3,8.7
4458,O0003736,P0288,1,10.33,8.62
4459,O0003736,P0275,1,22.42,17.52
4460,O0003737,P0107,1,24.79,16.42
4461,O0003738,P0262,1,22.84,11.38
4462,O0003739,P0348,1,16.31,13.09
4463,O0003740,P0270,1,10.72,6.22
4464,O0003741,P0175,1,15.31,7.25
4465,O0003742,P0273,1,14.02,11.05
4466,O0003743,P0323,1,33.01,27.8
4467,O0003743,P0357,1,30.69,18.97
4468,O0003743,P0102,1,34.13,23.17
4469,O0003744,P0176,1,48.41,34.51
4470,O0003745,P0252,1,73.33,37.35
4471,O0003745,P0057,1,13.99,7.24
4472,O0003746,P0181,2,24.13,13.99
4473,O0003746,P0103,1,18.14,10.56
4474,O0003747,P0245,1,7.19,3.4
4475,O0003747,P0028,1,19.28,10.41
4476,O0003748,P0101,1,53.02,37.79
4477,O0003749,P0030,2,57.15,36.89
4478,O0003750,P0196,1,11.97,7.94
4479,O0003751,P0322,1,20.85,17.7
4480,O0003751,P0059,1,31.09,12.94
4481,O0003752,P0151,1,8.95,7.6
4482,O0003753,P0069,1,25.74,11.32
4483,O0003754,P0255,1,19.78,13.04
4484,O0003755,P0089,1,30.2,17.38
4485,O0003756,P0201,1,26.14,13.45
4486,O0003757,P0252,1,73.33,37.1
4487,O0003757,P0289,1,94.61,71.55
4488,O0003758,P0197,1,53.52,29.34
4489,O0003759,P0130,1,534.96,385.34
4490,O0003759,P0036,1,51.68,22.23
4491,O0003759,P0051,1,11.56,10.65
4492,O0003760,P0150,1,14.55,10.73
4493,O0003761,P0252,1,66.0,35.74
4494,O0003762,P0095,1,31.01,12.6
4495,O0003763,P0220,1,36.54,27.15
4496,O0003764,P0232,1,106.18,85.19
4497,O0003765,P0032,1,18.03,15.0
4498,O0003766,P0351,1,44.95,34.14
4499,O0003767,P0335,1,24.9,12.72
4500,O0003768,P0064,1,33.89,23.9
4501,O0003769,P0367,1,25.65,17.61
4502,O0003770,P0201,1,29.84,13.5
4503,O0003771,P0238,1,66.04,35.7
4504,O0003772,P0279,1,7.3,4.64
4505,O0003773,P0215,1,22.49,11.92
4506,O0003774,P0325,1,26.29,17.16
4507,O0003775,P0179,1,12.64,9.4
4508,O0003775,P0170,1,9.11,5.78
4509,O0003775,P0056,1,53.25,43.68
4510,O0003776,P0082,1,84.77,41.01
4511,O0003777,P0025,1,44.29,19.7
4512,O0003778,P0322,1,20.85,17.89
4513,O0003779,P0217,3,29.35,13.28
4514,O0003780,P0288,1,10.33,8.23
4515,O0003781,P0286,2,7.86,4.48
4516,O0003782,P0251,1,41.11,30.53
4517,O0003783,P0218,1,24.78,15.99
4518,O0003784,P0069,1,25.74,11.02
4519,O0003785,P0046,1,85.77,52.87
4520,O0003786,P0037,3,12.54,10.06
4521,O0003786,P0031,1,28.61,14.23
4522,O0003787,P0292,1,12.32,9.42
4523,O0003788,P0154,1,56.03,28.93
4524,O0003789,P0346,1,15.07,13.8
4525,O0003790,P0031,2,31.79,14.46
4526,O0003791,P0275,1,22.42,16.91
4527,O0003792,P0074,1,44.77,33.5
4528,O0003793,P0313,1,40.89,19.06
4529,O0003794,P0294,1,21.07,11.66
4530,O0003795,P0177,1,50.38,37.78
4531,O0003796,P0186,1,47.03,37.88
4532,O0003797,P0159,1,4.5,2.42
4533,O0003798,P0036,1,51.68,22.95
4534,O0003799,P0286,1,7.86,4.33
4535,O0003799,P0276,1,18.5,15.56
4536,O0003800,P0040,1,16.65,11.52
4537,O0003801,P0285,1,10.18,5.47
4538,O0003802,P0102,1,30.72,22.47
4539,O0003803,P0230,1,36.36,29.17
4540,O0003804,P0379,1,107.68,43.28
4541,O0003804,P0223,1,141.44,76.74
4542,O0003804,P0175,2,15.31,7.08
4543,O0003805,P0033,1,14.27,5.83
4544,O0003806,P0204,1,29.54,25.04
4545,O0003807,P0376,1,7.37,3.69
4546,O0003808,P0368,1,52.98,33.88
4547,O0003809,P0108,1,78.48,48.05
4548,O0003810,P0377,1,5.0,4.1
4549,O0003811,P0382,1,10.12,8.52
4550,O0003812,P0243,1,24.31,13.72
4551,O0003813,P0013,1,79.24,39.93
4552,O0003814,P0195,1,24.29,10.75
4553,O0003815,P0342,1,150.89,113.42
4554,O0003816,P0016,2,24.07,12.55
4555,O0003817,P0295,1,51.47,28.9
4556,O0003818,P0329,1,33.63,24.49
4557,O0003819,P0282,1,31.47,20.35
4558,O0003820,P0077,1,11.11,4.85
4559,O0003821,P0140,1,42.25,19.1
4560,O0003822,P0186,1,47.03,38.51
4561,O0003823,P0044,1,14.64,9.56
4562,O0003824,P0209,1,43.85,22.36
4563,O0003824,P0161,1,90.55,61.62
4564,O0003824,P0136,1,5.51,3.78
4565,O0003825,P0206,1,7.96,6.88
4566,O0003826,P0339,1,6.77,3.58
4567,O0003827,P0195,1,24.29,10.34
4568,O0003828,P0095,1,31.01,12.41
4569,O0003829,P0342,1,150.89,113.43
4570,O0003830,P0275,1,22.42,17.67
4571,O0003831,P0135,1,116.32,81.08
4572,O0003832,P0117,1,11.21,10.0
4573,O0003832,P0138,1,58.62,36.98
4574,O0003832,P0340,1,61.25,48.21
4575,O0003833,P0372,1,6.53,5.31
4576,O0003834,P0062,1,17.52,9.91
4577,O0003834,P0329,1,33.63,24.23
4578,O0003835,P0382,1,10.12,8.76
4579,O0003836,P0377,1,5.0,4.16
4580,O0003837,P0203,3,16.83,7.46
4581,O0003838,P0191,1,12.75,6.76
4582,O0003839,P0352,1,11.73,8.41
4583,O0003840,P0309,1,14.44,8.03
4584,O0003841,P0065,2,30.15,26.01
4585,O0003842,P0257,1,90.28,69.93
4586,O0003843,P0385,1,28.75,14.09
4587,O0003844,P0060,1,30.23,18.9
4588,O0003845,P0057,1,13.99,6.99
4589,O0003846,P0371,1,7.79,7.06
4590,O0003847,P0083,1,13.11,10.76
4591,O0003848,P0174,1,14.91,8.03
4592,O0003849,P0229,1,9.14,9.59
4593,O0003850,P0142,1,14.57,10.3
4594,O0003851,P0246,1,68.18,48.64
4595,O0003852,P0311,1,6.67,3.03
4596,O0003853,P0335,1,24.9,12.8
4597,O0003854,P0202,1,16.35,12.53
4598,O0003855,P0016,1,26.81,13.22
4599,O0003856,P0173,1,30.72,13.32
4600,O0003857,P0116,1,23.14,19.04
4601,O0003857,P0111,1,10.42,8.47
4602,O0003858,P0075,1,75.36,50.94
4603,O0003859,P0123,1,25.7,20.22
4604,O0003860,P0060,1,30.23,19.71
4605,O0003861,P0169,1,75.29,51.91
4606,O0003862,P0070,1,176.02,91.13
4607,O0003863,P0193,1,61.96,46.39
4608,O0003864,P0073,1,61.21,31.04
4609,O0003865,P0220,1,36.54,25.64
4610,O0003866,P0353,1,34.15,17.24
4611,O0003867,P0321,1,38.93,30.85
4612,O0003868,P0018,1,19.43,11.56
4613,O0003869,P0312,1,25.49,16.92
4614,O0003870,P0197,1,53.52,31.3
4615,O0003871,P0347,1,56.26,25.09
4616,O0003872,P0360,1,43.84,36.09
4617,O0003873,P0353,1,34.15,18.25
4618,O0003874,P0237,1,22.38,12.97
4619,O0003874,P0083,1,9.73,11.22
4620,O0003874,P0331,1,49.25,29.73
4621,O0003875,P0357,1,30.69,19.7
4622,O0003876,P0075,1,75.36,51.79
4623,O0003877,P0273,1,14.02,10.96
4624,O0003878,P0077,1,11.11,4.78
4625,O0003879,P0337,1,47.63,38.42
4626,O0003880,P0101,1,53.02,36.57
4627,O0003881,P0187,1,69.71,38.98
4628,O0003881,P0325,1,26.29,17.76
4629,O0003882,P0218,1,24.78,16.16
4630,O0003883,P0027,1,22.36,12.68
4631,O0003884,P0076,1,7.99,5.19
4632,O0003884,P0056,1,53.25,44.08
4633,O0003885,P0243,1,23.27,13.75
4634,O0003886,P0148,1,49.04,23.47
4635,O0003887,P0266,1,47.4,26.27
4636,O0003888,P0195,1,24.29,10.62
4637,O0003889,P0374,1,8.71,5.42
4638,O0003889,P0109,1,40.47,21.38
4639,O0003889,P0339,1,7.52,3.53
4640,O0003890,P0286,1,7.86,4.37
4641,O0003891,P0367,1,25.65,16.79
4642,O0003892,P0221,1,137.35,93.5
4643,O0003893,P0027,1,22.36,12.75
4644,O0003894,P0109,1,40.47,21.76
4645,O0003895,P0046,1,85.77,49.85
4646,O0003896,P0303,1,18.23,17.57
4647,O0003897,P0093,1,14.24,7.0
4648,O0003898,P0372,1,6.53,5.35
4649,O0003899,P0097,1,109.14,77.05
4650,O0003900,P0342,1,150.89,115.81
4651,O0003901,P0072,1,31.23,19.95
4652,O0003902,P0248,1,26.91,20.71
4653,O0003903,P0234,1,16.86,7.77
4654,O0003904,P0055,1,19.47,20.47
4655,O0003905,P0214,1,12.66,8.41
4656,O0003906,P0072,1,28.11,19.82
4657,O0003907,P0265,1,23.33,16.58
4658,O0003908,P0221,1,137.35,94.67
4659,O0003909,P0083,2,13.11,11.14
4660,O0003909,P0266,1,52.67,24.9
4661,O0003910,P0286,1,7.86,4.4
4662,O0003911,P0174,1,13.42,7.98
4663,O0003912,P0230,1,32.72,28.78
4664,O0003913,P0287,1,14.63,6.62
4665,O0003914,P0354,1,110.11,62.29
4666,O0003914,P0355,1,5.91,3.64
4667,O0003914,P0126,1,57.0,31.03
4668,O0003915,P0071,1,21.03,10.03
4669,O0003916,P0313,1,40.89,18.95
4670,O0003917,P0145,1,13.01,5.32
4671,O0003917,P0200,1,15.63,7.3
4672,O0003917,P0377,1,5.0,4.08
4673,O0003918,P0090,1,45.85,26.54
4674,O0003919,P0069,1,25.74,11.18
4675,O0003920,P0267,1,16.05,7.63
4676,O0003921,P0133,1,13.22,8.69
4677,O0003922,P0134,1,20.3,8.3
4678,O0003923,P0238,1,66.04,34.16
4679,O0003924,P0208,1,16.24,13.22
4680,O0003925,P0183,1,38.0,31.03
4681,O0003926,P0351,1,44.95,33.77
4682,O0003927,P0073,1,61.21,31.24
4683,O0003928,P0389,1,20.01,12.6
4684,O0003929,P0032,1,18.03,15.39
4685,O0003930,P0007,2,16.85,8.29
4686,O0003931,P0261,1,3.99,3.6
4687,O0003932,P0072,1,28.32,19.23
4688,O0003932,P0164,1,7.78,6.03
4689,O0003932,P0334,1,10.95,6.1
4690,O0003933,P0300,1,16.61,8.62
4691,O0003934,P0314,1,6.49,3.97
4692,O0003935,P0361,1,13.03,8.63
4693,O0003936,P0134,1,14.77,8.8
4694,O0003937,P0104,1,13.42,6.73
4695,O0003938,P0090,1,45.85,26.83
4696,O0003939,P0334,1,10.95,5.88
4697,O0003940,P0068,1,24.02,10.46
4698,O0003941,P0065,1,30.15,25.31
4699,O0003942,P0304,1,11.87,9.6
4700,O0003943,P0252,1,73.33,36.41
4701,O0003943,P0300,1,16.61,9.1
4702,O0003943,P0025,1,44.29,19.52
4703,O0003944,P0193,1,61.96,48.29
4704,O0003945,P0104,1,13.42,6.96
4705,O0003946,P0253,1,57.21,34.34
4706,O0003947,P0277,1,16.05,9.47
4707,O0003948,P0108,1,78.48,48.17
4708,O0003949,P0011,1,10.91,5.95
4709,O0003950,P0115,1,35.82,31.13
4710,O0003951,P0137,1,16.82,7.61
4711,O0003952,P0234,1,16.86,7.93
4712,O0003953,P0194,1,46.22,34.45
4713,O0003954,P0330,1,17.52,11.51
4714,O0003955,P0172,1,39.28,31.85
4715,O0003956,P0003,1,20.34,8.5
4716,O0003957,P0395,2,51.86,22.21
4717,O0003957,P0141,1,25.44,16.66
4718,O0003958,P0195,1,24.29,10.54
4719,O0003959,P0338,1,5.0,3.54
4720,O0003960,P0061,1,7.91,3.54
4721,O0003961,P0365,1,11.12,9.56
4722,O0003962,P0019,1,24.27,9.88
4723,O0003962,P0072,1,28.11,19.28
4724,O0003963,P0175,1,15.31,6.96
4725,O0003964,P0380,1,60.42,44.31
4726,O0003965,P0308,1,38.18,23.47
4727,O0003966,P0011,1,10.91,5.82
4728,O0003967,P0132,1,41.31,23.66
4729,O0003968,P0249,1,127.56,101.19
4730,O0003968,P0358,1,9.97,6.68
4731,O0003968,P0389,1,20.01,13.08
4732,O0003969,P0293,1,10.7,5.68
4733,O0003970,P0077,1,11.11,4.63
4734,O0003971,P0071,1,21.03,9.73
4735,O0003972,P0036,1,51.68,23.47
4736,O0003973,P0262,1,22.84,11.46
4737,O0003974,P0128,1,37.0,29.9
4738,O0003975,P0089,1,30.2,17.14
4739,O0003976,P0173,1,27.7,13.32
4740,O0003977,P0243,1,27.01,13.95
4741,O0003978,P0027,1,22.36,12.89
4742,O0003979,P0051,1,12.85,10.71
4743,O0003980,P0221,1,137.35,94.01
4744,O0003981,P0064,1,27.35,23.99
4745,O0003981,P0032,1,15.23,15.75
4746,O0003982,P0007,1,16.85,8.08
4747,O0003982,P0168,1,18.02,11.85
4748,O0003982,P0064,1,33.89,24.12
4749,O0003983,P0151,1,8.95,7.45
4750,O0003984,P0384,1,25.72,18.99
4751,O0003984,P0197,1,53.52,30.83
4752,O0003985,P0365,1,11.12,9.56
4753,O0003986,P0003,1,20.34,8.95
4754,O0003987,P0393,1,7.96,5.65
4755,O0003988,P0388,1,15.88,7.06
4756,O0003989,P0276,1,20.56,15.06
4757,O0003990,P0017,1,15.17,10.53
4758,O0003991,P0267,1,16.05,8.06
4759,O0003992,P0108,1,78.48,50.97
4760,O0003993,P0275,1,22.42,17.03
4761,O0003994,P0345,1,25.98,19.66
4762,O0003995,P0198,1,21.81,9.95
4763,O0003996,P0126,1,57.0,31.27
4764,O0003997,P0301,1,25.5,14.82
4765,O0003998,P0143,1,5.0,3.74
4766,O0003999,P0258,1,8.13,7.05
4767,O0004000,P0229,1,11.96,10.0
4768,O0004001,P0294,1,21.07,11.7
4769,O0004001,P0136,2,5.51,3.74
4770,O0004001,P0271,1,118.13,48.66
4771,O0004002,P0006,1,45.33,38.6
4772,O0004003,P0303,1,20.26,17.6
4773,O0004004,P0063,1,21.56,13.62
4774,O0004005,P0245,1,7.19,3.35
4775,O0004006,P0377,2,5.0,4.14
4776,O0004007,P0373,1,8.74,6.56
4777,O0004008,P0335,1,24.9,12.77
4778,O0004008,P0029,1,16.97,8.85
4779,O0004009,P0065,1,22.97,25.5
4780,O0004010,P0267,1,12.97,7.55
4781,O0004011,P0145,1,13.01,5.6
4782,O0004012,P0048,1,19.31,12.64
4783,O0004013,P0037,2,12.54,10.38
4784,O0004014,P0022,1,9.24,5.8
4785,O0004015,P0390,1,73.54,49.04
4786,O0004016,P0335,1,20.35,12.64
4787,O0004017,P0083,1,13.11,11.09
4788,O0004018,P0011,1,10.91,6.04
4789,O0004019,P0070,1,176.02,95.6
4790,O0004019,P0336,1,93.8,75.73
4791,O0004020,P0094,1,29.54,24.4
4792,O0004021,P0372,1,6.53,5.46
4793,O0004022,P0359,1,26.78,18.95
4794,O0004023,P0260,1,23.47,20.07
4795,O0004024,P0234,1,16.86,7.76
4796,O0004025,P0115,1,35.82,31.07
4797,O0004025,P0200,1,15.63,7.01
4798,O0004025,P0148,1,38.94,24.12
4799,O0004026,P0096,1,13.85,6.68
4800,O0004027,P0390,1,81.71,50.03
4801,O0004028,P0284,1,11.42,5.96
4802,O0004029,P0388,1,15.88,6.78
4803,O0004029,P0174,1,14.91,8.0
4804,O0004029,P0170,1,9.11,6.16
4805,O0004030,P0300,1,16.61,9.06
4806,O0004031,P0228,1,110.05,85.16
4807,O0004032,P0110,1,11.68,5.32
4808,O0004033,P0075,1,75.36,51.81
4809,O0004034,P0072,1,31.23,19.3
4810,O0004035,P0338,1,5.0,3.39
4811,O0004036,P0271,1,118.13,50.64
4812,O0004037,P0351,1,44.95,33.51
4813,O0004038,P0357,1,30.69,18.99
4814,O0004039,P0250,1,99.91,57.85
4815,O0004040,P0024,1,28.72,21.91
4816,O0004041,P0370,1,17.44,6.94
4817,O0004042,P0219,1,25.02,17.24
4818,O0004043,P0237,2,22.38,13.77
4819,O0004043,P0309,1,14.44,7.73
4820,O0004044,P0162,1,7.81,3.36
4821,O0004044,P0225,1,5.0,3.44
4822,O0004045,P0339,1,6.58,3.64
4823,O0004046,P0125,1,45.6,32.74
4824,O0004047,P0067,1,5.29,2.74
4825,O0004048,P0099,1,11.25,6.28
4826,O0004049,P0097,1,109.14,78.97
4827,O0004050,P0192,1,130.83,73.72
4828,O0004051,P0165,1,11.19,5.03
4829,O0004052,P0132,1,41.31,23.64
4830,O0004053,P0166,1,35.51,24.79
4831,O0004054,P0346,1,16.74,13.07
4832,O0004055,P0015,2,15.87,10.89
4833,O0004056,P0100,1,46.05,34.28
4834,O0004057,P0243,1,27.01,13.95
4835,O0004058,P0235,1,6.23,5.14
4836,O0004058,P0028,1,19.28,10.55
4837,O0004058,P0098,1,35.84,18.38
4838,O0004059,P0359,1,26.78,19.11
4839,O0004060,P0347,1,56.26,24.87
4840,O0004061,P0069,1,25.74,11.18
4841,O0004062,P0125,1,58.35,32.83
4842,O0004063,P0103,1,20.16,10.86
4843,O0004063,P0183,1,38.0,30.95
4844,O0004064,P0319,1,37.48,22.61
4845,O0004065,P0221,2,137.35,89.25
4846,O0004066,P0318,1,15.46,10.94
4847,O0004067,P0373,1,8.74,6.27
4848,O0004068,P0143,1,4.55,3.94
4849,O0004069,P0154,1,56.03,29.83
4850,O0004070,P0382,1,10.12,8.89
4851,O0004071,P0015,1,15.87,11.11
4852,O0004072,P0124,1,9.83,7.34
4853,O0004073,P0081,1,9.76,9.89
4854,O0004073,P0057,1,11.09,6.95
4855,O0004074,P0306,1,44.89,31.95
4856,O0004074,P0377,1,5.0,4.03
4857,O0004075,P0003,1,20.34,8.97
4858,O0004076,P0072,1,31.23,20.14
4859,O0004077,P0193,1,61.96,47.63
4860,O0004078,P0082,1,84.77,40.65
4861,O0004079,P0104,1,11.46,7.07
4862,O0004080,P0350,1,11.21,5.35
4863,O0004081,P0399,1,14.52,11.5
4864,O0004082,P0001,1,31.68,26.37
4865,O0004083,P0012,1,31.54,18.35
4866,O0004084,P0390,1,81.71,49.59
4867,O0004085,P0348,1,16.31,13.3
4868,O0004086,P0099,1,11.25,6.06
4869,O0004087,P0067,1,5.29,2.87
4870,O0004088,P0058,1,18.88,11.04
4871,O0004089,P0308,1,38.24,23.77
4872,O0004090,P0297,1,8.01,3.65
4873,O0004091,P0182,1,26.95,20.65
4874,O0004092,P0129,1,37.04,29.12
4875,O0004093,P0383,1,192.23,83.81
4876,O0004094,P0071,1,21.03,9.63
4877,O0004095,P0006,1,45.33,38.71
4878,O0004096,P0159,1,5.0,2.43
4879,O0004097,P0109,1,40.47,21.24
4880,O0004098,P0342,1,150.89,117.57
4881,O0004099,P0179,1,12.64,9.66
4882,O0004100,P0236,1,65.21,58.35
4883,O0004101,P0285,1,13.4,5.68
4884,O0004102,P0396,1,67.85,35.04
4885,O0004103,P0067,1,4.83,2.79
4886,O0004104,P0214,1,12.66,8.41
4887,O0004105,P0213,1,31.76,24.02
4888,O0004105,P0351,1,40.46,32.7
4889,O0004105,P0383,1,192.23,85.67
4890,O0004106,P0033,1,12.84,5.76
4891,O0004106,P0232,1,106.18,86.3
4892,O0004107,P0185,1,37.44,22.22
4893,O0004108,P0357,1,30.69,19.17
4894,O0004109,P0330,1,17.52,11.19
4895,O0004109,P0031,1,31.79,14.27
4896,O0004109,P0275,1,22.42,17.78
4897,O0004110,P0158,1,45.59,20.86
4898,O0004111,P0356,1,81.19,69.18
4899,O0004112,P0311,1,6.67,3.07
4900,O0004113,P0069,1,25.74,10.69
4901,O0004114,P0349,1,19.77,15.59
4902,O0004115,P0279,1,7.3,4.5
4903,O0004115,P0156,1,13.93,6.44
4904,O0004116,P0152,1,46.02,38.83
4905,O0004117,P0229,1,11.96,9.83
4906,O0004118,P0115,1,35.82,29.4
4907,O0004119,P0239,1,24.64,18.05
4908,O0004119,P0317,1,54.87,28.09
4909,O0004120,P0327,1,32.14,16.16
4910,O0004121,P0055,1,26.51,20.82
4911,O0004122,P0161,1,90.55,61.19
4912,O0004123,P0082,1,84.77,38.49
4913,O0004124,P0379,1,107.68,44.14
4914,O0004125,P0374,1,8.71,5.16
4915,O0004126,P0313,1,40.89,19.67
4916,O0004127,P0370,1,17.44,7.35
4917,O0004127,P0186,1,33.48,39.78
4918,O0004127,P0283,2,22.15,14.53
4919,O0004128,P0030,1,57.15,37.94
4920,O0004129,P0166,1,35.51,24.42
4921,O0004130,P0346,1,16.74,13.4
4922,O0004131,P0094,1,29.54,23.75
4923,O0004132,P0318,1,15.46,10.91
4924,O0004133,P0164,1,7.02,6.17
4925,O0004134,P0373,1,8.74,6.41
4926,O0004135,P0245,1,7.19,3.34
4927,O0004136,P0053,1,51.03,40.61
4928,O0004137,P0372,1,6.53,5.34
4929,O0004138,P0034,1,40.02,31.47
4930,O0004139,P0311,2,6.67,3.16
4931,O0004140,P0078,1,11.02,10.57
4932,O0004141,P0248,1,26.91,21.7
4933,O0004142,P0304,1,11.87,9.35
4934,O0004143,P0331,1,49.25,28.15
4935,O0004144,P0331,1,49.25,29.61
4936,O0004144,P0004,1,20.34,16.1
4937,O0004144,P0326,1,21.66,17.65
4938,O0004145,P0119,1,29.12,24.03
4939,O0004145,P0288,1,10.33,8.15
4940,O0004145,P0161,1,90.55,64.46
4941,O0004146,P0077,1,11.11,4.56
4942,O0004147,P0317,1,54.87,28.48
4943,O0004148,P0028,1,17.35,10.45
4944,O0004149,P0249,1,127.56,102.41
4945,O0004150,P0264,1,11.57,6.3
4946,O0004151,P0388,1,15.88,6.8
4947,O0004152,P0359,1,18.91,19.1
4948,O0004153,P0290,1,49.67,32.3
4949,O0004154,P0324,1,15.13,7.43
4950,O0004155,P0241,1,17.11,10.76
4951,O0004155,P0054,1,31.91,16.04
4952,O0004156,P0060,1,30.23,19.37
4953,O0004157,P0368,1,58.87,35.19
4954,O0004158,P0109,1,40.47,22.09
4955,O0004159,P0005,1,86.78,36.69
4956,O0004160,P0342,1,116.97,115.85
4957,O0004161,P0194,1,41.6,35.46
4958,O0004162,P0368,1,58.87,35.81
4959,O0004162,P0282,1,31.47,20.26
4960,O0004163,P0260,1,23.47,20.36
4961,O0004163,P0015,1,15.87,10.67
4962,O0004164,P0158,1,32.56,19.89
4963,O0004164,P0167,1,25.94,22.27
4964,O0004165,P0322,1,20.85,17.83
4965,O0004166,P0388,1,15.88,7.13
4966,O0004167,P0192,2,130.83,73.8
4967,O0004167,P0278,1,15.48,9.57
4968,O0004167,P0069,1,25.74,11.24
4969,O0004168,P0084,1,18.96,15.35
4970,O0004169,P0286,1,7.86,4.36
4971,O0004170,P0218,1,24.78,16.85
4972,O0004171,P0376,1,7.37,3.69
4973,O0004172,P0288,1,10.33,8.28
4974,O0004173,P0392,1,5.0,2.45
4975,O0004173,P0335,1,24.9,12.55
4976,O0004174,P0360,1,43.84,37.48
4977,O0004175,P0343,1,16.99,8.6
4978,O0004176,P0105,1,23.07,18.76
4979,O0004177,P0379,3,107.68,44.76
4980,O0004178,P0358,1,9.97,6.64
4981,O0004179,P0189,2,31.8,27.37
4982,O0004180,P0028,1,19.28,10.13
4983,O0004181,P0319,1,37.48,22.89
4984,O0004182,P0025,1,44.29,19.63
4985,O0004183,P0164,1,7.78,6.35
4986,O0004184,P0338,1,4.18,3.52
4987,O0004185,P0133,1,13.22,8.79
4988,O0004186,P0200,1,15.63,7.19
4989,O0004187,P0043,1,32.76,25.2
4990,O0004188,P0171,1,19.56,18.3
4991,O0004189,P0253,1,57.21,32.92
4992,O0004190,P0356,1,81.19,68.82
4993,O0004191,P0110,1,9.99,5.22
4994,O0004192,P0061,1,7.12,3.63
4995,O0004193,P0162,1,7.81,3.22
4996,O0004194,P0100,1,46.05,34.83
4997,O0004195,P0206,2,7.96,6.71
4998,O0004196,P0318,1,14.12,11.33
4999,O0004197,P0247,1,84.85,54.27
5000,O0004198,P0263,1,32.89,15.54
5001,O0004199,P0274,1,23.23,24.72
5002,O0004200,P0254,1,6.01,3.65
5003,O0004201,P0290,1,49.67,31.44
5004,O0004202,P0134,1,20.3,8.49
5005,O0004203,P0147,1,36.74,22.21
5006,O0004203,P0320,1,77.73,44.78
5007,O0004203,P0312,1,25.49,18.06
5008,O0004204,P0392,1,5.0,2.45
5009,O0004205,P0184,1,20.87,12.38
5010,O0004206,P0213,1,31.76,23.08
5011,O0004207,P0097,1,88.66,78.3
5012,O0004208,P0072,1,31.23,20.12
5013,O0004208,P0380,1,60.42,42.25
5014,O0004208,P0100,1,46.05,34.9
5015,O0004209,P0336,1,84.42,78.18
5016,O0004209,P0189,1,31.8,27.41
5017,O0004210,P0297,1,8.01,3.6
5018,O0004211,P0119,1,29.12,24.07
5019,O0004212,P0357,1,30.69,19.42
5020,O0004213,P0172,1,39.28,31.47
5021,O0004214,P0064,1,33.89,24.55
5022,O0004215,P0381,1,19.78,8.6
5023,O0004215,P0093,1,14.24,6.99
5024,O0004215,P0375,1,19.93,9.54
5025,O0004216,P0230,1,36.36,28.6
5026,O0004217,P0038,1,15.45,13.04
5027,O0004218,P0245,1,7.19,3.38
5028,O0004219,P0200,1,15.63,7.08
5029,O0004219,P0062,1,17.52,9.92
5030,O0004220,P0335,1,24.9,12.37
5031,O0004221,P0290,1,49.67,31.81
5032,O0004222,P0011,1,9.87,5.89
5033,O0004223,P0063,1,21.56,13.47
5034,O0004224,P0200,1,14.07,7.26
5035,O0004225,P0183,1,38.0,29.37
5036,O0004226,P0334,1,10.95,6.1
5037,O0004226,P0009,1,29.77,18.38
5038,O0004227,P0262,1,22.84,11.83
5039,O0004228,P0135,1,123.52,82.07
5040,O0004229,P0336,2,93.8,77.61
5041,O0004230,P0199,2,34.14,22.69
5042,O0004231,P0062,1,12.45,9.58
5043,O0004232,P0283,1,22.15,14.41
5044,O0004233,P0180,1,15.67,12.24
5045,O0004234,P0367,1,25.65,17.49
5046,O0004234,P0251,1,41.11,29.32
5047,O0004234,P0182,1,26.95,20.23
5048,O0004235,P0111,1,10.42,8.76
5049,O0004236,P0109,1,40.47,21.2
5050,O0004236,P0280,1,73.22,54.53
5051,O0004237,P0233,1,63.03,52.46
5052,O0004238,P0144,1,28.48,14.97
5053,O0004239,P0113,1,20.52,8.41
5054,O0004239,P0301,1,25.5,15.28
5055,O0004240,P0224,1,12.85,6.13
5056,O0004241,P0275,1,15.82,17.91
5057,O0004242,P0139,1,13.84,9.34
5058,O0004243,P0193,1,61.96,46.61
5059,O0004243,P0367,1,18.39,17.34
5060,O0004244,P0322,1,20.85,17.73
5061,O0004245,P0156,1,13.93,6.29
5062,O0004246,P0052,1,16.42,12.75
5063,O0004247,P0356,1,81.19,67.45
5064,O0004248,P0269,1,22.52,11.22
5065,O0004249,P0125,1,58.35,34.13
5066,O0004249,P0061,1,7.91,3.71
5067,O0004250,P0392,1,5.0,2.43
5068,O0004251,P0017,1,15.17,10.82
5069,O0004252,P0132,1,41.31,23.4
5070,O0004253,P0054,1,31.91,15.51
5071,O0004254,P0143,1,4.5,3.73
5072,O0004255,P0195,1,24.29,10.6
5073,O0004256,P0278,1,15.48,9.98
5074,O0004256,P0202,1,16.35,12.97
5075,O0004257,P0109,1,40.47,21.36
5076,O0004258,P0160,1,10.81,6.66
5077,O0004259,P0266,1,52.67,25.74
5078,O0004260,P0135,1,140.66,82.27
5079,O0004261,P0038,1,19.16,13.01
5080,O0004262,P0225,1,5.0,3.31
5081,O0004263,P0339,1,7.52,3.6
5082,O0004264,P0027,1,22.36,13.06
5083,O0004265,P0050,1,29.38,23.86
5084,O0004266,P0227,1,32.25,17.26
5085,O0004267,P0164,1,7.78,6.29
5086,O0004268,P0300,1,16.61,8.93
5087,O0004269,P0356,1,81.19,69.03
5088,O0004269,P0396,1,67.85,34.37
5089,O0004269,P0116,1,23.14,18.83
5090,O0004270,P0060,1,30.23,19.08
5091,O0004271,P0245,1,7.19,3.19
5092,O0004272,P0082,1,84.77,39.63
5093,O0004273,P0232,1,106.18,86.07
5094,O0004273,P0118,2,7.3,4.09
5095,O0004273,P0320,1,77.73,45.82
5096,O0004274,P0025,1,44.29,19.21
5097,O0004275,P0123,2,25.7,20.95
5098,O0004276,P0383,1,192.23,83.32
5099,O0004277,P0114,1,43.43,36.98
5100,O0004278,P0321,1,38.93,31.0
5101,O0004279,P0098,1,35.84,18.53
5102,O0004280,P0196,1,11.97,7.84
5103,O0004280,P0387,1,23.9,15.75
5104,O0004281,P0267,1,16.05,7.82
5105,O0004282,P0307,1,26.56,17.65
5106,O0004283,P0261,1,5.0,3.42
5107,O0004284,P0241,1,17.11,10.78
5108,O0004285,P0335,1,24.9,12.79
5109,O0004286,P0280,1,73.22,53.95
5110,O0004287,P0339,1,7.52,3.63
5111,O0004288,P0269,1,20.95,11.05
5112,O0004289,P0319,1,37.48,22.7
5113,O0004290,P0369,1,21.62,17.26
5114,O0004291,P0347,1,56.26,25.8
5115,O0004291,P0075,1,75.36,54.0
5116,O0004291,P0343,1,16.99,8.78
5117,O0004292,P0284,1,11.42,5.74
5118,O0004293,P0031,1,31.79,13.73
5119,O0004294,P0299,1,14.58,7.41
5120,O0004295,P0213,1,31.76,23.49
5121,O0004296,P0064,1,33.89,24.46
5122,O0004297,P0171,1,21.73,18.92
5123,O0004298,P0013,1,79.24,38.11
5124,O0004299,P0391,1,66.48,31.54
5125,O0004300,P0248,1,26.91,21.75
5126,O0004301,P0254,1,6.01,3.65
5127,O0004301,P0084,1,18.96,15.43
5128,O0004301,P0371,2,10.92,7.01
5129,O0004302,P0126,1,57.0,31.41
5130,O0004303,P0155,1,67.59,27.86
5131,O0004304,P0006,1,45.33,37.52
5132,O0004305,P0281,1,38.91,25.34
5133,O0004306,P0013,1,79.24,40.45
5134,O0004306,P0135,1,156.29,82.44
5135,O0004307,P0023,1,8.48,7.37
5136,O0004307,P0019,1,24.27,10.22
5137,O0004308,P0321,1,38.93,30.24
5138,O0004309,P0076,1,6.14,5.11
5139,O0004309,P0368,1,58.87,35.21
5140,O0004309,P0378,1,23.49,13.37
5141,O0004310,P0169,1,78.53,53.06
5142,O0004310,P0222,1,13.28,11.05
5143,O0004310,P0149,1,16.78,11.1
5144,O0004311,P0231,1,8.53,7.06
5145,O0004312,P0349,1,19.77,15.72
5146,O0004313,P0035,1,55.97,41.08
5147,O0004313,P0122,1,27.74,24.21
5148,O0004313,P0226,1,16.11,7.02
5149,O0004314,P0028,1,19.28,10.57
5150,O0004315,P0303,1,20.26,16.69
5151,O0004316,P0037,1,12.54,10.29
5152,O0004317,P0047,2,26.3,14.05
5153,O0004318,P0007,1,16.85,8.37
5154,O0004319,P0298,1,38.49,18.17
5155,O0004320,P0001,1,36.5,26.61
5156,O0004320,P0052,1,16.42,13.11
5157,O0004320,P0020,1,10.53,8.35
5158,O0004321,P0207,1,13.81,10.22
5159,O0004322,P0214,1,12.66,8.63
5160,O0004323,P0091,1,37.25,29.95
5161,O0004324,P0006,1,45.33,39.41
5162,O0004324,P0226,1,16.11,7.25
5163,O0004325,P0095,1,31.01,12.39
5164,O0004325,P0313,1,40.89,19.33
5165,O0004325,P0261,1,5.0,3.45
5166,O0004326,P0180,1,15.67,12.33
5167,O0004327,P0126,1,57.0,31.29
5168,O0004327,P0112,1,36.09,30.31
5169,O0004328,P0047,1,26.3,14.17
5170,O0004329,P0120,1,9.06,6.51
5171,O0004330,P0236,1,72.46,57.76
5172,O0004331,P0166,1,29.36,24.66
5173,O0004332,P0127,1,37.04,28.69
5174,O0004333,P0364,1,16.3,13.88
5175,O0004334,P0272,1,18.43,18.9
5176,O0004335,P0365,1,11.12,9.26
5177,O0004335,P0018,1,19.43,11.46
5178,O0004336,P0156,1,13.93,6.49
5179,O0004337,P0378,1,23.49,13.15
5180,O0004338,P0333,1,5.0,3.03
5181,O0004339,P0339,1,7.52,3.59
5182,O0004339,P0031,1,31.79,13.62
5183,O0004340,P0396,1,67.85,33.88
5184,O0004340,P0105,1,23.07,18.56
5185,O0004340,P0054,1,31.91,15.76
5186,O0004341,P0255,1,19.78,12.91
5187,O0004342,P0257,1,90.28,72.75
5188,O0004342,P0160,1,10.81,6.7
5189,O0004343,P0204,1,25.12,24.66
5190,O0004344,P0343,1,16.99,8.65
5191,O0004345,P0257,1,90.28,73.52
5192,O0004346,P0183,1,38.0,31.0
5193,O0004347,P0103,1,20.16,10.37
5194,O0004348,P0235,1,6.23,5.39
5195,O0004349,P0218,1,24.78,16.36
5196,O0004350,P0041,1,46.99,39.11
5197,O0004350,P0126,1,57.0,31.56
5198,O0004351,P0102,1,34.13,23.1
5199,O0004352,P0011,1,10.91,6.06
5200,O0004353,P0347,1,56.26,25.25
5201,O0004354,P0130,1,534.96,368.24
5202,O0004355,P0125,1,58.35,33.74
5203,O0004356,P0295,1,51.47,28.91
5204,O0004356,P0086,1,9.16,5.87
5205,O0004357,P0394,1,13.17,7.58
5206,O0004357,P0145,1,13.01,5.34
5207,O0004358,P0129,1,37.04,27.93
5208,O0004359,P0310,1,38.72,23.98
5209,O0004360,P0034,1,36.02,31.06
5210,O0004361,P0168,1,15.85,12.21
5211,O0004362,P0248,1,26.91,20.78
5212,O0004363,P0124,1,9.83,7.3
5213,O0004364,P0096,1,13.85,6.52
5214,O0004365,P0130,1,534.96,363.83
5215,O0004366,P0273,1,14.02,11.2
5216,O0004366,P0124,1,7.88,7.33
5217,O0004367,P0368,1,58.87,35.64
5218,O0004368,P0247,1,84.85,56.08
5219,O0004369,P0263,1,23.89,15.65
5220,O0004370,P0274,1,29.11,24.17
5221,O0004371,P0385,2,28.75,14.48
5222,O0004372,P0236,1,72.46,55.64
5223,O0004373,P0014,1,20.48,13.37
5224,O0004374,P0005,1,78.1,35.34
5225,O0004375,P0291,1,26.1,17.01
5226,O0004376,P0136,1,5.51,3.73
5227,O0004377,P0255,1,19.78,13.04
5228,O0004377,P0068,1,24.02,10.38
5229,O0004378,P0108,1,60.19,49.4
5230,O0004378,P0155,1,67.59,27.01
5231,O0004378,P0325,1,22.26,17.41
5232,O0004379,P0095,1,31.01,12.87
5233,O0004380,P0182,1,26.95,19.96
5234,O0004381,P0296,1,113.02,100.08
5235,O0004382,P0159,1,5.0,2.35
5236,O0004383,P0334,1,10.95,6.01
5237,O0004384,P0151,1,8.95,7.7
5238,O0004385,P0300,1,16.61,8.89
5239,O0004386,P0311,1,6.67,3.16
5240,O0004386,P0094,2,29.54,23.61
5241,O0004386,P0296,1,113.02,95.47
5242,O0004387,P0400,2,36.29,18.93
5243,O0004388,P0127,1,37.04,29.7
5244,O0004388,P0263,1,32.89,16.04
5245,O0004389,P0070,1,134.94,92.05
5246,O0004390,P0158,1,45.59,20.96
5247,O0004391,P0147,1,36.74,21.81
5248,O0004392,P0254,1,6.01,3.64
5249,O0004393,P0336,1,93.8,76.29
5250,O0004394,P0114,1,43.43,35.96
5251,O0004395,P0195,1,24.29,10.38
5252,O0004395,P0235,1,6.23,5.27
5253,O0004396,P0222,1,13.28,10.86
5254,O0004397,P0094,3,29.54,24.05
5255,O0004397,P0203,1,16.83,7.69
5256,O0004397,P0305,1,15.47,7.3
5257,O0004398,P0123,1,25.7,21.02
5258,O0004399,P0188,1,24.95,20.4
5259,O0004400,P0110,1,12.36,5.12
5260,O0004401,P0153,1,133.98,82.58
5261,O0004402,P0378,1,23.49,13.14
5262,O0004402,P0389,1,20.01,12.9
5263,O0004402,P0259,1,6.28,3.86
5264,O0004403,P0123,1,25.7,20.21
5265,O0004404,P0252,1,73.33,36.04
5266,O0004405,P0025,1,44.29,19.81
5267,O0004406,P0353,1,34.15,17.53
5268,O0004407,P0371,1,10.92,7.08
5269,O0004408,P0340,1,61.25,48.27
5270,O0004409,P0362,1,35.77,24.69
5271,O0004410,P0177,2,50.38,37.6
5272,O0004411,P0383,1,192.23,84.32
5273,O0004411,P0141,1,25.44,16.88
5274,O0004411,P0108,1,78.48,51.2
5275,O0004412,P0224,2,11.56,6.14
5276,O0004413,P0006,1,45.33,39.6
5277,O0004414,P0272,1,25.23,19.07
5278,O0004415,P0354,2,110.11,63.47
5279,O0004416,P0400,3,36.29,18.98
5280,O0004417,P0304,1,11.87,9.62
5281,O0004418,P0025,1,44.29,20.35
5282,O0004419,P0226,1,16.11,7.04
5283,O0004420,P0028,1,19.28,10.27
5284,O0004421,P0334,1,10.95,5.9
5285,O0004421,P0311,1,6.67,3.08
5286,O0004422,P0342,2,136.72,116.04
5287,O0004423,P0117,2,10.07,9.73
5288,O0004423,P0137,1,11.78,7.66
5289,O0004424,P0302,1,12.62,10.89
5290,O0004425,P0290,1,49.67,31.22
5291,O0004426,P0097,1,109.14,75.11
5292,O0004427,P0169,1,87.25,53.28
5293,O0004428,P0001,1,36.5,27.01
5294,O0004428,P0069,1,25.74,10.72
5295,O0004429,P0123,1,25.7,20.04
5296,O0004430,P0322,1,15.03,17.56
5297,O0004431,P0225,1,5.0,3.39
5298,O0004432,P0139,1,13.84,9.38
5299,O0004433,P0369,1,21.62,17.27
5300,O0004434,P0291,1,23.29,17.87
5301,O0004434,P0062,1,17.52,10.03
5302,O0004435,P0122,1,27.74,24.13
5303,O0004436,P0028,1,19.28,10.53
5304,O0004437,P0287,1,14.63,6.69
5305,O0004438,P0329,1,30.27,23.51
5306,O0004439,P0348,1,16.31,13.36
5307,O0004439,P0029,1,16.97,9.26
5308,O0004439,P0232,1,106.18,83.84
5309,O0004440,P0086,1,6.43,6.05
5310,O0004441,P0043,1,32.76,24.86
5311,O0004441,P0060,1,30.23,19.06
5312,O0004441,P0125,1,52.52,33.41
5313,O0004442,P0319,1,37.48,22.83
5314,O0004442,P0050,1,32.64,24.94
5315,O0004443,P0017,1,15.17,10.96
5316,O0004444,P0264,1,11.57,6.68
5317,O0004445,P0368,1,58.87,34.5
5318,O0004446,P0137,1,13.88,7.65
5319,O0004447,P0138,1,58.62,36.67
5320,O0004448,P0252,2,73.33,36.43
5321,O0004449,P0062,1,16.15,9.92
5322,O0004450,P0368,1,58.87,33.98
5323,O0004451,P0338,1,5.0,3.56
5324,O0004452,P0238,1,66.04,34.33
5325,O0004453,P0098,1,35.84,18.28
5326,O0004454,P0027,1,22.36,12.8
5327,O0004455,P0203,1,16.83,7.36
5328,O0004456,P0329,2,33.63,23.95
5329,O0004457,P0012,1,31.54,18.35
5330,O0004458,P0080,1,25.92,12.76
5331,O0004459,P0253,1,57.21,32.8
5332,O0004460,P0271,1,118.13,50.53
5333,O0004461,P0022,1,9.24,5.88
5334,O0004461,P0140,1,42.25,19.38
5335,O0004462,P0298,1,38.49,18.41
5336,O0004463,P0043,1,32.76,25.5
5337,O0004464,P0029,1,16.97,8.99
5338,O0004465,P0288,1,10.33,8.63
5339,O0004466,P0025,1,44.29,19.12
5340,O0004467,P0335,1,24.9,12.96
5341,O0004468,P0223,3,141.44,75.74
5342,O0004469,P0169,1,87.25,55.05
5343,O0004470,P0231,1,6.7,6.95
5344,O0004471,P0092,1,31.11,24.0
5345,O0004472,P0193,1,61.96,46.39
5346,O0004473,P0399,1,16.13,10.97
5347,O0004474,P0149,1,16.78,11.1
5348,O0004475,P0113,1,20.52,8.63
5349,O0004476,P0183,1,38.0,29.54
5350,O0004476,P0009,1,29.77,18.08
5351,O0004476,P0152,1,51.13,37.34
5352,O0004477,P0356,1,73.07,68.1
5353,O0004478,P0271,1,118.13,51.58
5354,O0004479,P0365,1,10.22,9.37
5355,O0004480,P0067,1,5.29,2.74
5356,O0004481,P0357,1,30.69,19.11
5357,O0004481,P0047,1,26.3,14.69
5358,O0004482,P0117,1,12.46,9.98
5359,O0004483,P0259,1,6.28,3.86
5360,O0004484,P0226,1,16.11,7.1
5361,O0004485,P0393,1,7.96,5.46
5362,O0004486,P0365,1,9.47,9.32
5363,O0004487,P0217,1,29.35,13.16
5364,O0004488,P0096,1,13.85,6.69
5365,O0004489,P0088,1,28.44,23.27
5366,O0004490,P0104,1,13.42,7.12
5367,O0004491,P0395,1,43.33,22.33
5368,O0004492,P0223,2,141.44,76.39
5369,O0004493,P0283,1,22.15,14.64
5370,O0004494,P0344,1,12.43,9.29
5371,O0004494,P0216,1,33.83,26.87
5372,O0004495,P0105,1,23.07,18.85
5373,O0004496,P0176,2,48.41,33.93
5374,O0004497,P0126,1,57.0,31.69
5375,O0004497,P0179,1,12.64,9.29
5376,O0004497,P0207,1,13.81,10.54
5377,O0004498,P0394,1,13.17,7.64
5378,O0004499,P0381,1,19.78,8.73
5379,O0004500,P0104,1,13.42,7.08
5380,O0004501,P0400,1,36.29,18.24
5381,O0004502,P0152,1,46.4,38.56
5382,O0004503,P0006,1,45.33,38.41
5383,O0004504,P0330,1,17.52,11.05
5384,O0004505,P0292,1,12.32,9.46
5385,O0004506,P0076,1,7.99,5.22
5386,O0004507,P0369,1,21.62,16.56
5387,O0004508,P0030,1,57.15,36.22
5388,O0004509,P0055,1,26.51,21.01
5389,O0004510,P0294,1,21.07,11.85
5390,O0004511,P0025,1,44.29,19.88
5391,O0004512,P0002,1,21.96,14.93
5392,O0004513,P0381,1,19.78,8.94
5393,O0004514,P0329,1,33.63,23.84
5394,O0004515,P0376,1,7.37,3.49
5395,O0004516,P0181,1,19.43,14.33
5396,O0004517,P0268,1,13.01,5.87
5397,O0004518,P0178,1,31.37,24.05
5398,O0004519,P0312,1,25.49,17.93
5399,O0004520,P0124,1,9.83,7.54
5400,O0004521,P0016,1,24.13,13.18
5401,O0004522,P0047,1,26.3,14.95
5402,O0004523,P0132,1,41.31,22.6
5403,O0004524,P0103,1,20.16,10.82
5404,O0004525,P0254,1,6.01,3.74
5405,O0004526,P0070,1,176.02,94.51
5406,O0004527,P0183,1,38.0,29.57
5407,O0004528,P0390,1,81.71,48.23
5408,O0004528,P0257,1,90.28,74.62
5409,O0004528,P0330,1,17.52,11.28
5410,O0004529,P0302,1,12.62,10.74
5411,O0004530,P0276,1,20.56,15.73
5412,O0004531,P0325,1,26.29,17.97
5413,O0004532,P0324,1,13.62,7.2
5414,O0004533,P0345,1,25.98,19.64
5415,O0004534,P0042,1,72.6,44.76
5416,O0004535,P0395,1,51.86,21.92
5417,O0004536,P0242,1,40.38,18.75
5418,O0004537,P0208,1,18.18,13.36
5419,O0004538,P0365,1,11.12,9.83
5420,O0004539,P0235,1,6.23,5.31
5421,O0004540,P0001,1,36.5,26.83
5422,O0004541,P0035,1,50.37,43.42
5423,O0004542,P0377,1,5.0,4.21
5424,O0004543,P0142,1,14.57,10.09
5425,O0004544,P0075,1,62.53,54.2
5426,O0004545,P0251,1,41.11,30.3
5427,O0004546,P0191,1,12.75,7.02
5428,O0004547,P0388,1,15.88,6.97
5429,O0004548,P0254,1,6.01,3.74
5430,O0004549,P0024,1,28.72,21.49
5431,O0004549,P0266,1,52.67,25.61
5432,O0004550,P0057,1,13.99,7.13
5433,O0004551,P0266,1,52.67,25.69
5434,O0004552,P0250,1,99.91,57.78
5435,O0004553,P0278,1,15.48,9.88
5436,O0004554,P0220,1,36.54,27.29
5437,O0004555,P0058,1,18.88,11.52
5438,O0004556,P0160,1,10.81,6.35
5439,O0004556,P0375,1,19.93,9.66
5440,O0004557,P0001,1,36.5,26.64
5441,O0004558,P0305,1,15.47,7.39
5442,O0004558,P0289,1,94.61,71.3
5443,O0004559,P0056,1,53.25,43.59
5444,O0004560,P0063,1,15.94,13.43
5445,O0004561,P0131,1,52.63,43.52
5446,O0004562,P0307,1,26.56,17.4
5447,O0004563,P0060,1,21.69,18.97
5448,O0004563,P0326,1,18.94,17.39
5449,O0004563,P0095,1,31.01,12.82
5450,O0004564,P0104,1,12.39,7.11
5451,O0004565,P0103,1,20.16,10.55
5452,O0004566,P0368,1,52.98,34.04
5453,O0004567,P0303,1,20.26,17.58
5454,O0004567,P0093,1,14.24,6.86
5455,O0004567,P0214,1,12.66,8.44
5456,O0004568,P0295,1,51.47,29.13
5457,O0004569,P0104,1,13.42,6.82
5458,O0004570,P0274,1,29.11,24.46
5459,O0004571,P0157,1,34.99,21.04
5460,O0004572,P0190,1,22.11,14.29
5461,O0004573,P0049,1,20.58,12.13
5462,O0004574,P0138,1,58.62,38.12
5463,O0004575,P0375,1,19.93,9.53
5464,O0004576,P0286,1,7.37,4.23
5465,O0004577,P0121,1,12.1,8.49
5466,O0004578,P0064,1,33.89,25.46
5467,O0004579,P0042,1,72.6,43.59
5468,O0004580,P0114,1,43.43,36.39
5469,O0004581,P0201,1,29.84,13.35
5470,O0004582,P0143,1,5.0,3.75
5471,O0004583,P0090,1,45.85,25.32
5472,O0004584,P0342,1,150.89,115.86
5473,O0004585,P0307,1,26.56,18.24
5474,O0004586,P0075,1,75.36,53.13
5475,O0004587,P0391,1,66.48,32.05
5476,O0004588,P0191,1,12.75,6.77
5477,O0004589,P0274,1,29.11,23.65
5478,O0004589,P0145,1,11.71,5.38
5479,O0004590,P0343,1,14.46,8.89
5480,O0004591,P0122,1,24.97,23.72
5481,O0004592,P0241,1,17.11,10.23
5482,O0004593,P0110,1,12.36,5.02
5483,O0004594,P0321,1,38.93,30.49
5484,O0004595,P0074,1,44.77,33.35
5485,O0004596,P0371,1,10.92,7.05
5486,O0004597,P0150,1,14.55,10.38
5487,O0004598,P0125,1,58.35,32.54
5488,O0004599,P0010,1,5.31,2.78
5489,O0004600,P0328,1,17.65,8.28
5490,O0004601,P0272,1,22.71,19.41
5491,O0004602,P0044,1,14.64,10.02
5492,O0004603,P0392,1,5.0,2.5
5493,O0004604,P0324,1,15.13,7.36
5494,O0004605,P0201,1,24.49,12.81
5495,O0004606,P0230,1,36.36,28.87
5496,O0004607,P0026,2,28.14,14.17
5497,O0004608,P0034,1,40.02,30.14
5498,O0004609,P0361,1,9.85,8.45
5499,O0004610,P0213,1,31.76,23.75
5500,O0004611,P0127,1,37.04,30.66
5501,O0004612,P0176,1,36.89,34.36
5502,O0004613,P0219,1,25.02,17.7
5503,O0004613,P0348,1,16.31,12.78
5504,O0004613,P0394,1,13.17,7.77
5505,O0004614,P0117,1,12.46,9.6
5506,O0004615,P0018,1,19.43,11.83
5507,O0004616,P0253,1,57.21,32.45
5508,O0004617,P0378,1,20.61,13.48
5509,O0004618,P0068,1,17.1,10.46
5510,O0004618,P0085,1,47.03,36.36
5511,O0004619,P0154,1,56.03,28.91
5512,O0004620,P0292,1,12.32,9.43
5513,O0004621,P0233,1,63.03,53.76
5514,O0004622,P0273,1,14.02,11.47
5515,O0004623,P0233,1,63.03,52.77
5516,O0004624,P0038,1,19.16,13.08
5517,O0004625,P0174,1,14.91,8.03
5518,O0004626,P0393,1,7.96,5.59
5519,O0004627,P0351,1,44.95,33.71
5520,O0004628,P0146,1,22.38,18.34
5521,O0004629,P0301,1,25.5,14.85
5522,O0004630,P0012,1,31.54,18.32
5523,O0004631,P0373,1,8.74,6.61
5524,O0004631,P0131,1,52.63,42.61
5525,O0004631,P0224,1,12.85,6.27
5526,O0004632,P0264,1,11.57,6.7
5527,O0004632,P0102,1,34.13,23.25
5528,O0004632,P0342,1,150.89,118.11
5529,O0004633,P0106,1,32.23,22.93
5530,O0004634,P0208,1,20.68,13.42
5531,O0004634,P0375,1,19.93,9.06
5532,O0004635,P0133,1,13.22,8.71
5533,O0004636,P0312,1,25.49,17.46
5534,O0004637,P0006,1,45.33,39.04
5535,O0004638,P0184,1,20.87,12.88
5536,O0004638,P0256,1,43.56,32.25
5537,O0004639,P0147,1,36.74,22.34
5538,O0004640,P0276,1,20.56,15.6
5539,O0004641,P0144,1,28.48,14.99
5540,O0004642,P0161,1,81.5,63.92
5541,O0004643,P0252,1,66.0,36.63
5542,O0004644,P0088,1,28.44,23.4
5543,O0004644,P0032,1,18.03,15.42
5544,O0004645,P0048,1,16.21,12.38
5545,O0004646,P0337,1,35.61,39.91
5546,O0004647,P0140,2,42.25,19.0
5547,O0004648,P0008,1,37.87,18.07
5548,O0004649,P0215,1,22.49,11.71
5549,O0004650,P0217,1,29.35,12.68
5550,O0004651,P0170,1,9.11,6.0
5551,O0004652,P0317,1,54.87,27.98
5552,O0004653,P0321,1,28.44,31.02
5553,O0004654,P0116,1,23.14,18.73
5554,O0004655,P0234,1,16.86,8.24
5555,O0004656,P0341,1,40.7,33.37
5556,O0004657,P0351,1,44.95,33.97
5557,O0004658,P0297,1,8.01,3.65
5558,O0004658,P0072,1,31.23,19.46
5559,O0004659,P0161,1,90.55,64.17
5560,O0004659,P0269,1,22.52,11.11
5561,O0004660,P0042,1,72.6,46.45
5562,O0004661,P0339,1,7.52,3.44
5563,O0004662,P0004,1,20.34,16.66
5564,O0004663,P0147,1,29.91,22.17
5565,O0004664,P0383,1,192.23,81.9
5566,O0004665,P0380,1,60.42,42.28
5567,O0004666,P0124,1,9.83,7.12
5568,O0004667,P0034,1,32.23,30.71
5569,O0004668,P0274,1,29.11,23.88
5570,O0004669,P0084,1,18.96,15.54
5571,O0004669,P0374,1,8.71,5.31
5572,O0004669,P0331,1,49.25,29.37
5573,O0004670,P0201,1,26.86,13.15
5574,O0004671,P0394,1,13.17,7.67
5575,O0004672,P0340,1,61.25,47.34
5576,O0004673,P0105,1,23.07,19.0
5577,O0004674,P0262,1,22.84,11.99
5578,O0004675,P0382,1,10.12,8.86
5579,O0004675,P0058,1,18.88,11.23
5580,O0004675,P0154,1,56.03,29.94
5581,O0004676,P0110,1,12.36,5.13
5582,O0004677,P0011,1,8.79,5.89
5583,O0004678,P0046,1,85.77,53.34
5584,O0004679,P0304,1,11.87,9.49
5585,O0004680,P0190,1,22.11,14.98
5586,O0004681,P0237,1,22.38,13.28
5587,O0004682,P0027,1,22.36,13.18
5588,O0004683,P0175,1,15.31,6.81
5589,O0004684,P0129,1,37.04,28.51
5590,O0004685,P0386,1,21.86,10.97
5591,O0004686,P0251,1,41.11,29.02
5592,O0004687,P0375,1,14.04,9.23
5593,O0004688,P0188,1,24.95,20.86
5594,O0004689,P0156,1,13.93,6.25
5595,O0004690,P0383,1,180.21,82.91
5596,O0004690,P0012,1,31.54,18.56
5597,O0004691,P0383,1,192.23,86.51
5598,O0004692,P0230,1,36.36,28.61
5599,O0004692,P0289,1,94.61,70.31
5600,O0004693,P0117,1,12.46,10.07
5601,O0004694,P0062,1,17.52,9.76
5602,O0004695,P0007,1,16.85,8.16
5603,O0004695,P0104,1,13.42,6.93
5604,O0004695,P0027,1,22.36,12.81
5605,O0004696,P0086,1,9.16,5.91
5606,O0004697,P0066,1,23.11,11.79
5607,O0004698,P0247,1,64.19,56.06
5608,O0004699,P0163,1,77.71,49.31
5609,O0004700,P0243,1,27.01,13.67
5610,O0004700,P0281,1,38.91,24.87
5611,O0004701,P0330,1,17.52,11.35
5612,O0004702,P0049,1,20.58,11.85
5613,O0004703,P0021,1,47.37,25.4
5614,O0004704,P0252,1,73.33,35.93
5615,O0004705,P0318,1,15.46,10.83
5616,O0004706,P0031,1,31.79,14.06
5617,O0004707,P0160,1,10.81,6.62
5618,O0004708,P0227,1,32.25,18.17
5619,O0004709,P0373,1,7.72,6.29
5620,O0004709,P0274,1,29.11,23.63
5621,O0004709,P0092,1,31.11,23.48
5622,O0004710,P0225,1,5.0,3.38
5623,O0004711,P0207,1,13.81,10.49
5624,O0004712,P0003,1,15.29,8.64
5625,O0004713,P0174,1,14.91,8.33
5626,O0004714,P0123,1,25.7,20.51
5627,O0004715,P0187,1,62.74,39.51
5628,O0004715,P0329,1,33.63,23.83
5629,O0004716,P0300,1,16.61,9.14
5630,O0004717,P0246,1,68.18,47.62
5631,O0004718,P0277,1,16.05,9.17
5632,O0004718,P0189,1,31.8,26.35
5633,O0004718,P0234,1,16.86,8.1
5634,O0004719,P0098,1,31.94,18.23
5635,O0004719,P0311,1,6.67,3.04
5636,O0004719,P0368,1,48.38,34.33
5637,O0004720,P0015,1,15.87,10.94
5638,O0004721,P0211,1,24.17,10.78
5639,O0004722,P0353,1,34.15,18.15
5640,O0004723,P0217,1,21.48,12.77
5641,O0004724,P0277,1,16.05,9.29
5642,O0004725,P0123,1,25.7,21.0
5643,O0004726,P0175,1,15.31,7.24
5644,O0004726,P0360,1,43.84,35.71
5645,O0004726,P0083,1,13.11,10.7
5646,O0004727,P0013,1,79.24,40.6
5647,O0004728,P0265,1,23.33,16.85
5648,O0004729,P0143,1,5.0,3.93
5649,O0004730,P0138,1,58.62,37.59
5650,O0004731,P0217,3,29.35,13.01
5651,O0004732,P0215,1,22.49,12.38
5652,O0004733,P0124,1,8.56,7.17
5653,O0004733,P0169,1,87.25,53.83
5654,O0004733,P0316,1,21.34,11.66
5655,O0004734,P0164,1,7.78,6.13
5656,O0004735,P0115,1,35.82,30.64
5657,O0004736,P0071,2,21.03,9.83
5658,O0004736,P0283,1,16.6,14.42
5659,O0004737,P0220,1,36.54,26.4
5660,O0004738,P0256,1,43.56,32.96
5661,O0004739,P0057,1,13.99,7.37
5662,O0004739,P0319,1,37.48,23.02
5663,O0004740,P0113,1,20.52,8.39
5664,O0004741,P0068,1,24.02,10.01
5665,O0004742,P0176,1,48.41,34.41
5666,O0004743,P0036,1,47.36,22.18
5667,O0004744,P0070,1,176.02,91.15
5668,O0004745,P0056,1,53.25,43.6
5669,O0004746,P0394,2,13.17,7.81
5670,O0004747,P0138,1,58.62,37.38
5671,O0004748,P0376,1,7.37,3.56
5672,O0004748,P0106,1,32.23,21.91
5673,O0004749,P0329,1,33.63,23.33
5674,O0004750,P0006,3,45.33,39.74
5675,O0004751,P0250,1,99.91,60.71
5676,O0004752,P0127,1,37.04,30.22
5677,O0004753,P0060,1,30.23,19.88
5678,O0004754,P0276,1,20.56,15.45
5679,O0004755,P0067,1,5.29,2.77
5680,O0004755,P0254,2,6.01,3.7
5681,O0004755,P0089,1,24.4,16.84
5682,O0004756,P0362,1,35.77,24.91
5683,O0004757,P0323,1,33.01,27.48
5684,O0004758,P0003,1,20.34,8.82
5685,O0004759,P0142,1,13.28,10.02
5686,O0004760,P0196,1,11.97,8.13
5687,O0004760,P0375,1,19.93,9.46
5688,O0004760,P0015,1,15.87,10.54
5689,O0004761,P0180,1,15.67,12.1
5690,O0004762,P0167,1,25.94,21.6
5691,O0004763,P0256,1,43.56,32.89
5692,O0004764,P0351,1,44.95,33.25
5693,O0004765,P0277,1,12.94,9.1
5694,O0004766,P0154,1,56.03,29.47
5695,O0004767,P0033,1,14.27,5.8
5696,O0004767,P0281,1,38.91,25.23
5697,O0004768,P0204,1,29.54,26.08
5698,O0004769,P0265,1,23.33,16.17
5699,O0004770,P0078,1,15.6,10.26
5700,O0004770,P0095,1,27.91,12.52
5701,O0004771,P0175,1,15.31,7.22
5702,O0004772,P0107,2,24.79,17.05
5703,O0004773,P0397,1,43.7,17.82
5704,O0004774,P0026,1,25.33,13.63
5705,O0004775,P0023,1,8.48,6.96
5706,O0004776,P0068,1,24.02,10.0
5707,O0004777,P0014,1,20.48,13.06
5708,O0004778,P0060,1,27.21,19.61
5709,O0004779,P0097,1,109.14,78.46
5710,O0004780,P0204,1,26.59,24.98
5711,O0004781,P0232,1,106.18,85.72
5712,O0004782,P0391,1,51.41,31.08
5713,O0004783,P0154,1,46.62,29.8
5714,O0004784,P0275,1,22.42,17.08
5715,O0004785,P0144,1,28.48,15.3
5716,O0004786,P0335,1,24.9,12.34
5717,O0004787,P0385,1,25.88,14.03
5718,O0004788,P0007,1,16.85,8.44
5719,O0004789,P0013,1,79.24,39.92
5720,O0004790,P0058,1,18.88,11.42
5721,O0004790,P0322,1,20.85,17.98
5722,O0004791,P0127,1,37.04,28.73
5723,O0004791,P0215,1,22.49,12.4
5724,O0004792,P0375,1,19.93,9.49
5725,O0004792,P0269,1,22.52,11.07
5726,O0004792,P0320,2,77.73,47.26
5727,O0004793,P0281,2,38.91,25.02
5728,O0004794,P0158,1,45.59,21.24
5729,O0004795,P0125,1,58.35,33.98
5730,O0004795,P0328,1,17.65,8.47
5731,O0004796,P0002,1,21.96,14.53
5732,O0004797,P0094,1,29.54,23.43
5733,O0004798,P0315,1,14.56,7.96
5734,O0004799,P0053,1,51.03,38.82
5735,O0004800,P0342,1,150.89,115.07
5736,O0004800,P0177,1,50.38,36.31
5737,O0004801,P0324,1,15.13,7.44
5738,O0004801,P0200,1,15.63,6.91
5739,O0004801,P0275,2,22.42,17.27
5740,O0004802,P0274,1,29.11,23.37
5741,O0004802,P0016,1,26.81,13.02
5742,O0004803,P0277,1,16.05,9.46
5743,O0004804,P0220,1,36.54,26.03
5744,O0004805,P0115,2,35.82,30.47
5745,O0004806,P0294,1,21.07,12.27
5746,O0004807,P0278,1,15.48,9.51
5747,O0004808,P0157,1,34.99,22.45
5748,O0004808,P0381,1,19.78,8.94
5749,O0004808,P0045,1,23.84,14.91
5750,O0004809,P0255,2,19.78,12.3
5751,O0004809,P0301,1,25.5,14.99
5752,O0004810,P0216,1,33.83,26.24
5753,O0004810,P0390,1,76.2,48.86
5754,O0004810,P0257,1,84.38,70.51
5755,O0004811,P0034,1,40.02,30.91
5756,O0004811,P0377,1,5.0,4.26
5757,O0004812,P0106,1,32.23,21.75
5758,O0004812,P0119,1,22.72,24.32
5759,O0004813,P0134,1,20.3,8.74
5760,O0004814,P0212,1,19.47,8.99
5761,O0004814,P0205,1,7.7,6.09
5762,O0004814,P0395,1,46.67,22.04
5763,O0004815,P0206,1,7.96,6.84
5764,O0004816,P0282,1,31.47,20.4
5765,O0004816,P0324,1,15.13,7.36
5766,O0004817,P0174,1,14.12,8.38
5767,O0004818,P0328,1,17.65,8.54
5768,O0004818,P0330,1,17.52,10.94
5769,O0004819,P0352,1,11.73,8.33
5770,O0004820,P0355,1,5.91,3.61
5771,O0004821,P0142,1,14.57,10.28
5772,O0004822,P0365,1,11.12,9.53
5773,O0004822,P0220,1,36.54,26.73
5774,O0004823,P0058,1,18.88,11.73
5775,O0004824,P0352,1,10.83,8.36
5776,O0004825,P0107,1,24.79,16.19
5777,O0004826,P0363,1,87.76,71.54
5778,O0004827,P0184,1,14.73,12.82
5779,O0004828,P0231,1,8.53,6.97
5780,O0004829,P0361,1,13.03,8.43
5781,O0004830,P0114,1,43.43,37.01
5782,O0004831,P0078,1,15.6,10.74
5783,O0004832,P0203,1,16.83,7.42
5784,O0004833,P0346,1,16.74,13.22
5785,O0004834,P0153,1,133.98,78.38
5786,O0004835,P0351,1,44.95,33.02
5787,O0004836,P0282,1,31.47,19.81
5788,O0004837,P0175,1,15.31,7.01
5789,O0004837,P0221,1,137.35,91.81
5790,O0004837,P0350,1,11.21,5.22
5791,O0004838,P0330,1,17.52,11.57
5792,O0004839,P0372,1,6.53,5.57
5793,O0004840,P0392,2,5.0,2.41
5794,O0004841,P0350,1,11.21,5.44
5795,O0004842,P0144,1,28.48,14.6
5796,O0004843,P0242,1,40.38,18.75
5797,O0004844,P0244,1,37.02,26.9
5798,O0004845,P0099,1,11.25,6.3
5799,O0004846,P0298,1,38.49,18.15
5800,O0004847,P0002,1,21.96,15.05
5801,O0004848,P0197,1,53.52,30.9
5802,O0004849,P0234,1,13.9,8.06
5803,O0004850,P0393,1,7.96,5.64
5804,O0004851,P0228,1,110.05,83.64
5805,O0004851,P0338,1,5.0,3.36
5806,O0004852,P0378,1,23.49,13.62
5807,O0004852,P0021,1,47.37,25.83
5808,O0004853,P0389,1,20.01,12.64
5809,O0004853,P0223,1,141.44,74.78
5810,O0004854,P0260,1,23.47,19.71
5811,O0004854,P0176,1,48.41,35.1
5812,O0004855,P0078,1,15.6,10.31
5813,O0004856,P0152,1,51.13,38.43
5814,O0004857,P0254,1,6.01,3.63
5815,O0004858,P0155,1,67.59,26.93
5816,O0004859,P0377,1,5.0,4.05
5817,O0004860,P0125,1,52.52,32.24
5818,O0004861,P0105,1,23.07,18.91
5819,O0004861,P0066,1,23.11,12.22
5820,O0004861,P0158,2,45.59,21.22
5821,O0004862,P0028,1,19.28,10.34
5822,O0004862,P0231,1,8.53,7.27
5823,O0004862,P0322,1,20.85,17.17
5824,O0004863,P0346,1,16.74,13.5
5825,O0004864,P0361,1,13.03,8.54
5826,O0004865,P0292,1,12.32,8.89
5827,O0004866,P0195,1,24.29,10.2
5828,O0004867,P0308,1,44.75,23.38
5829,O0004868,P0156,1,13.93,6.38
5830,O0004869,P0233,1,63.03,55.69
5831,O0004870,P0090,1,42.77,26.22
5832,O0004871,P0114,1,43.43,35.08
5833,O0004872,P0349,1,19.77,15.29
5834,O0004873,P0377,1,5.0,4.02
5835,O0004874,P0171,1,21.73,18.47
5836,O0004874,P0202,1,16.35,12.89
5837,O0004874,P0221,1,137.35,91.3
5838,O0004875,P0389,1,16.68,12.84
5839,O0004876,P0325,1,26.29,17.36
5840,O0004877,P0394,1,13.17,7.67
5841,O0004878,P0143,1,5.0,3.89
5842,O0004879,P0189,3,31.8,27.52
5843,O0004880,P0368,1,58.87,35.13
5844,O0004881,P0250,1,99.91,60.29
5845,O0004882,P0067,1,3.94,2.79
5846,O0004883,P0038,1,19.16,13.09
5847,O0004884,P0165,1,11.19,4.82
5848,O0004885,P0034,1,40.02,30.75
5849,O0004886,P0122,1,25.12,23.05
5850,O0004886,P0257,1,78.61,70.96
5851,O0004886,P0217,1,25.12,12.54
5852,O0004887,P0317,1,54.87,28.85
5853,O0004888,P0330,2,17.52,11.57
5854,O0004889,P0368,1,58.87,34.39
5855,O0004890,P0360,1,40.57,35.91
5856,O0004891,P0361,1,13.03,8.99
5857,O0004892,P0233,1,63.03,52.15
5858,O0004893,P0093,1,14.24,6.85
5859,O0004894,P0171,1,21.73,18.85
5860,O0004895,P0194,1,46.22,35.99
5861,O0004896,P0126,1,57.0,31.38
5862,O0004897,P0311,1,6.67,3.16
5863,O0004898,P0297,1,8.01,3.66
5864,O0004898,P0240,1,22.92,21.31
5865,O0004899,P0105,1,19.49,19.35
5866,O0004900,P0352,1,11.73,8.36
5867,O0004901,P0250,1,99.91,58.89
5868,O0004902,P0189,1,31.8,26.7
5869,O0004903,P0152,1,51.13,39.29
5870,O0004903,P0254,1,6.01,3.64
5871,O0004904,P0176,1,48.41,35.92
5872,O0004905,P0359,1,26.78,19.57
5873,O0004906,P0390,1,73.54,51.28
5874,O0004907,P0069,1,25.74,11.11
5875,O0004908,P0248,1,26.91,21.81
5876,O0004909,P0121,1,10.75,8.41
5877,O0004910,P0292,1,12.32,9.04
5878,O0004911,P0018,1,19.43,12.07
5879,O0004912,P0034,1,40.02,30.85
5880,O0004913,P0140,1,42.25,18.18
5881,O0004913,P0176,1,48.41,35.08
5882,O0004913,P0314,1,6.49,3.99
5883,O0004914,P0121,1,12.1,8.03
5884,O0004915,P0252,1,66.0,37.67
5885,O0004916,P0361,1,13.03,8.98
5886,O0004917,P0029,2,16.97,8.84
5887,O0004918,P0268,1,13.01,5.73
5888,O0004919,P0089,1,30.2,17.36
5889,O0004920,P0059,3,31.09,12.58
5890,O0004920,P0156,1,13.93,6.46
5891,O0004921,P0113,1,20.52,8.54
5892,O0004922,P0260,1,23.47,20.32
5893,O0004922,P0162,1,7.81,3.41
5894,O0004922,P0096,1,13.85,6.42
5895,O0004923,P0025,1,44.29,20.05
5896,O0004923,P0156,1,13.93,6.25
5897,O0004924,P0319,1,37.48,23.89
5898,O0004925,P0123,1,19.68,20.62
5899,O0004926,P0208,1,20.68,14.1
5900,O0004927,P0263,1,32.89,16.2
5901,O0004928,P0337,1,47.63,39.42
5902,O0004929,P0139,1,13.84,9.45
5903,O0004929,P0327,1,32.14,15.69
5904,O0004930,P0041,1,46.99,38.02
5905,O0004931,P0282,1,28.32,20.37
5906,O0004932,P0400,1,36.29,18.85
5907,O0004933,P0268,1,13.01,5.65
5908,O0004934,P0321,1,38.93,30.15
5909,O0004934,P0355,1,5.91,3.71
5910,O0004934,P0372,1,6.53,5.38
5911,O0004935,P0319,1,37.48,22.5
5912,O0004936,P0114,1,43.43,35.64
5913,O0004936,P0172,1,39.28,32.3
5914,O0004937,P0153,1,133.98,80.9
5915,O0004938,P0050,2,32.64,24.26
5916,O0004938,P0245,1,6.47,3.34
5917,O0004939,P0018,1,19.43,11.94
5918,O0004939,P0228,1,110.05,87.62
5919,O0004940,P0053,1,40.41,38.85
5920,O0004941,P0269,1,22.52,11.39
5921,O0004942,P0174,1,14.91,8.22
5922,O0004943,P0123,1,25.7,21.16
5923,O0004944,P0244,1,37.02,26.46
5924,O0004944,P0190,1,22.11,14.49
5925,O0004944,P0342,1,150.89,114.19
5926,O0004945,P0121,1,12.1,8.3
5927,O0004946,P0223,1,106.95,75.96
5928,O0004947,P0060,1,30.23,19.67
5929,O0004948,P0161,1,81.5,63.51
5930,O0004949,P0151,1,8.95,7.77
5931,O0004950,P0056,1,53.25,44.85
5932,O0004951,P0098,1,32.26,17.9
5933,O0004951,P0083,1,13.11,11.16
5934,O0004952,P0357,1,30.69,19.67
5935,O0004952,P0288,1,10.33,8.19
5936,O0004952,P0151,1,8.95,7.44
5937,O0004953,P0367,1,25.65,17.01
5938,O0004953,P0081,1,11.76,9.79
5939,O0004953,P0390,1,81.71,48.24
5940,O0004954,P0156,1,13.93,6.61
5941,O0004955,P0065,1,30.15,25.82
5942,O0004956,P0016,1,26.81,12.85
5943,O0004957,P0235,1,5.61,5.22
5944,O0004958,P0097,2,109.14,75.79
5945,O0004959,P0322,1,16.36,17.22
5946,O0004960,P0231,1,8.53,7.09
5947,O0004960,P0029,1,16.97,8.88
5948,O0004961,P0020,1,9.48,8.58
5949,O0004961,P0324,1,15.13,7.2
5950,O0004962,P0396,1,67.85,35.33
5951,O0004963,P0245,1,7.19,3.35
5952,O0004964,P0206,1,7.96,6.82
5953,O0004965,P0021,1,47.37,25.69
5954,O0004966,P0106,1,32.23,22.88
5955,O0004966,P0267,2,16.05,7.98
5956,O0004967,P0194,1,46.22,36.64
5957,O0004968,P0174,1,14.91,8.27
5958,O0004969,P0113,1,20.52,8.49
5959,O0004970,P0145,1,13.01,5.46
5960,O0004971,P0122,1,27.74,23.04
5961,O0004972,P0252,1,73.33,37.54
5962,O0004973,P0123,1,25.7,20.61
5963,O0004974,P0280,1,56.43,53.82
5964,O0004975,P0208,1,20.68,13.84
5965,O0004976,P0123,1,23.96,21.02
5966,O0004977,P0330,1,17.52,11.1
5967,O0004977,P0014,1,20.48,13.5
5968,O0004977,P0313,1,40.89,19.57
5969,O0004978,P0270,1,7.58,5.96
5970,O0004979,P0170,1,9.11,5.81
5971,O0004980,P0058,1,18.88,11.13
5972,O0004981,P0256,1,43.56,33.93
5973,O0004981,P0081,1,11.76,10.05
5974,O0004982,P0382,2,10.12,8.52
5975,O0004983,P0365,1,11.12,9.35
5976,O0004984,P0102,1,34.13,23.33
5977,O0004984,P0083,1,13.11,10.67
5978,O0004985,P0074,1,44.77,33.16
5979,O0004986,P0350,1,11.21,5.42
5980,O0004987,P0106,1,32.23,22.49
5981,O0004988,P0278,1,15.48,9.89
5982,O0004989,P0265,1,23.33,16.23
5983,O0004990,P0325,1,26.29,18.15
5984,O0004991,P0263,1,32.89,16.31
5985,O0004992,P0037,1,12.54,9.77
5986,O0004993,P0239,1,24.64,19.28
5987,O0004994,P0356,1,81.19,66.37
5988,O0004994,P0103,1,20.16,10.8
5989,O0004994,P0097,1,109.14,75.81
5990,O0004995,P0340,1,61.25,45.52
5991,O0004995,P0184,1,20.87,12.33
5992,O0004996,P0238,1,66.04,36.12
5993,O0004997,P0282,1,31.47,20.38
5994,O0004997,P0400,1,36.29,18.19
5995,O0004997,P0363,1,87.76,72.86
5996,O0004998,P0057,1,13.99,6.93
5997,O0004999,P0072,1,31.23,19.92
5998,O0004999,P0080,1,25.92,12.5
5999,O0005000,P0099,1,11.25,6.33
6000,O0005001,P0400,1,36.29,19.04
6001,O0005002,P0175,1,15.31,6.84
6002,O0005003,P0008,1,31.71,18.68
6003,O0005004,P0346,1,16.74,13.49
6004,O0005005,P0394,1,13.17,7.62
6005,O0005006,P0262,1,22.84,11.94
6006,O0005006,P0169,1,87.25,55.19
6007,O0005007,P0125,1,58.35,32.25
6008,O0005008,P0380,1,60.42,43.35
6009,O0005009,P0291,1,26.1,17.14
6010,O0005010,P0275,1,22.42,17.72
6011,O0005011,P0166,1,35.51,24.1
6012,O0005012,P0307,1,26.56,18.12
6013,O0005013,P0282,1,31.47,19.91
6014,O0005014,P0233,1,63.03,55.29
6015,O0005014,P0377,1,5.0,4.12
6016,O0005015,P0266,1,52.67,26.04
6017,O0005016,P0281,1,38.91,25.49
6018,O0005017,P0072,1,31.23,19.16
6019,O0005018,P0298,1,38.49,18.81
6020,O0005019,P0252,1,73.33,37.13
6021,O0005020,P0043,1,32.76,24.89
6022,O0005020,P0095,1,31.01,12.75
6023,O0005021,P0118,1,7.3,4.16
6024,O0005022,P0127,3,29.72,29.9
6025,O0005023,P0067,1,5.29,2.74
6026,O0005024,P0095,1,31.01,12.7
6027,O0005025,P0386,1,21.86,10.67
6028,O0005025,P0210,1,21.59,13.74
6029,O0005026,P0045,1,23.84,15.48
6030,O0005027,P0341,1,40.7,33.88
6031,O0005028,P0349,1,19.77,15.1
6032,O0005029,P0377,1,5.0,4.21
6033,O0005029,P0245,1,7.19,3.18
6034,O0005029,P0375,1,19.93,9.44
6035,O0005030,P0304,1,11.87,9.66
6036,O0005031,P0327,1,32.14,16.41
6037,O0005032,P0115,1,35.82,29.48
6038,O0005033,P0149,1,16.78,10.98
6039,O0005034,P0388,1,14.29,7.04
6040,O0005035,P0153,1,111.08,80.72
6041,O0005035,P0068,1,21.62,10.42
6042,O0005036,P0336,1,93.8,79.06
6043,O0005037,P0204,1,29.54,25.23
6044,O0005038,P0144,1,25.34,14.94
6045,O0005039,P0202,1,16.35,12.93
6046,O0005040,P0282,1,31.47,20.33
6047,O0005040,P0362,1,35.77,25.2
6048,O0005041,P0083,2,13.11,11.12
6049,O0005041,P0319,1,37.48,22.77
6050,O0005042,P0350,1,11.21,5.39
6051,O0005043,P0028,1,19.28,10.42
6052,O0005043,P0035,2,55.97,42.21
6053,O0005044,P0064,1,33.89,24.71
6054,O0005045,P0260,1,23.47,20.15
6055,O0005046,P0400,1,36.29,18.12
6056,O0005047,P0313,1,40.89,19.34
6057,O0005047,P0350,1,11.21,5.36
6058,O0005048,P0316,1,25.48,11.94
6059,O0005048,P0180,1,15.67,11.95
6060,O0005048,P0072,1,31.23,20.33
6061,O0005049,P0062,1,17.52,10.06
6062,O0005050,P0015,1,15.87,10.96
6063,O0005051,P0247,1,84.85,53.2
6064,O0005051,P0120,1,7.56,6.38
6065,O0005051,P0234,1,15.17,7.82
6066,O0005052,P0067,1,5.29,2.85
6067,O0005053,P0265,1,23.33,16.83
6068,O0005054,P0400,1,28.4,18.55
6069,O0005054,P0128,1,37.0,30.43
6070,O0005055,P0017,1,15.17,11.07
6071,O0005055,P0198,1,16.18,10.35
6072,O0005055,P0344,1,12.43,9.1
6073,O0005056,P0318,1,15.46,11.31
6074,O0005057,P0160,1,10.81,6.61
6075,O0005058,P0200,1,15.63,7.07
6076,O0005059,P0054,1,31.91,15.99
6077,O0005060,P0025,1,44.29,19.58
6078,O0005061,P0197,2,53.52,31.19
6079,O0005062,P0122,1,23.13,24.19
6080,O0005062,P0036,1,51.68,22.42
6081,O0005063,P0296,1,113.02,99.38
6082,O0005064,P0160,2,9.32,6.68
6083,O0005064,P0300,1,14.49,8.92
6084,O0005065,P0205,1,5.55,5.84
6085,O0005066,P0249,1,127.56,105.75
6086,O0005067,P0165,1,11.19,4.85
6087,O0005068,P0276,1,20.56,15.49
6088,O0005069,P0059,1,24.83,12.97
6089,O0005070,P0296,1,113.02,94.11
6090,O0005071,P0333,1,5.0,3.06
6091,O0005072,P0258,1,8.13,6.72
6092,O0005073,P0328,1,17.65,8.44
6093,O0005074,P0043,1,32.76,24.1
6094,O0005075,P0246,1,68.18,50.1
6095,O0005076,P0345,1,25.98,20.01
6096,O0005077,P0387,1,21.51,15.93
6097,O0005078,P0105,1,23.07,18.35
6098,O0005079,P0038,1,19.16,13.31
6099,O0005080,P0201,1,29.84,12.94
6100,O0005081,P0055,1,26.51,20.73
6101,O0005082,P0366,1,22.18,17.12
6102,O0005083,P0218,1,24.78,16.88
6103,O0005084,P0333,1,5.0,3.13
6104,O0005085,P0014,1,20.48,13.54
6105,O0005086,P0224,2,11.56,6.23
6106,O0005087,P0237,1,22.38,13.72
6107,O0005087,P0344,1,12.43,9.32
6108,O0005088,P0128,1,37.0,30.22
6109,O0005089,P0062,1,17.52,9.53
6110,O0005089,P0263,1,32.89,15.66
6111,O0005090,P0185,1,47.48,21.21
6112,O0005091,P0180,1,15.67,11.97
6113,O0005092,P0030,1,57.15,37.51
6114,O0005093,P0332,1,18.9,15.03
6115,O0005093,P0304,1,11.87,9.21
6116,O0005093,P0072,1,31.23,19.29
6117,O0005094,P0147,1,36.74,21.42
6118,O0005095,P0323,2,33.01,27.75
6119,O0005096,P0265,1,23.33,16.61
6120,O0005097,P0260,1,23.47,20.61
6121,O0005098,P0356,1,81.19,67.43
6122,O0005098,P0383,1,192.23,84.03
6123,O0005099,P0155,1,67.59,27.38
6124,O0005100,P0077,1,11.11,4.7
6125,O0005101,P0172,2,35.94,32.72
6126,O0005102,P0136,1,5.51,3.8
6127,O0005103,P0287,1,14.63,6.68
6128,O0005104,P0222,1,13.28,10.99
6129,O0005105,P0020,1,10.53,8.68
6130,O0005106,P0051,1,12.85,10.55
6131,O0005107,P0054,1,31.91,15.57
6132,O0005108,P0166,1,35.51,25.21
6133,O0005109,P0396,1,67.85,34.06
6134,O0005110,P0104,1,13.42,7.02
6135,O0005111,P0147,1,36.74,22.53
6136,O0005112,P0321,1,38.93,30.91
6137,O0005113,P0046,1,85.77,52.07
6138,O0005114,P0274,1,29.11,24.55
6139,O0005115,P0131,1,52.63,41.73
6140,O0005115,P0283,1,22.15,14.16
6141,O0005116,P0283,1,22.15,13.98
6142,O0005117,P0042,1,72.6,46.31
6143,O0005117,P0027,1,22.36,12.98
6144,O0005118,P0326,1,21.66,16.96
6145,O0005119,P0127,1,37.04,29.5
6146,O0005119,P0024,2,28.72,21.31
6147,O0005120,P0298,1,38.49,18.69
6148,O0005121,P0103,1,20.16,10.94
6149,O0005122,P0051,1,11.56,10.84
6150,O0005123,P0015,1,15.87,10.57
6151,O0005124,P0077,1,11.11,4.61
6152,O0005125,P0400,1,36.29,18.93
6153,O0005126,P0202,1,16.35,12.49
6154,O0005127,P0159,1,5.0,2.46
6155,O0005128,P0067,1,5.29,2.91
6156,O0005129,P0026,1,28.14,13.91
6157,O0005130,P0173,3,30.72,13.47
6158,O0005131,P0378,1,23.49,13.1
6159,O0005132,P0051,1,12.85,10.91
6160,O0005133,P0063,1,21.56,14.21
6161,O0005133,P0067,1,5.29,2.89
6162,O0005134,P0215,1,22.49,11.91
6163,O0005135,P0311,1,6.67,2.99
6164,O0005135,P0221,1,137.35,93.47
6165,O0005136,P0400,1,36.29,19.33
6166,O0005137,P0231,1,8.53,7.23
6167,O0005138,P0063,1,21.56,14.29
6168,O0005139,P0015,1,13.67,10.66
6169,O0005140,P0048,1,19.31,12.08
6170,O0005141,P0085,1,47.03,35.5
6171,O0005142,P0139,1,13.84,9.43
6172,O0005143,P0246,1,68.18,48.7
6173,O0005144,P0296,1,90.93,94.11
6174,O0005145,P0376,1,7.37,3.67
6175,O0005146,P0248,1,26.91,21.92
6176,O0005147,P0176,1,48.41,34.34
6177,O0005148,P0061,1,7.91,3.58
6178,O0005149,P0107,1,21.6,16.52
6179,O0005150,P0335,1,24.9,12.69
6180,O0005151,P0087,1,6.78,3.15
6181,O0005151,P0110,1,12.36,5.02
6182,O0005151,P0299,1,14.58,7.29
6183,O0005152,P0027,1,22.36,12.67
6184,O0005153,P0310,1,38.72,22.92
6185,O0005154,P0150,1,14.55,10.92
6186,O0005155,P0392,1,3.68,2.4
6187,O0005156,P0179,1,12.64,9.59
6188,O0005157,P0011,1,10.91,5.99
6189,O0005158,P0006,1,45.33,39.17
6190,O0005158,P0103,2,20.16,10.79
6191,O0005159,P0336,1,93.8,78.05
6192,O0005160,P0243,1,27.01,14.11
6193,O0005161,P0309,2,14.44,8.2
6194,O0005162,P0150,1,14.55,10.8
6195,O0005163,P0244,1,37.02,27.09
6196,O0005163,P0132,1,41.31,22.8
6197,O0005164,P0205,1,7.7,5.98
6198,O0005165,P0033,1,14.27,5.87
6199,O0005166,P0327,1,32.14,15.64
6200,O0005167,P0256,1,43.56,33.06
6201,O0005168,P0003,1,20.34,9.09
6202,O0005169,P0093,1,14.24,6.88
6203,O0005170,P0093,1,14.24,6.75
6204,O0005171,P0295,1,51.47,28.86
6205,O0005172,P0117,1,12.46,9.76
6206,O0005173,P0077,1,8.98,4.82
6207,O0005173,P0186,1,47.03,37.67
6208,O0005174,P0193,1,55.76,48.26
6209,O0005175,P0216,1,33.83,27.83
6210,O0005176,P0314,1,6.49,4.08
6211,O0005177,P0190,1,22.11,14.62
6212,O0005178,P0065,1,30.15,25.94
6213,O0005179,P0348,1,16.31,13.35
6214,O0005180,P0233,1,46.62,55.66
6215,O0005181,P0353,1,34.15,18.16
6216,O0005182,P0308,1,44.75,23.08
6217,O0005183,P0122,1,27.74,24.29
6218,O0005184,P0183,1,38.0,29.49
6219,O0005185,P0142,1,14.57,10.41
6220,O0005186,P0020,1,10.53,8.65
6221,O0005186,P0019,1,24.27,10.07
6222,O0005187,P0320,1,77.73,46.65
6223,O0005188,P0044,1,13.18,9.36
6224,O0005189,P0022,1,9.24,5.87
6225,O0005189,P0350,1,11.21,5.41
6226,O0005190,P0189,1,31.8,27.14
6227,O0005191,P0292,1,12.32,9.18
6228,O0005191,P0121,1,12.1,8.42
6229,O0005192,P0122,1,27.74,24.38
6230,O0005192,P0014,1,20.48,13.28
6231,O0005193,P0071,1,21.03,10.17
6232,O0005194,P0159,1,5.0,2.43
6233,O0005194,P0002,1,21.96,14.5
6234,O0005194,P0360,1,43.84,36.17
6235,O0005195,P0222,1,13.28,10.89
6236,O0005196,P0012,1,31.54,18.39
6237,O0005197,P0154,1,56.03,28.91
6238,O0005198,P0360,1,43.84,36.88
6239,O0005198,P0270,1,10.72,6.09
6240,O0005198,P0329,1,33.63,23.45
6241,O0005199,P0073,1,61.21,31.22
6242,O0005199,P0382,1,10.12,8.49
6243,O0005199,P0306,1,44.89,31.77
6244,O0005200,P0369,1,21.62,16.55
6245,O0005200,P0254,1,6.01,3.77
6246,O0005201,P0399,1,16.13,11.07
6247,O0005202,P0018,1,19.43,12.0
6248,O0005203,P0213,1,31.76,23.87
6249,O0005204,P0212,1,19.47,9.12
6250,O0005205,P0348,1,16.31,12.8
6251,O0005206,P0289,1,94.61,71.18
6252,O0005207,P0079,1,7.1,5.0
6253,O0005207,P0118,2,7.3,4.09
6254,O0005208,P0247,1,84.85,55.92
6255,O0005209,P0215,1,22.49,12.36
6256,O0005209,P0073,1,61.21,32.44
6257,O0005209,P0294,2,21.07,12.11
6258,O0005210,P0241,1,17.11,10.46
6259,O0005211,P0251,1,41.11,29.57
6260,O0005212,P0390,1,81.71,49.36
6261,O0005213,P0312,1,25.49,17.55
6262,O0005214,P0088,1,28.44,23.23
6263,O0005215,P0188,1,24.95,20.98
6264,O0005216,P0050,1,32.64,24.53
6265,O0005217,P0289,1,94.61,70.43
6266,O0005218,P0045,1,23.84,15.64
6267,O0005219,P0374,1,8.71,5.17
6268,O0005220,P0279,1,6.57,4.39
6269,O0005220,P0333,1,5.0,3.02
6270,O0005221,P0191,1,12.75,6.89
6271,O0005221,P0098,1,35.84,18.56
6272,O0005222,P0386,1,21.86,10.48
6273,O0005223,P0386,1,21.86,10.45
6274,O0005224,P0365,1,11.12,9.48
6275,O0005225,P0373,1,8.74,6.6
6276,O0005226,P0229,1,11.96,9.96
6277,O0005227,P0323,1,33.01,27.83
6278,O0005228,P0018,1,19.43,12.02
6279,O0005229,P0394,1,13.17,7.87
6280,O0005230,P0016,1,26.81,12.78
6281,O0005231,P0075,1,75.36,51.23
6282,O0005231,P0350,2,11.21,5.18
6283,O0005232,P0234,1,16.86,8.08
6284,O0005233,P0088,1,28.44,22.76
6285,O0005234,P0187,1,69.71,39.7
6286,O0005235,P0266,1,52.67,25.9
6287,O0005235,P0313,1,29.27,18.83
6288,O0005236,P0205,1,7.7,6.04
6289,O0005236,P0310,1,34.85,23.85
6290,O0005236,P0242,1,40.38,19.41
6291,O0005237,P0186,1,47.03,39.37
6292,O0005238,P0153,1,133.98,78.29
6293,O0005239,P0388,1,15.88,6.78
6294,O0005240,P0213,1,31.76,23.46
6295,O0005240,P0048,1,19.31,12.44
6296,O0005240,P0200,2,15.63,7.02
6297,O0005241,P0324,1,15.13,7.61
6298,O0005242,P0094,1,26.59,24.16
6299,O0005243,P0376,1,7.37,3.7
6300,O0005244,P0225,1,5.0,3.26
6301,O0005245,P0368,1,58.87,34.05
6302,O0005246,P0318,1,15.46,10.87
6303,O0005247,P0134,1,18.27,8.36
6304,O0005248,P0380,1,60.42,43.69
6305,O0005249,P0312,1,25.49,17.52
6306,O0005250,P0207,1,13.81,10.61
6307,O0005251,P0035,1,55.97,41.0
6308,O0005252,P0064,1,33.89,25.15
6309,O0005252,P0329,1,33.63,23.75
6310,O0005253,P0128,1,37.0,29.63
6311,O0005254,P0086,1,8.24,5.99
6312,O0005255,P0325,1,21.32,16.99
6313,O0005256,P0107,1,24.79,16.59
6314,O0005257,P0082,1,84.77,40.27
6315,O0005258,P0140,1,42.25,19.07
6316,O0005259,P0089,1,27.18,16.85
6317,O0005260,P0068,1,24.02,10.22
6318,O0005261,P0125,2,58.35,32.43
6319,O0005262,P0043,1,32.76,24.61
6320,O0005263,P0296,1,113.02,98.63
6321,O0005264,P0236,1,72.46,55.9
6322,O0005265,P0273,1,14.02,11.45
6323,O0005266,P0341,1,40.7,32.97
6324,O0005267,P0400,1,36.29,18.37
6325,O0005268,P0192,1,96.59,75.17
6326,O0005269,P0328,1,15.88,8.51
6327,O0005270,P0377,1,5.0,4.06
6328,O0005270,P0093,1,14.24,6.93
6329,O0005271,P0201,1,29.84,13.07
6330,O0005272,P0017,1,15.17,10.69
6331,O0005273,P0232,1,106.18,83.13
6332,O0005274,P0173,1,30.72,13.91
6333,O0005275,P0089,1,30.2,17.43
6334,O0005276,P0373,1,8.74,6.54
6335,O0005277,P0154,1,56.03,28.95
6336,O0005278,P0156,1,11.22,6.49
6337,O0005279,P0035,1,55.97,42.45
6338,O0005280,P0141,1,25.44,16.85
6339,O0005281,P0330,1,17.52,10.96
6340,O0005281,P0282,1,28.32,20.15
6341,O0005282,P0341,1,31.12,33.88
6342,O0005283,P0121,1,12.1,8.2
6343,O0005284,P0300,1,16.61,8.94
6344,O0005285,P0314,1,6.49,4.02
6345,O0005286,P0128,1,37.0,30.84
6346,O0005287,P0230,1,36.36,28.49
6347,O0005288,P0003,1,20.34,8.88
6348,O0005288,P0221,1,137.35,89.31
6349,O0005289,P0350,1,11.21,5.44
6350,O0005289,P0321,1,38.93,31.12
6351,O0005290,P0139,1,12.61,9.39
6352,O0005291,P0280,1,73.22,52.9
6353,O0005291,P0267,1,16.05,7.66
6354,O0005291,P0143,1,5.0,3.85
6355,O0005292,P0004,1,20.34,16.82
6356,O0005293,P0016,1,26.81,12.92
6357,O0005294,P0239,1,24.64,19.08
6358,O0005295,P0271,1,106.32,49.96
6359,O0005295,P0373,1,8.74,6.48
6360,O0005296,P0308,1,44.75,23.42
6361,O0005297,P0082,1,84.77,39.72
6362,O0005298,P0004,1,20.34,16.37
6363,O0005299,P0040,1,21.15,11.92
6364,O0005300,P0336,1,84.42,77.54
6365,O0005300,P0026,1,28.14,13.6
6366,O0005300,P0270,1,10.72,6.29
6367,O0005301,P0195,1,24.29,10.46
6368,O0005302,P0375,1,19.93,9.2
6369,O0005303,P0218,1,24.78,15.89
6370,O0005304,P0386,1,21.86,10.52
6371,O0005305,P0062,3,17.52,10.06
6372,O0005306,P0083,1,11.8,10.96
6373,O0005307,P0226,1,16.11,7.02
6374,O0005307,P0294,1,21.07,11.66
6375,O0005308,P0291,1,26.1,17.62
6376,O0005309,P0205,1,7.7,6.06
6377,O0005310,P0372,1,5.88,5.44
6378,O0005311,P0025,1,44.29,20.3
6379,O0005311,P0374,1,8.71,5.33
6380,O0005311,P0228,1,110.05,84.22
6381,O0005312,P0047,1,26.3,14.02
6382,O0005313,P0281,1,38.91,24.34
6383,O0005314,P0002,1,21.96,14.96
6384,O0005314,P0062,1,17.52,9.89
6385,O0005314,P0252,1,73.33,37.74
6386,O0005315,P0353,1,34.15,17.82
6387,O0005316,P0108,1,78.48,50.11
6388,O0005317,P0017,1,15.17,11.23
6389,O0005318,P0181,1,24.13,14.11
6390,O0005319,P0034,1,40.02,30.86
6391,O0005320,P0252,1,73.33,37.25
6392,O0005321,P0031,3,31.79,13.6
6393,O0005322,P0212,1,19.47,8.96
6394,O0005323,P0351,1,44.95,33.93
6395,O0005324,P0052,1,16.42,13.05
6396,O0005324,P0287,1,14.63,6.74
6397,O0005325,P0398,1,9.94,4.56
6398,O0005326,P0270,1,10.72,6.21
6399,O0005326,P0043,1,32.76,24.22
6400,O0005327,P0071,1,21.03,10.0
6401,O0005328,P0087,1,5.62,2.95
6402,O0005329,P0386,1,21.86,11.1
6403,O0005329,P0310,1,38.72,23.97
6404,O0005329,P0224,1,12.85,6.34
6405,O0005330,P0164,1,7.78,6.32
6406,O0005331,P0180,1,14.1,12.51
6407,O0005332,P0187,2,69.71,37.34
6408,O0005333,P0392,1,5.0,2.39
6409,O0005334,P0007,1,16.85,8.19
6410,O0005335,P0033,1,14.27,5.76
6411,O0005336,P0379,1,107.68,43.88
6412,O0005337,P0187,1,69.71,38.09
6413,O0005338,P0067,1,5.29,2.88
6414,O0005338,P0012,1,31.54,17.91
6415,O0005339,P0026,1,28.14,14.27
6416,O0005340,P0080,1,25.92,12.23
6417,O0005341,P0114,1,43.43,36.64
6418,O0005342,P0232,1,106.18,82.8
6419,O0005343,P0107,1,19.06,16.82
6420,O0005344,P0367,1,25.65,16.75
6421,O0005345,P0154,1,56.03,29.2
6422,O0005345,P0261,1,5.0,3.4
6423,O0005346,P0054,1,31.91,15.89
6424,O0005347,P0174,1,14.91,8.19
6425,O0005348,P0082,1,84.77,39.1
6426,O0005349,P0370,1,15.51,7.2
6427,O0005350,P0172,1,39.28,32.31
6428,O0005351,P0019,1,24.27,9.98
6429,O0005352,P0255,1,19.78,12.41
6430,O0005353,P0331,1,49.25,28.14
6431,O0005354,P0285,1,13.4,5.53
6432,O0005355,P0321,1,38.93,30.95
6433,O0005356,P0016,1,26.81,12.86
6434,O0005357,P0200,1,15.63,7.24
6435,O0005357,P0090,1,45.85,25.76
6436,O0005357,P0001,1,36.5,27.44
6437,O0005358,P0267,1,16.05,7.85
6438,O0005359,P0084,1,18.96,15.15
6439,O0005360,P0184,1,16.26,12.91
6440,O0005361,P0070,1,176.02,92.73
6441,O0005362,P0051,1,12.85,11.0
6442,O0005363,P0065,1,30.15,25.36
6443,O0005364,P0177,1,50.38,37.15
6444,O0005364,P0341,1,40.7,32.66
6445,O0005365,P0387,1,23.9,15.62
6446,O0005366,P0024,1,28.72,21.95
6447,O0005367,P0265,1,18.78,16.31
6448,O0005368,P0191,1,12.75,6.78
6449,O0005369,P0263,1,32.89,16.4
6450,O0005369,P0146,1,22.38,19.13
6451,O0005370,P0215,1,22.49,12.37
6452,O0005370,P0299,1,11.71,7.15
6453,O0005371,P0184,1,20.87,12.93
6454,O0005372,P0151,1,8.95,7.56
6455,O0005373,P0029,1,16.97,8.99
6456,O0005374,P0046,1,85.77,52.89
6457,O0005375,P0374,1,8.71,5.27
6458,O0005376,P0280,1,73.22,56.03
6459,O0005377,P0375,1,17.94,9.29
6460,O0005378,P0341,1,40.7,34.04
6461,O0005378,P0355,1,5.91,3.64
6462,O0005378,P0318,1,15.46,11.14
6463,O0005379,P0033,1,14.27,5.94
6464,O0005380,P0109,2,36.42,21.01
6465,O0005380,P0190,1,22.11,15.2
6466,O0005381,P0177,1,50.38,37.08
6467,O0005382,P0384,1,25.72,18.79
6468,O0005383,P0306,1,44.89,32.68
6469,O0005384,P0248,1,26.91,20.93
6470,O0005384,P0250,1,99.91,58.35
6471,O0005385,P0101,1,38.43,37.24
6472,O0005385,P0038,1,17.34,12.94
6473,O0005385,P0272,1,25.23,19.2
6474,O0005386,P0259,1,5.65,3.97
6475,O0005387,P0383,1,192.23,86.4
6476,O0005388,P0234,1,16.86,8.01
6477,O0005389,P0388,1,15.88,7.0
6478,O0005390,P0107,1,24.79,16.49
6479,O0005391,P0273,1,12.62,11.08
6480,O0005391,P0348,1,16.31,13.01
6481,O0005391,P0351,1,44.95,33.23
6482,O0005392,P0309,1,14.44,7.73
6483,O0005393,P0185,1,47.48,21.58
6484,O0005394,P0007,1,16.85,8.34
6485,O0005395,P0349,1,19.77,15.32
6486,O0005396,P0027,1,22.36,13.3
6487,O0005397,P0039,1,12.96,9.46
6488,O0005398,P0320,1,77.73,45.32
6489,O0005399,P0258,1,8.13,6.94
6490,O0005400,P0396,1,67.85,34.26
6491,O0005401,P0285,1,13.4,5.71
6492,O0005402,P0005,1,86.78,35.39
6493,O0005403,P0252,1,73.33,36.24
6494,O0005404,P0003,1,20.34,8.88
6495,O0005405,P0233,1,63.03,55.29
6496,O0005406,P0138,1,58.62,37.12
6497,O0005407,P0382,1,8.75,8.58
6498,O0005408,P0187,1,69.71,39.54
6499,O0005409,P0315,1,12.17,8.31
6500,O0005410,P0010,1,5.31,2.83
6501,O0005410,P0071,1,21.03,10.18
6502,O0005410,P0293,1,10.7,5.63
6503,O0005411,P0198,2,21.81,10.1
6504,O0005412,P0202,1,16.35,12.64
6505,O0005412,P0319,2,37.48,24.03
6506,O0005412,P0295,1,51.47,29.19
6507,O0005413,P0279,1,7.3,4.58
6508,O0005414,P0384,1,25.72,18.78
6509,O0005414,P0303,1,20.26,17.76
6510,O0005414,P0395,1,51.86,21.88
6511,O0005415,P0163,1,77.71,50.62
6512,O0005416,P0045,1,23.84,15.11
6513,O0005416,P0016,1,26.81,13.04
6514,O0005417,P0366,1,22.18,17.03
6515,O0005418,P0204,1,29.54,25.89
6516,O0005419,P0061,1,7.12,3.74
6517,O0005419,P0353,1,30.74,17.48
6518,O0005420,P0327,1,32.14,15.84
6519,O0005421,P0085,1,47.03,36.29
6520,O0005422,P0396,1,67.85,35.47
6521,O0005423,P0314,1,6.49,4.1
6522,O0005424,P0219,1,25.02,17.3
6523,O0005425,P0301,1,25.5,15.58
6524,O0005426,P0178,3,28.44,23.62
6525,O0005426,P0120,1,7.17,6.55
6526,O0005427,P0266,1,52.67,25.79
6527,O0005428,P0127,1,37.04,29.65
6528,O0005429,P0332,1,18.9,14.79
6529,O0005430,P0168,2,16.6,11.86
6530,O0005431,P0061,1,7.91,3.57
6531,O0005432,P0329,1,33.63,24.44
6532,O0005433,P0010,1,5.31,2.77
6533,O0005434,P0149,1,15.1,10.75
6534,O0005435,P0311,1,6.67,3.09
6535,O0005436,P0026,1,28.14,14.07
6536,O0005437,P0260,1,23.47,19.42
6537,O0005438,P0124,1,9.83,7.32
6538,O0005439,P0377,1,4.55,4.13
6539,O0005440,P0009,1,29.77,17.77
6540,O0005441,P0294,1,21.07,11.81
6541,O0005442,P0141,1,25.44,16.2
6542,O0005443,P0162,1,7.81,3.39
6543,O0005444,P0291,1,26.1,17.36
6544,O0005444,P0359,1,26.78,19.01
6545,O0005444,P0308,3,44.75,23.43
6546,O0005445,P0333,1,5.0,3.08
6547,O0005446,P0078,1,15.6,10.67
6548,O0005447,P0040,1,21.15,11.85
6549,O0005447,P0334,1,10.95,5.94
6550,O0005448,P0182,1,26.95,20.9
6551,O0005449,P0288,1,10.33,8.56
6552,O0005449,P0249,1,127.56,105.59
6553,O0005450,P0395,1,51.86,21.19
6554,O0005451,P0301,1,25.5,14.64
6555,O0005452,P0148,1,49.04,23.61
6556,O0005453,P0067,1,5.29,2.87
6557,O0005454,P0238,1,66.04,35.47
6558,O0005455,P0299,1,14.58,7.0
6559,O0005456,P0173,1,30.72,13.85
6560,O0005457,P0327,1,32.14,16.4
6561,O0005458,P0059,1,31.09,12.47
6562,O0005459,P0394,1,9.6,8.02
6563,O0005460,P0137,1,16.82,7.9
6564,O0005461,P0329,1,33.63,23.08
6565,O0005462,P0125,1,58.35,32.61
6566,O0005463,P0147,1,36.74,21.05
6567,O0005464,P0213,1,31.76,23.02
6568,O0005465,P0250,1,99.91,59.8
6569,O0005465,P0164,1,7.78,6.24
6570,O0005466,P0202,1,16.35,13.2
6571,O0005467,P0026,1,28.14,14.05
6572,O0005468,P0110,1,12.36,5.27
6573,O0005469,P0049,1,20.58,12.29
6574,O0005470,P0042,1,72.6,45.44
6575,O0005470,P0028,1,19.28,10.31
6576,O0005471,P0301,1,25.5,15.1
6577,O0005472,P0205,1,7.7,6.09
6578,O0005473,P0348,1,16.31,13.1
6579,O0005474,P0301,1,22.95,15.54
6580,O0005475,P0122,1,23.45,24.26
6581,O0005476,P0039,1,16.72,9.25
6582,O0005477,P0047,1,26.3,14.65
6583,O0005478,P0264,1,11.57,6.7
6584,O0005479,P0292,1,12.32,9.18
6585,O0005480,P0353,1,34.15,17.54
6586,O0005481,P0141,1,25.44,17.06
6587,O0005482,P0113,1,17.01,8.59
6588,O0005483,P0345,1,25.98,19.2
6589,O0005484,P0125,1,58.35,34.34
6590,O0005485,P0220,1,36.54,27.03
6591,O0005486,P0069,1,25.74,11.27
6592,O0005486,P0100,1,46.05,33.63
6593,O0005487,P0397,1,43.7,18.08
6594,O0005488,P0169,1,87.25,55.46
6595,O0005489,P0151,1,8.95,7.54
6596,O0005490,P0313,1,40.89,20.04
6597,O0005491,P0340,1,61.25,48.59
6598,O0005492,P0284,1,11.42,5.84
6599,O0005493,P0144,2,25.44,15.34
6600,O0005494,P0154,1,56.03,28.75
6601,O0005495,P0396,1,67.85,35.02
6602,O0005496,P0119,1,29.12,24.43
6603,O0005496,P0069,1,19.76,10.87
6604,O0005496,P0243,1,19.8,14.06
6605,O0005497,P0094,1,29.54,24.21
6606,O0005498,P0216,1,33.83,27.85
6607,O0005499,P0235,1,5.61,5.31
6608,O0005500,P0140,1,42.25,18.65
6609,O0005501,P0370,1,15.7,7.28
6610,O0005502,P0302,1,12.62,10.52
6611,O0005503,P0113,1,16.12,8.7
6612,O0005504,P0160,1,10.81,6.71
6613,O0005505,P0006,1,45.33,38.95
6614,O0005506,P0215,2,22.49,12.31
6615,O0005507,P0315,1,11.62,8.29
6616,O0005508,P0002,1,21.96,14.92
6617,O0005509,P0295,1,51.47,29.54
6618,O0005510,P0111,1,10.42,8.6
6619,O0005511,P0239,1,24.64,19.06
6620,O0005512,P0070,1,176.02,94.74
6621,O0005513,P0030,1,57.15,36.65
6622,O0005514,P0235,1,6.23,5.39
6623,O0005515,P0046,1,85.77,51.02
6624,O0005516,P0049,2,15.29,12.26
6625,O0005517,P0186,1,47.03,39.78
6626,O0005518,P0007,1,11.86,8.17
6627,O0005519,P0322,1,20.85,17.91
6628,O0005519,P0067,1,4.76,2.74
6629,O0005520,P0181,1,24.13,13.76
6630,O0005520,P0226,2,16.11,7.33
6631,O0005520,P0040,2,21.15,11.77
6632,O0005521,P0289,1,94.61,74.48
6633,O0005522,P0349,1,19.77,15.11
6634,O0005523,P0191,1,12.75,7.11
6635,O0005524,P0342,1,135.8,119.38
6636,O0005525,P0160,1,8.97,6.51
6637,O0005526,P0059,1,31.09,13.12
6638,O0005527,P0113,1,20.52,8.29
6639,O0005527,P0119,1,29.12,25.12
6640,O0005528,P0153,1,120.58,81.81
6641,O0005529,P0312,1,25.49,17.39
6642,O0005530,P0255,1,19.78,12.74
6643,O0005531,P0057,1,13.99,7.02
6644,O0005532,P0296,1,98.18,97.13
6645,O0005533,P0384,1,25.72,19.43
6646,O0005534,P0380,1,60.42,43.99
6647,O0005534,P0119,1,29.12,24.58
6648,O0005535,P0072,1,24.93,20.05
6649,O0005536,P0204,1,29.54,26.17
6650,O0005537,P0253,1,57.21,34.27
6651,O0005537,P0061,1,7.91,3.72
6652,O0005537,P0049,1,20.58,12.01
6653,O0005538,P0321,1,30.34,31.34
6654,O0005539,P0152,1,51.13,38.6
6655,O0005540,P0359,1,26.78,19.16
6656,O0005541,P0266,1,52.67,25.49
6657,O0005542,P0018,1,19.43,12.04
6658,O0005543,P0350,1,11.21,5.37
6659,O0005544,P0350,1,11.21,5.41
6660,O0005545,P0283,1,22.15,14.55
6661,O0005545,P0304,1,11.87,9.2
6662,O0005545,P0214,1,12.66,8.6
6663,O0005546,P0302,1,12.62,10.46
6664,O0005547,P0045,1,18.25,14.96
6665,O0005547,P0114,1,43.43,34.97
6666,O0005548,P0236,1,72.46,57.73
6667,O0005549,P0133,1,10.47,8.99
6668,O0005550,P0059,1,31.09,13.14
6669,O0005550,P0012,1,31.54,18.13
6670,O0005551,P0056,1,53.25,43.29
6671,O0005552,P0156,1,10.16,6.43
6672,O0005553,P0201,1,29.84,12.92
6673,O0005554,P0093,1,14.24,6.76
6674,O0005555,P0039,1,16.72,9.32
6675,O0005556,P0074,1,44.77,32.92
6676,O0005557,P0282,1,31.47,20.19
6677,O0005557,P0098,1,35.84,18.19
6678,O0005558,P0005,1,86.78,36.67
6679,O0005558,P0029,1,16.97,9.26
6680,O0005558,P0062,1,15.77,9.99
6681,O0005559,P0315,1,14.56,7.88
6682,O0005560,P0025,1,44.29,20.0
6683,O0005561,P0266,1,52.67,25.65
6684,O0005562,P0289,1,94.61,74.08
6685,O0005563,P0013,1,79.24,38.62
6686,O0005564,P0077,1,11.11,4.57
6687,O0005565,P0268,1,13.01,5.7
6688,O0005566,P0123,1,25.7,20.89
6689,O0005566,P0115,1,35.82,30.52
6690,O0005567,P0166,1,35.51,25.5
6691,O0005567,P0054,1,31.91,15.53
6692,O0005568,P0369,1,21.62,16.68
6693,O0005569,P0103,1,20.16,10.63
6694,O0005569,P0014,1,20.48,12.95
6695,O0005570,P0339,1,7.52,3.61
6696,O0005570,P0265,1,23.33,16.35
6697,O0005570,P0233,2,63.03,52.5
6698,O0005571,P0397,1,39.33,18.54
6699,O0005572,P0250,1,99.91,60.5
6700,O0005573,P0174,1,14.91,8.49
6701,O0005574,P0370,1,17.44,7.07
6702,O0005574,P0399,1,16.13,11.03
6703,O0005575,P0350,1,11.21,5.48
6704,O0005575,P0351,1,44.95,33.66
6705,O0005576,P0095,1,31.01,12.38
6706,O0005577,P0188,1,24.95,19.93
6707,O0005578,P0263,2,32.89,16.59
6708,O0005579,P0114,1,43.43,37.28
6709,O0005580,P0061,1,7.91,3.74
6710,O0005581,P0011,1,10.91,5.78
6711,O0005581,P0280,1,68.92,56.33
6712,O0005582,P0056,1,53.25,42.48
6713,O0005583,P0101,1,53.02,37.42
6714,O0005584,P0068,1,20.01,10.26
6715,O0005584,P0003,1,14.33,9.0
6716,O0005585,P0262,2,22.84,11.41
6717,O0005586,P0289,1,94.61,71.93
6718,O0005587,P0213,1,31.76,24.32
6719,O0005587,P0284,2,11.42,6.04
6720,O0005587,P0121,1,12.1,8.54
6721,O0005588,P0304,1,11.87,9.35
6722,O0005589,P0073,1,55.09,31.95
6723,O0005590,P0239,3,24.64,19.0
6724,O0005591,P0173,1,30.72,13.63
6725,O0005592,P0133,1,13.22,8.92
6726,O0005593,P0026,1,28.14,13.93
6727,O0005593,P0383,1,192.23,85.6
6728,O0005594,P0165,1,11.19,4.73
6729,O0005595,P0194,1,46.22,34.49
6730,O0005596,P0333,1,5.0,3.01
6731,O0005597,P0281,1,38.91,25.65
6732,O0005598,P0291,1,26.1,17.95
6733,O0005599,P0313,1,40.89,19.21
6734,O0005599,P0219,1,25.02,17.59
6735,O0005600,P0074,1,44.77,33.55
6736,O0005601,P0394,1,13.17,8.05
6737,O0005602,P0322,1,18.76,17.3
6738,O0005603,P0080,1,25.92,12.85
6739,O0005604,P0105,1,23.07,18.85
6740,O0005605,P0277,1,16.05,9.55
6741,O0005606,P0188,1,24.95,20.83
6742,O0005607,P0257,1,90.28,74.7
6743,O0005608,P0305,1,13.92,7.58
6744,O0005609,P0321,1,38.93,30.71
6745,O0005610,P0303,1,20.26,16.84
6746,O0005611,P0231,1,8.53,7.03
6747,O0005612,P0385,2,28.75,14.52
6748,O0005613,P0320,1,71.11,46.32
6749,O0005614,P0316,1,25.48,11.91
6750,O0005615,P0169,1,87.25,53.86
6751,O0005616,P0400,1,36.29,18.22
6752,O0005617,P0274,1,29.11,23.68
6753,O0005618,P0052,3,16.42,12.42
6754,O0005618,P0022,1,9.24,5.97
6755,O0005619,P0156,1,13.93,6.26
6756,O0005620,P0248,1,26.91,20.8
6757,O0005620,P0273,1,13.1,11.44
6758,O0005621,P0356,1,81.19,70.04
6759,O0005622,P0186,1,47.03,37.99
6760,O0005623,P0084,1,18.96,15.81
6761,O0005623,P0233,2,63.03,53.87
6762,O0005623,P0373,1,8.74,6.56
6763,O0005624,P0205,1,7.7,6.03
6764,O0005624,P0144,1,28.48,14.62
6765,O0005624,P0163,1,77.71,49.71
6766,O0005625,P0301,1,25.5,15.5
6767,O0005626,P0017,1,15.17,10.72
6768,O0005627,P0058,1,18.88,11.27
6769,O0005628,P0133,1,13.22,8.88
6770,O0005628,P0175,1,15.31,6.82
6771,O0005628,P0169,1,87.25,53.8
6772,O0005629,P0291,1,20.22,17.21
6773,O0005629,P0195,1,24.29,10.25
6774,O0005629,P0052,1,12.03,12.53
6775,O0005630,P0100,1,46.05,33.28
6776,O0005631,P0126,1,57.0,30.5
6777,O0005632,P0104,1,12.66,6.9
6778,O0005633,P0362,1,35.77,25.04
6779,O0005634,P0378,1,23.49,13.35
6780,O0005635,P0171,1,21.73,17.94
6781,O0005636,P0391,1,52.12,32.41
6782,O0005637,P0033,1,14.27,5.74
6783,O0005638,P0298,1,38.49,17.78
6784,O0005638,P0066,1,23.11,12.23
6785,O0005639,P0326,1,21.66,17.34
6786,O0005640,P0276,1,20.56,15.86
6787,O0005641,P0266,1,52.67,24.91
6788,O0005642,P0100,1,46.05,33.58
6789,O0005642,P0340,1,61.25,46.75
6790,O0005643,P0148,1,49.04,23.8
6791,O0005644,P0371,1,10.92,6.97
6792,O0005645,P0047,1,26.3,14.21
6793,O0005646,P0050,1,32.64,23.98
6794,O0005647,P0260,1,23.47,20.11
6795,O0005648,P0043,1,32.76,24.6
6796,O0005648,P0121,1,12.1,8.2
6797,O0005649,P0294,1,21.07,11.77
6798,O0005650,P0286,1,7.86,4.2
6799,O0005651,P0296,1,113.02,94.0
6800,O0005652,P0333,1,5.0,3.18
6801,O0005653,P0070,1,176.02,93.56
6802,O0005654,P0020,1,10.53,8.77
6803,O0005655,P0326,1,21.66,16.81
6804,O0005656,P0119,1,29.12,24.9
6805,O0005657,P0292,1,12.32,9.01
6806,O0005658,P0022,2,9.24,5.97
6807,O0005659,P0395,1,51.86,21.53
6808,O0005660,P0279,1,7.3,4.44
6809,O0005660,P0205,1,7.7,6.06
6810,O0005661,P0111,1,9.49,8.72
6811,O0005662,P0392,1,5.0,2.49
6812,O0005663,P0305,1,15.47,7.55
6813,O0005663,P0287,1,14.63,6.91
6814,O0005664,P0285,1,13.4,5.52
6815,O0005665,P0298,1,38.49,17.88
6816,O0005665,P0048,1,16.51,12.49
6817,O0005666,P0125,1,58.35,32.32
6818,O0005667,P0326,1,21.66,16.96
6819,O0005668,P0248,1,26.91,21.55
6820,O0005669,P0018,1,19.43,11.7
6821,O0005670,P0211,1,24.17,10.46
6822,O0005671,P0249,1,127.56,101.08
6823,O0005671,P0325,1,26.29,18.08
6824,O0005672,P0170,1,9.11,5.95
6825,O0005673,P0054,1,25.81,15.37
6826,O0005674,P0028,2,19.28,9.98
6827,O0005675,P0208,1,20.68,13.99
6828,O0005675,P0020,3,10.53,8.65
6829,O0005676,P0007,1,16.85,8.35
6830,O0005677,P0390,1,81.71,51.29
6831,O0005678,P0286,1,7.86,4.3
6832,O0005679,P0147,2,36.74,21.43
6833,O0005680,P0366,1,18.81,17.02
6834,O0005681,P0031,1,31.79,14.42
6835,O0005682,P0131,2,52.63,43.24
6836,O0005683,P0318,1,15.46,11.39
6837,O0005684,P0314,1,6.49,4.15
6838,O0005685,P0368,1,58.87,33.62
6839,O0005686,P0094,1,29.54,24.38
6840,O0005687,P0042,1,58.27,43.89
6841,O0005688,P0213,1,31.76,24.48
6842,O0005688,P0389,1,20.01,12.53
6843,O0005689,P0005,1,86.78,36.4
6844,O0005690,P0096,1,13.85,6.68
6845,O0005691,P0266,1,52.67,24.71
6846,O0005692,P0077,1,11.11,4.88
6847,O0005693,P0003,1,20.34,8.96
6848,O0005694,P0068,1,24.02,9.86
6849,O0005695,P0023,1,8.48,7.31
6850,O0005696,P0169,1,69.75,54.74
6851,O0005697,P0215,1,22.49,12.14
6852,O0005698,P0226,1,16.11,7.01
6853,O0005698,P0269,1,22.52,10.94
6854,O0005699,P0077,1,11.11,4.84
6855,O0005700,P0398,1,9.18,4.58
6856,O0005701,P0217,1,29.35,12.97
6857,O0005702,P0197,1,53.52,31.06
6858,O0005703,P0058,1,15.83,11.26
6859,O0005704,P0389,1,18.01,12.84
6860,O0005705,P0333,1,5.0,3.15
6861,O0005706,P0323,1,33.01,26.96
6862,O0005707,P0160,1,10.81,6.69
6863,O0005708,P0062,1,17.52,10.05
6864,O0005709,P0391,1,55.56,30.75
6865,O0005710,P0298,1,38.49,18.64
6866,O0005710,P0156,1,13.93,6.24
6867,O0005711,P0059,1,31.09,12.94
6868,O0005712,P0059,1,22.83,12.64
6869,O0005713,P0341,1,36.73,32.48
6870,O0005714,P0125,1,58.35,32.84
6871,O0005715,P0185,1,47.48,21.67
6872,O0005716,P0138,1,52.76,37.9
6873,O0005717,P0333,1,5.0,3.13
6874,O0005718,P0141,1,25.44,16.05
6875,O0005719,P0314,1,6.49,4.03
6876,O0005720,P0245,1,6.47,3.31
6877,O0005721,P0391,1,66.48,31.2
6878,O0005722,P0164,1,7.78,6.41
6879,O0005723,P0174,1,14.91,8.46
6880,O0005724,P0060,1,30.23,19.51
6881,O0005725,P0334,1,10.95,6.12
6882,O0005726,P0167,1,21.81,22.36
6883,O0005726,P0368,1,58.87,33.73
6884,O0005726,P0031,1,24.47,13.75
6885,O0005727,P0385,1,25.93,14.3
6886,O0005728,P0065,1,30.15,25.93
6887,O0005728,P0282,3,31.47,20.2
6888,O0005729,P0144,1,28.48,15.22
6889,O0005730,P0248,1,26.91,21.97
6890,O0005731,P0357,1,30.69,19.85
6891,O0005732,P0210,1,21.59,13.17
6892,O0005733,P0332,1,18.9,14.99
6893,O0005734,P0070,1,155.24,94.78
6894,O0005735,P0378,1,23.49,13.76
6895,O0005736,P0115,2,35.82,31.11
6896,O0005737,P0126,1,51.3,31.48
6897,O0005737,P0197,1,53.52,30.61
6898,O0005738,P0023,1,8.48,7.01
6899,O0005739,P0232,1,106.18,87.67
6900,O0005739,P0065,1,30.15,24.89
6901,O0005740,P0049,1,20.58,12.04
6902,O0005741,P0196,1,11.97,7.79
6903,O0005742,P0064,1,33.89,23.84
6904,O0005743,P0072,1,31.23,19.16
6905,O0005744,P0166,1,35.51,25.43
6906,O0005745,P0066,1,23.11,12.38
6907,O0005745,P0186,1,47.03,37.9
6908,O0005746,P0084,1,14.35,14.97
6909,O0005747,P0037,1,12.54,9.98
6910,O0005748,P0175,1,15.31,6.91
6911,O0005749,P0018,1,17.49,11.65
6912,O0005750,P0254,1,6.01,3.58
6913,O0005751,P0039,1,16.72,9.24
6914,O0005752,P0008,1,37.87,18.59
6915,O0005753,P0238,1,66.04,34.1
6916,O0005754,P0240,1,25.47,22.02
6917,O0005755,P0149,1,16.78,11.04
6918,O0005756,P0145,1,13.01,5.35
6919,O0005757,P0370,1,17.44,7.08
6920,O0005758,P0300,1,16.61,8.71
6921,O0005759,P0141,1,25.44,16.77
6922,O0005760,P0321,1,38.93,30.08
6923,O0005761,P0376,1,7.37,3.52
6924,O0005762,P0189,1,31.8,25.91
6925,O0005763,P0267,1,16.05,7.67
6926,O0005763,P0033,1,14.27,5.73
6927,O0005763,P0400,1,36.29,18.29
6928,O0005764,P0171,1,21.73,18.18
6929,O0005765,P0212,1,19.47,8.7
6930,O0005766,P0056,1,53.25,44.4
6931,O0005767,P0361,1,13.03,8.43
6932,O0005768,P0251,1,41.11,29.43
6933,O0005769,P0017,1,15.17,10.86
6934,O0005770,P0125,1,58.35,32.49
6935,O0005771,P0283,1,22.15,14.26
6936,O0005772,P0301,1,25.5,15.41
6937,O0005773,P0016,1,24.13,13.0
6938,O0005774,P0073,1,61.21,30.88
6939,O0005775,P0251,1,41.11,30.41
6940,O0005776,P0139,1,13.84,9.37
6941,O0005777,P0226,1,16.11,7.16
6942,O0005778,P0013,1,79.24,38.56
6943,O0005779,P0206,1,7.96,6.6
6944,O0005780,P0400,1,36.29,18.77
6945,O0005780,P0010,1,5.31,2.8
6946,O0005781,P0278,1,11.35,9.98
6947,O0005782,P0276,1,20.56,15.23
6948,O0005783,P0074,1,44.77,32.32
6949,O0005784,P0092,1,31.11,23.99
6950,O0005785,P0041,2,46.99,37.82
6951,O0005786,P0097,1,109.14,76.62
6952,O0005787,P0115,1,35.82,29.88
6953,O0005788,P0032,1,18.03,15.4
6954,O0005789,P0359,1,26.78,19.35
6955,O0005790,P0210,1,21.59,13.85
6956,O0005790,P0344,1,12.43,9.05
6957,O0005791,P0144,1,28.48,14.67
6958,O0005792,P0051,1,12.85,10.75
6959,O0005792,P0160,1,10.81,6.57
6960,O0005793,P0117,1,12.46,9.89
6961,O0005794,P0066,1,23.11,12.33
6962,O0005795,P0315,1,14.56,8.31
6963,O0005796,P0166,1,32.85,24.23
6964,O0005797,P0091,1,37.25,29.22
6965,O0005797,P0212,1,19.47,9.1
6966,O0005797,P0023,1,8.48,7.04
6967,O0005798,P0390,2,81.71,49.85
6968,O0005799,P0284,1,11.42,5.75
6969,O0005800,P0066,2,23.11,11.85
6970,O0005801,P0259,1,6.28,3.76
6971,O0005802,P0355,1,5.91,3.7
6972,O0005803,P0381,1,19.78,8.66
6973,O0005804,P0276,1,20.56,15.75
6974,O0005804,P0154,1,56.03,29.68
6975,O0005805,P0019,1,24.27,10.3
6976,O0005806,P0154,1,56.03,28.33
6977,O0005807,P0172,1,39.28,31.46
6978,O0005807,P0367,1,22.74,17.41
6979,O0005807,P0396,1,58.54,35.6
6980,O0005808,P0128,1,37.0,30.31
6981,O0005809,P0161,1,90.55,62.73
6982,O0005810,P0125,1,58.35,34.01
6983,O0005811,P0082,1,70.9,39.53
6984,O0005812,P0288,1,10.33,8.2
6985,O0005813,P0153,1,133.98,81.14
6986,O0005814,P0078,1,15.6,10.34
6987,O0005815,P0100,1,40.42,34.88
6988,O0005816,P0102,1,25.39,22.03
6989,O0005817,P0028,1,19.28,9.89
6990,O0005818,P0145,1,11.98,5.5
6991,O0005819,P0292,1,12.32,9.05
6992,O0005820,P0332,1,18.9,14.81
6993,O0005821,P0078,1,11.16,10.29
6994,O0005822,P0025,1,39.86,19.6
6995,O0005823,P0275,1,22.42,16.93
6996,O0005824,P0338,1,4.5,3.41
6997,O0005824,P0300,1,16.61,8.99
6998,O0005824,P0159,1,5.0,2.39
6999,O0005825,P0243,1,27.01,13.54
7000,O0005826,P0236,1,72.46,56.4
7001,O0005827,P0025,1,44.29,19.86
7002,O0005828,P0357,1,30.69,18.98
7003,O0005829,P0306,1,44.89,31.94
7004,O0005830,P0284,1,10.28,5.85
7005,O0005831,P0106,1,32.23,22.16
7006,O0005832,P0219,1,25.02,17.12
7007,O0005833,P0181,2,24.13,13.97
7008,O0005833,P0043,1,32.76,24.51
7009,O0005833,P0259,1,6.28,3.88
7010,O0005834,P0167,1,25.94,21.81
7011,O0005835,P0273,1,14.02,11.25
7012,O0005835,P0291,1,26.1,17.64
7013,O0005836,P0238,1,66.04,34.75
7014,O0005837,P0386,1,21.86,11.15
7015,O0005838,P0091,1,37.25,30.06
7016,O0005839,P0138,1,58.62,37.33
7017,O0005840,P0046,2,85.77,52.76
7018,O0005841,P0107,1,24.79,16.35
7019,O0005842,P0373,1,8.74,6.42
7020,O0005843,P0165,1,11.19,4.99
7021,O0005844,P0339,1,7.52,3.46
7022,O0005845,P0189,1,31.8,27.55
7023,O0005846,P0281,1,38.91,24.76
7024,O0005847,P0136,1,5.51,3.71
7025,O0005847,P0373,1,8.74,6.52
7026,O0005847,P0367,1,25.65,16.79
7027,O0005848,P0116,1,23.14,18.29
7028,O0005849,P0383,1,192.23,85.5
7029,O0005849,P0227,1,32.25,17.33
7030,O0005849,P0152,1,51.13,39.25
7031,O0005850,P0215,1,22.49,12.29
7032,O0005850,P0241,2,17.11,10.81
7033,O0005851,P0136,1,4.96,3.76
7034,O0005852,P0083,1,13.11,10.75
7035,O0005852,P0241,1,17.11,10.6
7036,O0005853,P0196,1,11.97,7.78
7037,O0005854,P0158,1,35.59,21.21
7038,O0005855,P0025,1,44.29,20.2
7039,O0005855,P0010,1,5.31,2.94
7040,O0005856,P0332,1,18.9,14.37
7041,O0005856,P0184,1,18.78,12.99
7042,O0005857,P0088,1,28.44,23.15
7043,O0005858,P0247,1,84.85,53.36
7044,O0005859,P0167,1,25.94,21.27
7045,O0005860,P0203,1,16.83,7.57
7046,O0005861,P0003,1,20.34,9.03
7047,O0005862,P0352,1,11.73,8.06
7048,O0005863,P0314,1,6.49,4.15
7049,O0005864,P0046,1,85.77,51.54
7050,O0005864,P0333,1,5.0,3.15
7051,O0005865,P0165,1,11.19,5.05
7052,O0005866,P0331,3,44.32,28.56
7053,O0005867,P0337,1,47.63,39.11
7054,O0005867,P0033,1,14.27,5.73
7055,O0005868,P0345,1,25.98,19.24
7056,O0005869,P0113,1,20.52,8.46
7057,O0005870,P0193,1,61.96,47.77
7058,O0005871,P0027,1,22.36,13.0
7059,O0005872,P0355,1,5.91,3.67
7060,O0005873,P0136,1,5.51,3.62
7061,O0005873,P0197,1,41.27,29.97
7062,O0005873,P0034,1,40.02,31.93
7063,O0005874,P0239,1,24.64,18.1
7064,O0005874,P0292,1,12.32,9.33
7065,O0005874,P0270,1,10.72,6.29
7066,O0005875,P0181,1,24.13,13.97
7067,O0005876,P0074,1,44.77,32.74
7068,O0005877,P0311,1,6.67,2.98
7069,O0005878,P0220,1,36.54,26.63
7070,O0005879,P0168,1,18.02,11.71
7071,O0005880,P0008,1,37.87,18.71
7072,O0005880,P0028,1,19.28,10.0
7073,O0005881,P0308,1,44.75,24.39
7074,O0005881,P0365,1,11.12,9.84
7075,O0005882,P0075,1,75.36,52.56
7076,O0005883,P0325,1,26.29,17.16
7077,O0005884,P0001,1,33.46,26.83
7078,O0005885,P0111,1,10.42,8.58
7079,O0005885,P0380,1,60.42,42.4
7080,O0005886,P0079,1,7.1,5.09
7081,O0005887,P0013,1,79.24,38.38
7082,O0005888,P0137,1,16.82,7.75
7083,O0005889,P0293,1,9.63,5.59
7084,O0005890,P0311,1,6.67,2.99
7085,O0005890,P0388,1,15.88,6.87
7086,O0005890,P0298,1,38.49,17.78
7087,O0005891,P0072,1,28.11,19.14
7088,O0005892,P0075,1,75.36,53.03
7089,O0005893,P0251,2,41.11,30.38
7090,O0005893,P0036,1,37.6,22.37
7091,O0005894,P0003,1,20.34,8.6
7092,O0005895,P0398,1,9.11,4.42
7093,O0005896,P0284,1,11.42,6.04
7094,O0005897,P0025,1,44.29,19.92
7095,O0005898,P0032,1,18.03,15.21
7096,O0005898,P0114,1,43.43,34.98
7097,O0005899,P0242,1,40.38,18.76
7098,O0005900,P0151,1,8.95,7.6
7099,O0005901,P0188,2,24.95,20.81
7100,O0005901,P0123,1,25.7,20.58
7101,O0005901,P0208,1,20.68,14.14
7102,O0005902,P0167,1,25.94,21.92
7103,O0005903,P0174,1,14.91,8.04
7104,O0005903,P0141,1,25.44,17.05
7105,O0005904,P0372,1,6.53,5.4
7106,O0005905,P0067,1,5.29,2.91
7107,O0005906,P0080,1,23.91,12.92
7108,O0005907,P0238,1,66.04,34.02
7109,O0005908,P0234,1,16.86,8.22
7110,O0005908,P0048,1,19.31,12.56
7111,O0005908,P0350,1,10.09,5.22
7112,O0005909,P0044,1,12.39,9.88
7113,O0005910,P0003,1,20.34,8.66
7114,O0005911,P0105,1,23.07,18.28
7115,O0005912,P0222,1,13.28,10.85
7116,O0005913,P0039,1,16.72,9.39
7117,O0005913,P0286,1,7.86,4.42
7118,O0005913,P0283,1,22.15,14.83
7119,O0005914,P0179,1,9.75,9.34
7120,O0005915,P0228,1,110.05,82.84
7121,O0005916,P0279,1,7.3,4.5
7122,O0005917,P0180,1,15.67,12.45
7123,O0005918,P0130,1,534.96,369.49
7124,O0005919,P0129,1,37.04,27.87
7125,O0005920,P0306,1,44.89,31.8
7126,O0005921,P0301,1,25.5,15.63
7127,O0005922,P0119,2,20.91,25.09
7128,O0005923,P0118,1,7.3,4.02
7129,O0005924,P0134,1,20.3,8.7
7130,O0005925,P0300,1,16.61,8.8
7131,O0005926,P0283,1,22.15,14.76
7132,O0005927,P0070,1,176.02,94.21
7133,O0005928,P0273,1,14.02,11.23
7134,O0005929,P0328,1,17.65,8.21
7135,O0005930,P0195,1,24.29,10.19
7136,O0005930,P0056,1,53.25,42.06
7137,O0005930,P0282,1,31.47,20.6
7138,O0005931,P0306,1,44.89,32.62
7139,O0005932,P0055,1,22.94,20.28
7140,O0005933,P0400,1,36.29,18.08
7141,O0005934,P0284,1,11.42,5.97
7142,O0005935,P0063,1,21.56,13.93
7143,O0005936,P0247,1,84.85,55.38
7144,O0005937,P0097,1,109.14,79.25
7145,O0005938,P0296,1,113.02,99.64
7146,O0005939,P0043,1,26.59,24.65
7147,O0005940,P0017,1,13.65,11.26
7148,O0005940,P0110,1,12.36,5.06
7149,O0005940,P0037,1,12.54,10.09
7150,O0005941,P0310,1,38.72,23.97
7151,O0005942,P0295,1,51.47,28.38
7152,O0005942,P0386,2,19.67,10.74
7153,O0005943,P0296,1,113.02,98.53
7154,O0005944,P0354,1,110.11,62.92
7155,O0005945,P0186,1,47.03,38.79
7156,O0005946,P0346,1,16.74,13.46
7157,O0005947,P0314,1,6.49,4.08
7158,O0005948,P0392,1,5.0,2.45
7159,O0005949,P0084,1,18.96,15.41
7160,O0005950,P0285,1,13.4,5.41
7161,O0005951,P0126,1,57.0,31.58
7162,O0005952,P0315,1,14.56,8.16
7163,O0005953,P0044,1,14.64,9.49
7164,O0005954,P0078,1,15.6,10.31
7165,O0005954,P0200,1,15.63,6.86
7166,O0005955,P0030,1,57.15,38.04
7167,O0005956,P0319,2,37.48,22.88
7168,O0005956,P0050,1,32.64,25.22
7169,O0005957,P0310,1,38.72,22.93
7170,O0005958,P0137,1,16.82,7.67
7171,O0005959,P0331,1,49.25,29.77
7172,O0005960,P0295,1,51.47,29.39
7173,O0005961,P0267,1,16.05,7.93
7174,O0005962,P0252,1,73.33,37.49
7175,O0005963,P0171,1,21.73,18.99
7176,O0005964,P0261,1,5.0,3.53
7177,O0005965,P0143,1,5.0,3.86
7178,O0005966,P0121,1,12.1,8.13
7179,O0005967,P0115,1,28.31,30.52
7180,O0005968,P0119,1,29.12,24.74
7181,O0005969,P0107,1,24.79,16.67
7182,O0005970,P0347,1,56.26,25.28
7183,O0005971,P0267,1,16.05,8.05
7184,O0005972,P0013,1,71.32,39.97
7185,O0005973,P0292,1,12.32,9.01
7186,O0005973,P0029,1,16.97,8.78
7187,O0005973,P0220,1,36.54,26.28
7188,O0005974,P0215,1,22.49,12.16
7189,O0005975,P0387,1,23.9,15.68
7190,O0005976,P0074,1,44.77,32.16
7191,O0005977,P0212,1,19.47,8.92
7192,O0005978,P0169,1,87.25,54.53
7193,O0005979,P0177,1,50.38,37.24
7194,O0005980,P0380,1,42.37,44.17
7195,O0005980,P0279,1,7.3,4.53
7196,O0005981,P0029,1,16.97,9.29
7197,O0005982,P0098,1,35.84,17.73
7198,O0005983,P0393,1,7.96,5.71
7199,O0005984,P0158,1,45.59,20.27
7200,O0005985,P0033,1,10.24,5.96
7201,O0005986,P0034,1,40.02,31.08
7202,O0005987,P0068,1,24.02,10.26
7203,O0005988,P0156,1,13.93,6.38
7204,O0005989,P0030,1,57.15,38.37
7205,O0005990,P0397,1,43.7,17.73
7206,O0005990,P0232,1,106.18,82.52
7207,O0005990,P0373,1,8.74,6.5
7208,O0005991,P0385,1,28.75,14.81
7209,O0005992,P0363,1,87.76,72.27
7210,O0005993,P0103,1,20.16,10.41
7211,O0005994,P0173,1,30.72,13.27
7212,O0005995,P0247,1,84.85,53.19
7213,O0005996,P0042,1,72.6,46.43
7214,O0005996,P0095,1,31.01,12.9
7215,O0005996,P0205,1,7.7,5.98
7216,O0005997,P0370,1,17.44,6.95
7217,O0005998,P0164,1,7.78,6.11
7218,O0005999,P0034,1,40.02,30.12
7219,O0006000,P0122,1,27.74,23.57
7220,O0006001,P0155,1,67.59,28.54
7221,O0006002,P0198,1,21.81,9.79
7222,O0006003,P0175,1,15.31,6.96
7223,O0006003,P0056,1,53.25,44.81
7224,O0006003,P0056,1,53.25,44.84
7225,O0006004,P0221,1,137.35,93.47
7226,O0006005,P0246,1,68.18,48.41
7227,O0006006,P0109,1,40.47,20.95
7228,O0006007,P0162,1,7.81,3.23
7229,O0006008,P0019,1,24.27,10.55
7230,O0006009,P0013,1,79.24,39.65
7231,O0006010,P0262,1,22.84,11.8
7232,O0006011,P0133,1,10.1,8.6
7233,O0006012,P0162,1,7.81,3.39
7234,O0006013,P0094,1,29.54,23.8
7235,O0006014,P0179,1,12.64,9.62
7236,O0006015,P0206,1,7.96,6.52
7237,O0006015,P0257,1,90.28,73.05
7238,O0006015,P0175,1,15.31,7.05
7239,O0006016,P0139,1,13.84,9.56
7240,O0006017,P0138,1,58.62,37.86
7241,O0006018,P0120,1,6.34,6.47
7242,O0006019,P0266,1,52.67,25.58
7243,O0006020,P0188,1,19.41,19.93
7244,O0006021,P0400,1,36.29,18.79
7245,O0006022,P0248,1,26.91,20.94
7246,O0006023,P0348,1,16.31,12.78
7247,O0006023,P0130,1,534.96,386.3
7248,O0006023,P0375,1,17.94,9.61
7249,O0006024,P0104,1,12.08,6.88
7250,O0006025,P0366,1,18.9,17.66
7251,O0006026,P0383,1,192.23,86.53
7252,O0006027,P0098,1,35.84,17.97
7253,O0006028,P0285,2,9.51,5.73
7254,O0006028,P0335,1,24.9,12.92
7255,O0006029,P0122,1,27.74,23.45
7256,O0006029,P0245,1,6.18,3.22
7257,O0006029,P0094,1,29.54,23.76
7258,O0006030,P0276,2,20.56,15.41
7259,O0006030,P0284,1,11.42,5.78
7260,O0006031,P0227,1,32.25,17.51
7261,O0006032,P0283,1,22.15,14.43
7262,O0006033,P0055,1,26.51,20.53
7263,O0006033,P0160,1,10.81,6.73
7264,O0006034,P0235,1,6.23,5.36
7265,O0006035,P0350,1,11.21,5.3
7266,O0006036,P0354,1,110.11,61.23
7267,O0006037,P0202,1,16.35,13.19
7268,O0006038,P0064,1,33.89,24.36
7269,O0006039,P0050,1,32.64,25.04
7270,O0006040,P0024,1,28.72,21.93
7271,O0006041,P0111,1,10.42,8.45
7272,O0006042,P0095,1,31.01,12.47
7273,O0006043,P0121,1,12.1,8.03
7274,O0006044,P0170,1,9.11,5.94
7275,O0006045,P0005,1,86.78,36.96
7276,O0006046,P0122,1,27.74,22.98
7277,O0006046,P0199,1,34.14,23.83
7278,O0006047,P0267,1,16.05,8.06
7279,O0006048,P0169,1,87.25,52.98
7280,O0006049,P0390,1,81.71,50.92
7281,O0006049,P0018,1,19.43,12.17
7282,O0006049,P0354,1,110.11,60.94
7283,O0006050,P0383,2,192.23,82.35
7284,O0006051,P0045,1,23.84,15.58
7285,O0006052,P0114,1,37.61,37.03
7286,O0006053,P0192,1,130.83,71.99
7287,O0006053,P0239,1,24.64,18.36
7288,O0006053,P0106,1,32.23,22.05
7289,O0006054,P0026,1,28.14,14.35
7290,O0006055,P0080,1,25.92,12.39
7291,O0006056,P0001,1,36.5,26.45
7292,O0006057,P0220,1,36.54,25.88
7293,O0006058,P0119,1,29.12,23.94
7294,O0006059,P0010,1,5.31,2.95
7295,O0006060,P0386,1,21.86,10.64
7296,O0006061,P0341,1,38.19,32.36
7297,O0006062,P0372,1,6.53,5.33
7298,O0006062,P0088,1,25.6,22.94
7299,O0006062,P0155,1,67.59,27.2
7300,O0006063,P0101,1,53.02,36.31
7301,O0006063,P0389,1,15.18,12.78
7302,O0006063,P0170,1,9.11,5.97
7303,O0006064,P0171,1,21.73,17.78
7304,O0006065,P0310,1,38.72,22.54
7305,O0006066,P0332,1,18.9,14.58
7306,O0006067,P0026,1,28.14,14.34
7307,O0006068,P0014,1,20.48,12.81
7308,O0006069,P0076,1,7.99,5.33
7309,O0006070,P0228,1,110.05,83.24
7310,O0006071,P0063,1,21.56,14.33
7311,O0006072,P0142,1,14.57,10.13
7312,O0006073,P0125,1,58.35,34.4
7313,O0006074,P0265,1,23.33,16.61
7314,O0006075,P0290,1,41.49,31.13
7315,O0006076,P0127,1,37.04,29.3
7316,O0006077,P0385,1,28.75,14.56
7317,O0006077,P0380,1,60.42,43.42
7318,O0006078,P0284,1,11.42,5.99
7319,O0006079,P0299,1,14.58,7.24
7320,O0006080,P0248,1,26.91,21.83
7321,O0006081,P0018,1,19.43,12.14
7322,O0006082,P0350,1,11.21,5.29
7323,O0006083,P0283,1,22.15,14.43
7324,O0006084,P0238,1,66.04,34.57
7325,O0006085,P0287,1,14.63,6.68
7326,O0006086,P0109,1,40.47,21.77
7327,O0006087,P0221,1,137.35,93.69
7328,O0006088,P0274,1,29.11,24.1
7329,O0006089,P0162,1,7.81,3.34
7330,O0006090,P0047,1,26.3,14.49
7331,O0006091,P0015,1,15.87,10.57
7332,O0006092,P0064,1,25.52,24.26
7333,O0006093,P0080,1,25.92,12.85
7334,O0006093,P0025,1,44.29,19.13
7335,O0006094,P0294,1,21.07,12.2
7336,O0006095,P0030,1,50.84,37.5
7337,O0006096,P0103,1,20.16,10.29
7338,O0006097,P0286,1,7.86,4.4
7339,O0006098,P0212,1,19.47,9.07
7340,O0006099,P0323,1,29.71,26.6
7341,O0006100,P0231,1,8.53,6.92
7342,O0006101,P0262,1,22.84,11.79
7343,O0006102,P0324,1,15.13,7.25
7344,O0006103,P0048,1,19.31,12.68
7345,O0006104,P0132,1,41.31,22.92
7346,O0006104,P0316,1,25.48,11.9
7347,O0006105,P0068,1,24.02,10.37
7348,O0006106,P0207,1,13.81,10.38
7349,O0006107,P0371,1,10.92,7.13
7350,O0006108,P0051,1,12.85,10.45
7351,O0006109,P0275,1,22.42,17.49
7352,O0006110,P0394,1,13.17,7.71
7353,O0006110,P0139,1,13.84,9.49
7354,O0006110,P0191,1,12.75,6.71
7355,O0006111,P0293,1,10.7,5.84
7356,O0006112,P0101,1,53.02,37.97
7357,O0006113,P0302,2,12.62,11.02
7358,O0006114,P0191,1,12.75,7.07
7359,O0006115,P0070,1,176.02,91.89
7360,O0006116,P0112,1,36.09,31.12
7361,O0006116,P0012,1,31.54,17.86
7362,O0006117,P0173,1,30.72,13.67
7363,O0006118,P0192,1,130.83,70.32
7364,O0006118,P0172,1,35.35,31.33
7365,O0006119,P0253,2,57.21,34.35
7366,O0006119,P0026,1,28.14,13.69
7367,O0006120,P0387,1,23.9,15.97
7368,O0006121,P0367,1,25.65,17.66
7369,O0006122,P0302,1,12.62,10.67
7370,O0006123,P0312,1,25.49,17.44
7371,O0006124,P0261,1,5.0,3.47
7372,O0006125,P0352,1,11.73,8.31
7373,O0006126,P0266,1,52.67,25.55
7374,O0006127,P0039,1,15.05,9.01
7375,O0006128,P0310,1,38.72,23.29
7376,O0006129,P0147,1,36.74,22.05
7377,O0006130,P0033,1,14.27,5.93
7378,O0006130,P0123,1,25.7,21.0
7379,O0006130,P0132,1,35.59,23.76
7380,O0006131,P0339,1,7.52,3.49
7381,O0006132,P0155,1,67.59,27.94
7382,O0006133,P0341,1,36.63,33.66
7383,O0006134,P0055,1,26.51,21.09
7384,O0006135,P0345,1,25.98,19.91
7385,O0006136,P0156,1,13.93,6.52
7386,O0006136,P0080,1,25.92,12.35
7387,O0006137,P0142,1,14.57,9.93
7388,O0006138,P0296,1,113.02,98.32
7389,O0006139,P0160,1,10.81,6.68
7390,O0006140,P0353,1,34.15,17.67
7391,O0006141,P0215,1,22.49,12.13
7392,O0006142,P0096,1,13.85,6.83
7393,O0006143,P0094,1,29.54,24.1
7394,O0006144,P0075,1,53.42,53.87
7395,O0006145,P0354,1,110.11,62.41
7396,O0006146,P0154,1,56.03,28.79
7397,O0006147,P0163,1,77.71,48.28
7398,O0006148,P0060,1,30.23,19.22
7399,O0006149,P0247,1,84.85,52.87
7400,O0006150,P0268,1,13.01,5.94
7401,O0006151,P0347,1,56.26,25.47
7402,O0006152,P0047,1,26.3,14.54
7403,O0006153,P0075,1,75.36,52.46
7404,O0006153,P0043,1,32.76,23.93
7405,O0006154,P0326,1,21.66,16.96
7406,O0006155,P0134,1,20.3,8.46
7407,O0006156,P0034,1,40.02,32.16
7408,O0006157,P0182,1,26.95,19.95
7409,O0006157,P0354,1,110.11,63.66
7410,O0006158,P0125,1,58.35,34.18
7411,O0006159,P0266,1,52.67,26.14
7412,O0006160,P0271,1,118.13,49.54
7413,O0006161,P0179,1,12.64,9.59
7414,O0006162,P0067,1,5.29,2.8
7415,O0006163,P0217,1,29.35,13.17
7416,O0006164,P0252,1,73.33,37.25
7417,O0006165,P0072,1,31.23,19.47
7418,O0006166,P0147,1,36.74,21.09
7419,O0006167,P0324,1,15.13,7.33
7420,O0006168,P0251,1,41.11,29.41
7421,O0006169,P0392,1,4.54,2.44
7422,O0006170,P0338,1,5.0,3.47
7423,O0006170,P0178,1,31.37,24.53
7424,O0006171,P0339,1,7.52,3.54
7425,O0006171,P0396,1,67.85,35.49
7426,O0006171,P0069,1,25.74,11.34
7427,O0006172,P0010,1,5.31,2.94
7428,O0006173,P0007,1,16.85,8.46
7429,O0006174,P0001,1,26.71,27.54
7430,O0006175,P0003,1,18.31,8.62
7431,O0006176,P0250,1,99.91,58.19
7432,O0006177,P0311,2,6.67,3.07
7433,O0006178,P0178,1,31.37,24.31
7434,O0006178,P0300,1,16.61,8.99
7435,O0006179,P0014,1,18.43,13.06
7436,O0006180,P0044,1,13.18,9.42
7437,O0006181,P0135,1,156.29,81.98
7438,O0006182,P0266,1,52.67,25.85
7439,O0006182,P0095,1,31.01,12.88
7440,O0006183,P0316,1,25.48,11.57
7441,O0006184,P0152,1,38.19,38.58
7442,O0006185,P0379,1,107.68,44.21
7443,O0006186,P0261,1,5.0,3.36
7444,O0006187,P0037,2,12.54,10.1
7445,O0006188,P0328,1,17.65,8.62
7446,O0006189,P0317,1,54.87,29.47
7447,O0006190,P0224,1,12.85,6.53
7448,O0006191,P0196,1,11.97,7.99
7449,O0006192,P0042,1,72.6,44.54
7450,O0006193,P0398,1,9.94,4.52
7451,O0006194,P0275,2,22.42,17.88
7452,O0006195,P0054,1,31.91,15.28
7453,O0006196,P0143,1,5.0,3.81
7454,O0006197,P0372,1,6.53,5.42
7455,O0006197,P0351,1,44.95,33.04
7456,O0006198,P0008,1,37.87,18.49
7457,O0006199,P0136,1,5.51,3.73
7458,O0006200,P0302,1,12.62,11.03
7459,O0006201,P0059,1,21.88,12.87
7460,O0006202,P0251,1,41.11,28.89
7461,O0006203,P0143,1,3.69,3.77
7462,O0006204,P0092,1,31.11,24.23
7463,O0006205,P0306,1,44.89,32.37
7464,O0006206,P0313,1,40.89,19.83
7465,O0006207,P0255,1,19.78,12.98
7466,O0006208,P0353,1,34.15,18.15
7467,O0006209,P0225,1,4.67,3.4
7468,O0006210,P0130,1,534.96,372.82
7469,O0006211,P0125,1,58.35,32.76
7470,O0006212,P0339,1,7.52,3.49
7471,O0006213,P0120,1,9.06,6.39
7472,O0006214,P0310,1,38.72,23.06
7473,O0006215,P0329,1,33.63,23.21
7474,O0006216,P0023,1,8.48,7.37
7475,O0006217,P0162,1,7.81,3.36
7476,O0006218,P0242,1,40.38,18.63
7477,O0006218,P0207,1,13.81,10.44
7478,O0006219,P0041,1,46.99,36.82
7479,O0006219,P0173,1,30.72,13.53
7480,O0006219,P0382,1,10.12,8.77
7481,O0006220,P0319,1,37.48,23.55
7482,O0006221,P0157,1,34.99,21.92
7483,O0006222,P0063,1,21.56,14.13
7484,O0006223,P0002,1,21.96,14.56
7485,O0006223,P0261,1,5.0,3.56
7486,O0006224,P0323,1,33.01,28.31
7487,O0006225,P0337,1,47.63,40.07
7488,O0006226,P0006,1,45.33,38.78
7489,O0006227,P0389,1,20.01,13.31
7490,O0006228,P0340,1,61.25,47.85
7491,O0006229,P0328,1,17.65,8.46
7492,O0006230,P0163,1,77.71,47.95
7493,O0006231,P0372,1,5.5,5.57
7494,O0006232,P0247,1,75.31,53.94
7495,O0006233,P0344,1,12.43,9.12
7496,O0006234,P0236,1,72.46,55.58
7497,O0006235,P0282,1,31.47,19.75
7498,O0006236,P0383,1,192.23,83.23
7499,O0006236,P0215,1,22.49,12.29
7500,O0006237,P0233,1,63.03,53.49
7501,O0006238,P0082,1,84.77,38.8
7502,O0006239,P0033,1,14.27,5.92
7503,O0006240,P0127,1,37.04,30.7
7504,O0006241,P0330,1,17.52,11.05
7505,O0006242,P0052,1,14.78,12.35
7506,O0006243,P0243,1,27.01,14.01
7507,O0006244,P0078,1,15.6,10.33
7508,O0006245,P0123,1,25.7,20.81
7509,O0006246,P0237,1,22.38,13.21
7510,O0006247,P0016,1,26.81,13.36
7511,O0006248,P0176,1,48.41,36.22
7512,O0006249,P0316,1,25.48,11.54
7513,O0006250,P0026,1,28.14,13.9
7514,O0006251,P0194,1,46.22,34.68
7515,O0006252,P0026,1,28.14,13.84
7516,O0006253,P0065,1,30.15,26.17
7517,O0006254,P0065,1,30.15,26.1
7518,O0006255,P0177,1,43.66,37.48
7519,O0006256,P0226,1,14.5,7.03
7520,O0006257,P0123,1,25.7,21.37
7521,O0006258,P0152,1,43.02,36.99
7522,O0006259,P0346,1,15.07,13.39
7523,O0006260,P0186,1,36.35,39.0
7524,O0006261,P0273,1,14.02,11.49
7525,O0006262,P0166,1,35.51,24.74
7526,O0006263,P0335,1,22.41,12.97
7527,O0006264,P0293,1,10.7,5.84
7528,O0006265,P0050,1,32.64,23.98
7529,O0006266,P0216,1,33.83,27.55
7530,O0006267,P0278,1,13.93,9.63
7531,O0006268,P0038,1,19.16,13.41
7532,O0006269,P0062,1,17.52,9.51
7533,O0006270,P0077,1,11.11,4.69
7534,O0006271,P0350,1,11.21,5.5
7535,O0006272,P0176,1,48.41,35.52
7536,O0006272,P0152,1,51.13,38.26
7537,O0006273,P0070,1,176.02,91.14
7538,O0006274,P0196,1,11.97,7.87
7539,O0006275,P0162,1,7.81,3.28
7540,O0006276,P0023,1,8.48,7.17
7541,O0006277,P0122,1,27.74,23.24
7542,O0006278,P0239,1,24.64,18.22
7543,O0006279,P0094,1,29.54,23.45
7544,O0006279,P0253,1,57.21,32.76
7545,O0006279,P0361,1,13.03,8.72
7546,O0006280,P0096,3,13.85,6.76
7547,O0006280,P0241,1,17.11,10.61
7548,O0006281,P0297,1,8.01,3.69
7549,O0006281,P0385,1,28.75,14.14
7550,O0006281,P0263,1,32.89,15.87
7551,O0006282,P0315,1,14.56,8.38
7552,O0006283,P0325,1,26.29,17.09
7553,O0006284,P0005,1,86.78,35.24
7554,O0006285,P0346,1,15.07,13.4
7555,O0006286,P0133,1,13.22,8.78
7556,O0006287,P0180,1,15.67,12.1
7557,O0006288,P0204,1,29.54,25.6
7558,O0006289,P0036,1,48.02,23.1
7559,O0006290,P0037,1,12.54,10.3
7560,O0006291,P0122,1,26.01,23.09
7561,O0006292,P0260,1,23.47,20.19
7562,O0006293,P0344,1,12.43,9.43
7563,O0006294,P0012,1,31.54,17.56
7564,O0006295,P0319,1,37.48,23.6
7565,O0006295,P0378,1,23.49,13.56
7566,O0006295,P0394,1,13.17,7.64
7567,O0006296,P0205,1,7.7,6.12
7568,O0006297,P0204,1,29.54,25.78
7569,O0006298,P0381,1,19.78,8.59
7570,O0006298,P0166,1,35.51,24.21
7571,O0006299,P0218,1,24.78,15.96
7572,O0006300,P0053,1,51.03,39.21
7573,O0006301,P0266,1,52.67,25.96
7574,O0006302,P0336,1,93.8,75.26
7575,O0006303,P0012,1,31.54,18.02
7576,O0006304,P0284,1,11.42,6.05
7577,O0006304,P0261,1,5.0,3.51
7578,O0006305,P0274,1,29.11,23.55
7579,O0006306,P0342,1,135.8,118.08
7580,O0006306,P0106,2,32.23,21.8
7581,O0006306,P0392,1,5.0,2.52
7582,O0006307,P0278,1,13.93,9.64
7583,O0006308,P0166,1,35.51,24.27
7584,O0006309,P0253,1,57.21,32.66
7585,O0006310,P0154,1,56.03,28.37
7586,O0006311,P0344,1,12.43,8.97
7587,O0006311,P0149,1,16.78,10.95
7588,O0006312,P0060,2,30.23,19.34
7589,O0006313,P0191,1,12.75,6.84
7590,O0006314,P0144,1,28.48,14.94
7591,O0006315,P0072,1,31.23,19.55
7592,O0006316,P0385,1,28.75,13.87
7593,O0006316,P0386,1,21.86,10.55
7594,O0006317,P0384,1,25.72,19.27
7595,O0006318,P0085,1,47.03,36.46
7596,O0006318,P0314,1,4.61,4.15
7597,O0006319,P0194,1,46.22,35.82
7598,O0006320,P0057,1,13.99,7.11
7599,O0006321,P0114,1,43.43,36.1
7600,O0006322,P0185,1,47.48,21.71
7601,O0006323,P0295,1,51.47,30.1
7602,O0006323,P0244,1,37.02,26.03
7603,O0006323,P0113,1,20.52,8.76
7604,O0006324,P0041,1,46.99,38.27
7605,O0006325,P0023,1,8.48,7.44
7606,O0006326,P0069,1,25.74,10.98
7607,O0006327,P0310,1,38.72,22.55
7608,O0006328,P0337,1,47.63,39.5
7609,O0006328,P0201,1,28.01,12.74
7610,O0006329,P0222,1,13.28,10.89
7611,O0006330,P0201,1,29.84,12.8
7612,O0006331,P0078,1,15.6,10.4
7613,O0006332,P0314,1,6.49,4.06
7614,O0006333,P0386,1,21.86,10.79
7615,O0006334,P0245,1,7.19,3.18
7616,O0006335,P0244,1,37.02,26.14
7617,O0006336,P0319,1,37.48,24.09
7618,O0006337,P0231,1,8.53,7.03
7619,O0006337,P0043,1,32.76,24.3
7620,O0006338,P0293,1,10.7,5.8
7621,O0006339,P0039,1,16.72,9.11
7622,O0006340,P0262,1,18.96,12.18
7623,O0006341,P0320,1,77.73,46.37
7624,O0006342,P0142,1,14.57,10.43
7625,O0006343,P0367,1,25.65,17.12
7626,O0006343,P0276,1,20.56,14.92
7627,O0006344,P0191,1,12.75,6.95
7628,O0006344,P0182,2,26.95,20.24
7629,O0006345,P0145,1,13.01,5.43
7630,O0006346,P0263,1,29.92,15.72
7631,O0006347,P0369,1,21.62,17.17
7632,O0006348,P0398,1,9.94,4.59
7633,O0006349,P0188,2,24.95,20.49
7634,O0006349,P0219,1,25.02,17.84
7635,O0006350,P0092,1,31.11,23.67
7636,O0006351,P0379,1,107.68,43.83
7637,O0006352,P0041,1,46.99,37.57
7638,O0006353,P0367,1,25.65,17.92
7639,O0006354,P0133,1,10.47,8.75
7640,O0006354,P0012,1,31.54,18.24
7641,O0006354,P0239,1,24.64,18.3
7642,O0006355,P0251,1,30.69,30.52
7643,O0006355,P0304,1,11.87,9.33
7644,O0006355,P0398,1,7.78,4.51
7645,O0006356,P0195,1,24.29,10.2
7646,O0006357,P0108,1,78.48,50.65
7647,O0006357,P0219,1,25.02,17.26
7648,O0006357,P0207,1,13.81,10.77
7649,O0006358,P0098,1,35.84,18.15
7650,O0006358,P0243,1,27.01,14.03
7651,O0006358,P0037,1,12.54,9.72
7652,O0006359,P0208,1,20.68,13.73
7653,O0006359,P0096,1,13.85,6.56
7654,O0006359,P0301,1,25.5,15.43
7655,O0006360,P0338,1,5.0,3.48
7656,O0006361,P0303,1,20.26,17.41
7657,O0006362,P0392,1,5.0,2.48
7658,O0006362,P0235,1,6.23,5.12
7659,O0006363,P0008,1,37.87,17.92
7660,O0006364,P0103,1,20.16,10.26
7661,O0006365,P0076,1,7.99,5.36
7662,O0006365,P0368,1,58.87,35.77
7663,O0006365,P0385,1,28.75,14.3
7664,O0006366,P0344,1,12.43,9.5
7665,O0006366,P0291,1,26.1,17.03
7666,O0006367,P0286,1,7.86,4.26
7667,O0006368,P0287,1,14.63,6.53
7668,O0006369,P0250,1,99.91,58.37
7669,O0006370,P0091,1,37.25,29.68
7670,O0006371,P0007,1,16.85,8.27
7671,O0006372,P0387,1,23.9,15.58
7672,O0006373,P0347,1,56.26,25.5
7673,O0006373,P0302,1,12.62,10.49
7674,O0006373,P0384,1,25.72,19.53
7675,O0006374,P0352,1,11.73,8.38
7676,O0006375,P0213,1,31.76,24.18
7677,O0006376,P0182,1,26.95,20.19
7678,O0006377,P0296,1,113.02,98.05
7679,O0006378,P0040,1,21.15,11.59
7680,O0006379,P0032,1,13.83,15.62
7681,O0006379,P0038,1,18.03,13.04
7682,O0006379,P0059,1,27.92,12.44
7683,O0006380,P0006,1,45.33,38.08
7684,O0006380,P0323,1,33.01,27.03
7685,O0006381,P0285,1,13.4,5.71
7686,O0006381,P0172,1,39.28,31.58
7687,O0006382,P0136,1,5.51,3.75
7688,O0006383,P0148,1,49.04,23.24
7689,O0006384,P0157,1,27.84,22.21
7690,O0006385,P0237,1,22.38,13.27
7691,O0006385,P0052,1,16.42,13.15
7692,O0006385,P0261,1,5.0,3.44
7693,O0006386,P0280,1,73.22,56.06
7694,O0006387,P0129,1,37.04,28.08
7695,O0006388,P0248,1,26.91,21.58
7696,O0006389,P0167,1,22.06,22.39
7697,O0006390,P0292,1,12.32,9.21
7698,O0006391,P0280,1,73.22,53.37
7699,O0006392,P0274,1,29.11,23.31
7700,O0006392,P0295,1,51.47,29.36
7701,O0006393,P0237,1,22.38,13.2
7702,O0006393,P0081,1,11.76,10.03
7703,O0006394,P0279,1,7.3,4.42
7704,O0006394,P0197,1,53.52,29.51
7705,O0006395,P0091,1,37.25,30.95
7706,O0006396,P0370,1,17.44,7.12
7707,O0006397,P0227,2,32.25,17.13
7708,O0006398,P0171,1,21.73,18.9
7709,O0006398,P0374,1,8.71,5.49
7710,O0006398,P0170,1,9.11,6.15
7711,O0006399,P0150,1,14.55,11.01
7712,O0006400,P0093,1,14.24,6.62
7713,O0006401,P0379,1,107.68,45.26
7714,O0006402,P0101,1,53.02,36.85
7715,O0006403,P0348,1,16.31,12.55
7716,O0006404,P0085,1,47.03,36.49
7717,O0006405,P0360,1,43.84,36.4
7718,O0006405,P0070,1,176.02,94.68
7719,O0006406,P0324,1,15.13,7.49
7720,O0006406,P0097,1,109.14,77.76
7721,O0006407,P0228,1,110.05,85.79
7722,O0006408,P0027,1,22.36,12.66
7723,O0006409,P0160,1,9.02,6.44
7724,O0006410,P0373,1,8.74,6.47
7725,O0006411,P0212,1,19.47,8.93
7726,O0006412,P0236,1,72.46,56.78
7727,O0006412,P0215,1,22.49,11.89
7728,O0006413,P0227,1,32.25,17.55
7729,O0006413,P0371,1,10.92,6.89
7730,O0006413,P0301,2,25.5,15.18
7731,O0006414,P0060,1,30.23,19.53
7732,O0006415,P0005,2,62.55,34.92
7733,O0006415,P0032,1,18.03,15.76
7734,O0006415,P0080,1,23.01,12.51
7735,O0006416,P0231,1,8.53,7.24
7736,O0006417,P0045,1,23.84,15.38
7737,O0006418,P0128,1,37.0,29.93
7738,O0006418,P0177,1,50.38,36.96
7739,O0006418,P0215,1,22.49,11.97
7740,O0006419,P0145,1,13.01,5.55
7741,O0006420,P0398,1,9.94,4.41
7742,O0006421,P0299,1,14.58,7.3
7743,O0006422,P0297,1,8.01,3.7
7744,O0006423,P0171,1,19.56,18.58
7745,O0006423,P0226,1,16.11,6.88
7746,O0006424,P0286,1,7.86,4.29
7747,O0006425,P0132,1,36.25,22.5
7748,O0006426,P0042,1,72.6,45.87
7749,O0006426,P0006,1,45.33,39.28
7750,O0006427,P0012,1,31.54,18.52
7751,O0006428,P0187,1,69.71,38.01
7752,O0006429,P0289,1,74.73,73.07
7753,O0006430,P0189,1,31.8,26.48
7754,O0006431,P0112,1,36.09,30.28
7755,O0006432,P0167,1,25.94,20.93
7756,O0006433,P0289,1,85.15,72.92
7757,O0006434,P0108,1,61.12,50.21
7758,O0006435,P0240,1,25.47,21.64
7759,O0006436,P0016,2,26.81,12.54
7760,O0006437,P0396,1,67.85,34.91
7761,O0006438,P0111,1,10.42,8.43
7762,O0006439,P0307,1,26.56,17.7
7763,O0006440,P0297,1,8.01,3.52
7764,O0006440,P0204,1,29.54,25.75
7765,O0006441,P0098,1,35.84,18.6
7766,O0006442,P0095,1,31.01,12.42
7767,O0006443,P0271,1,118.13,49.65
7768,O0006444,P0020,1,10.53,8.72
7769,O0006445,P0130,1,534.96,369.74
7770,O0006446,P0178,1,31.37,23.8
7771,O0006446,P0324,1,15.13,7.26
7772,O0006446,P0001,1,36.5,27.29
7773,O0006447,P0007,1,16.85,8.31
7774,O0006448,P0232,1,106.18,87.98
7775,O0006449,P0337,1,42.87,38.52
7776,O0006450,P0092,1,31.11,24.5
7777,O0006451,P0369,1,21.62,16.4
7778,O0006451,P0368,1,58.87,35.61
7779,O0006451,P0384,1,25.72,19.08
7780,O0006452,P0231,1,8.53,7.18
7781,O0006453,P0258,1,8.13,6.78
7782,O0006454,P0127,1,37.04,29.63
7783,O0006455,P0130,1,534.96,371.93
7784,O0006456,P0248,1,26.91,22.06
7785,O0006457,P0328,1,17.65,8.7
7786,O0006458,P0349,1,19.77,15.32
7787,O0006459,P0072,1,31.23,19.72
7788,O0006460,P0198,1,21.81,10.29
7789,O0006461,P0207,1,13.81,10.41
7790,O0006461,P0027,1,22.36,13.47
7791,O0006462,P0280,1,73.22,53.92
7792,O0006463,P0070,1,176.02,96.8
7793,O0006464,P0045,1,23.84,14.87
7794,O0006465,P0300,1,16.61,9.08
7795,O0006466,P0213,1,31.76,24.09
7796,O0006467,P0015,1,15.87,10.86
7797,O0006468,P0071,1,21.03,10.16
7798,O0006469,P0371,1,10.92,7.15
7799,O0006470,P0334,1,9.77,6.13
7800,O0006471,P0386,3,21.86,10.86
7801,O0006472,P0190,2,22.11,14.74
7802,O0006472,P0028,1,19.28,10.49
7803,O0006473,P0078,1,15.6,10.74
7804,O0006474,P0206,1,7.96,6.52
7805,O0006475,P0029,1,13.12,9.12
7806,O0006476,P0079,1,7.1,4.94
7807,O0006477,P0013,1,79.24,39.18
7808,O0006478,P0226,1,13.94,7.3
7809,O0006479,P0239,1,24.64,18.41
7810,O0006480,P0111,1,10.42,8.77
7811,O0006480,P0225,1,5.0,3.46
7812,O0006481,P0347,1,56.26,25.86
7813,O0006482,P0180,1,13.76,12.09
7814,O0006483,P0109,1,40.47,21.34
7815,O0006484,P0138,1,58.62,37.67
7816,O0006485,P0109,1,40.47,21.26
7817,O0006485,P0346,1,16.74,13.94
7818,O0006486,P0006,1,45.33,37.34
7819,O0006487,P0235,1,6.23,5.18
7820,O0006488,P0017,1,15.17,10.9
7821,O0006488,P0201,1,29.84,12.92
7822,O0006489,P0210,1,21.59,13.33
7823,O0006490,P0263,1,32.89,15.82
7824,O0006491,P0123,1,25.7,21.3
7825,O0006492,P0066,1,23.11,11.9
7826,O0006493,P0120,1,9.06,6.35
7827,O0006494,P0191,1,12.75,7.01
7828,O0006495,P0125,2,58.35,33.62
7829,O0006496,P0085,1,47.03,37.88
7830,O0006496,P0063,1,21.56,14.08
7831,O0006497,P0018,1,19.43,11.74
7832,O0006498,P0060,1,27.21,19.58
7833,O0006499,P0143,1,5.0,3.8
7834,O0006500,P0270,1,9.65,6.1
7835,O0006501,P0094,1,29.54,24.69
7836,O0006501,P0068,1,24.02,10.12
7837,O0006502,P0094,1,29.54,24.87
7838,O0006503,P0278,1,11.57,9.56
7839,O0006504,P0128,1,37.0,30.91
7840,O0006505,P0300,1,16.61,9.14
7841,O0006506,P0180,1,15.67,12.41
7842,O0006507,P0045,1,23.84,15.72
7843,O0006508,P0047,1,26.3,14.11
7844,O0006509,P0055,1,26.51,20.03
7845,O0006510,P0155,1,67.59,28.78
7846,O0006510,P0228,1,110.05,88.13
7847,O0006511,P0245,1,7.19,3.38
7848,O0006512,P0265,1,23.33,16.25
7849,O0006512,P0374,1,8.71,5.44
7850,O0006513,P0211,1,24.17,10.76
7851,O0006514,P0072,1,31.23,19.98
7852,O0006515,P0046,1,85.77,52.81
7853,O0006516,P0227,1,32.25,17.78
7854,O0006517,P0041,1,46.99,37.2
7855,O0006518,P0389,1,18.24,12.8
7856,O0006519,P0319,1,37.48,23.54
7857,O0006520,P0094,1,29.54,24.4
7858,O0006521,P0105,1,23.07,18.78
7859,O0006522,P0170,2,9.11,5.93
7860,O0006523,P0082,1,84.77,40.14
7861,O0006524,P0180,1,15.67,11.99
7862,O0006525,P0249,1,127.56,104.32
7863,O0006526,P0120,1,9.06,6.34
7864,O0006527,P0383,1,192.23,84.21
7865,O0006528,P0222,1,13.28,10.72
7866,O0006529,P0191,1,12.75,6.88
7867,O0006529,P0052,1,11.78,12.62
7868,O0006529,P0185,1,47.48,21.69
7869,O0006530,P0298,1,38.49,18.45
7870,O0006531,P0184,1,20.87,12.64
7871,O0006532,P0084,1,18.96,15.42
7872,O0006532,P0205,1,7.7,5.97
7873,O0006533,P0219,1,25.02,17.05
7874,O0006533,P0240,1,22.92,20.78
7875,O0006533,P0080,1,25.92,13.01
7876,O0006534,P0157,1,34.99,22.12
7877,O0006535,P0072,1,31.23,19.22
7878,O0006536,P0035,1,55.97,43.41
7879,O0006537,P0179,1,12.64,9.45
7880,O0006538,P0194,1,46.22,35.84
7881,O0006538,P0323,1,33.01,27.47
7882,O0006538,P0142,1,14.57,9.9
7883,O0006539,P0037,1,12.54,10.22
7884,O0006540,P0208,1,15.19,13.84
7885,O0006541,P0229,1,10.77,10.12
7886,O0006542,P0180,1,14.1,12.28
7887,O0006543,P0020,1,7.76,8.59
7888,O0006543,P0225,1,4.47,3.38
7889,O0006544,P0352,1,11.73,8.37
7890,O0006545,P0032,1,18.03,15.29
7891,O0006546,P0375,1,19.93,9.17
7892,O0006547,P0265,1,23.33,16.07
7893,O0006547,P0132,1,41.31,23.75
7894,O0006548,P0391,1,66.48,32.31
7895,O0006549,P0385,1,28.75,14.4
7896,O0006550,P0346,1,16.74,13.56
7897,O0006551,P0305,1,15.47,7.37
7898,O0006552,P0353,1,34.15,17.84
7899,O0006553,P0300,1,16.61,8.87
7900,O0006554,P0312,1,25.49,17.21
7901,O0006555,P0310,1,38.72,23.62
7902,O0006556,P0384,1,25.72,18.9
7903,O0006557,P0325,1,26.29,17.94
7904,O0006558,P0104,1,13.42,7.16
7905,O0006559,P0095,1,31.01,12.62
7906,O0006559,P0143,1,5.0,3.83
7907,O0006560,P0274,1,26.2,23.89
7908,O0006561,P0284,1,11.42,5.96
7909,O0006562,P0329,1,33.63,23.44
7910,O0006562,P0032,1,18.03,15.46
7911,O0006563,P0119,1,29.12,24.04
7912,O0006564,P0167,2,25.94,22.14
7913,O0006565,P0229,1,11.96,9.87
7914,O0006566,P0281,1,38.91,25.59
7915,O0006566,P0090,1,45.85,25.45
7916,O0006566,P0340,1,61.25,46.31
7917,O0006567,P0243,2,27.01,13.9
7918,O0006568,P0070,1,176.02,92.71
7919,O0006569,P0001,1,34.15,27.01
7920,O0006570,P0377,1,4.58,4.09
7921,O0006571,P0122,1,25.48,22.99
7922,O0006572,P0375,1,19.93,9.15
7923,O0006573,P0171,1,21.73,18.57
7924,O0006574,P0339,1,7.52,3.61
7925,O0006575,P0290,1,43.63,31.7
7926,O0006576,P0170,1,9.11,6.04
7927,O0006577,P0359,1,26.78,19.91
7928,O0006578,P0265,3,23.33,16.17
7929,O0006578,P0082,1,84.77,40.18
7930,O0006579,P0249,2,127.56,104.06
7931,O0006580,P0092,1,31.11,23.66
7932,O0006581,P0380,1,60.42,42.36
7933,O0006582,P0312,1,25.49,17.02
7934,O0006583,P0181,1,24.13,13.76
7935,O0006584,P0284,1,11.42,5.88
7936,O0006585,P0359,1,26.78,19.42
7937,O0006586,P0223,1,141.44,72.9
7938,O0006586,P0002,1,21.96,15.08
7939,O0006587,P0314,1,6.49,4.04
7940,O0006588,P0386,1,18.2,10.92
7941,O0006589,P0032,1,18.03,15.02
7942,O0006590,P0144,1,28.48,14.82
7943,O0006591,P0216,1,33.83,27.24
7944,O0006591,P0263,1,32.89,15.64
7945,O0006592,P0046,1,85.77,52.54
7946,O0006593,P0042,1,72.6,43.77
7947,O0006594,P0039,1,16.72,9.11
7948,O0006595,P0179,1,9.85,9.16
7949,O0006596,P0374,1,8.71,5.49
7950,O0006597,P0258,1,8.13,6.82
7951,O0006597,P0251,1,41.11,29.03
7952,O0006598,P0152,1,51.13,39.09
7953,O0006599,P0211,1,24.17,10.68
7954,O0006600,P0376,1,7.37,3.58
7955,O0006601,P0005,1,86.78,35.47
7956,O0006602,P0223,1,141.44,72.8
7957,O0006602,P0070,1,176.02,93.09
7958,O0006603,P0071,1,18.93,10.12
7959,O0006604,P0227,1,32.25,17.25
7960,O0006605,P0314,2,6.49,4.11
7961,O0006605,P0318,1,13.91,10.9
7962,O0006606,P0002,1,21.96,14.98
7963,O0006606,P0321,1,38.93,30.18
7964,O0006607,P0016,1,24.4,12.61
7965,O0006608,P0035,1,55.97,41.97
7966,O0006609,P0034,1,40.02,30.73
7967,O0006609,P0149,1,16.78,11.06
7968,O0006610,P0047,1,26.3,14.15
7969,O0006611,P0225,1,5.0,3.26
7970,O0006612,P0220,1,36.54,26.52
7971,O0006613,P0174,1,14.91,8.19
7972,O0006614,P0043,1,32.76,24.97
7973,O0006615,P0032,1,18.03,15.83
7974,O0006616,P0242,1,40.38,18.3
7975,O0006616,P0034,1,40.02,30.7
7976,O0006616,P0012,1,31.54,18.65
7977,O0006617,P0014,1,19.14,13.21
7978,O0006617,P0247,1,63.46,55.16
7979,O0006618,P0121,1,12.1,8.28
7980,O0006619,P0038,1,19.16,13.39
7981,O0006620,P0305,1,15.47,7.29
7982,O0006621,P0174,1,13.42,8.48
7983,O0006621,P0328,1,17.65,8.75
7984,O0006622,P0144,1,28.48,15.32
7985,O0006623,P0158,1,45.59,20.65
7986,O0006624,P0206,1,7.96,6.54
7987,O0006625,P0298,1,38.49,18.28
7988,O0006626,P0121,1,12.1,8.4
7989,O0006627,P0392,3,5.0,2.46
7990,O0006628,P0328,1,12.51,8.55
7991,O0006629,P0125,1,58.35,33.34
7992,O0006630,P0148,1,49.04,24.21
7993,O0006631,P0073,1,61.21,32.04
7994,O0006632,P0393,1,7.96,5.67
7995,O0006633,P0327,1,32.14,15.79
7996,O0006634,P0087,1,6.78,3.12
7997,O0006635,P0034,1,40.02,31.23
7998,O0006635,P0199,1,34.14,23.53
7999,O0006635,P0070,1,176.02,91.37
8000,O0006636,P0085,1,47.03,36.62
8001,O0006637,P0015,1,15.87,10.62
8002,O0006638,P0118,1,7.3,4.01
8003,O0006639,P0353,1,34.15,17.7
8004,O0006640,P0208,1,20.68,13.81
8005,O0006641,P0277,1,16.05,9.26
8006,O0006642,P0282,1,31.47,20.0
8007,O0006643,P0078,1,15.6,10.32
8008,O0006644,P0185,1,47.48,21.74
8009,O0006645,P0226,1,16.11,6.87
8010,O0006646,P0126,1,47.38,30.03
8011,O0006647,P0384,1,25.72,19.7
8012,O0006648,P0106,3,32.23,21.9
8013,O0006649,P0095,1,27.91,12.7
8014,O0006650,P0036,1,51.68,22.55
8015,O0006651,P0211,1,24.17,10.54
8016,O0006652,P0275,1,22.42,17.55
8017,O0006653,P0100,1,46.05,33.22
8018,O0006654,P0329,1,30.27,23.36
8019,O0006655,P0112,1,36.09,30.63
8020,O0006656,P0129,1,37.04,29.01
8021,O0006656,P0018,1,19.43,11.56
8022,O0006656,P0098,1,32.26,18.3
8023,O0006657,P0162,1,7.03,3.4
8024,O0006658,P0126,1,45.26,29.8
8025,O0006659,P0267,1,16.05,8.04
8026,O0006660,P0175,1,11.77,6.96
8027,O0006661,P0011,1,9.7,5.96
8028,O0006662,P0030,1,57.15,37.69
8029,O0006663,P0127,1,37.04,30.22
8030,O0006664,P0196,2,11.97,7.91
8031,O0006664,P0361,1,13.03,8.45
8032,O0006665,P0053,1,51.03,39.04
8033,O0006666,P0020,1,10.53,8.77
8034,O0006667,P0264,1,11.57,6.66
8035,O0006667,P0008,1,37.87,17.98
8036,O0006668,P0271,1,118.13,50.53
8037,O0006669,P0331,1,49.25,29.81
8038,O0006670,P0336,1,93.8,77.69
8039,O0006671,P0054,2,31.91,15.45
8040,O0006671,P0377,1,5.0,4.1
8041,O0006672,P0062,1,17.52,9.89
8042,O0006673,P0261,1,5.0,3.55
8043,O0006674,P0062,1,17.52,9.51
8044,O0006675,P0095,1,31.01,12.53
8045,O0006676,P0379,1,107.68,43.61
8046,O0006677,P0166,2,35.51,24.01
8047,O0006678,P0024,2,28.72,22.39
8048,O0006679,P0017,1,15.17,10.62
8049,O0006680,P0177,1,50.38,38.42
8050,O0006681,P0373,1,8.74,6.41
8051,O0006682,P0342,1,150.89,116.41
8052,O0006683,P0082,1,84.77,39.92
8053,O0006683,P0395,1,51.86,21.22
8054,O0006683,P0039,1,16.72,9.24
8055,O0006684,P0090,1,45.85,26.79
8056,O0006685,P0151,1,8.95,7.63
8057,O0006685,P0330,1,17.52,11.62
8058,O0006685,P0204,1,29.54,24.81
8059,O0006686,P0314,1,6.49,4.04
8060,O0006687,P0149,1,16.78,11.2
8061,O0006688,P0292,1,12.32,9.27
8062,O0006689,P0200,1,15.63,6.88
8063,O0006690,P0394,1,13.17,7.97
8064,O0006691,P0141,1,20.49,16.32
8065,O0006692,P0228,1,110.05,85.44
8066,O0006693,P0031,1,31.79,14.27
8067,O0006694,P0084,1,18.96,15.15
8068,O0006695,P0264,1,11.57,6.48
8069,O0006696,P0301,1,25.5,15.17
8070,O0006697,P0279,1,6.57,4.44
8071,O0006698,P0328,1,17.65,8.21
8072,O0006698,P0256,1,39.2,32.86
8073,O0006699,P0392,1,5.0,2.48
8074,O0006699,P0129,1,37.04,28.78
8075,O0006700,P0352,1,11.73,8.33
8076,O0006701,P0093,1,14.24,6.73
8077,O0006702,P0151,2,8.95,7.54
8078,O0006703,P0124,2,9.29,7.28
8079,O0006703,P0341,3,40.7,33.02
8080,O0006703,P0374,1,8.71,5.41
8081,O0006704,P0348,1,16.31,13.31
8082,O0006705,P0275,1,22.42,17.49
8083,O0006706,P0001,1,36.5,26.13
8084,O0006707,P0347,1,56.26,26.04
8085,O0006707,P0051,1,12.85,10.88
8086,O0006707,P0331,1,49.25,28.29
8087,O0006708,P0040,1,21.15,11.61
8088,O0006709,P0322,1,20.85,17.95
8089,O0006710,P0154,1,43.01,28.87
8090,O0006711,P0278,1,15.48,9.94
8091,O0006712,P0205,1,6.35,6.0
8092,O0006713,P0244,1,29.54,26.81
8093,O0006714,P0196,1,11.97,7.87
8094,O0006714,P0334,1,10.95,5.84
8095,O0006714,P0073,1,61.21,31.42
8096,O0006715,P0231,1,8.53,7.05
8097,O0006716,P0318,1,15.46,10.72
8098,O0006717,P0192,1,105.14,71.29
8099,O0006718,P0389,1,20.01,12.81
8100,O0006719,P0230,1,26.02,28.61
8101,O0006720,P0361,2,13.03,8.94
8102,O0006721,P0227,1,32.25,18.14
8103,O0006722,P0335,1,24.9,12.75
8104,O0006723,P0382,1,10.12,8.87
8105,O0006724,P0398,1,9.94,4.55
8106,O0006725,P0301,1,25.5,15.33
8107,O0006726,P0398,1,9.94,4.45
8108,O0006727,P0338,1,5.0,3.53
8109,O0006728,P0128,1,37.0,30.28
8110,O0006728,P0334,1,9.86,5.88
8111,O0006729,P0118,1,7.3,3.97
8112,O0006730,P0296,1,113.02,99.7
8113,O0006731,P0349,1,19.77,14.95
8114,O0006732,P0050,1,32.64,23.82
8115,O0006732,P0285,1,13.4,5.41
8116,O0006733,P0123,1,25.7,20.94
8117,O0006734,P0369,1,21.62,16.29
8118,O0006735,P0089,1,30.2,16.95
8119,O0006736,P0324,1,15.13,7.58
8120,O0006737,P0064,1,33.89,24.56
8121,O0006738,P0290,1,49.67,30.67
8122,O0006738,P0353,1,34.15,17.69
8123,O0006739,P0276,1,20.56,15.74
8124,O0006740,P0134,1,18.27,8.78
8125,O0006741,P0108,1,78.48,49.4
8126,O0006742,P0146,1,22.38,19.44
8127,O0006743,P0094,1,29.54,24.36
8128,O0006744,P0320,1,77.73,45.57
8129,O0006745,P0339,1,7.52,3.51
8130,O0006746,P0013,1,79.24,39.1
8131,O0006747,P0182,1,26.95,19.9
8132,O0006747,P0032,1,18.03,15.44
8133,O0006748,P0082,1,84.77,39.22
8134,O0006749,P0317,1,54.87,27.96
8135,O0006749,P0238,2,60.99,36.02
8136,O0006749,P0264,1,8.59,6.39
8137,O0006750,P0285,1,13.4,5.37
8138,O0006751,P0052,1,16.42,12.86
8139,O0006752,P0197,1,53.52,30.43
8140,O0006753,P0207,1,13.81,10.17
8141,O0006754,P0018,1,19.43,11.96
8142,O0006755,P0084,1,18.96,14.99
8143,O0006756,P0188,1,24.95,20.86
8144,O0006757,P0278,1,15.48,9.46
8145,O0006758,P0203,1,16.83,7.46
8146,O0006759,P0100,1,46.05,33.85
8147,O0006760,P0027,1,22.36,13.49
8148,O0006761,P0332,1,18.9,14.85
8149,O0006762,P0241,1,17.11,10.15
8150,O0006763,P0031,1,31.79,14.19
8151,O0006763,P0112,1,36.09,31.14
8152,O0006763,P0106,1,28.63,22.94
8153,O0006764,P0113,1,20.52,8.67
8154,O0006764,P0381,1,19.78,8.55
8155,O0006764,P0071,1,21.03,10.21
8156,O0006765,P0050,1,32.64,23.87
8157,O0006766,P0041,1,46.99,37.38
8158,O0006767,P0359,1,26.78,18.94
8159,O0006768,P0367,1,25.65,17.25
8160,O0006769,P0164,1,7.78,6.07
8161,O0006770,P0211,1,24.17,10.22
8162,O0006771,P0015,1,15.87,10.95
8163,O0006771,P0347,1,56.26,25.93
8164,O0006772,P0149,1,15.1,10.75
8165,O0006772,P0051,2,12.85,10.37
8166,O0006773,P0159,1,4.5,2.44
8167,O0006774,P0041,1,46.99,38.49
8168,O0006774,P0336,1,93.8,76.32
8169,O0006775,P0148,1,49.04,23.46
8170,O0006776,P0395,1,45.06,22.35
8171,O0006776,P0206,1,5.59,6.71
8172,O0006777,P0382,1,10.12,8.84
8173,O0006778,P0257,1,90.28,70.12
8174,O0006779,P0092,1,31.11,23.07
8175,O0006780,P0231,2,8.53,6.89
8176,O0006781,P0315,1,14.56,7.88
8177,O0006782,P0336,1,93.8,74.54
8178,O0006783,P0038,1,19.16,12.91
8179,O0006784,P0369,1,21.62,16.82
8180,O0006785,P0155,1,67.59,27.58
8181,O0006786,P0006,1,45.33,39.27
8182,O0006787,P0249,1,114.8,104.83
8183,O0006788,P0234,1,16.86,7.89
8184,O0006789,P0129,1,37.04,27.91
8185,O0006790,P0235,1,6.23,5.31
8186,O0006791,P0192,1,130.83,75.03
8187,O0006791,P0371,1,10.92,7.08
8188,O0006792,P0175,1,15.31,7.21
8189,O0006793,P0010,1,5.31,2.77
8190,O0006794,P0138,1,58.62,37.15
8191,O0006795,P0272,1,25.23,18.9
8192,O0006796,P0399,1,16.13,11.63
8193,O0006797,P0084,1,18.96,15.16
8194,O0006798,P0337,1,47.63,37.79
8195,O0006799,P0344,1,12.43,9.18
8196,O0006800,P0070,1,176.02,93.95
8197,O0006801,P0103,1,20.16,10.33
8198,O0006802,P0354,1,110.11,60.62
8199,O0006803,P0125,1,58.35,33.52
8200,O0006804,P0243,1,27.01,13.71
8201,O0006805,P0185,1,47.48,21.87
8202,O0006806,P0121,1,12.1,8.4
8203,O0006807,P0245,1,7.19,3.28
8204,O0006807,P0134,1,20.3,8.74
8205,O0006808,P0084,1,18.96,15.28
8206,O0006809,P0392,1,5.0,2.5
8207,O0006810,P0400,1,36.29,18.64
8208,O0006810,P0392,1,5.0,2.48
8209,O0006810,P0382,1,10.12,8.7
8210,O0006811,P0013,1,79.24,40.31
8211,O0006812,P0034,1,40.02,30.61
8212,O0006813,P0272,1,25.23,19.33
8213,O0006814,P0152,1,51.13,38.4
8214,O0006814,P0186,1,47.03,39.51
8215,O0006815,P0367,1,25.65,17.63
8216,O0006816,P0157,1,31.49,22.07
8217,O0006817,P0342,1,150.89,117.92
8218,O0006818,P0370,1,17.44,7.11
8219,O0006819,P0339,1,7.52,3.54
8220,O0006820,P0073,1,61.21,30.92
8221,O0006821,P0125,2,58.35,32.83
8222,O0006821,P0192,1,130.83,72.78
8223,O0006822,P0360,1,43.84,36.64
8224,O0006823,P0339,1,7.52,3.47
8225,O0006824,P0131,1,52.63,43.01
8226,O0006825,P0149,1,16.78,11.36
8227,O0006826,P0119,1,29.12,23.72
8228,O0006827,P0397,1,43.7,18.44
8229,O0006828,P0320,1,77.73,46.87
8230,O0006829,P0027,1,22.36,12.83
8231,O0006830,P0102,2,34.13,23.12
8232,O0006831,P0201,1,29.84,12.69
8233,O0006832,P0197,1,53.52,30.21
8234,O0006832,P0171,1,21.73,18.67
8235,O0006833,P0355,1,5.91,3.76
8236,O0006834,P0280,1,73.22,55.44
8237,O0006835,P0254,1,6.01,3.75
8238,O0006835,P0134,1,20.3,8.33
8239,O0006835,P0097,1,109.14,75.47
8240,O0006836,P0268,1,13.01,5.93
8241,O0006837,P0394,1,12.24,8.01
8242,O0006838,P0386,1,21.86,10.98
8243,O0006839,P0152,1,51.13,36.89
8244,O0006840,P0121,1,12.1,8.19
8245,O0006841,P0002,1,19.76,14.82
8246,O0006842,P0319,1,37.48,22.76
8247,O0006843,P0008,1,37.87,18.69
8248,O0006843,P0380,1,60.42,42.81
8249,O0006843,P0291,1,20.86,17.98
8250,O0006844,P0166,1,35.51,25.24
8251,O0006845,P0098,1,35.84,17.61
8252,O0006846,P0338,1,5.0,3.48
8253,O0006847,P0191,1,10.27,6.87
8254,O0006848,P0100,1,46.05,33.7
8255,O0006849,P0108,1,70.63,48.03
8256,O0006850,P0151,1,8.95,7.7
8257,O0006851,P0250,1,99.91,57.4
8258,O0006851,P0250,1,99.91,57.14
8259,O0006851,P0017,1,15.17,10.93
8260,O0006852,P0079,1,7.1,4.83
8261,O0006853,P0067,1,5.29,2.83
8262,O0006854,P0296,3,113.02,97.23
8263,O0006855,P0092,1,31.11,23.93
8264,O0006856,P0115,1,35.82,29.83
8265,O0006857,P0094,1,29.54,24.21
8266,O0006857,P0398,1,9.94,4.47
8267,O0006857,P0228,1,110.05,86.58
8268,O0006858,P0361,3,13.03,8.52
8269,O0006859,P0329,1,27.51,23.19
8270,O0006860,P0096,1,13.85,6.43
8271,O0006861,P0077,1,11.11,4.82
8272,O0006862,P0047,1,26.3,14.06
8273,O0006862,P0203,1,16.83,7.5
8274,O0006863,P0104,1,13.42,7.06
8275,O0006864,P0210,1,21.59,13.6
8276,O0006865,P0105,1,19.69,18.15
8277,O0006866,P0173,1,30.72,13.1
8278,O0006867,P0245,1,7.19,3.22
8279,O0006868,P0003,1,20.34,8.95
8280,O0006869,P0266,1,52.67,26.09
8281,O0006870,P0049,1,20.58,12.1
8282,O0006870,P0243,2,27.01,14.06
8283,O0006871,P0264,1,11.57,6.58
8284,O0006872,P0277,1,14.44,9.52
8285,O0006873,P0318,1,15.46,11.24
8286,O0006874,P0091,1,37.25,30.69
8287,O0006875,P0373,1,8.74,6.68
8288,O0006876,P0339,2,7.52,3.59
8289,O0006877,P0166,1,35.51,24.56
8290,O0006878,P0045,1,21.46,15.79
8291,O0006879,P0105,1,23.07,18.24
8292,O0006880,P0129,1,37.04,28.14
8293,O0006881,P0238,1,66.04,35.43
8294,O0006882,P0056,1,53.25,44.21
8295,O0006883,P0210,1,21.59,14.01
8296,O0006884,P0304,1,11.87,9.19
8297,O0006885,P0023,1,8.48,7.3
8298,O0006886,P0010,1,5.31,2.95
8299,O0006887,P0068,2,21.62,10.14
8300,O0006887,P0155,1,67.59,28.05
8301,O0006887,P0016,1,26.81,12.87
8302,O0006888,P0298,2,38.49,18.05
8303,O0006889,P0269,1,22.52,11.64
8304,O0006889,P0396,2,67.85,33.56
8305,O0006890,P0096,1,13.85,6.6
8306,O0006891,P0111,1,10.42,8.66
8307,O0006892,P0135,1,156.29,83.28
8308,O0006893,P0099,1,11.25,6.19
8309,O0006894,P0041,1,46.99,37.28
8310,O0006895,P0237,1,22.38,12.92
8311,O0006896,P0152,1,51.13,38.53
8312,O0006897,P0219,1,25.02,16.95
8313,O0006898,P0263,1,29.6,15.7
8314,O0006899,P0344,1,12.43,9.09
8315,O0006899,P0064,1,33.89,25.21
8316,O0006900,P0099,1,11.25,6.19
8317,O0006900,P0045,1,23.84,15.82
8318,O0006900,P0268,3,10.89,5.63
8319,O0006901,P0265,1,23.33,16.39
8320,O0006902,P0053,1,51.03,40.15
8321,O0006902,P0055,1,26.51,20.57
8322,O0006903,P0356,1,81.19,69.67
8323,O0006904,P0084,1,18.96,15.29
8324,O0006905,P0209,1,48.72,22.49
8325,O0006906,P0245,1,7.19,3.38
8326,O0006907,P0271,1,118.13,50.75
8327,O0006908,P0097,1,109.14,76.0
8328,O0006909,P0047,1,26.3,14.55
8329,O0006910,P0143,1,5.0,3.76
8330,O0006911,P0337,1,47.63,39.49
8331,O0006912,P0397,1,43.7,17.81
8332,O0006913,P0180,1,15.67,12.4
8333,O0006914,P0248,2,26.91,21.38
8334,O0006915,P0116,1,23.14,18.51
8335,O0006916,P0199,1,34.14,23.61
8336,O0006917,P0200,1,15.63,6.87
8337,O0006918,P0320,1,77.73,46.83
8338,O0006919,P0084,1,18.96,14.95
8339,O0006920,P0302,1,12.62,11.13
8340,O0006921,P0294,1,21.07,12.11
8341,O0006922,P0329,1,33.63,23.9
8342,O0006923,P0095,1,31.01,12.91
8343,O0006924,P0328,1,17.65,8.46
8344,O0006925,P0329,1,33.63,24.68
8345,O0006926,P0236,1,72.46,55.63
8346,O0006927,P0103,1,20.16,10.41
8347,O0006928,P0170,1,9.11,5.86
8348,O0006929,P0296,1,113.02,94.49
8349,O0006930,P0338,1,5.0,3.43
8350,O0006931,P0166,1,35.51,25.39
8351,O0006932,P0127,1,37.04,30.38
8352,O0006933,P0393,1,7.96,5.56
8353,O0006934,P0392,1,3.54,2.42
8354,O0006935,P0222,1,13.28,10.97
8355,O0006936,P0230,1,36.36,29.08
8356,O0006937,P0212,1,19.47,8.79
8357,O0006938,P0026,1,28.14,14.09
8358,O0006939,P0210,1,21.59,13.38
8359,O0006940,P0316,1,25.48,11.54
8360,O0006941,P0344,1,12.43,9.29
8361,O0006942,P0013,1,79.24,40.38
8362,O0006943,P0063,1,21.56,13.75
8363,O0006944,P0316,1,25.48,11.72
8364,O0006945,P0208,1,20.68,14.04
8365,O0006946,P0148,1,49.04,24.04
8366,O0006947,P0311,1,6.67,3.12
8367,O0006948,P0060,1,30.23,19.85
8368,O0006948,P0326,1,21.66,16.62
8369,O0006949,P0280,1,73.22,53.68
8370,O0006950,P0060,2,30.23,18.89
8371,O0006951,P0375,1,14.19,9.55
8372,O0006952,P0378,1,23.49,13.59
8373,O0006953,P0366,1,22.18,17.35
8374,O0006954,P0219,1,25.02,17.43
8375,O0006955,P0100,1,46.05,33.91
8376,O0006956,P0179,1,12.64,9.3
8377,O0006957,P0307,1,26.56,17.26
8378,O0006958,P0112,1,36.09,30.23
8379,O0006958,P0151,1,8.95,7.65
8380,O0006958,P0025,1,44.29,19.22
8381,O0006959,P0309,1,14.44,8.18
8382,O0006960,P0187,1,69.71,37.96
8383,O0006961,P0237,1,22.38,13.04
8384,O0006961,P0279,1,7.3,4.45
8385,O0006962,P0380,1,60.42,42.91
8386,O0006963,P0137,1,16.82,7.63
8387,O0006963,P0282,1,31.47,19.8
8388,O0006963,P0120,1,9.06,6.68
8389,O0006964,P0187,1,69.71,39.78
8390,O0006965,P0262,1,22.84,11.83
8391,O0006966,P0386,1,21.86,11.02
8392,O0006967,P0075,1,56.03,51.38
8393,O0006968,P0267,2,16.05,7.67
8394,O0006969,P0064,1,33.89,24.05
8395,O0006969,P0019,1,24.27,10.23
8396,O0006969,P0329,1,33.63,24.59
8397,O0006970,P0304,2,11.87,9.56
8398,O0006971,P0117,1,12.46,10.02
8399,O0006972,P0306,1,44.89,31.73
8400,O0006973,P0023,1,8.48,7.34
8401,O0006974,P0104,1,11.64,7.07
8402,O0006975,P0037,1,12.54,10.27
8403,O0006976,P0359,1,26.78,19.74
8404,O0006977,P0030,1,57.15,37.19
8405,O0006978,P0097,1,109.14,75.4
8406,O0006979,P0199,1,34.14,22.8
8407,O0006980,P0257,1,90.28,73.03
8408,O0006981,P0022,1,9.24,5.89
8409,O0006982,P0119,1,29.12,24.4
8410,O0006983,P0305,2,15.47,7.57
8411,O0006983,P0043,1,32.76,24.04
8412,O0006983,P0160,1,10.81,6.71
8413,O0006984,P0113,1,20.52,8.59
8414,O0006985,P0021,3,47.37,26.68
8415,O0006986,P0316,1,25.48,11.67
8416,O0006987,P0138,1,58.62,36.49
8417,O0006988,P0205,1,7.7,6.17
8418,O0006989,P0085,2,36.88,36.83
8419,O0006989,P0360,1,43.84,35.16
8420,O0006990,P0157,1,34.99,21.53
8421,O0006990,P0338,1,5.0,3.52
8422,O0006990,P0240,1,25.47,21.5
8423,O0006991,P0177,1,50.38,38.21
8424,O0006992,P0211,1,24.17,10.63
8425,O0006993,P0213,1,31.76,24.44
8426,O0006994,P0387,1,23.9,15.4
8427,O0006995,P0050,1,32.64,24.88
8428,O0006995,P0209,1,48.72,23.02
8429,O0006995,P0174,1,14.91,8.16
8430,O0006996,P0396,1,67.85,35.6
8431,O0006997,P0276,1,20.56,15.6
8432,O0006998,P0194,1,36.86,34.96
8433,O0006998,P0305,1,13.83,7.68
8434,O0006999,P0204,1,29.54,24.92
8435,O0007000,P0164,1,7.78,5.99
8436,O0007001,P0158,1,45.59,19.95
8437,O0007001,P0054,1,31.91,15.5
8438,O0007001,P0131,1,52.63,41.73
8439,O0007002,P0143,1,4.07,3.95
8440,O0007003,P0192,1,100.33,74.39
8441,O0007004,P0272,1,25.23,19.01
8442,O0007005,P0376,1,7.37,3.48
8443,O0007006,P0209,1,48.72,22.56
8444,O0007006,P0294,1,21.07,12.0
8445,O0007007,P0060,1,30.23,18.66
8446,O0007008,P0128,1,37.0,31.32
8447,O0007009,P0295,1,51.47,29.59
8448,O0007010,P0285,1,13.4,5.5
8449,O0007011,P0117,1,12.46,9.72
8450,O0007012,P0002,1,21.96,14.8
8451,O0007013,P0322,1,20.85,17.49
8452,O0007014,P0075,1,75.36,52.51
8453,O0007015,P0333,1,5.0,3.04
8454,O0007016,P0152,1,51.13,36.75
8455,O0007017,P0180,1,15.67,12.28
8456,O0007018,P0342,1,150.89,115.58
8457,O0007019,P0090,1,45.85,25.68
8458,O0007019,P0190,1,22.11,15.01
8459,O0007020,P0212,1,19.47,8.81
8460,O0007020,P0263,1,32.89,15.54
8461,O0007021,P0078,1,15.6,10.73
8462,O0007022,P0161,1,90.55,61.46
8463,O0007023,P0137,1,16.82,7.84
8464,O0007024,P0102,1,34.13,22.59
8465,O0007025,P0157,1,31.49,22.28
8466,O0007026,P0066,1,23.11,12.26
8467,O0007027,P0237,1,22.38,13.51
8468,O0007028,P0107,1,24.79,16.87
8469,O0007029,P0226,1,16.11,7.02
8470,O0007029,P0355,2,5.91,3.53
8471,O0007029,P0275,1,22.42,16.97
8472,O0007030,P0032,1,18.03,15.97
8473,O0007030,P0390,1,81.71,49.96
8474,O0007030,P0394,1,13.17,7.87
8475,O0007031,P0255,1,19.78,12.97
8476,O0007032,P0052,1,16.42,12.86
8477,O0007032,P0116,1,23.14,18.16
8478,O0007032,P0068,1,24.02,10.34
8479,O0007033,P0297,1,8.01,3.64
8480,O0007034,P0215,1,22.49,11.88
8481,O0007035,P0371,1,10.92,7.33
8482,O0007035,P0398,2,9.94,4.66
8483,O0007036,P0282,1,28.32,20.24
8484,O0007037,P0184,1,20.87,12.99
8485,O0007038,P0398,1,9.94,4.48
8486,O0007039,P0380,1,60.42,41.96
8487,O0007039,P0236,1,61.2,57.55
8488,O0007039,P0169,1,87.25,54.37
8489,O0007040,P0207,1,13.81,10.78
8490,O0007041,P0034,1,40.02,31.5
8491,O0007042,P0365,1,11.12,9.79
8492,O0007043,P0144,1,28.48,15.51
8493,O0007044,P0259,1,4.89,3.99
8494,O0007044,P0010,1,5.31,2.91
8495,O0007044,P0320,1,77.73,45.8
8496,O0007045,P0171,1,21.73,18.21
8497,O0007045,P0223,1,141.44,75.0
8498,O0007046,P0369,1,21.62,16.68
8499,O0007047,P0350,1,11.21,5.21
8500,O0007048,P0242,1,40.38,19.41
8501,O0007049,P0180,1,15.67,12.43
8502,O0007050,P0315,3,10.36,8.18
8503,O0007050,P0349,1,19.77,15.07
8504,O0007051,P0205,1,7.7,5.84
8505,O0007052,P0221,1,137.35,91.19
8506,O0007052,P0239,1,24.64,18.47
8507,O0007053,P0181,1,24.13,14.06
8508,O0007054,P0309,1,14.44,8.0
8509,O0007055,P0105,1,23.07,18.88
8510,O0007056,P0036,1,51.68,22.7
8511,O0007056,P0128,1,37.0,30.1
8512,O0007056,P0163,2,77.71,50.86
8513,O0007057,P0366,1,22.18,17.83
8514,O0007058,P0328,1,17.65,8.44
8515,O0007059,P0386,1,21.86,10.67
8516,O0007060,P0008,1,37.87,18.0
8517,O0007061,P0061,1,7.91,3.6
8518,O0007062,P0206,1,7.96,6.77
8519,O0007063,P0344,1,12.43,9.45
8520,O0007064,P0108,1,78.48,50.06
8521,O0007065,P0378,1,23.49,13.5
8522,O0007066,P0270,1,10.72,6.28
8523,O0007066,P0314,1,6.49,4.14
8524,O0007066,P0125,1,51.56,34.03
8525,O0007067,P0189,1,31.8,26.41
8526,O0007068,P0001,1,36.5,27.07
8527,O0007069,P0400,1,36.29,18.61
8528,O0007070,P0187,1,69.71,38.82
8529,O0007071,P0289,1,94.61,70.29
8530,O0007072,P0256,1,43.56,33.42
8531,O0007073,P0235,1,6.23,5.21
8532,O0007074,P0054,1,31.91,16.17
8533,O0007074,P0274,1,29.11,23.41
8534,O0007074,P0387,1,23.9,15.33
8535,O0007075,P0143,1,5.0,3.78
8536,O0007076,P0216,1,33.83,27.04
8537,O0007077,P0388,1,15.88,6.74
8538,O0007077,P0331,1,49.25,29.69
8539,O0007078,P0082,1,84.77,40.43
8540,O0007079,P0030,1,57.15,38.63
8541,O0007080,P0344,1,12.43,9.44
8542,O0007080,P0212,1,19.47,9.16
8543,O0007081,P0041,1,46.99,39.01
8544,O0007082,P0122,1,27.74,24.2
8545,O0007083,P0331,1,49.25,29.01
8546,O0007084,P0262,1,22.84,11.53
8547,O0007085,P0154,1,52.67,28.97
8548,O0007086,P0070,1,176.02,91.91
8549,O0007087,P0066,1,23.11,12.28
8550,O0007088,P0334,1,10.95,6.11
8551,O0007089,P0224,1,12.85,6.47
8552,O0007089,P0315,1,14.56,8.33
8553,O0007090,P0306,1,44.89,30.92
8554,O0007091,P0212,1,19.47,9.07
8555,O0007092,P0238,1,57.16,34.44
8556,O0007093,P0073,2,61.21,31.29
8557,O0007094,P0154,2,49.68,29.18
8558,O0007095,P0356,1,81.19,67.17
8559,O0007096,P0351,1,44.95,31.97
8560,O0007097,P0078,1,15.6,10.81
8561,O0007098,P0086,1,9.16,6.02
8562,O0007098,P0259,1,6.28,3.98
8563,O0007098,P0313,1,40.89,19.57
8564,O0007099,P0277,1,16.05,8.93
8565,O0007100,P0044,2,13.8,9.95
8566,O0007100,P0211,1,20.75,10.46
8567,O0007100,P0336,1,93.8,75.46
8568,O0007101,P0104,1,13.42,7.16
8569,O0007102,P0019,1,24.27,10.29
8570,O0007103,P0316,1,25.48,12.26
8571,O0007104,P0211,1,21.75,10.63
8572,O0007105,P0057,1,11.76,7.05
8573,O0007106,P0121,1,12.1,8.22
8574,O0007107,P0140,1,42.25,18.45
8575,O0007108,P0352,1,11.73,8.11
8576,O0007109,P0299,1,14.58,7.02
8577,O0007110,P0023,1,8.48,6.97
8578,O0007111,P0099,1,11.25,6.24
8579,O0007112,P0268,1,13.01,5.66
8580,O0007113,P0289,1,94.61,74.83
8581,O0007114,P0259,1,6.28,3.88
8582,O0007115,P0123,1,25.7,20.53
8583,O0007116,P0078,1,15.6,10.39
8584,O0007117,P0192,1,130.83,72.04
8585,O0007118,P0056,1,53.25,44.0
8586,O0007119,P0015,1,15.87,11.02
8587,O0007120,P0121,1,12.1,8.27
8588,O0007121,P0140,1,42.25,18.9
8589,O0007122,P0218,1,17.71,16.27
8590,O0007123,P0005,1,86.78,34.97
8591,O0007123,P0103,1,20.16,10.78
8592,O0007124,P0155,1,67.59,28.8
8593,O0007125,P0360,1,43.84,36.72
8594,O0007125,P0085,1,42.33,36.21
8595,O0007126,P0020,2,10.53,8.93
8596,O0007127,P0232,1,106.18,83.17
8597,O0007128,P0331,1,49.25,29.34
8598,O0007129,P0269,1,22.52,11.47
8599,O0007130,P0399,1,16.13,11.71
8600,O0007130,P0144,1,28.48,14.65
8601,O0007130,P0048,1,19.31,12.72
8602,O0007131,P0051,1,12.85,10.84
8603,O0007132,P0183,1,38.0,31.05
8604,O0007133,P0221,1,137.35,89.44
8605,O0007134,P0355,1,5.91,3.75
8606,O0007135,P0090,1,45.85,25.96
8607,O0007136,P0010,1,4.47,2.93
8608,O0007137,P0113,1,18.47,8.19
8609,O0007138,P0227,1,32.25,17.57
8610,O0007139,P0152,1,51.13,37.49
8611,O0007140,P0265,1,23.33,16.29
8612,O0007141,P0342,1,135.8,113.43
8613,O0007141,P0249,1,127.56,103.86
8614,O0007142,P0324,1,15.13,7.61
8615,O0007143,P0011,1,10.91,6.07
8616,O0007144,P0278,1,15.48,9.81
8617,O0007145,P0318,1,15.46,10.84
8618,O0007146,P0107,1,24.79,17.12
8619,O0007146,P0295,1,51.47,29.56
8620,O0007146,P0121,1,12.1,8.54
8621,O0007147,P0044,1,14.64,9.4
8622,O0007148,P0100,1,46.05,35.47
8623,O0007149,P0392,1,5.0,2.5
8624,O0007150,P0318,1,15.46,10.71
8625,O0007151,P0006,1,40.8,39.28
8626,O0007152,P0302,2,9.1,10.95
8627,O0007153,P0344,1,12.43,9.02
8628,O0007154,P0019,1,24.27,10.44
8629,O0007155,P0072,1,31.23,19.21
8630,O0007156,P0187,1,69.71,38.54
8631,O0007157,P0389,1,20.01,12.85
8632,O0007158,P0019,1,24.27,10.46
8633,O0007159,P0018,1,19.43,11.43
8634,O0007160,P0031,1,31.79,13.83
8635,O0007161,P0048,1,19.31,11.96
8636,O0007162,P0160,1,10.81,6.53
8637,O0007163,P0170,1,9.11,6.05
8638,O0007164,P0045,1,23.84,15.49
8639,O0007165,P0184,1,20.87,12.23
8640,O0007166,P0002,1,16.64,14.66
8641,O0007167,P0038,1,19.16,13.66
8642,O0007168,P0306,1,40.4,30.86
8643,O0007169,P0058,1,18.88,11.53
8644,O0007169,P0200,1,15.63,7.1
8645,O0007170,P0109,1,40.47,22.23
8646,O0007171,P0149,1,16.78,10.7
8647,O0007172,P0088,1,28.44,23.02
8648,O0007173,P0195,2,24.29,10.64
8649,O0007174,P0314,1,6.49,4.0
8650,O0007175,P0200,1,15.63,6.9
8651,O0007176,P0218,1,24.78,16.35
8652,O0007177,P0237,1,22.38,13.3
8653,O0007178,P0308,1,44.75,23.16
8654,O0007179,P0313,1,40.89,18.82
8655,O0007179,P0327,1,32.14,15.89
8656,O0007179,P0110,1,12.36,5.18
8657,O0007180,P0258,1,8.13,7.02
8658,O0007181,P0252,1,73.33,37.25
8659,O0007182,P0097,1,98.23,76.33
8660,O0007183,P0299,1,14.58,6.93
8661,O0007184,P0338,1,5.0,3.55
8662,O0007185,P0254,1,6.01,3.53
8663,O0007186,P0024,1,28.72,22.5
8664,O0007186,P0086,1,9.16,5.99
8665,O0007186,P0308,1,44.75,24.41
8666,O0007187,P0342,1,150.89,117.98
8667,O0007188,P0284,1,9.21,5.98
8668,O0007189,P0169,1,87.25,52.91
8669,O0007190,P0100,1,46.05,34.88
8670,O0007191,P0330,1,17.52,11.64
8671,O0007192,P0304,1,11.87,9.31
8672,O0007193,P0225,1,5.0,3.29
8673,O0007193,P0048,1,17.38,12.69
8674,O0007194,P0078,1,15.6,10.33
8675,O0007195,P0372,1,6.53,5.34
8676,O0007196,P0238,1,66.04,35.75
8677,O0007197,P0209,1,34.96,21.79
8678,O0007198,P0022,1,9.24,5.84
8679,O0007199,P0382,1,10.12,8.65
8680,O0007200,P0276,1,20.56,15.48
8681,O0007201,P0058,1,18.88,11.19
8682,O0007202,P0171,1,21.73,17.95
8683,O0007203,P0385,1,28.75,14.51
8684,O0007203,P0327,1,32.14,16.25
8685,O0007204,P0388,1,15.88,6.77
8686,O0007205,P0322,1,18.76,18.05
8687,O0007206,P0300,1,16.61,8.63
8688,O0007207,P0134,2,20.3,8.74
8689,O0007207,P0285,1,13.4,5.58
8690,O0007208,P0320,1,77.73,44.6
8691,O0007209,P0324,1,15.13,7.47
8692,O0007210,P0247,1,84.85,53.54
8693,O0007211,P0126,1,57.0,31.37
8694,O0007212,P0282,1,31.47,20.23
8695,O0007213,P0278,1,15.48,9.5
8696,O0007214,P0114,1,43.43,36.26
8697,O0007215,P0241,1,17.11,10.4
8698,O0007216,P0181,1,24.13,14.34
8699,O0007217,P0180,1,15.67,12.51
8700,O0007217,P0260,1,23.47,19.88
8701,O0007218,P0309,1,14.44,8.05
8702,O0007219,P0255,1,19.78,12.53
8703,O0007220,P0264,1,9.21,6.6
8704,O0007221,P0090,1,45.85,25.88
8705,O0007222,P0199,1,32.42,23.82
8706,O0007223,P0245,1,6.46,3.4
8707,O0007224,P0273,1,14.02,11.65
8708,O0007225,P0144,1,28.48,15.32
8709,O0007226,P0351,1,31.5,31.95
8710,O0007227,P0019,1,24.27,10.21
8711,O0007228,P0258,1,8.13,6.84
8712,O0007229,P0152,1,46.05,37.56
8713,O0007230,P0198,2,21.81,9.78
8714,O0007231,P0300,1,16.61,8.77
8715,O0007232,P0309,1,11.76,7.74
8716,O0007233,P0221,1,137.35,90.99
8717,O0007234,P0299,1,14.58,7.41
8718,O0007235,P0118,1,7.3,3.98
8719,O0007236,P0378,1,23.49,13.77
8720,O0007237,P0237,1,22.38,13.28
8721,O0007238,P0211,1,24.17,10.65
8722,O0007239,P0029,1,16.97,8.87
8723,O0007240,P0369,1,19.46,16.33
8724,O0007241,P0154,1,56.03,28.5
8725,O0007241,P0220,1,36.54,26.98
8726,O0007242,P0359,1,26.78,19.42
8727,O0007243,P0262,1,22.84,11.72
8728,O0007244,P0291,1,26.1,17.54
8729,O0007245,P0328,1,15.88,8.65
8730,O0007246,P0111,3,10.42,8.45
8731,O0007247,P0361,1,13.03,8.6
8732,O0007248,P0370,1,17.44,7.05
8733,O0007249,P0128,1,37.0,30.96
8734,O0007250,P0077,1,11.11,4.66
8735,O0007251,P0353,1,34.15,17.19
8736,O0007252,P0113,1,20.52,8.46
8737,O0007253,P0121,1,10.89,8.17
8738,O0007254,P0107,2,24.79,16.64
8739,O0007255,P0246,1,68.18,48.98
8740,O0007256,P0054,1,31.91,16.07
8741,O0007257,P0010,1,5.31,2.81
8742,O0007258,P0258,1,8.13,6.88
8743,O0007259,P0106,3,32.23,22.45
8744,O0007260,P0035,1,55.97,42.76
8745,O0007260,P0325,1,26.29,17.53
8746,O0007260,P0335,1,24.9,12.87
8747,O0007261,P0109,1,40.47,21.89
8748,O0007262,P0165,1,11.19,4.9
8749,O0007263,P0008,2,37.87,18.58
8750,O0007264,P0171,2,21.73,18.75
8751,O0007265,P0082,1,84.77,38.95
8752,O0007266,P0034,1,40.02,30.78
8753,O0007266,P0299,1,14.58,6.96
8754,O0007266,P0188,1,24.95,21.03
8755,O0007267,P0326,1,21.66,17.63
8756,O0007267,P0029,1,16.97,9.15
8757,O0007268,P0142,1,14.57,10.06
8758,O0007269,P0197,1,53.52,31.07
8759,O0007270,P0251,1,41.11,30.79
8760,O0007271,P0379,1,107.68,44.03
8761,O0007271,P0293,1,10.7,5.69
8762,O0007272,P0312,1,25.49,17.78
8763,O0007273,P0307,2,26.56,18.07
8764,O0007274,P0129,1,37.04,29.07
8765,O0007275,P0168,1,18.02,12.2
8766,O0007275,P0282,1,31.47,20.24
8767,O0007276,P0380,1,60.42,43.22
8768,O0007277,P0230,1,36.36,27.98
8769,O0007278,P0141,1,21.97,16.07
8770,O0007278,P0282,1,31.47,20.44
8771,O0007279,P0175,1,15.31,7.03
8772,O0007280,P0087,1,6.78,2.96
8773,O0007281,P0382,1,10.12,8.47
8774,O0007282,P0123,1,25.7,21.11
8775,O0007283,P0201,1,29.84,13.36
8776,O0007284,P0150,1,14.55,10.77
8777,O0007285,P0076,1,7.99,5.32
8778,O0007285,P0228,1,110.05,85.87
8779,O0007285,P0077,1,10.0,4.76
8780,O0007286,P0295,3,51.47,29.8
8781,O0007287,P0347,1,56.26,25.64
8782,O0007288,P0246,1,68.18,48.44
8783,O0007289,P0364,1,16.3,13.34
8784,O0007290,P0049,1,18.52,11.89
8785,O0007291,P0121,1,10.39,8.05
8786,O0007292,P0142,1,14.57,10.31
8787,O0007293,P0150,1,14.55,10.91
8788,O0007294,P0007,2,16.85,8.5
8789,O0007295,P0083,1,13.11,10.76
8790,O0007296,P0391,1,66.48,30.88
8791,O0007297,P0355,1,5.91,3.6
8792,O0007297,P0280,1,73.22,54.57
8793,O0007298,P0114,1,43.43,35.07
8794,O0007299,P0011,1,10.91,5.82
8795,O0007300,P0322,1,20.85,17.12
8796,O0007301,P0251,1,37.51,30.93
8797,O0007301,P0030,1,57.15,37.71
8798,O0007302,P0104,1,13.42,6.8
8799,O0007303,P0090,1,45.85,26.75
8800,O0007304,P0092,3,31.11,23.37
8801,O0007305,P0188,1,24.95,20.34
8802,O0007306,P0094,1,29.54,24.59
8803,O0007307,P0139,1,13.84,9.49
8804,O0007308,P0180,1,15.67,12.46
8805,O0007308,P0065,1,30.15,25.13
8806,O0007309,P0215,1,22.49,12.04
8807,O0007310,P0289,1,94.61,70.55
8808,O0007311,P0173,1,30.72,13.14
8809,O0007312,P0337,1,47.63,39.37
8810,O0007313,P0285,1,13.4,5.66
8811,O0007313,P0098,1,35.84,18.83
8812,O0007313,P0330,1,17.52,10.95
8813,O0007314,P0076,1,7.42,5.34
8814,O0007315,P0375,1,19.93,9.49
8815,O0007316,P0194,1,46.22,35.48
8816,O0007317,P0015,2,15.87,11.22
8817,O0007318,P0332,1,18.9,14.38
8818,O0007318,P0207,1,9.83,10.42
8819,O0007318,P0195,1,20.48,10.23
8820,O0007319,P0201,1,29.84,13.2
8821,O0007320,P0060,1,30.23,19.35
8822,O0007321,P0312,1,25.49,17.64
8823,O0007322,P0179,1,12.64,9.46
8824,O0007323,P0373,1,8.74,6.43
8825,O0007324,P0330,1,17.52,11.37
8826,O0007325,P0235,1,6.23,5.38
8827,O0007326,P0217,1,29.35,13.0
8828,O0007327,P0086,1,9.16,5.9
8829,O0007328,P0262,1,22.84,11.51
8830,O0007329,P0223,1,141.44,77.22
8831,O0007330,P0231,1,8.53,7.02
8832,O0007331,P0371,1,10.92,7.31
8833,O0007332,P0350,1,11.21,5.4
8834,O0007333,P0372,1,6.53,5.37
8835,O0007334,P0145,1,13.01,5.31
8836,O0007335,P0283,1,22.15,13.9
8837,O0007336,P0014,1,20.48,12.75
8838,O0007337,P0044,1,14.64,9.46
8839,O0007338,P0146,1,22.38,18.33
8840,O0007338,P0055,1,26.51,21.18
8841,O0007339,P0055,1,26.51,20.0
8842,O0007340,P0199,1,34.14,23.69
8843,O0007341,P0389,1,20.01,13.08
8844,O0007342,P0084,1,18.96,14.79
8845,O0007343,P0144,1,28.48,15.52
8846,O0007344,P0347,1,56.26,25.59
8847,O0007344,P0266,1,52.67,25.84
8848,O0007344,P0112,1,36.09,30.48
8849,O0007345,P0229,1,11.96,10.13
8850,O0007345,P0067,1,5.29,2.81
8851,O0007346,P0293,2,10.7,5.83
8852,O0007347,P0061,1,7.91,3.55
8853,O0007348,P0003,1,20.34,8.88
8854,O0007349,P0040,2,21.15,11.52
8855,O0007350,P0045,1,23.84,15.34
8856,O0007351,P0216,1,33.83,27.99
8857,O0007351,P0356,1,81.19,67.95
8858,O0007352,P0225,1,5.0,3.31
8859,O0007353,P0170,1,9.11,5.8
8860,O0007354,P0154,1,39.92,30.02
8861,O0007355,P0317,1,49.38,29.04
8862,O0007356,P0090,1,45.85,25.14
8863,O0007357,P0309,1,14.44,8.13
8864,O0007358,P0362,1,35.77,25.2
8865,O0007359,P0305,1,15.47,7.64
8866,O0007359,P0328,1,17.65,8.55
8867,O0007360,P0178,1,31.37,24.87
8868,O0007361,P0001,1,36.5,27.67
8869,O0007362,P0376,1,7.37,3.59
8870,O0007363,P0070,1,162.03,92.89
8871,O0007364,P0079,1,7.1,4.95
8872,O0007365,P0234,1,16.86,8.08
8873,O0007366,P0182,1,26.95,21.06
8874,O0007367,P0043,1,32.76,23.85
8875,O0007368,P0172,1,39.28,32.48
8876,O0007368,P0347,1,56.26,24.89
8877,O0007369,P0265,1,23.33,16.77
8878,O0007370,P0388,1,15.88,6.78
8879,O0007370,P0132,1,41.31,22.52
8880,O0007371,P0044,1,14.64,9.7
8881,O0007372,P0264,1,11.57,6.35
8882,O0007373,P0047,1,19.66,14.4
8883,O0007374,P0008,1,37.87,17.94
8884,O0007375,P0364,1,16.3,13.52
8885,O0007376,P0110,1,8.87,5.33
8886,O0007376,P0015,1,14.65,10.92
8887,O0007376,P0293,1,10.7,5.6
8888,O0007377,P0139,1,12.46,9.26
8889,O0007377,P0244,1,37.02,26.72
8890,O0007377,P0270,1,10.72,6.28
8891,O0007378,P0127,1,37.04,29.09
8892,O0007379,P0314,1,6.49,4.19
8893,O0007380,P0079,1,7.1,4.83
8894,O0007381,P0190,3,22.11,14.69
8895,O0007381,P0223,1,141.44,73.76
8896,O0007381,P0017,1,15.17,10.9
8897,O0007382,P0354,1,78.97,64.2
8898,O0007383,P0226,1,16.11,7.06
8899,O0007384,P0280,1,73.22,55.27
8900,O0007385,P0378,1,17.59,13.79
8901,O0007386,P0168,2,18.02,12.33
8902,O0007386,P0266,1,52.67,26.27
8903,O0007386,P0061,1,7.91,3.56
8904,O0007387,P0160,1,10.81,6.55
8905,O0007387,P0063,1,21.56,14.15
8906,O0007388,P0088,1,28.44,23.91
8907,O0007389,P0301,1,25.5,15.27
8908,O0007390,P0279,1,7.3,4.39
8909,O0007391,P0134,1,18.27,8.33
8910,O0007392,P0188,1,24.95,20.28
8911,O0007393,P0272,1,25.23,19.56
8912,O0007394,P0215,1,22.49,12.31
8913,O0007395,P0100,1,46.05,33.94
8914,O0007396,P0066,1,23.11,11.75
8915,O0007397,P0181,1,24.13,14.2
8916,O0007398,P0075,1,75.36,51.97
8917,O0007399,P0250,1,99.91,60.99
8918,O0007400,P0379,1,107.68,45.64
8919,O0007401,P0134,1,20.3,8.4
8920,O0007401,P0323,1,29.71,27.32
8921,O0007402,P0171,1,21.73,17.9
8922,O0007403,P0323,1,33.01,28.42
8923,O0007403,P0319,1,37.48,23.75
8924,O0007403,P0159,1,5.0,2.4
8925,O0007404,P0344,1,12.43,9.19
8926,O0007405,P0325,1,26.29,17.0
8927,O0007406,P0156,1,13.93,6.58
8928,O0007407,P0303,1,20.26,17.65
8929,O0007408,P0248,1,24.22,21.17
8930,O0007409,P0123,1,25.7,20.74
8931,O0007410,P0096,1,13.85,6.81
8932,O0007410,P0219,1,25.02,17.38
8933,O0007411,P0257,1,90.28,73.21
8934,O0007412,P0316,1,25.48,11.75
8935,O0007413,P0149,1,15.68,11.08
8936,O0007414,P0377,1,5.0,4.23
8937,O0007415,P0218,1,24.78,16.69
8938,O0007416,P0233,3,63.03,54.81
8939,O0007417,P0305,1,15.47,7.23
8940,O0007418,P0194,1,46.22,36.59
8941,O0007419,P0199,1,34.14,23.77
8942,O0007420,P0284,1,11.42,6.09
8943,O0007420,P0018,1,19.43,12.03
8944,O0007421,P0180,1,15.67,12.42
8945,O0007422,P0187,1,64.43,39.46
8946,O0007423,P0112,1,36.09,30.56
8947,O0007424,P0070,1,176.02,93.83
8948,O0007425,P0327,2,32.14,15.91
8949,O0007426,P0181,1,24.13,13.88
8950,O0007427,P0234,1,16.86,7.98
8951,O0007428,P0316,1,25.48,11.78
8952,O0007429,P0008,1,37.87,18.26
8953,O0007430,P0340,1,61.25,48.2
8954,O0007431,P0308,1,44.75,23.77
8955,O0007432,P0054,1,31.91,16.02
8956,O0007433,P0151,1,8.95,7.3
8957,O0007434,P0080,1,25.92,12.97
8958,O0007435,P0396,1,67.85,35.37
8959,O0007436,P0012,1,31.54,18.49
8960,O0007437,P0068,1,24.02,10.51
8961,O0007438,P0234,1,16.86,7.94
8962,O0007439,P0068,1,24.02,10.13
8963,O0007440,P0265,1,23.33,16.82
8964,O0007441,P0299,1,14.58,7.13
8965,O0007442,P0083,1,13.11,11.02
8966,O0007443,P0265,1,21.0,16.65
8967,O0007443,P0004,1,20.34,16.52
8968,O0007444,P0089,1,30.2,17.15
8969,O0007445,P0270,1,10.72,6.01
8970,O0007446,P0254,1,6.01,3.64
8971,O0007447,P0175,1,15.31,7.03
8972,O0007448,P0189,1,31.8,25.87
8973,O0007449,P0080,1,25.92,12.76
8974,O0007450,P0162,1,7.81,3.33
8975,O0007451,P0377,1,5.0,4.25
8976,O0007452,P0173,1,24.0,13.7
8977,O0007453,P0154,1,49.89,28.74
8978,O0007454,P0227,1,32.25,17.98
8979,O0007455,P0061,1,7.91,3.58
8980,O0007456,P0121,1,9.86,8.39
8981,O0007457,P0387,1,23.9,15.91
8982,O0007457,P0131,1,52.63,42.45
8983,O0007458,P0287,1,14.63,6.58
8984,O0007459,P0236,3,72.46,58.17
8985,O0007460,P0086,2,9.16,5.93
8986,O0007461,P0022,1,9.24,5.77
8987,O0007462,P0218,1,18.86,16.64
8988,O0007463,P0158,1,45.59,20.19
8989,O0007464,P0293,1,10.7,5.8
8990,O0007465,P0106,1,32.23,22.22
8991,O0007466,P0316,1,25.48,11.88
8992,O0007467,P0287,1,14.63,6.66
8993,O0007468,P0348,1,16.31,13.21
8994,O0007469,P0365,3,11.12,9.75
8995,O0007470,P0077,1,11.11,4.84
8996,O0007471,P0290,1,49.67,31.88
8997,O0007472,P0268,1,13.01,5.87
8998,O0007473,P0264,1,10.41,6.32
8999,O0007474,P0158,1,45.59,20.19
9000,O0007475,P0025,1,44.29,20.44
9001,O0007476,P0340,1,61.25,46.21
9002,O0007477,P0300,1,16.61,9.14
9003,O0007478,P0156,1,13.93,6.52
9004,O0007479,P0254,2,6.01,3.56
9005,O0007480,P0050,1,29.38,25.34
9006,O0007481,P0009,1,29.77,17.48
9007,O0007482,P0223,1,141.44,73.12
9008,O0007482,P0358,1,9.97,7.04
9009,O0007482,P0099,1,11.25,6.26
9010,O0007483,P0163,1,77.71,47.82
9011,O0007484,P0295,1,51.47,29.89
9012,O0007485,P0213,1,28.58,23.52
9013,O0007486,P0389,1,20.01,13.12
9014,O0007487,P0260,1,23.47,19.57
9015,O0007488,P0139,1,10.28,9.37
9016,O0007489,P0370,1,17.44,6.91
9017,O0007489,P0325,1,26.29,17.22
9018,O0007490,P0372,1,6.53,5.24
9019,O0007491,P0297,1,8.01,3.72
9020,O0007492,P0021,1,47.37,26.74
9021,O0007493,P0221,2,97.62,93.13
9022,O0007494,P0289,1,85.15,71.58
9023,O0007495,P0037,1,12.54,9.76
9024,O0007496,P0139,1,13.84,9.63
9025,O0007497,P0104,1,11.04,7.04
9026,O0007498,P0183,1,38.0,29.44
9027,O0007499,P0214,1,12.66,8.63
9028,O0007500,P0024,1,28.72,22.47
9029,O0007500,P0094,1,29.54,24.61
9030,O0007501,P0072,1,31.23,19.83
9031,O0007502,P0135,1,156.29,82.22
9032,O0007503,P0268,1,13.01,5.93
9033,O0007504,P0053,1,51.03,40.02
9034,O0007505,P0264,1,11.57,6.45
9035,O0007506,P0332,1,18.9,14.79
9036,O0007506,P0227,2,32.25,17.89
9037,O0007507,P0235,1,6.23,5.15
9038,O0007507,P0244,2,37.02,27.23
9039,O0007507,P0144,1,28.48,15.19
9040,O0007508,P0193,2,61.96,48.23
9041,O0007509,P0149,1,16.78,10.79
9042,O0007510,P0221,1,122.98,93.79
9043,O0007511,P0032,2,18.03,14.94
9044,O0007512,P0048,1,19.31,12.2
9045,O0007513,P0059,1,27.56,13.04
9046,O0007514,P0067,1,5.29,2.9
9047,O0007514,P0364,1,16.3,13.28
9048,O0007515,P0339,1,7.52,3.52
9049,O0007516,P0215,1,22.49,12.17
9050,O0007517,P0227,2,32.25,17.34
9051,O0007518,P0275,1,22.42,17.4
9052,O0007518,P0324,1,15.13,7.25
9053,O0007518,P0177,1,50.38,37.25
9054,O0007519,P0107,1,22.31,16.41
9055,O0007520,P0204,1,29.54,25.48
9056,O0007521,P0202,1,16.35,12.86
9057,O0007522,P0187,1,69.71,39.57
9058,O0007523,P0090,1,45.85,26.45
9059,O0007523,P0248,1,26.91,21.35
9060,O0007524,P0382,1,10.12,8.73
9061,O0007525,P0142,1,14.57,9.93
9062,O0007526,P0372,1,6.53,5.48
9063,O0007527,P0369,1,20.39,16.37
9064,O0007528,P0370,1,15.94,6.96
9065,O0007529,P0170,1,9.11,5.85
9066,O0007530,P0266,1,52.67,25.82
9067,O0007531,P0195,2,20.69,10.68
9068,O0007532,P0259,1,6.28,3.81
9069,O0007533,P0302,1,12.62,10.42
9070,O0007534,P0006,1,45.33,37.45
9071,O0007535,P0079,1,7.1,4.92
9072,O0007536,P0270,1,9.65,6.22
9073,O0007537,P0168,1,18.02,12.32
9074,O0007538,P0158,1,45.59,20.66
9075,O0007538,P0315,1,14.56,8.29
9076,O0007538,P0226,1,16.11,7.26
9077,O0007539,P0002,1,21.96,15.12
9078,O0007540,P0183,1,38.0,30.28
9079,O0007541,P0060,1,23.08,19.66
9080,O0007542,P0130,1,534.96,376.67
9081,O0007543,P0087,1,6.78,2.97
9082,O0007544,P0190,1,22.11,14.58
9083,O0007545,P0259,1,6.28,3.83
9084,O0007546,P0265,1,23.33,16.88
9085,O0007547,P0168,1,18.02,12.44
9086,O0007548,P0031,1,28.61,13.64
9087,O0007549,P0333,1,4.25,3.05
9088,O0007550,P0238,1,66.04,35.61
9089,O0007551,P0158,3,45.59,20.63
9090,O0007552,P0011,1,10.91,5.76
9091,O0007553,P0358,1,9.97,6.93
9092,O0007554,P0066,1,23.11,11.73
9093,O0007555,P0087,1,6.78,3.13
9094,O0007555,P0290,1,49.67,30.64
9095,O0007556,P0328,1,15.87,8.45
9096,O0007557,P0209,1,48.72,21.75
9097,O0007558,P0039,1,16.72,8.95
9098,O0007559,P0124,1,9.83,7.55
9099,O0007560,P0009,2,29.77,18.4
9100,O0007561,P0333,1,5.0,3.15
9101,O0007562,P0276,1,20.56,15.2
9102,O0007563,P0049,1,20.58,11.95
9103,O0007564,P0096,1,13.85,6.78
9104,O0007565,P0301,1,18.54,15.25
9105,O0007566,P0338,1,5.0,3.36
9106,O0007567,P0180,1,15.67,12.0
9107,O0007568,P0296,1,101.72,95.35
9108,O0007568,P0257,1,81.25,69.73
9109,O0007569,P0337,2,47.63,39.77
9110,O0007569,P0210,1,21.59,13.86
9111,O0007570,P0356,1,73.07,67.27
9112,O0007571,P0373,1,8.74,6.68
9113,O0007572,P0182,1,26.95,20.95
9114,O0007572,P0354,1,110.11,62.41
9115,O0007573,P0001,1,36.5,27.77
9116,O0007574,P0219,1,25.02,17.44
9117,O0007575,P0169,1,87.25,52.06
9118,O0007576,P0361,2,10.52,8.65
9119,O0007577,P0107,1,24.79,17.09
9120,O0007578,P0111,1,9.38,8.65
9121,O0007579,P0352,1,11.73,8.05
9122,O0007580,P0224,1,12.85,6.17
9123,O0007581,P0089,1,30.2,17.42
9124,O0007582,P0235,1,6.23,5.14
9125,O0007583,P0113,1,20.52,8.2
9126,O0007584,P0250,1,91.44,58.87
9127,O0007585,P0343,1,16.99,8.99
9128,O0007586,P0106,1,32.23,21.82
9129,O0007587,P0292,1,12.32,9.24
9130,O0007588,P0014,1,20.48,13.27
9131,O0007589,P0138,1,58.62,36.65
9132,O0007590,P0353,1,34.15,17.56
9133,O0007591,P0283,1,22.15,14.24
9134,O0007592,P0213,1,31.76,23.97
9135,O0007593,P0091,1,37.25,29.5
9136,O0007594,P0312,1,25.49,17.68
9137,O0007595,P0235,1,6.23,5.18
9138,O0007596,P0367,1,25.65,17.78
9139,O0007597,P0321,1,38.93,30.92
9140,O0007597,P0192,1,130.83,73.78
9141,O0007598,P0380,1,60.42,43.59
9142,O0007599,P0222,1,13.28,10.83
9143,O0007600,P0317,1,54.87,29.01
9144,O0007600,P0069,1,25.74,10.73
9145,O0007600,P0120,1,9.06,6.5
9146,O0007601,P0203,1,16.83,7.71
9147,O0007602,P0033,1,14.27,5.92
9148,O0007603,P0060,1,30.23,18.87
9149,O0007604,P0342,1,150.89,118.43
9150,O0007605,P0171,1,21.73,18.18
9151,O0007605,P0271,1,118.13,51.51
9152,O0007606,P0159,1,5.0,2.46
9153,O0007607,P0320,1,77.73,45.97
9154,O0007607,P0188,3,24.95,20.58
9155,O0007608,P0298,1,38.49,18.36
9156,O0007609,P0189,2,31.8,26.51
9157,O0007610,P0376,1,7.37,3.61
9158,O0007611,P0277,1,16.05,9.18
9159,O0007612,P0376,1,7.37,3.66
9160,O0007613,P0115,1,35.82,29.28
9161,O0007614,P0082,1,84.77,38.75
9162,O0007615,P0126,1,57.0,30.5
9163,O0007616,P0263,1,32.89,16.15
9164,O0007617,P0117,1,12.46,9.84
9165,O0007618,P0274,1,29.11,24.88
9166,O0007619,P0239,1,24.64,18.05
9167,O0007620,P0289,1,94.61,70.63
9168,O0007621,P0237,1,22.38,12.96
9169,O0007622,P0242,1,28.6,18.8
9170,O0007623,P0368,2,58.87,34.45
9171,O0007624,P0349,1,15.24,15.55
9172,O0007625,P0091,1,33.52,31.01
9173,O0007625,P0215,1,22.49,11.76
9174,O0007626,P0053,1,51.03,38.21
9175,O0007627,P0086,1,9.16,6.19
9176,O0007628,P0217,1,24.17,13.23
9177,O0007629,P0313,1,36.8,19.15
9178,O0007630,P0081,1,11.76,9.82
9179,O0007631,P0390,1,81.71,49.71
9180,O0007631,P0134,1,20.3,8.44
9181,O0007631,P0108,1,78.48,49.65
9182,O0007632,P0374,1,8.71,5.44
9183,O0007633,P0142,1,14.57,10.32
9184,O0007633,P0174,1,14.91,7.97
9185,O0007633,P0311,1,6.67,2.96
9186,O0007634,P0208,1,20.68,13.22
9187,O0007635,P0037,1,12.54,9.7
9188,O0007636,P0327,1,32.14,16.42
9189,O0007637,P0391,1,59.83,32.31
9190,O0007638,P0289,1,94.61,71.22
9191,O0007639,P0322,1,20.85,17.31
9192,O0007640,P0026,1,28.14,13.57
9193,O0007640,P0356,1,81.19,69.79
9194,O0007641,P0066,1,23.11,12.01
9195,O0007641,P0194,1,46.22,35.2
9196,O0007641,P0231,1,8.53,7.13
9197,O0007642,P0333,1,5.0,3.11
9198,O0007643,P0201,1,29.84,13.55
9199,O0007644,P0115,1,35.82,30.06
9200,O0007645,P0183,1,30.39,30.03
9201,O0007646,P0132,1,41.31,22.96
9202,O0007646,P0209,3,48.72,21.78
9203,O0007646,P0376,1,7.37,3.65
9204,O0007647,P0380,1,60.42,43.25
9205,O0007647,P0269,1,20.27,10.89
9206,O0007648,P0338,1,5.0,3.4
9207,O0007649,P0347,1,56.26,26.35
9208,O0007650,P0393,1,7.96,5.56
9209,O0007651,P0189,1,31.8,26.58
9210,O0007652,P0279,2,7.3,4.64
9211,O0007653,P0186,1,47.03,39.1
9212,O0007654,P0347,3,56.26,25.66
9213,O0007655,P0332,1,14.38,14.74
9214,O0007656,P0043,1,32.76,24.74
9215,O0007657,P0240,1,25.47,20.71
9216,O0007658,P0064,1,33.89,23.99
9217,O0007659,P0036,1,51.68,22.48
9218,O0007660,P0117,1,12.46,10.06
9219,O0007661,P0340,1,61.25,46.55
9220,O0007662,P0382,1,10.12,8.6
9221,O0007663,P0235,1,6.23,5.16
9222,O0007664,P0041,1,46.99,37.77
9223,O0007665,P0355,1,5.91,3.61
9224,O0007665,P0286,1,7.86,4.38
9225,O0007666,P0325,1,26.29,17.17
9226,O0007666,P0124,1,9.83,7.14
9227,O0007666,P0053,1,51.03,38.55
9228,O0007667,P0021,1,47.37,25.81
9229,O0007667,P0202,1,16.35,12.73
9230,O0007668,P0185,1,47.48,21.03
9231,O0007669,P0389,1,20.01,12.85
9232,O0007670,P0371,1,10.92,7.14
9233,O0007671,P0149,1,16.78,11.2
9234,O0007672,P0126,1,57.0,31.25
9235,O0007673,P0084,1,18.96,15.49
9236,O0007674,P0318,1,15.46,11.05
9237,O0007675,P0308,1,44.75,23.56
9238,O0007676,P0234,1,16.86,8.04
9239,O0007677,P0063,1,21.56,13.87
9240,O0007678,P0247,1,84.85,56.34
9241,O0007679,P0332,1,18.9,14.54
9242,O0007680,P0095,1,21.77,12.56
9243,O0007681,P0241,1,17.11,10.15
9244,O0007682,P0048,1,19.31,12.65
9245,O0007683,P0158,1,45.59,19.84
9246,O0007684,P0151,1,8.95,7.5
9247,O0007685,P0190,1,22.11,15.13
9248,O0007686,P0040,1,19.04,11.4
9249,O0007687,P0340,1,61.25,45.67
9250,O0007688,P0190,1,22.11,14.77
9251,O0007689,P0006,1,45.33,38.31
9252,O0007690,P0091,1,37.25,31.08
9253,O0007691,P0084,1,18.96,15.46
9254,O0007692,P0278,1,15.48,10.0
9255,O0007693,P0392,1,5.0,2.45
9256,O0007694,P0152,1,51.13,37.75
9257,O0007694,P0313,1,36.8,19.86
9258,O0007694,P0273,1,14.02,11.11
9259,O0007695,P0344,1,12.43,9.26
9260,O0007696,P0268,1,11.71,5.72
9261,O0007696,P0329,1,33.63,23.67
9262,O0007697,P0191,1,12.75,6.96
9263,O0007698,P0307,1,26.56,17.92
9264,O0007699,P0275,1,22.42,17.84
9265,O0007700,P0352,1,11.73,8.27
9266,O0007700,P0294,1,21.07,12.0
9267,O0007701,P0045,1,23.84,15.75
9268,O0007702,P0079,1,7.1,4.81
9269,O0007703,P0339,1,7.52,3.52
9270,O0007703,P0131,1,52.63,41.92
9271,O0007704,P0085,1,47.03,36.98
9272,O0007705,P0053,1,51.03,38.18
9273,O0007705,P0264,1,11.57,6.49
9274,O0007706,P0307,1,24.45,17.42
9275,O0007707,P0194,1,46.22,34.23
9276,O0007708,P0011,1,10.91,5.9
9277,O0007709,P0224,1,12.09,6.53
9278,O0007710,P0174,2,14.91,8.16
9279,O0007711,P0387,1,23.9,15.95
9280,O0007712,P0350,1,11.21,5.44
9281,O0007713,P0284,1,11.42,5.96
9282,O0007714,P0250,1,99.91,60.55
9283,O0007715,P0081,1,11.14,10.04
9284,O0007716,P0132,1,41.31,22.59
9285,O0007717,P0196,1,11.97,8.11
9286,O0007718,P0370,1,15.7,6.89
9287,O0007719,P0079,1,7.1,4.86
9288,O0007719,P0399,1,16.13,11.73
9289,O0007719,P0209,1,48.72,22.29
9290,O0007720,P0276,1,20.56,15.72
9291,O0007721,P0010,1,5.31,2.88
9292,O0007721,P0256,1,43.56,32.85
9293,O0007722,P0162,1,7.81,3.23
9294,O0007723,P0075,1,75.36,53.29
9295,O0007724,P0357,1,30.69,20.05
9296,O0007725,P0391,1,66.48,31.45
9297,O0007726,P0330,1,17.52,11.08
9298,O0007727,P0289,1,94.61,73.25
9299,O0007728,P0392,1,5.0,2.52
9300,O0007728,P0331,1,49.25,28.5
9301,O0007729,P0380,1,60.42,44.1
9302,O0007730,P0124,1,9.83,7.32
9303,O0007730,P0290,1,49.67,30.66
9304,O0007731,P0277,1,16.05,9.27
9305,O0007731,P0138,2,58.62,38.97
9306,O0007732,P0349,1,19.77,15.63
9307,O0007733,P0026,1,28.14,14.32
9308,O0007734,P0379,1,107.68,44.81
9309,O0007735,P0207,1,13.81,10.38
9310,O0007736,P0387,1,23.9,15.51
9311,O0007737,P0173,1,30.72,13.34
9312,O0007738,P0074,1,44.77,32.16
9313,O0007739,P0146,1,22.38,18.4
9314,O0007740,P0290,1,49.67,30.43
9315,O0007740,P0322,1,20.85,18.08
9316,O0007741,P0309,1,14.44,7.92
9317,O0007742,P0164,1,7.78,6.22
9318,O0007743,P0270,1,10.72,6.28
9319,O0007743,P0234,1,16.86,8.11
9320,O0007743,P0328,1,17.65,8.47
9321,O0007744,P0244,1,37.02,26.85
9322,O0007745,P0242,1,40.38,18.63
9323,O0007746,P0086,1,9.16,6.24
9324,O0007747,P0215,1,22.49,11.67
9325,O0007748,P0017,1,15.17,10.61
9326,O0007749,P0243,1,27.01,13.57
9327,O0007750,P0352,1,11.73,8.03
9328,O0007751,P0246,1,68.18,49.87
9329,O0007751,P0182,1,26.95,20.68
9330,O0007752,P0096,1,13.85,6.69
9331,O0007753,P0391,1,66.48,32.26
9332,O0007754,P0070,1,176.02,96.65
9333,O0007754,P0057,1,13.99,6.96
9334,O0007755,P0308,2,44.75,23.39
9335,O0007756,P0284,1,11.42,5.69
9336,O0007757,P0379,1,107.68,44.26
9337,O0007757,P0294,1,21.07,11.94
9338,O0007757,P0240,1,25.47,21.9
9339,O0007758,P0219,1,25.02,17.73
9340,O0007759,P0237,1,20.0,13.57
9341,O0007760,P0062,1,17.52,10.13
9342,O0007761,P0350,1,11.21,5.14
9343,O0007761,P0026,1,28.14,13.5
9344,O0007762,P0333,1,5.0,3.15
9345,O0007763,P0057,1,13.99,7.32
9346,O0007763,P0061,1,7.91,3.53
9347,O0007764,P0055,1,26.51,20.68
9348,O0007765,P0376,1,7.37,3.67
9349,O0007766,P0233,1,63.03,55.1
9350,O0007767,P0333,1,5.0,3.09
9351,O0007768,P0115,1,35.82,30.11
9352,O0007769,P0399,1,16.13,11.54
9353,O0007770,P0268,1,13.01,5.84
9354,O0007771,P0131,1,52.63,44.13
9355,O0007772,P0095,1,31.01,12.89
9356,O0007773,P0322,1,20.85,17.43
9357,O0007774,P0271,1,118.13,51.29
9358,O0007775,P0048,1,19.31,12.49
9359,O0007776,P0257,1,90.28,73.03
9360,O0007777,P0198,1,21.81,9.75
9361,O0007778,P0091,2,37.25,30.41
9362,O0007779,P0186,1,47.03,39.51
9363,O0007780,P0206,3,7.96,6.56
9364,O0007781,P0260,1,23.47,20.62
9365,O0007782,P0085,1,47.03,36.98
9366,O0007783,P0140,1,42.25,18.99
9367,O0007784,P0065,2,30.15,25.47
9368,O0007785,P0217,1,29.35,12.62
9369,O0007786,P0314,1,6.49,4.05
9370,O0007787,P0180,1,15.67,11.76
9371,O0007787,P0393,1,7.96,5.59
9372,O0007787,P0266,1,52.67,25.53
9373,O0007788,P0242,1,40.38,18.43
9374,O0007789,P0305,1,15.47,7.27
9375,O0007790,P0272,1,23.86,19.53
9376,O0007791,P0057,1,13.99,7.33
9377,O0007792,P0327,2,32.14,16.32
9378,O0007793,P0122,1,24.66,23.17
9379,O0007794,P0156,1,13.93,6.21
9380,O0007795,P0006,1,45.33,38.16
9381,O0007796,P0383,1,192.23,82.28
9382,O0007797,P0175,1,15.31,6.92
9383,O0007798,P0167,1,25.94,21.3
9384,O0007799,P0188,1,24.95,19.63
9385,O0007800,P0323,1,33.01,27.65
9386,O0007801,P0031,1,28.1,14.07
9387,O0007802,P0162,1,7.81,3.34
9388,O0007803,P0107,1,24.79,16.47
9389,O0007804,P0331,1,38.68,28.55
9390,O0007805,P0107,1,24.79,16.5
9391,O0007806,P0400,1,36.29,18.85
9392,O0007807,P0057,1,13.99,7.06
9393,O0007808,P0108,1,78.48,50.32
9394,O0007809,P0337,1,47.63,38.55
9395,O0007810,P0134,1,20.3,8.53
9396,O0007811,P0292,3,12.32,9.27
9397,O0007812,P0304,1,11.87,9.48
9398,O0007813,P0108,1,78.48,49.9
9399,O0007814,P0020,1,10.53,8.87
9400,O0007814,P0190,1,22.11,15.22
9401,O0007815,P0087,1,6.78,3.15
9402,O0007816,P0146,1,22.38,19.47
9403,O0007817,P0336,3,93.8,76.52
9404,O0007817,P0166,1,35.51,25.6
9405,O0007818,P0081,1,11.76,9.56
9406,O0007818,P0213,2,31.76,23.05
9407,O0007819,P0181,1,24.13,13.63
9408,O0007820,P0150,1,14.55,10.77
9409,O0007821,P0033,1,14.27,5.68
9410,O0007822,P0303,1,20.26,17.53
9411,O0007823,P0181,2,24.13,14.34
9412,O0007824,P0113,2,20.52,8.47
9413,O0007825,P0036,1,51.68,23.0
9414,O0007826,P0369,1,21.62,16.79
9415,O0007827,P0144,1,28.48,15.52
9416,O0007828,P0381,1,19.78,8.53
9417,O0007829,P0301,1,25.5,15.28
9418,O0007829,P0061,1,7.91,3.66
9419,O0007829,P0052,1,16.42,13.03
9420,O0007830,P0252,1,73.33,36.64
9421,O0007831,P0347,1,50.63,26.02
9422,O0007832,P0310,3,38.72,22.89
9423,O0007833,P0394,1,13.17,7.55
9424,O0007834,P0133,1,13.22,9.03
9425,O0007835,P0271,2,118.13,50.99
9426,O0007836,P0154,1,50.43,29.24
9427,O0007837,P0260,1,23.47,20.51
9428,O0007838,P0106,1,29.01,22.1
9429,O0007839,P0219,1,18.86,17.19
9430,O0007840,P0311,1,6.67,3.1
9431,O0007841,P0243,1,27.01,13.33
9432,O0007842,P0145,1,13.01,5.56
9433,O0007842,P0270,1,10.72,6.22
9434,O0007842,P0292,1,12.32,9.1
9435,O0007843,P0114,1,43.43,35.39
9436,O0007844,P0041,1,46.99,38.71
9437,O0007845,P0021,1,47.37,26.58
9438,O0007846,P0286,1,7.86,4.21
9439,O0007847,P0153,1,133.98,80.4
9440,O0007847,P0147,1,36.74,22.0
9441,O0007847,P0012,1,31.54,18.06
9442,O0007848,P0146,2,22.38,19.22
9443,O0007849,P0256,1,43.56,33.12
9444,O0007850,P0396,1,67.85,35.5
9445,O0007851,P0347,1,56.26,25.18
9446,O0007852,P0280,1,59.33,56.56
9447,O0007853,P0182,2,26.95,19.93
9448,O0007854,P0152,1,51.13,36.72
9449,O0007855,P0254,1,6.01,3.59
9450,O0007856,P0131,1,52.63,43.65
9451,O0007857,P0259,1,6.28,3.77
9452,O0007858,P0254,1,6.01,3.58
9453,O0007859,P0332,1,18.9,15.08
9454,O0007860,P0397,1,43.7,17.69
9455,O0007861,P0135,1,156.29,85.34
9456,O0007861,P0274,1,29.11,24.75
9457,O0007862,P0084,1,18.96,15.53
9458,O0007862,P0013,1,79.24,40.37
9459,O0007863,P0048,1,19.31,12.15
9460,O0007864,P0211,1,24.17,10.59
9461,O0007865,P0221,1,137.35,93.62
9462,O0007866,P0019,1,24.27,10.06
9463,O0007867,P0029,1,16.97,8.84
9464,O0007868,P0105,1,23.07,19.09
9465,O0007869,P0378,1,23.49,13.56
9466,O0007870,P0062,1,17.52,9.65
9467,O0007871,P0172,1,39.28,32.69
9468,O0007871,P0208,1,20.68,13.92
9469,O0007872,P0280,1,73.22,53.98
9470,O0007873,P0327,1,28.93,15.53
9471,O0007874,P0094,1,29.54,23.63
9472,O0007875,P0123,1,25.7,20.53
9473,O0007876,P0282,1,31.47,19.81
9474,O0007876,P0232,1,106.18,85.45
9475,O0007877,P0389,1,20.01,13.12
9476,O0007878,P0033,1,14.27,5.82
9477,O0007878,P0169,1,87.25,52.21
9478,O0007879,P0146,1,22.38,18.96
9479,O0007880,P0080,1,25.92,12.24
9480,O0007881,P0150,1,14.55,10.44
9481,O0007882,P0334,1,10.95,5.99
9482,O0007883,P0021,1,47.37,25.74
9483,O0007884,P0341,1,40.7,33.27
9484,O0007885,P0259,1,6.28,3.95
9485,O0007886,P0079,1,7.1,4.84
9486,O0007887,P0262,1,22.84,12.03
9487,O0007888,P0046,1,85.77,50.29
9488,O0007889,P0234,1,16.86,7.88
9489,O0007890,P0360,1,43.84,36.48
9490,O0007891,P0135,1,156.29,86.58
9491,O0007891,P0221,1,137.35,90.39
9492,O0007892,P0132,1,41.31,22.91
9493,O0007893,P0400,1,36.29,18.33
9494,O0007894,P0369,1,21.62,16.78
9495,O0007895,P0165,1,11.19,4.75
9496,O0007896,P0031,1,31.79,14.32
9497,O0007897,P0049,1,20.58,11.85
9498,O0007897,P0047,2,26.3,14.32
9499,O0007898,P0305,1,11.42,7.72
9500,O0007899,P0305,1,15.47,7.57
9501,O0007899,P0172,1,39.28,32.07
9502,O0007900,P0016,1,26.81,12.65
9503,O0007901,P0370,1,17.44,7.09
9504,O0007902,P0181,1,24.13,13.77
9505,O0007903,P0024,1,28.72,22.27
9506,O0007904,P0273,1,14.02,11.18
9507,O0007905,P0191,1,12.75,6.92
9508,O0007906,P0205,1,7.7,5.85
9509,O0007907,P0266,1,52.67,25.86
9510,O0007908,P0371,1,10.92,7.2
9511,O0007908,P0084,1,18.96,15.03
9512,O0007908,P0346,1,16.74,13.58
9513,O0007909,P0199,2,34.14,23.36
9514,O0007910,P0135,1,140.66,81.96
9515,O0007910,P0116,1,23.14,18.31
9516,O0007911,P0119,1,26.21,23.88
9517,O0007912,P0170,1,9.11,5.96
9518,O0007913,P0389,1,20.01,12.78
9519,O0007913,P0322,1,20.85,17.97
9520,O0007914,P0158,1,45.59,20.67
9521,O0007915,P0303,1,18.23,17.15
9522,O0007916,P0139,1,12.46,9.29
9523,O0007917,P0234,1,16.86,8.12
9524,O0007918,P0330,1,17.52,11.35
9525,O0007919,P0249,1,127.56,105.48
9526,O0007920,P0125,2,58.35,34.1
9527,O0007921,P0339,1,7.52,3.52
9528,O0007921,P0282,1,31.47,20.64
9529,O0007922,P0279,1,7.3,4.58
9530,O0007923,P0201,1,29.84,13.2
9531,O0007924,P0136,1,5.51,3.79
9532,O0007925,P0105,1,21.52,18.22
9533,O0007926,P0283,1,22.15,14.22
9534,O0007927,P0396,1,67.85,35.49
9535,O0007928,P0066,1,23.11,12.36
9536,O0007929,P0278,1,15.48,9.64
9537,O0007930,P0218,1,24.78,16.72
9538,O0007931,P0154,1,56.03,29.47
9539,O0007932,P0268,1,13.01,5.8
9540,O0007932,P0218,1,24.78,16.78
9541,O0007933,P0372,1,6.53,5.43
9542,O0007934,P0058,1,18.88,11.4
9543,O0007935,P0250,1,99.91,58.72
9544,O0007935,P0244,1,33.32,26.92
9545,O0007936,P0275,1,22.42,17.51
9546,O0007936,P0089,1,30.2,17.39
9547,O0007936,P0335,1,24.9,12.38
9548,O0007937,P0310,1,38.72,22.44
9549,O0007938,P0073,1,61.21,31.05
9550,O0007939,P0277,1,16.05,9.39
9551,O0007940,P0228,1,110.05,86.66
9552,O0007941,P0057,1,13.99,7.02
9553,O0007942,P0205,1,7.7,5.81
9554,O0007943,P0072,1,31.23,19.43
9555,O0007944,P0054,1,31.91,16.07
9556,O0007945,P0384,1,25.72,18.66
9557,O0007946,P0157,1,34.99,21.27
9558,O0007947,P0229,1,11.96,9.91
9559,O0007948,P0043,1,32.76,25.28
9560,O0007949,P0187,1,69.71,38.32
9561,O0007950,P0366,1,22.18,17.76
9562,O0007951,P0232,1,106.18,83.9
9563,O0007952,P0394,1,13.17,7.76
9564,O0007953,P0231,1,8.53,7.03
9565,O0007954,P0275,1,22.42,17.43
9566,O0007955,P0154,1,56.03,29.81
9567,O0007956,P0388,1,15.88,7.06
9568,O0007956,P0106,1,32.23,22.63
9569,O0007956,P0153,1,133.98,80.38
9570,O0007957,P0141,3,25.44,16.57
9571,O0007958,P0318,1,11.89,11.07
9572,O0007958,P0368,1,58.87,35.05
9573,O0007959,P0090,1,45.85,26.22
9574,O0007960,P0381,1,19.78,8.97
9575,O0007960,P0248,1,26.91,20.75
9576,O0007960,P0277,1,16.05,9.4
9577,O0007961,P0060,1,30.23,19.73
9578,O0007961,P0206,2,6.89,6.9
9579,O0007962,P0342,1,150.89,113.42
9580,O0007963,P0143,1,5.0,3.89
9581,O0007964,P0133,1,13.22,9.1
9582,O0007964,P0222,1,13.28,10.66
9583,O0007965,P0003,1,20.34,8.79
9584,O0007966,P0278,1,15.48,9.94
9585,O0007966,P0376,1,7.37,3.52
9586,O0007966,P0124,1,9.83,7.3
9587,O0007967,P0066,1,23.11,12.07
9588,O0007968,P0128,1,37.0,30.65
9589,O0007969,P0284,1,11.42,5.8
9590,O0007969,P0102,1,34.13,23.49
9591,O0007970,P0181,1,24.13,14.33
9592,O0007970,P0195,1,21.86,10.57
9593,O0007971,P0105,1,23.07,19.13
9594,O0007972,P0273,1,14.02,11.4
9595,O0007973,P0042,2,72.6,45.61
9596,O0007974,P0255,1,19.78,12.33
9597,O0007975,P0218,1,24.78,16.2
9598,O0007976,P0128,1,37.0,31.22
9599,O0007977,P0162,1,7.81,3.4
9600,O0007978,P0113,1,18.47,8.61
9601,O0007979,P0217,1,29.35,12.48
9602,O0007980,P0357,1,30.69,20.11
9603,O0007981,P0372,1,6.53,5.4
9604,O0007982,P0295,1,51.47,28.87
9605,O0007983,P0260,1,23.47,20.68
9606,O0007984,P0152,1,51.13,38.53
9607,O0007985,P0008,2,37.87,18.6
9608,O0007985,P0054,1,31.91,15.57
9609,O0007986,P0058,1,18.88,11.16
9610,O0007987,P0028,1,19.28,10.36
9611,O0007988,P0146,1,18.91,18.9
9612,O0007989,P0008,1,34.08,18.97
9613,O0007990,P0090,2,41.26,26.71
9614,O0007991,P0282,1,31.47,20.58
9615,O0007992,P0150,1,14.55,10.43
9616,O0007993,P0171,1,21.73,18.03
9617,O0007993,P0269,1,22.52,11.24
9618,O0007993,P0236,1,72.46,56.81
9619,O0007994,P0249,1,127.56,105.05
9620,O0007995,P0040,1,21.15,11.55
9621,O0007995,P0356,1,81.19,69.49
9622,O0007996,P0169,1,87.25,52.48
9623,O0007997,P0290,1,49.67,31.16
9624,O0007998,P0007,1,16.85,8.34
9625,O0007999,P0180,1,15.67,11.94
9626,O0007999,P0266,1,52.67,25.92
9627,O0008000,P0291,1,26.1,17.06
9628,O0008001,P0208,1,20.68,13.84
9629,O0008001,P0218,1,24.78,15.77
9630,O0008001,P0386,1,19.4,11.08
9631,O0008002,P0041,1,36.58,38.01
9632,O0008003,P0137,1,16.82,7.8
9633,O0008004,P0100,1,46.05,34.74
9634,O0008005,P0211,1,24.17,10.42
9635,O0008006,P0081,1,11.76,9.98
9636,O0008006,P0286,1,7.86,4.35
9637,O0008007,P0275,1,22.42,17.14
9638,O0008008,P0057,1,11.96,7.27
9639,O0008009,P0227,1,32.25,17.06
9640,O0008010,P0393,1,7.96,5.39
9641,O0008011,P0045,1,23.84,14.98
9642,O0008012,P0056,1,53.25,44.07
9643,O0008013,P0184,1,20.87,12.29
9644,O0008014,P0099,1,11.25,6.18
9645,O0008015,P0131,1,52.63,41.58
9646,O0008016,P0044,1,14.64,9.55
9647,O0008017,P0296,1,113.02,96.72
9648,O0008017,P0179,1,12.64,9.3
9649,O0008018,P0387,1,23.9,15.47
9650,O0008019,P0271,1,118.13,51.25
9651,O0008020,P0352,2,11.73,8.46
9652,O0008021,P0195,1,24.29,10.35
9653,O0008021,P0266,1,52.67,24.76
9654,O0008021,P0181,1,24.13,13.49
9655,O0008022,P0252,1,69.66,36.51
9656,O0008023,P0185,1,47.48,20.92
9657,O0008024,P0124,1,9.83,7.38
9658,O0008025,P0352,1,11.73,8.47
9659,O0008026,P0142,1,13.11,9.98
9660,O0008026,P0100,1,46.05,33.26
9661,O0008026,P0236,1,72.46,56.39
9662,O0008027,P0087,1,6.78,3.0
9663,O0008028,P0398,1,9.94,4.63
9664,O0008029,P0319,1,37.48,23.47
9665,O0008030,P0336,1,93.8,74.45
9666,O0008031,P0293,1,10.7,5.55
9667,O0008032,P0307,1,18.66,18.07
9668,O0008033,P0281,1,38.91,25.49
9669,O0008034,P0106,1,32.23,22.41
9670,O0008035,P0040,1,21.15,11.8
9671,O0008036,P0116,1,23.14,18.39
9672,O0008036,P0317,1,54.87,28.79
9673,O0008036,P0343,1,16.99,8.53
9674,O0008037,P0284,1,11.42,6.08
9675,O0008038,P0175,1,15.31,6.93
9676,O0008038,P0309,1,14.44,7.89
9677,O0008038,P0080,1,25.92,12.51
9678,O0008039,P0044,1,14.64,9.97
9679,O0008040,P0207,1,13.81,10.39
9680,O0008041,P0089,1,27.18,17.45
9681,O0008042,P0252,1,66.0,36.26
9682,O0008042,P0382,1,10.12,8.54
9683,O0008043,P0332,1,18.9,14.48
9684,O0008044,P0300,1,16.61,8.98
9685,O0008044,P0027,1,22.36,12.86
9686,O0008044,P0124,1,9.83,7.31
9687,O0008045,P0061,1,7.91,3.77
9688,O0008046,P0164,1,7.78,6.12
9689,O0008047,P0231,1,8.53,7.25
9690,O0008048,P0223,1,141.44,76.75
9691,O0008048,P0221,1,137.35,94.9
9692,O0008048,P0253,1,57.21,32.46
9693,O0008049,P0203,1,16.83,7.25
9694,O0008050,P0098,1,35.84,18.68
9695,O0008051,P0286,1,7.86,4.49
9696,O0008052,P0381,1,19.78,8.68
9697,O0008053,P0123,1,25.7,21.4
9698,O0008054,P0118,1,7.3,4.07
9699,O0008054,P0385,1,28.75,13.9
9700,O0008055,P0307,1,20.77,17.56
9701,O0008056,P0167,2,23.35,21.92
9702,O0008057,P0099,1,11.25,6.35
9703,O0008058,P0062,1,17.52,9.86
9704,O0008059,P0338,1,3.79,3.4
9705,O0008060,P0299,1,14.58,7.29
9706,O0008061,P0072,1,23.36,19.62
9707,O0008062,P0318,1,15.46,11.39
9708,O0008062,P0338,2,5.0,3.41
9709,O0008063,P0361,1,13.03,8.75
9710,O0008063,P0257,1,90.28,70.52
9711,O0008063,P0323,1,33.01,28.35
9712,O0008064,P0048,1,19.31,12.25
9713,O0008064,P0159,2,5.0,2.43
9714,O0008064,P0319,1,37.48,23.97
9715,O0008065,P0163,2,77.71,48.16
9716,O0008066,P0209,1,48.72,21.84
9717,O0008067,P0352,1,11.73,8.4
9718,O0008068,P0171,1,21.73,17.94
9719,O0008069,P0066,1,23.11,11.87
9720,O0008069,P0334,1,10.95,5.85
9721,O0008070,P0351,1,44.95,32.91
9722,O0008071,P0359,1,26.78,19.42
9723,O0008072,P0172,1,39.28,32.61
9724,O0008073,P0168,1,18.02,12.36
9725,O0008074,P0156,1,13.93,6.32
9726,O0008074,P0206,1,7.96,6.81
9727,O0008074,P0067,1,5.29,2.81
9728,O0008075,P0174,1,14.91,8.35
9729,O0008075,P0303,1,19.08,17.18
9730,O0008076,P0335,1,24.9,13.01
9731,O0008077,P0228,1,110.05,87.13
9732,O0008078,P0317,1,42.06,27.83
9733,O0008079,P0291,1,26.1,18.03
9734,O0008080,P0110,1,12.36,5.29
9735,O0008081,P0251,1,41.11,30.16
9736,O0008082,P0213,1,31.76,24.15
9737,O0008083,P0124,1,9.83,7.48
9738,O0008083,P0019,1,24.27,10.48
9739,O0008083,P0042,1,72.6,45.2
9740,O0008084,P0213,1,28.06,24.23
9741,O0008085,P0052,1,16.42,12.31
9742,O0008086,P0173,1,30.72,13.17
9743,O0008087,P0331,1,39.14,29.29
9744,O0008088,P0149,1,16.78,11.34
9745,O0008089,P0197,1,53.52,30.31
9746,O0008090,P0286,1,7.86,4.38
9747,O0008091,P0234,1,16.86,7.98
9748,O0008091,P0088,1,28.44,22.94
9749,O0008092,P0273,1,14.02,11.42
9750,O0008092,P0281,1,38.91,24.89
9751,O0008092,P0258,1,8.13,6.81
9752,O0008093,P0207,1,13.81,10.37
9753,O0008093,P0130,1,534.96,366.32
9754,O0008094,P0263,1,32.89,15.55
9755,O0008095,P0128,1,37.0,29.92
9756,O0008096,P0390,1,81.71,49.32
9757,O0008097,P0330,1,17.52,11.66
9758,O0008097,P0148,1,49.04,23.09
9759,O0008098,P0260,1,23.47,20.72
9760,O0008099,P0113,1,20.52,8.65
9761,O0008100,P0250,1,99.91,58.84
9762,O0008100,P0020,1,10.53,8.77
9763,O0008101,P0194,1,46.22,35.32
9764,O0008102,P0158,1,45.59,20.21
9765,O0008103,P0139,1,13.84,9.4
9766,O0008104,P0129,1,37.04,27.62
9767,O0008105,P0052,1,16.42,13.1
9768,O0008106,P0117,1,12.46,9.58
9769,O0008107,P0164,1,7.78,6.23
9770,O0008108,P0270,2,10.72,6.06
9771,O0008109,P0294,1,21.07,11.82
9772,O0008110,P0378,1,23.49,12.97
9773,O0008111,P0271,1,118.13,50.83
9774,O0008112,P0361,1,13.03,8.69
9775,O0008113,P0128,2,37.0,30.26
9776,O0008114,P0359,1,26.78,18.76
9777,O0008115,P0337,1,47.63,37.83
9778,O0008116,P0370,1,15.7,6.95
9779,O0008117,P0119,1,29.12,24.91
9780,O0008118,P0090,1,45.85,25.44
9781,O0008119,P0183,1,38.0,30.02
9782,O0008120,P0085,1,47.03,36.08
9783,O0008120,P0365,1,8.85,9.51
9784,O0008120,P0218,1,24.78,16.19
9785,O0008121,P0352,1,11.73,8.46
9786,O0008122,P0377,1,5.0,4.07
9787,O0008123,P0212,1,19.47,9.2
9788,O0008124,P0143,1,5.0,3.93
9789,O0008125,P0203,1,14.93,7.63
9790,O0008125,P0356,1,60.21,66.05
9791,O0008125,P0296,1,113.02,98.41
9792,O0008126,P0288,1,10.33,8.41
9793,O0008126,P0319,1,37.48,23.66
9794,O0008127,P0187,1,69.71,39.76
9795,O0008128,P0301,1,22.95,14.75
9796,O0008129,P0055,1,26.51,20.2
9797,O0008130,P0079,1,7.1,5.13
9798,O0008131,P0060,1,30.23,19.52
9799,O0008132,P0238,1,66.04,35.79
9800,O0008132,P0147,1,36.74,22.4
9801,O0008132,P0117,1,12.46,9.74
9802,O0008133,P0073,1,43.77,30.68
9803,O0008133,P0198,1,21.81,9.83
9804,O0008134,P0223,1,141.44,73.72
9805,O0008135,P0048,1,19.31,12.28
9806,O0008136,P0382,1,10.12,8.45
9807,O0008137,P0208,1,20.68,13.6
9808,O0008138,P0024,1,28.72,22.3
9809,O0008139,P0052,1,16.42,12.88
9810,O0008139,P0059,1,31.09,13.02
9811,O0008140,P0297,1,8.01,3.67
9812,O0008141,P0060,1,30.23,19.76
9813,O0008141,P0176,1,48.41,35.34
9814,O0008141,P0339,1,7.52,3.62
9815,O0008142,P0140,1,42.25,18.17
9816,O0008143,P0236,1,72.46,56.67
9817,O0008143,P0055,1,26.51,20.84
9818,O0008144,P0289,1,94.61,71.28
9819,O0008144,P0011,1,10.91,5.76
9820,O0008144,P0077,1,11.11,4.56
9821,O0008145,P0036,1,51.68,21.96
9822,O0008146,P0202,1,16.35,12.95
9823,O0008147,P0165,1,11.19,4.76
9824,O0008147,P0274,2,29.11,24.19
9825,O0008147,P0226,1,16.11,7.36
9826,O0008148,P0337,2,47.63,38.68
9827,O0008149,P0283,1,22.15,14.84
9828,O0008150,P0207,1,13.81,10.63
9829,O0008151,P0242,1,40.38,18.84
9830,O0008152,P0337,1,47.63,38.07
9831,O0008153,P0275,1,22.42,17.58
9832,O0008154,P0082,1,84.77,40.12
9833,O0008155,P0311,2,6.67,3.04
9834,O0008156,P0270,1,10.72,6.14
9835,O0008157,P0325,1,23.66,17.84
9836,O0008158,P0077,1,11.11,4.86
9837,O0008159,P0233,1,63.03,52.3
9838,O0008159,P0304,1,11.87,9.67
9839,O0008160,P0180,1,15.67,11.78
9840,O0008160,P0165,3,8.69,4.85
9841,O0008161,P0320,1,77.73,47.13
9842,O0008162,P0068,1,24.02,10.02
9843,O0008163,P0394,2,13.17,7.92
9844,O0008164,P0037,1,8.98,10.17
9845,O0008165,P0269,1,22.52,11.43
9846,O0008166,P0044,1,14.64,9.42
9847,O0008166,P0303,1,20.26,16.8
9848,O0008167,P0347,1,56.26,25.2
9849,O0008168,P0267,1,16.05,7.85
9850,O0008169,P0071,1,21.03,10.17
9851,O0008170,P0061,1,7.91,3.58
9852,O0008171,P0062,1,17.52,9.77
9853,O0008172,P0044,1,12.99,9.73
9854,O0008173,P0059,1,31.09,12.61
9855,O0008174,P0019,1,24.27,10.51
9856,O0008175,P0231,1,8.53,7.27
9857,O0008175,P0035,2,55.97,43.87
9858,O0008176,P0137,1,16.82,7.87
9859,O0008177,P0377,1,5.0,4.0
9860,O0008178,P0334,1,10.95,5.96
9861,O0008179,P0206,1,7.96,6.89
9862,O0008180,P0342,1,150.89,112.54
9863,O0008181,P0385,1,28.75,14.28
9864,O0008182,P0362,1,35.77,24.59
9865,O0008183,P0158,3,45.59,21.04
9866,O0008183,P0155,2,67.59,27.69
9867,O0008184,P0299,1,13.12,7.02
9868,O0008185,P0229,1,11.96,9.59
9869,O0008186,P0377,1,4.64,4.12
9870,O0008187,P0171,1,21.73,18.14
9871,O0008188,P0007,1,13.2,8.23
9872,O0008189,P0002,1,21.96,14.78
9873,O0008190,P0373,1,7.87,6.65
9874,O0008191,P0390,1,81.71,48.12
9875,O0008192,P0244,1,37.02,26.37
9876,O0008192,P0149,1,16.78,11.24
9877,O0008193,P0347,1,56.26,26.47
9878,O0008194,P0007,1,16.85,8.34
9879,O0008195,P0341,1,40.7,33.51
9880,O0008196,P0163,1,69.94,48.81
9881,O0008197,P0033,1,14.27,5.98
9882,O0008198,P0070,1,141.33,91.91
9883,O0008199,P0229,1,11.96,9.58
9884,O0008200,P0012,1,31.54,18.55
9885,O0008201,P0202,1,16.35,12.48
9886,O0008202,P0175,1,15.31,7.02
9887,O0008202,P0242,1,40.38,19.09
9888,O0008203,P0235,1,6.23,5.3
9889,O0008204,P0131,1,52.63,41.3
9890,O0008205,P0146,1,22.38,18.71
9891,O0008206,P0006,1,45.33,38.83
9892,O0008207,P0215,1,22.49,12.44
9893,O0008208,P0207,2,13.81,10.53
9894,O0008209,P0076,1,7.99,5.11
9895,O0008210,P0321,1,38.93,31.45
9896,O0008211,P0106,1,32.23,22.13
9897,O0008212,P0054,1,28.02,15.44
9898,O0008213,P0201,1,29.84,12.74
9899,O0008214,P0024,1,28.72,21.76
9900,O0008215,P0240,1,25.47,20.73
9901,O0008216,P0093,1,14.24,6.63
9902,O0008217,P0062,1,12.53,9.9
9903,O0008218,P0187,1,49.6,37.65
9904,O0008219,P0395,1,51.86,21.8
9905,O0008220,P0028,1,19.28,9.99
9906,O0008221,P0092,1,31.11,23.09
9907,O0008222,P0276,1,20.56,15.62
9908,O0008223,P0257,1,90.28,71.8
9909,O0008224,P0121,1,12.1,8.19
9910,O0008225,P0352,1,11.73,8.18
9911,O0008226,P0269,1,22.52,10.95
9912,O0008227,P0260,1,23.47,19.85
9913,O0008228,P0144,1,28.48,14.81
9914,O0008228,P0223,1,141.44,73.16
9915,O0008228,P0197,1,53.52,30.23
9916,O0008229,P0376,1,7.37,3.53
9917,O0008230,P0349,1,19.77,14.91
9918,O0008231,P0106,1,32.23,22.92
9919,O0008232,P0129,1,37.04,29.33
9920,O0008233,P0051,1,12.85,10.99
9921,O0008234,P0392,1,4.57,2.42
9922,O0008235,P0301,1,22.95,15.02
9923,O0008235,P0074,1,44.77,32.83
9924,O0008236,P0194,1,46.22,35.78
9925,O0008236,P0327,1,32.14,16.13
9926,O0008237,P0014,1,20.48,13.11
9927,O0008238,P0256,1,43.56,33.97
9928,O0008238,P0163,1,77.71,48.41
9929,O0008239,P0225,1,5.0,3.33
9930,O0008240,P0182,1,26.95,21.08
9931,O0008240,P0123,1,25.7,20.04
9932,O0008241,P0118,1,7.3,3.97
9933,O0008242,P0141,1,25.44,16.72
9934,O0008243,P0297,1,8.01,3.64
9935,O0008244,P0190,1,22.11,15.16
9936,O0008245,P0178,1,31.37,24.18
9937,O0008246,P0399,1,16.13,11.67
9938,O0008247,P0297,1,5.64,3.58
9939,O0008248,P0248,1,26.91,22.1
9940,O0008248,P0173,1,30.72,13.45
9941,O0008249,P0057,1,13.99,7.21
9942,O0008250,P0011,1,10.91,6.0
9943,O0008251,P0051,1,12.85,10.92
9944,O0008252,P0061,1,6.68,3.69
9945,O0008253,P0171,1,21.73,18.26
9946,O0008254,P0314,1,6.49,4.19
9947,O0008254,P0155,1,67.59,28.82
9948,O0008255,P0058,1,18.88,11.64
9949,O0008256,P0212,1,17.14,9.06
9950,O0008257,P0361,1,13.03,8.43
9951,O0008258,P0360,1,39.46,35.65
9952,O0008259,P0135,1,156.29,83.05
9953,O0008259,P0055,1,26.51,20.32
9954,O0008260,P0378,1,23.49,13.29
9955,O0008261,P0157,1,34.99,21.44
9956,O0008262,P0355,1,5.91,3.75
9957,O0008263,P0087,1,6.78,3.09
9958,O0008264,P0046,1,85.77,49.82
9959,O0008264,P0104,1,13.42,7.07
9960,O0008265,P0241,1,17.11,10.7
9961,O0008266,P0288,1,10.33,8.63
9962,O0008267,P0359,3,26.78,19.59
9963,O0008267,P0183,1,38.0,30.15
9964,O0008267,P0364,1,16.3,13.9
9965,O0008268,P0185,1,47.48,21.87
9966,O0008268,P0081,1,11.76,9.68
9967,O0008268,P0343,1,16.99,8.77
9968,O0008269,P0115,1,35.82,31.22
9969,O0008270,P0145,1,13.01,5.28
9970,O0008271,P0170,1,9.11,6.09
9971,O0008272,P0152,1,51.13,37.02
9972,O0008273,P0398,1,9.94,4.61
9973,O0008274,P0096,1,13.85,6.75
9974,O0008275,P0286,1,7.86,4.38
9975,O0008276,P0221,1,137.35,89.43
9976,O0008277,P0003,1,20.34,8.89
9977,O0008278,P0378,1,23.49,13.07
9978,O0008279,P0216,1,33.83,27.43
9979,O0008280,P0082,1,84.77,40.47
9980,O0008281,P0007,1,16.85,8.37
9981,O0008282,P0241,1,17.11,10.66
9982,O0008283,P0035,1,55.97,41.24
9983,O0008284,P0043,1,32.76,24.52
9984,O0008284,P0108,1,78.48,48.13
9985,O0008285,P0163,1,77.71,50.66
9986,O0008286,P0062,1,17.52,9.51
9987,O0008287,P0214,1,8.91,8.59
9988,O0008288,P0308,1,44.75,24.71
9989,O0008289,P0327,1,32.14,16.48
9990,O0008290,P0214,1,12.66,8.65
9991,O0008291,P0072,1,26.03,19.29
9992,O0008292,P0360,1,43.84,37.26
9993,O0008293,P0235,1,6.23,5.29
9994,O0008293,P0355,1,4.67,3.68
9995,O0008294,P0146,1,22.38,18.83
9996,O0008295,P0062,1,17.52,10.1
9997,O0008296,P0111,1,10.42,8.71
9998,O0008297,P0348,1,16.31,12.72
9999,O0008298,P0275,1,22.42,17.9
10000,O0008299,P0242,1,40.38,18.85
10001,O0008300,P0069,1,25.74,10.81
10002,O0008301,P0038,1,19.16,13.23
10003,O0008302,P0047,1,24.63,14.24
10004,O0008303,P0322,2,20.85,17.92
10005,O0008304,P0098,1,35.84,18.09
10006,O0008304,P0370,1,17.44,7.03
10007,O0008304,P0289,1,94.61,72.96
10008,O0008305,P0392,1,5.0,2.38
10009,O0008306,P0119,1,24.15,24.35
10010,O0008307,P0173,1,30.72,13.1
10011,O0008308,P0181,1,24.13,13.66
10012,O0008309,P0360,1,43.84,36.02
10013,O0008310,P0188,1,24.95,20.42
10014,O0008311,P0082,2,84.77,39.05
10015,O0008312,P0235,1,6.23,5.25
10016,O0008313,P0384,1,25.72,19.72
10017,O0008314,P0166,1,31.96,25.21
10018,O0008314,P0078,1,15.6,10.42
10019,O0008315,P0369,1,21.62,16.26
10020,O0008316,P0355,1,5.91,3.6
10021,O0008317,P0040,1,15.21,11.87
10022,O0008318,P0132,1,31.11,23.74
10023,O0008319,P0389,2,20.01,12.99
10024,O0008320,P0162,2,7.81,3.24
10025,O0008321,P0129,1,37.04,29.21
10026,O0008322,P0039,1,16.72,9.43
10027,O0008323,P0294,2,21.07,12.14
10028,O0008324,P0022,1,9.24,6.04
10029,O0008325,P0009,1,29.77,17.92
10030,O0008326,P0366,1,18.48,17.36
10031,O0008327,P0384,1,25.72,19.61
10032,O0008327,P0045,2,23.84,15.17
10033,O0008327,P0392,1,5.0,2.39
10034,O0008328,P0212,1,19.47,8.71
10035,O0008329,P0248,1,26.91,21.64
10036,O0008330,P0219,3,19.14,17.7
10037,O0008331,P0025,1,44.29,19.85
10038,O0008332,P0324,1,15.13,7.52
10039,O0008332,P0244,2,37.02,25.58
10040,O0008332,P0217,1,29.35,12.69
10041,O0008333,P0140,1,42.25,19.44
10042,O0008334,P0088,1,28.44,23.93
10043,O0008335,P0168,1,18.02,11.71
10044,O0008336,P0287,1,14.63,6.97
10045,O0008337,P0176,1,48.41,36.05
10046,O0008337,P0394,1,13.17,7.85
10047,O0008337,P0258,1,8.13,6.67
10048,O0008338,P0178,1,31.37,24.94
10049,O0008339,P0224,1,12.85,6.38
10050,O0008339,P0189,1,31.8,26.45
10051,O0008340,P0004,1,16.95,16.37
10052,O0008341,P0003,1,20.34,8.57
10053,O0008342,P0011,1,10.91,6.08
10054,O0008343,P0140,1,42.25,19.11
10055,O0008344,P0332,1,17.01,14.28
10056,O0008344,P0376,1,7.37,3.55
10057,O0008345,P0055,1,26.51,20.96
10058,O0008346,P0391,1,66.48,30.63
10059,O0008347,P0094,1,29.54,24.67
10060,O0008348,P0203,1,16.83,7.32
10061,O0008349,P0289,1,94.61,73.79
10062,O0008350,P0328,1,17.65,8.26
10063,O0008351,P0166,1,35.51,24.02
10064,O0008352,P0220,1,36.54,26.12
10065,O0008353,P0071,1,21.03,9.91
10066,O0008354,P0390,1,81.71,51.31
10067,O0008355,P0173,1,30.72,13.11
10068,O0008356,P0154,1,56.03,28.18
10069,O0008357,P0054,1,31.91,15.75
10070,O0008358,P0203,1,16.83,7.25
10071,O0008359,P0136,1,5.51,3.68
10072,O0008360,P0024,1,28.72,21.13
10073,O0008361,P0161,1,90.55,62.62
10074,O0008362,P0345,1,25.98,19.34
10075,O0008363,P0361,1,10.85,8.92
10076,O0008364,P0353,1,34.15,18.38
10077,O0008365,P0295,1,51.47,29.63
10078,O0008366,P0383,1,138.12,81.61
10079,O0008367,P0326,1,21.66,17.16
10080,O0008368,P0259,1,6.28,3.87
10081,O0008369,P0039,1,14.62,9.2
10082,O0008370,P0078,1,15.6,10.62
10083,O0008371,P0075,1,75.36,51.88
10084,O0008372,P0164,1,7.0,6.16
10085,O0008373,P0017,1,15.17,10.73
10086,O0008374,P0163,1,77.71,47.75
10087,O0008375,P0184,1,20.87,12.51
10088,O0008376,P0176,1,48.41,35.52
10089,O0008376,P0152,1,51.13,38.89
10090,O0008377,P0003,1,20.34,9.1
10091,O0008377,P0308,1,44.75,24.3
10092,O0008377,P0159,1,5.0,2.5
10093,O0008378,P0318,1,15.46,10.89
10094,O0008378,P0161,1,90.55,62.43
10095,O0008379,P0356,1,81.19,68.66
10096,O0008380,P0232,1,106.18,87.27
10097,O0008381,P0099,1,11.25,6.31
10098,O0008382,P0255,1,19.78,12.43
10099,O0008383,P0097,1,98.23,78.37
10100,O0008384,P0057,1,13.99,7.17
10101,O0008385,P0332,1,18.9,14.69
10102,O0008385,P0285,1,13.4,5.51
10103,O0008385,P0319,1,37.48,23.03
10104,O0008386,P0026,1,21.97,13.65
10105,O0008387,P0197,1,53.52,30.61
10106,O0008388,P0367,1,25.65,16.74
10107,O0008389,P0275,1,22.42,17.0
10108,O0008390,P0322,1,18.76,17.23
10109,O0008391,P0375,1,19.93,9.18
10110,O0008392,P0030,1,43.66,36.72
10111,O0008393,P0145,1,13.01,5.4
10112,O0008394,P0310,1,38.72,24.03
10113,O0008395,P0115,1,35.82,30.26
10114,O0008396,P0154,1,56.03,28.45
10115,O0008397,P0340,1,53.97,46.44
10116,O0008398,P0037,1,12.54,9.77
10117,O0008399,P0054,1,31.91,16.14
10118,O0008400,P0116,1,23.14,18.12
10119,O0008401,P0151,1,8.95,7.48
10120,O0008401,P0179,1,12.64,9.29
10121,O0008402,P0290,1,49.67,32.21
10122,O0008402,P0072,1,31.23,20.33
10123,O0008403,P0329,1,25.69,23.4
10124,O0008404,P0152,1,51.13,36.97
10125,O0008404,P0006,1,45.33,39.39
10126,O0008405,P0379,1,107.68,44.84
10127,O0008406,P0079,1,5.58,5.01
10128,O0008407,P0085,1,47.03,37.33
10129,O0008408,P0188,1,24.95,21.0
10130,O0008409,P0267,1,13.73,7.56
10131,O0008410,P0369,1,21.62,16.46
10132,O0008411,P0384,1,25.72,18.64
10133,O0008412,P0062,1,15.77,9.85
10134,O0008412,P0349,1,17.79,14.98
10135,O0008413,P0237,1,22.38,12.97
10136,O0008414,P0298,1,38.49,17.95
10137,O0008415,P0177,1,50.38,36.49
10138,O0008416,P0104,1,13.42,6.92
10139,O0008417,P0148,1,49.04,24.34
10140,O0008417,P0023,1,8.48,7.12
10141,O0008417,P0223,1,141.44,76.36
10142,O0008418,P0139,1,13.84,9.8
10143,O0008419,P0329,1,33.63,24.06
10144,O0008420,P0305,1,15.47,7.3
10145,O0008421,P0303,1,20.26,17.3
10146,O0008422,P0370,1,17.44,6.99
10147,O0008423,P0102,1,34.13,22.83
10148,O0008424,P0191,1,12.75,7.09
10149,O0008425,P0342,1,150.89,118.05
10150,O0008426,P0113,2,20.52,8.49
10151,O0008427,P0062,1,17.52,9.66
10152,O0008428,P0346,1,16.74,13.33
10153,O0008429,P0267,1,11.49,7.82
10154,O0008430,P0392,1,5.0,2.41
10155,O0008431,P0036,1,51.68,22.05
10156,O0008432,P0233,1,63.03,54.57
10157,O0008433,P0051,1,12.85,10.49
10158,O0008434,P0246,1,68.18,47.54
10159,O0008435,P0299,1,14.58,7.03
10160,O0008436,P0296,1,113.02,93.63
10161,O0008437,P0049,1,20.58,12.37
10162,O0008437,P0204,1,29.54,25.78
10163,O0008438,P0146,1,22.38,19.34
10164,O0008438,P0023,1,8.48,7.38
10165,O0008438,P0233,1,63.03,52.77
10166,O0008439,P0317,1,54.87,29.48
10167,O0008439,P0098,1,35.84,18.51
10168,O0008440,P0028,1,19.28,10.2
10169,O0008441,P0343,1,16.99,9.08
10170,O0008442,P0264,1,11.57,6.71
10171,O0008443,P0213,1,31.76,23.02
10172,O0008443,P0110,1,11.12,5.12
10173,O0008444,P0291,1,26.1,17.2
10174,O0008445,P0228,1,110.05,84.03
10175,O0008446,P0357,1,30.69,19.48
10176,O0008447,P0162,1,5.86,3.33
10177,O0008448,P0390,1,81.71,48.69
10178,O0008449,P0015,1,15.87,11.17
10179,O0008450,P0360,1,43.84,35.95
10180,O0008450,P0058,1,18.88,11.44
10181,O0008451,P0021,1,47.37,26.01
10182,O0008452,P0374,1,8.71,5.39
10183,O0008452,P0026,1,28.14,13.75
10184,O0008452,P0016,1,26.81,12.56
10185,O0008453,P0260,1,23.47,19.51
10186,O0008454,P0131,1,52.63,41.65
10187,O0008455,P0225,1,5.0,3.46
10188,O0008456,P0028,1,19.28,9.91
10189,O0008456,P0222,1,11.95,11.19
10190,O0008457,P0174,1,14.91,7.97
10191,O0008458,P0088,1,28.44,22.88
10192,O0008459,P0213,1,31.76,23.91
10193,O0008459,P0351,1,44.95,33.46
10194,O0008459,P0214,1,12.66,8.73
10195,O0008460,P0007,1,16.85,8.12
10196,O0008460,P0209,1,48.72,21.78
10197,O0008461,P0373,1,8.74,6.31
10198,O0008461,P0210,1,21.59,14.03
10199,O0008461,P0186,1,42.33,37.41
10200,O0008462,P0277,1,13.05,9.11
10201,O0008463,P0154,1,56.03,29.73
10202,O0008464,P0390,1,81.71,48.09
10203,O0008464,P0214,1,11.39,8.5
10204,O0008465,P0166,1,35.51,24.14
10205,O0008466,P0160,1,10.81,6.72
10206,O0008467,P0070,1,176.02,90.65
10207,O0008468,P0317,1,54.87,28.0
10208,O0008469,P0288,1,8.29,8.31
10209,O0008470,P0151,2,8.95,7.74
10210,O0008471,P0361,1,13.03,8.74
10211,O0008472,P0267,1,16.05,7.86
10212,O0008473,P0313,1,36.03,19.02
10213,O0008474,P0380,1,60.42,41.43
10214,O0008474,P0228,1,110.05,86.69
10215,O0008474,P0058,1,18.88,11.68
10216,O0008475,P0322,1,20.85,17.69
10217,O0008476,P0388,1,15.88,6.99
10218,O0008477,P0301,1,25.5,15.51
10219,O0008478,P0259,1,5.25,3.84
10220,O0008479,P0169,1,87.25,55.09
10221,O0008479,P0241,1,17.11,10.39
10222,O0008480,P0339,1,7.52,3.43
10223,O0008481,P0129,1,37.04,28.89
10224,O0008482,P0039,1,16.72,9.1
10225,O0008483,P0023,1,8.48,7.41
10226,O0008484,P0327,1,32.14,16.01
10227,O0008485,P0268,1,13.01,5.7
10228,O0008486,P0257,1,90.28,73.3
10229,O0008487,P0298,1,38.49,18.79
10230,O0008487,P0359,1,26.78,19.97
10231,O0008487,P0219,1,25.02,16.78
10232,O0008488,P0328,1,17.65,8.5
10233,O0008489,P0103,1,20.16,10.56
10234,O0008490,P0151,1,8.95,7.64
10235,O0008491,P0100,1,46.05,34.39
10236,O0008492,P0320,1,69.83,46.54
10237,O0008493,P0331,1,49.25,29.0
10238,O0008493,P0009,1,29.77,17.67
10239,O0008494,P0110,1,12.36,5.27
10240,O0008495,P0314,1,5.84,4.11
10241,O0008496,P0137,1,16.82,7.85
10242,O0008497,P0087,1,6.78,2.99
10243,O0008498,P0337,1,47.63,37.82
10244,O0008498,P0079,1,7.1,4.88
10245,O0008498,P0215,1,22.49,12.17
10246,O0008499,P0296,1,113.02,94.56
10247,O0008500,P0048,1,19.31,12.11
10248,O0008501,P0046,1,85.77,50.9
10249,O0008501,P0010,1,5.31,2.85
10250,O0008501,P0228,1,100.96,85.6
10251,O0008502,P0005,1,86.78,36.09
10252,O0008503,P0207,2,13.81,10.6
10253,O0008504,P0307,1,26.56,18.07
10254,O0008505,P0364,1,13.91,13.77
10255,O0008506,P0369,1,19.46,16.98
10256,O0008507,P0281,1,38.91,25.66
10257,O0008508,P0301,1,25.5,15.15
10258,O0008509,P0394,1,13.17,7.81
10259,O0008509,P0316,1,25.48,12.24
10260,O0008509,P0173,1,30.72,13.44
10261,O0008510,P0379,2,107.68,44.77
10262,O0008511,P0196,1,11.97,7.85
10263,O0008512,P0130,1,534.96,367.48
10264,O0008513,P0122,1,27.74,24.24
10265,O0008514,P0390,2,81.71,50.45
10266,O0008515,P0215,1,22.49,12.22
10267,O0008515,P0311,2,6.67,3.0
10268,O0008515,P0216,1,30.45,26.94
10269,O0008516,P0246,1,68.18,49.91
10270,O0008517,P0074,1,44.77,33.79
10271,O0008518,P0143,1,5.0,3.72
10272,O0008519,P0367,1,25.65,17.81
10273,O0008519,P0228,1,110.05,84.05
10274,O0008520,P0371,2,9.25,7.12
10275,O0008521,P0235,1,6.23,5.32
10276,O0008522,P0015,1,15.87,10.49
10277,O0008523,P0182,1,26.95,19.87
10278,O0008524,P0185,3,47.48,20.89
10279,O0008525,P0238,1,59.44,33.86
10280,O0008526,P0339,1,7.52,3.59
10281,O0008527,P0201,1,29.84,13.27
10282,O0008528,P0063,1,21.56,13.68
10283,O0008529,P0167,1,25.94,21.09
10284,O0008530,P0315,1,14.56,7.88
10285,O0008531,P0009,1,29.77,18.47
10286,O0008532,P0174,1,14.91,8.46
10287,O0008533,P0352,1,11.73,7.94
10288,O0008533,P0177,1,50.38,37.59
10289,O0008534,P0138,1,58.62,37.51
10290,O0008535,P0256,1,43.56,33.51
10291,O0008536,P0253,1,57.21,34.22
10292,O0008537,P0345,1,25.98,19.78
10293,O0008538,P0196,2,11.97,8.07
10294,O0008538,P0089,1,30.2,17.01
10295,O0008538,P0077,1,10.0,4.61
10296,O0008539,P0024,1,28.72,21.56
10297,O0008540,P0345,1,25.98,19.79
10298,O0008541,P0054,1,31.91,15.28
10299,O0008542,P0358,1,9.97,6.85
10300,O0008543,P0126,1,49.72,31.08
10301,O0008544,P0303,1,20.26,17.03
10302,O0008545,P0093,1,14.24,6.87
10303,O0008546,P0034,1,40.02,30.96
10304,O0008547,P0102,1,34.13,22.43
10305,O0008548,P0137,1,16.82,7.72
10306,O0008548,P0148,1,49.04,24.02
10307,O0008549,P0400,1,36.29,18.66
10308,O0008549,P0233,1,63.03,55.22
10309,O0008550,P0252,1,73.33,38.11
10310,O0008550,P0327,1,32.14,16.08
10311,O0008550,P0074,1,44.77,34.13
10312,O0008551,P0365,1,11.12,9.71
10313,O0008552,P0334,1,10.95,6.12
10314,O0008553,P0059,1,31.09,13.12
10315,O0008554,P0338,1,5.0,3.4
10316,O0008555,P0176,1,37.01,34.99
10317,O0008556,P0053,1,51.03,40.76
10318,O0008557,P0381,1,19.78,8.68
10319,O0008558,P0206,1,7.96,6.51
10320,O0008559,P0199,1,34.14,24.03
10321,O0008559,P0325,1,26.29,17.51
10322,O0008559,P0294,1,21.07,12.42
10323,O0008560,P0398,1,9.94,4.63
10324,O0008561,P0042,1,72.6,44.75
10325,O0008562,P0185,1,47.48,21.38
10326,O0008563,P0362,1,35.77,23.7
10327,O0008564,P0117,1,12.46,9.78
10328,O0008565,P0192,1,130.83,70.41
10329,O0008566,P0241,1,17.11,10.6
10330,O0008567,P0395,2,51.86,22.28
10331,O0008567,P0160,1,10.81,6.58
10332,O0008567,P0208,1,20.68,13.85
10333,O0008568,P0230,1,36.36,27.97
10334,O0008569,P0266,1,52.67,25.14
10335,O0008570,P0392,1,5.0,2.43
10336,O0008571,P0354,1,110.11,61.98
10337,O0008571,P0152,1,51.13,37.03
10338,O0008571,P0249,1,127.56,103.36
10339,O0008572,P0350,1,10.08,5.22
10340,O0008573,P0017,1,15.17,10.67
10341,O0008574,P0183,1,38.0,29.98
10342,O0008575,P0231,1,8.53,6.85
10343,O0008575,P0229,1,11.96,10.1
10344,O0008576,P0042,1,72.6,45.15
10345,O0008577,P0178,1,24.93,23.47
10346,O0008578,P0256,1,43.56,32.47
10347,O0008579,P0292,1,12.32,9.49
10348,O0008579,P0359,1,26.78,19.31
10349,O0008580,P0346,2,16.74,13.63
10350,O0008581,P0023,1,8.48,7.24
10351,O0008581,P0042,1,72.6,44.39
10352,O0008582,P0260,1,23.47,20.67
10353,O0008582,P0223,1,141.44,73.68
10354,O0008582,P0273,1,14.02,11.3
10355,O0008583,P0310,1,38.72,22.97
10356,O0008584,P0198,1,21.81,10.32
10357,O0008585,P0322,1,20.85,17.97
10358,O0008586,P0135,1,121.51,84.82
10359,O0008587,P0055,1,26.51,19.98
10360,O0008588,P0328,1,17.65,8.65
10361,O0008588,P0400,1,29.56,19.17
10362,O0008589,P0062,1,17.52,9.63
10363,O0008590,P0146,1,22.38,18.3
10364,O0008591,P0291,1,26.1,17.78
10365,O0008592,P0141,1,25.44,16.1
10366,O0008593,P0178,1,31.37,23.77
10367,O0008594,P0027,1,22.36,13.23
10368,O0008594,P0143,1,5.0,3.71
10369,O0008595,P0378,1,23.49,13.89
10370,O0008596,P0360,1,43.84,37.16
10371,O0008597,P0326,1,21.66,16.72
10372,O0008598,P0317,3,42.84,28.58
10373,O0008599,P0337,1,47.63,39.78
10374,O0008599,P0189,1,31.8,26.49
10375,O0008599,P0069,1,25.74,11.33
10376,O0008600,P0062,1,17.52,10.13
10377,O0008601,P0364,1,16.3,13.23
10378,O0008601,P0058,1,18.88,11.09
10379,O0008601,P0145,1,13.01,5.53
10380,O0008602,P0207,1,13.81,10.73
10381,O0008602,P0400,1,36.29,18.67
10382,O0008603,P0168,1,18.02,12.36
10383,O0008604,P0012,3,31.54,17.52
10384,O0008605,P0269,1,20.27,11.25
10385,O0008606,P0300,1,16.61,8.98
10386,O0008607,P0253,1,57.21,33.07
10387,O0008608,P0149,1,16.78,10.69
10388,O0008608,P0211,1,24.17,10.39
10389,O0008609,P0278,1,15.48,9.53
10390,O0008610,P0050,1,32.64,25.33
10391,O0008611,P0387,1,22.63,15.4
10392,O0008612,P0188,1,24.95,20.06
10393,O0008613,P0192,1,130.83,71.9
10394,O0008614,P0189,1,22.49,27.48
10395,O0008615,P0115,1,35.82,29.7
10396,O0008616,P0252,1,64.45,36.77
10397,O0008617,P0292,1,12.32,9.42
10398,O0008618,P0328,1,17.65,8.55
10399,O0008619,P0320,1,77.73,45.79
10400,O0008620,P0031,1,31.79,13.91
10401,O0008621,P0267,1,16.05,7.84
10402,O0008622,P0238,1,66.04,33.92
10403,O0008623,P0254,1,6.01,3.57
10404,O0008624,P0367,1,25.65,17.66
10405,O0008625,P0256,1,43.56,33.86
10406,O0008626,P0278,2,15.48,9.8
10407,O0008627,P0255,2,17.47,12.44
10408,O0008627,P0288,1,10.33,8.38
10409,O0008628,P0063,1,21.56,13.86
10410,O0008629,P0344,1,12.43,9.11
10411,O0008629,P0259,1,6.28,3.93
10412,O0008629,P0023,1,8.48,7.01
10413,O0008630,P0341,1,40.7,33.83
10414,O0008631,P0129,1,37.04,28.32
10415,O0008632,P0055,1,26.51,20.99
10416,O0008633,P0317,1,54.87,29.56
10417,O0008634,P0335,1,24.9,12.7
10418,O0008634,P0374,1,8.71,5.49
10419,O0008634,P0273,1,14.02,11.26
10420,O0008635,P0142,1,14.57,9.94
10421,O0008636,P0022,1,9.24,5.94
10422,O0008637,P0252,1,73.33,37.34
10423,O0008638,P0047,1,26.3,14.46
10424,O0008639,P0133,1,11.15,8.76
10425,O0008640,P0090,1,45.85,25.12
10426,O0008641,P0013,1,71.32,39.23
10427,O0008642,P0112,1,36.09,29.91
10428,O0008643,P0218,1,24.78,15.88
10429,O0008644,P0169,1,87.25,53.97
10430,O0008644,P0379,1,107.68,45.43
10431,O0008645,P0020,1,10.53,8.7
10432,O0008646,P0086,1,9.16,5.98
10433,O0008647,P0284,1,11.42,5.87
10434,O0008647,P0332,1,18.9,14.36
10435,O0008648,P0057,1,13.99,6.91
10436,O0008649,P0027,1,22.36,13.09
10437,O0008650,P0152,1,51.13,37.3
10438,O0008651,P0047,1,26.3,14.79
10439,O0008652,P0333,1,5.0,3.07
10440,O0008653,P0223,1,141.44,75.34
10441,O0008654,P0320,2,77.73,45.28
10442,O0008654,P0232,2,106.18,86.74
10443,O0008655,P0187,1,69.71,38.29
10444,O0008656,P0372,1,6.53,5.53
10445,O0008657,P0033,3,14.27,5.88
10446,O0008658,P0220,1,36.54,26.76
10447,O0008659,P0121,1,12.1,8.06
10448,O0008660,P0208,1,20.68,13.89
10449,O0008661,P0204,1,23.32,25.26
10450,O0008661,P0051,1,9.18,10.59
10451,O0008661,P0288,1,10.33,8.31
10452,O0008662,P0045,1,23.84,14.9
10453,O0008663,P0145,1,13.01,5.46
10454,O0008664,P0244,1,37.02,27.15
10455,O0008665,P0196,1,11.97,7.63
10456,O0008666,P0061,1,7.91,3.7
10457,O0008667,P0374,1,8.71,5.38
10458,O0008668,P0049,1,20.58,12.19
10459,O0008669,P0001,1,36.5,26.5
10460,O0008670,P0208,1,20.68,13.49
10461,O0008671,P0134,1,15.58,8.31
10462,O0008672,P0103,1,20.16,10.46
10463,O0008673,P0251,1,41.11,29.63
10464,O0008674,P0077,1,11.11,4.66
10465,O0008675,P0378,1,23.49,13.47
10466,O0008676,P0214,2,12.66,8.36
10467,O0008677,P0263,2,32.89,15.93
10468,O0008678,P0361,1,13.03,8.44
10469,O0008679,P0132,1,41.31,23.13
10470,O0008680,P0095,2,31.01,13.05
10471,O0008681,P0145,1,13.01,5.47
10472,O0008682,P0130,1,534.96,365.65
10473,O0008683,P0108,1,78.48,50.97
10474,O0008683,P0378,2,23.49,13.75
10475,O0008684,P0149,1,16.78,10.66
10476,O0008684,P0362,1,32.19,25.25
10477,O0008685,P0114,1,43.43,36.66
10478,O0008686,P0109,1,36.42,21.11
10479,O0008687,P0132,1,41.31,22.74
10480,O0008688,P0319,1,34.07,23.11
10481,O0008688,P0209,1,48.72,21.67
10482,O0008689,P0111,1,10.42,8.48
10483,O0008689,P0169,1,87.25,52.15
10484,O0008689,P0324,1,15.13,7.55
10485,O0008690,P0006,1,40.83,39.02
10486,O0008691,P0179,1,12.64,9.7
10487,O0008692,P0324,2,15.13,7.45
10488,O0008693,P0291,1,26.1,17.14
10489,O0008694,P0334,1,10.95,6.06
10490,O0008695,P0127,1,37.04,30.22
10491,O0008696,P0354,1,110.11,63.97
10492,O0008697,P0272,1,25.23,19.24
10493,O0008698,P0004,1,20.34,16.7
10494,O0008699,P0119,1,29.12,23.98
10495,O0008699,P0059,1,31.09,12.7
10496,O0008699,P0029,1,14.17,8.95
10497,O0008700,P0352,1,11.73,8.35
10498,O0008701,P0311,1,6.67,2.99
10499,O0008702,P0324,1,15.13,7.48
10500,O0008703,P0059,1,31.09,13.01
10501,O0008704,P0384,1,25.72,19.78
10502,O0008705,P0198,1,21.81,10.3
10503,O0008705,P0138,1,58.62,36.81
10504,O0008706,P0018,1,19.43,11.78
10505,O0008707,P0252,1,73.33,35.99
10506,O0008708,P0199,1,34.14,24.27
10507,O0008708,P0265,1,23.33,16.65
10508,O0008709,P0203,1,16.83,7.69
10509,O0008710,P0238,1,66.04,34.79
10510,O0008711,P0206,1,7.96,6.59
10511,O0008712,P0174,1,14.91,8.27
10512,O0008712,P0223,1,141.44,73.21
10513,O0008712,P0213,1,31.76,23.5
10514,O0008713,P0221,1,137.35,89.98
10515,O0008713,P0393,1,7.96,5.44
10516,O0008713,P0126,1,57.0,31.41
10517,O0008714,P0382,1,10.12,8.89
10518,O0008715,P0313,1,29.33,19.56
10519,O0008716,P0029,1,16.97,9.14
10520,O0008717,P0392,1,3.66,2.44
10521,O0008717,P0210,1,21.59,13.65
10522,O0008718,P0397,1,43.7,18.19
10523,O0008719,P0093,1,14.24,7.0
10524,O0008720,P0023,1,8.48,7.33
10525,O0008721,P0316,1,25.48,11.83
10526,O0008721,P0249,1,127.56,102.73
10527,O0008721,P0357,1,30.69,19.01
10528,O0008722,P0241,1,17.11,10.71
10529,O0008723,P0178,1,31.37,24.63
10530,O0008723,P0100,1,46.05,35.46
10531,O0008723,P0163,1,77.71,49.22
10532,O0008724,P0038,1,19.16,13.56
10533,O0008725,P0284,1,11.42,5.7
10534,O0008726,P0021,1,47.37,26.69
10535,O0008727,P0134,1,20.3,8.87
10536,O0008728,P0006,1,40.8,37.95
10537,O0008729,P0182,1,26.95,20.42
10538,O0008730,P0091,1,37.25,30.49
10539,O0008731,P0281,1,35.02,25.61
10540,O0008731,P0119,1,29.12,23.65
10541,O0008732,P0219,1,25.02,17.16
10542,O0008733,P0235,1,6.23,5.13
10543,O0008734,P0106,1,32.23,21.94
10544,O0008735,P0171,1,21.73,18.31
10545,O0008736,P0064,1,33.89,23.81
10546,O0008737,P0026,1,28.14,13.52
10547,O0008738,P0136,1,5.51,3.8
10548,O0008739,P0152,2,39.51,38.52
10549,O0008740,P0012,1,31.54,17.52
10550,O0008741,P0196,1,11.97,7.88
10551,O0008742,P0069,1,25.74,11.41
10552,O0008743,P0065,2,30.15,25.34
10553,O0008744,P0080,1,25.92,12.58
10554,O0008744,P0288,1,10.33,8.34
10555,O0008745,P0078,1,14.04,10.36
10556,O0008746,P0194,1,46.22,35.83
10557,O0008747,P0178,1,31.37,24.46
10558,O0008748,P0257,1,90.28,71.34
10559,O0008749,P0209,1,48.72,21.83
10560,O0008750,P0302,1,12.62,11.12
10561,O0008751,P0006,1,40.8,38.59
10562,O0008752,P0342,1,150.89,118.16
10563,O0008752,P0151,1,8.95,7.78
10564,O0008753,P0071,1,21.03,9.94
10565,O0008754,P0397,1,43.7,18.19
10566,O0008755,P0254,1,6.01,3.69
10567,O0008755,P0320,1,77.73,46.06
10568,O0008756,P0236,3,72.46,55.45
10569,O0008757,P0236,1,72.46,57.67
10570,O0008758,P0148,1,49.04,24.33
10571,O0008759,P0335,1,24.9,12.94
10572,O0008759,P0363,2,87.76,75.34
10573,O0008759,P0258,1,8.13,6.66
10574,O0008760,P0195,1,24.29,10.44
10575,O0008761,P0279,1,7.3,4.44
10576,O0008762,P0299,1,14.58,6.93
10577,O0008763,P0268,1,13.01,5.72
10578,O0008764,P0044,1,14.64,9.99
10579,O0008765,P0356,1,81.19,70.18
10580,O0008766,P0122,1,27.74,24.6
10581,O0008767,P0391,1,59.83,32.11
10582,O0008768,P0279,1,7.3,4.47
10583,O0008769,P0228,1,110.05,85.98
10584,O0008770,P0035,1,55.97,43.13
10585,O0008771,P0037,1,11.29,9.93
10586,O0008772,P0068,1,24.02,10.24
10587,O0008773,P0070,1,176.02,94.07
10588,O0008774,P0209,1,48.72,22.73
10589,O0008775,P0171,1,21.73,17.95
10590,O0008776,P0114,1,43.43,36.16
10591,O0008777,P0284,1,11.42,5.73
10592,O0008778,P0313,1,40.89,19.31
10593,O0008778,P0160,1,10.81,6.61
10594,O0008779,P0029,1,16.97,8.76
10595,O0008780,P0339,1,7.52,3.6
10596,O0008781,P0285,1,13.4,5.63
10597,O0008782,P0316,1,22.93,11.94
10598,O0008783,P0049,1,20.58,12.08
10599,O0008784,P0118,1,6.57,4.09
10600,O0008784,P0104,1,13.42,7.13
10601,O0008785,P0163,1,69.94,51.1
10602,O0008786,P0183,1,38.0,29.5
10603,O0008787,P0299,1,14.58,7.08
10604,O0008788,P0151,1,8.95,7.71
10605,O0008789,P0255,1,19.78,12.62
10606,O0008790,P0151,1,8.95,7.74
10607,O0008791,P0220,1,36.54,27.29
10608,O0008792,P0043,1,28.61,25.09
10609,O0008793,P0160,1,8.0,6.64
10610,O0008794,P0394,1,13.17,7.69
10611,O0008795,P0145,1,13.01,5.42
10612,O0008796,P0213,1,31.76,24.31
10613,O0008797,P0018,1,19.43,11.8
10614,O0008797,P0346,1,16.74,13.8
10615,O0008798,P0026,1,28.14,13.73
10616,O0008798,P0065,1,30.15,26.11
10617,O0008798,P0035,2,55.97,43.5
10618,O0008799,P0185,1,47.48,21.95
10619,O0008800,P0361,2,9.81,8.67
10620,O0008801,P0164,1,7.78,6.2
10621,O0008802,P0076,1,7.99,5.23
10622,O0008803,P0135,1,139.02,86.6
10623,O0008804,P0102,1,34.13,22.65
10624,O0008805,P0097,1,109.14,76.86
10625,O0008806,P0314,1,6.49,3.96
10626,O0008807,P0292,3,12.32,9.14
10627,O0008807,P0148,1,49.04,24.2
10628,O0008808,P0343,1,16.99,8.86
10629,O0008809,P0352,1,11.73,8.39
10630,O0008810,P0076,1,7.99,5.17
10631,O0008811,P0208,1,20.68,14.13
10632,O0008812,P0336,1,93.8,75.25
10633,O0008813,P0148,1,49.04,24.38
10634,O0008814,P0060,1,30.23,19.11
10635,O0008815,P0323,1,33.01,27.63
10636,O0008816,P0288,1,10.33,8.26
10637,O0008817,P0261,1,4.5,3.38
10638,O0008818,P0194,1,46.22,35.48
10639,O0008819,P0235,1,6.23,5.35
10640,O0008820,P0342,1,150.89,112.94
10641,O0008821,P0081,1,11.76,9.89
10642,O0008822,P0239,1,24.64,19.05
10643,O0008822,P0253,1,57.21,33.69
10644,O0008823,P0206,1,7.96,6.82
10645,O0008823,P0212,1,17.52,8.98
10646,O0008823,P0393,1,7.96,5.76
10647,O0008824,P0063,1,21.56,13.9
10648,O0008825,P0247,1,84.85,54.12
10649,O0008826,P0023,1,8.48,7.11
10650,O0008827,P0161,1,90.55,60.98
10651,O0008828,P0036,1,51.68,22.87
10652,O0008829,P0031,1,31.79,14.15
10653,O0008830,P0101,1,53.02,38.05
10654,O0008830,P0312,1,25.49,17.04
10655,O0008830,P0253,1,57.21,34.6
10656,O0008831,P0192,1,117.75,71.92
10657,O0008832,P0283,1,22.15,14.8
10658,O0008833,P0066,1,23.11,12.4
10659,O0008834,P0029,1,16.97,8.93
10660,O0008835,P0400,1,36.29,18.93
10661,O0008836,P0218,2,24.78,16.59
10662,O0008837,P0343,1,16.14,8.94
10663,O0008838,P0034,1,40.02,30.86
10664,O0008838,P0215,1,20.99,12.45
10665,O0008839,P0110,1,12.36,5.08
10666,O0008840,P0242,1,40.38,18.47
10667,O0008841,P0095,1,31.01,12.66
10668,O0008842,P0288,1,10.33,8.48
10669,O0008843,P0282,1,31.47,20.52
10670,O0008844,P0023,1,8.48,7.12
10671,O0008845,P0398,1,7.59,4.41
10672,O0008846,P0262,1,22.84,12.15
10673,O0008847,P0039,1,16.72,9.45
10674,O0008848,P0088,3,28.44,22.4
10675,O0008849,P0341,1,40.7,33.19
10676,O0008850,P0267,1,16.05,7.56
10677,O0008850,P0328,1,17.65,8.77
10678,O0008851,P0397,1,43.7,18.18
10679,O0008852,P0376,1,7.37,3.51
10680,O0008853,P0159,1,4.51,2.45
10681,O0008854,P0106,1,32.23,21.75
10682,O0008854,P0251,1,41.11,30.58
10683,O0008855,P0030,1,57.15,36.76
10684,O0008856,P0245,1,7.19,3.26
10685,O0008857,P0056,1,53.25,44.14
10686,O0008858,P0142,1,14.57,10.29
10687,O0008859,P0065,1,26.94,25.21
10688,O0008860,P0173,1,30.72,13.09
10689,O0008861,P0268,1,13.01,5.87
10690,O0008862,P0273,1,14.02,11.37
10691,O0008863,P0109,1,40.47,21.92
10692,O0008863,P0329,1,33.63,23.59
10693,O0008863,P0100,1,46.05,34.05
10694,O0008864,P0227,1,32.25,17.45
10695,O0008865,P0338,1,5.0,3.36
10696,O0008866,P0101,1,53.02,37.12
10697,O0008867,P0079,1,6.39,4.88
10698,O0008868,P0281,1,38.91,24.48
10699,O0008869,P0214,1,12.66,8.4
10700,O0008870,P0257,1,90.28,72.28
10701,O0008871,P0343,1,16.99,8.7
10702,O0008872,P0280,1,73.22,52.92
10703,O0008872,P0023,1,8.48,7.01
10704,O0008873,P0200,1,15.63,6.84
10705,O0008874,P0108,1,78.48,48.55
10706,O0008874,P0147,1,36.74,21.27
10707,O0008875,P0147,1,36.74,21.07
10708,O0008875,P0162,1,7.81,3.28
10709,O0008875,P0176,1,48.41,35.05
10710,O0008876,P0239,1,20.41,18.03
10711,O0008877,P0374,1,8.71,5.16
10712,O0008878,P0088,1,28.44,22.75
10713,O0008879,P0071,1,21.03,9.81
10714,O0008880,P0139,1,13.84,9.47
10715,O0008881,P0183,1,34.2,30.81
10716,O0008882,P0262,1,18.43,11.43
10717,O0008883,P0132,1,41.31,22.56
10718,O0008884,P0099,1,11.25,6.21
10719,O0008885,P0296,1,113.02,97.53
10720,O0008886,P0221,1,137.35,90.53
10721,O0008886,P0235,1,6.23,5.4
10722,O0008886,P0398,1,9.94,4.66
10723,O0008887,P0225,1,5.0,3.28
10724,O0008888,P0193,1,61.96,48.94
10725,O0008889,P0290,2,49.67,31.65
10726,O0008890,P0277,1,16.05,9.4
10727,O0008891,P0137,1,16.82,7.74
10728,O0008892,P0196,1,11.97,7.93
10729,O0008893,P0102,1,30.72,23.33
10730,O0008894,P0383,1,192.23,86.34
10731,O0008894,P0271,1,118.13,51.35
10732,O0008895,P0083,1,13.11,11.09
10733,O0008895,P0022,1,9.24,6.12
10734,O0008896,P0046,1,85.77,53.0
10735,O0008897,P0193,1,55.76,47.15
10736,O0008898,P0065,1,30.15,25.14
10737,O0008899,P0231,1,8.53,6.96
10738,O0008900,P0089,1,30.2,16.67
10739,O0008901,P0146,1,22.38,19.48
10740,O0008902,P0282,1,31.47,20.34
10741,O0008903,P0107,1,24.79,16.06
10742,O0008904,P0360,1,43.84,35.53
10743,O0008904,P0050,1,32.64,23.76
10744,O0008904,P0058,1,18.88,10.99
10745,O0008905,P0310,1,38.72,23.12
10746,O0008906,P0135,1,156.29,86.46
10747,O0008907,P0154,1,56.03,29.49
10748,O0008908,P0294,1,21.07,11.66
10749,O0008908,P0210,1,21.59,13.32
10750,O0008909,P0001,1,36.5,26.8
10751,O0008910,P0117,1,12.46,9.77
10752,O0008911,P0364,1,16.3,13.63
10753,O0008912,P0204,1,29.54,25.79
10754,O0008913,P0337,1,47.63,38.99
10755,O0008914,P0182,1,26.95,21.18
10756,O0008915,P0328,1,17.65,8.28
10757,O0008916,P0322,1,20.85,17.66
10758,O0008917,P0342,1,135.8,113.87
10759,O0008918,P0323,2,33.01,27.86
10760,O0008919,P0119,1,29.12,24.51
10761,O0008920,P0340,1,61.25,45.81
10762,O0008921,P0203,1,16.83,7.7
10763,O0008921,P0060,1,30.23,19.87
10764,O0008922,P0235,1,6.23,5.17
10765,O0008923,P0263,1,32.89,16.21
10766,O0008924,P0213,1,31.76,23.83
10767,O0008925,P0062,1,17.52,9.69
10768,O0008925,P0159,1,5.0,2.39
10769,O0008926,P0374,1,7.73,5.51
10770,O0008926,P0227,1,29.37,17.63
10771,O0008927,P0040,1,21.15,11.63
10772,O0008928,P0211,1,24.17,10.37
10773,O0008929,P0327,2,32.14,15.69
10774,O0008929,P0343,1,16.99,8.53
10775,O0008929,P0327,1,32.14,16.41
10776,O0008930,P0338,1,5.0,3.55
10777,O0008931,P0057,1,13.99,6.96
10778,O0008932,P0353,1,34.15,18.01
10779,O0008933,P0071,1,21.03,9.9
10780,O0008934,P0036,1,51.68,22.56
10781,O0008935,P0373,1,8.74,6.38
10782,O0008936,P0321,1,38.93,30.12
10783,O0008937,P0116,1,23.14,18.66
10784,O0008937,P0232,1,106.18,84.68
10785,O0008938,P0221,1,137.35,89.56
10786,O0008939,P0289,1,67.9,73.35
10787,O0008940,P0277,1,16.05,9.13
10788,O0008941,P0063,1,21.56,13.47
10789,O0008942,P0341,1,40.7,32.31
10790,O0008943,P0135,1,156.29,85.37
10791,O0008944,P0156,1,12.09,6.34
10792,O0008944,P0341,1,38.35,33.74
10793,O0008945,P0084,1,18.96,15.23
10794,O0008946,P0098,1,35.84,17.79
10795,O0008947,P0220,1,36.54,26.76
10796,O0008948,P0322,1,20.85,17.49
10797,O0008949,P0271,1,89.92,50.25
10798,O0008950,P0195,1,24.29,10.37
10799,O0008951,P0041,1,46.99,37.13
10800,O0008952,P0099,1,10.12,6.06
10801,O0008953,P0022,1,9.24,6.13
10802,O0008954,P0189,1,31.8,25.99
10803,O0008955,P0127,1,30.03,29.94
10804,O0008956,P0193,2,45.96,48.55
10805,O0008957,P0303,1,20.26,16.88
10806,O0008958,P0063,1,21.56,14.07
10807,O0008958,P0271,1,118.13,50.69
10808,O0008959,P0130,1,534.96,368.05
10809,O0008960,P0235,1,6.23,5.21
10810,O0008961,P0260,1,23.47,19.44
10811,O0008961,P0320,1,77.73,46.57
10812,O0008961,P0380,1,60.42,42.84
10813,O0008962,P0268,3,13.01,5.64
10814,O0008963,P0140,1,42.25,18.16
10815,O0008964,P0291,1,26.1,17.89
10816,O0008965,P0327,1,32.14,16.22
10817,O0008966,P0107,1,24.79,16.53
10818,O0008967,P0228,1,110.05,84.66
10819,O0008968,P0051,1,12.85,10.37
10820,O0008969,P0224,1,12.85,6.2
10821,O0008970,P0294,1,21.07,11.85
10822,O0008971,P0344,1,12.43,9.08
10823,O0008972,P0395,1,51.86,22.26
10824,O0008973,P0171,1,21.73,17.85
10825,O0008973,P0093,1,12.23,6.99
10826,O0008974,P0188,1,24.95,19.76
10827,O0008975,P0162,1,7.81,3.26
10828,O0008976,P0285,1,13.4,5.5
10829,O0008977,P0022,1,9.24,5.82
10830,O0008978,P0027,2,22.36,12.66
10831,O0008979,P0143,1,4.5,3.75
10832,O0008980,P0070,1,176.02,91.0
10833,O0008981,P0177,1,50.38,38.65
10834,O0008982,P0055,1,26.51,21.23
10835,O0008983,P0021,1,47.37,26.26
10836,O0008984,P0355,1,5.91,3.76
10837,O0008984,P0286,1,7.86,4.3
10838,O0008984,P0304,1,11.87,9.58
10839,O0008985,P0300,1,16.61,8.78
10840,O0008986,P0193,1,61.96,47.71
10841,O0008986,P0322,1,20.85,17.74
10842,O0008987,P0035,1,55.97,41.8
10843,O0008988,P0341,1,40.7,33.47
10844,O0008988,P0079,1,7.1,4.87
10845,O0008989,P0277,1,16.05,9.52
10846,O0008990,P0368,1,58.87,35.28
10847,O0008991,P0137,1,16.82,7.88
10848,O0008992,P0187,1,69.71,37.96
10849,O0008992,P0233,1,63.03,54.66
10850,O0008993,P0367,1,25.65,17.4
10851,O0008994,P0310,1,34.85,23.62
10852,O0008994,P0281,1,35.02,25.61
10853,O0008995,P0048,1,14.17,12.31
10854,O0008996,P0049,1,20.58,12.4
10855,O0008997,P0224,1,12.85,6.46
10856,O0008997,P0335,1,24.9,12.91
10857,O0008998,P0276,1,17.65,15.49
10858,O0008999,P0139,1,13.84,9.88
10859,O0008999,P0347,1,56.26,25.65
10860,O0009000,P0262,1,22.84,11.93
10861,O0009001,P0239,1,24.64,18.04
10862,O0009001,P0001,1,36.5,27.61
10863,O0009001,P0143,1,5.0,3.74
10864,O0009002,P0184,1,20.87,12.72
10865,O0009003,P0073,1,61.21,30.66
10866,O0009004,P0140,1,42.25,19.03
10867,O0009005,P0228,1,110.05,88.2
10868,O0009005,P0041,1,46.99,37.19
10869,O0009006,P0112,1,36.09,30.37
10870,O0009007,P0139,1,13.84,9.66
10871,O0009008,P0255,1,19.78,12.78
10872,O0009009,P0397,1,43.7,18.21
10873,O0009009,P0300,2,16.61,8.86
10874,O0009010,P0394,1,13.17,8.05
10875,O0009011,P0032,1,16.74,15.2
10876,O0009012,P0053,1,51.03,39.81
10877,O0009013,P0131,1,52.63,43.95
10878,O0009013,P0050,1,32.64,25.13
10879,O0009014,P0217,1,29.35,12.96
10880,O0009015,P0356,1,81.19,69.95
10881,O0009015,P0150,1,14.55,10.98
10882,O0009015,P0186,1,47.03,37.74
10883,O0009016,P0009,1,29.77,17.34
10884,O0009017,P0285,1,12.06,5.41
10885,O0009018,P0153,1,133.98,78.99
10886,O0009019,P0039,1,16.72,9.1
10887,O0009020,P0309,1,14.44,7.76
10888,O0009020,P0146,1,22.38,19.31
10889,O0009021,P0153,1,97.57,78.4
10890,O0009022,P0220,1,36.54,25.6
10891,O0009023,P0234,1,16.86,8.2
10892,O0009024,P0055,1,26.51,19.98
10893,O0009025,P0307,1,26.56,18.25
10894,O0009026,P0167,1,25.94,21.23
10895,O0009027,P0366,1,22.18,17.44
10896,O0009028,P0310,2,38.72,23.92
10897,O0009029,P0048,2,19.31,11.91
10898,O0009030,P0385,1,28.75,14.09
10899,O0009030,P0023,1,8.48,7.27
10900,O0009030,P0186,1,47.03,38.1
10901,O0009031,P0290,1,49.67,32.12
10902,O0009032,P0213,1,31.76,23.26
10903,O0009033,P0072,1,31.23,19.96
10904,O0009034,P0395,1,51.86,21.68
10905,O0009035,P0237,1,22.38,13.58
10906,O0009036,P0075,1,75.36,52.06
10907,O0009037,P0122,1,27.74,23.41
10908,O0009038,P0007,1,16.85,8.32
10909,O0009039,P0261,1,5.0,3.37
10910,O0009040,P0124,1,9.83,7.07
10911,O0009041,P0257,1,90.28,73.47
10912,O0009042,P0133,1,13.22,8.67
10913,O0009043,P0349,1,19.77,14.75
10914,O0009044,P0184,1,20.87,12.52
10915,O0009045,P0271,1,106.32,49.37
10916,O0009046,P0222,1,10.44,10.77
10917,O0009047,P0072,1,31.23,19.77
10918,O0009047,P0111,1,10.42,8.53
10919,O0009048,P0068,1,24.02,9.9
10920,O0009049,P0084,1,18.96,15.1
10921,O0009050,P0054,1,31.91,15.3
10922,O0009051,P0367,1,25.65,17.05
10923,O0009052,P0306,1,44.89,33.01
10924,O0009053,P0302,1,12.62,10.8
10925,O0009054,P0383,1,192.23,86.71
10926,O0009055,P0006,1,45.33,38.63
10927,O0009056,P0255,1,19.78,13.06
10928,O0009057,P0105,1,23.07,19.26
10929,O0009057,P0354,1,110.11,63.93
10930,O0009057,P0357,1,27.62,20.1
10931,O0009058,P0159,1,5.0,2.42
10932,O0009058,P0159,1,4.03,2.37
10933,O0009059,P0331,1,49.25,29.51
10934,O0009060,P0269,1,22.52,11.04
10935,O0009061,P0368,1,48.89,34.49
10936,O0009061,P0254,1,6.01,3.59
10937,O0009062,P0257,1,65.61,73.36
10938,O0009063,P0240,1,25.47,20.96
10939,O0009064,P0384,1,25.72,18.89
10940,O0009065,P0110,1,12.36,5.16
10941,O0009066,P0056,1,53.25,44.1
10942,O0009067,P0048,1,19.31,12.27
10943,O0009068,P0327,1,32.14,15.67
10944,O0009068,P0014,1,20.48,13.42
10945,O0009068,P0007,1,16.85,8.04
10946,O0009069,P0128,1,37.0,31.16
10947,O0009070,P0163,1,77.71,50.48
10948,O0009071,P0137,1,16.82,7.73
10949,O0009072,P0284,1,11.42,6.04
10950,O0009073,P0135,2,156.29,84.14
10951,O0009074,P0298,2,38.49,18.05
10952,O0009074,P0145,1,13.01,5.39
10953,O0009075,P0280,1,65.9,55.57
10954,O0009076,P0237,1,22.38,13.71
10955,O0009077,P0195,1,24.29,10.47
10956,O0009078,P0082,1,76.29,39.98
10957,O0009079,P0383,1,151.02,84.44
10958,O0009080,P0172,1,39.28,31.32
10959,O0009081,P0290,1,43.77,30.42
10960,O0009082,P0011,1,10.91,5.83
10961,O0009083,P0339,1,7.52,3.45
10962,O0009084,P0090,1,45.85,26.67
10963,O0009085,P0265,1,23.33,16.41
10964,O0009086,P0330,1,17.52,11.38
10965,O0009087,P0102,1,25.57,23.44
10966,O0009088,P0339,1,7.52,3.63
10967,O0009088,P0391,1,66.48,31.88
10968,O0009088,P0170,1,9.11,5.9
10969,O0009089,P0333,1,5.0,3.18
10970,O0009090,P0012,1,31.54,18.45
10971,O0009091,P0065,1,30.15,25.02
10972,O0009092,P0052,1,14.78,12.94
10973,O0009093,P0056,1,53.25,44.56
10974,O0009093,P0034,1,40.02,31.38
10975,O0009094,P0245,1,7.19,3.4
10976,O0009095,P0136,1,5.51,3.61
10977,O0009095,P0347,1,56.26,25.41
10978,O0009096,P0044,1,14.64,9.83
10979,O0009097,P0209,1,48.72,22.77
10980,O0009098,P0247,1,84.85,54.02
10981,O0009099,P0006,2,45.33,39.33
10982,O0009100,P0332,1,18.9,14.37
10983,O0009101,P0062,2,17.52,9.5
10984,O0009101,P0220,1,36.54,26.76
10985,O0009102,P0199,1,34.14,22.95
10986,O0009103,P0279,1,7.3,4.63
10987,O0009104,P0108,2,66.92,51.21
10988,O0009105,P0130,2,534.96,369.82
10989,O0009105,P0021,1,42.21,26.59
10990,O0009105,P0111,1,8.29,8.72
10991,O0009106,P0111,1,10.42,8.43
10992,O0009107,P0167,1,25.94,22.12
10993,O0009108,P0193,1,61.96,47.78
10994,O0009108,P0111,1,8.94,8.6
10995,O0009108,P0275,1,22.42,17.42
10996,O0009109,P0029,1,16.97,9.35
10997,O0009110,P0113,3,20.52,8.22
10998,O0009111,P0040,1,21.15,11.72
10999,O0009112,P0385,1,28.75,14.74
11000,O0009113,P0144,1,28.48,15.24
11001,O0009114,P0029,1,16.97,9.22
11002,O0009115,P0215,1,22.49,11.83
11003,O0009116,P0311,1,6.67,3.04
11004,O0009117,P0333,1,5.0,3.06
11005,O0009118,P0375,1,19.93,9.27
11006,O0009119,P0289,1,94.61,74.62
11007,O0009120,P0216,1,33.83,27.08
11008,O0009120,P0356,1,81.19,69.9
11009,O0009121,P0286,1,7.86,4.47
11010,O0009121,P0121,1,12.1,8.34
11011,O0009122,P0172,1,39.28,32.16
11012,O0009123,P0347,1,56.26,25.54
11013,O0009124,P0268,2,13.01,5.63
11014,O0009125,P0055,1,26.51,21.17
11015,O0009126,P0276,1,16.84,15.23
11016,O0009127,P0358,1,9.97,7.0
11017,O0009127,P0013,1,60.21,39.95
11018,O0009128,P0118,1,7.3,3.99
11019,O0009129,P0104,1,13.42,6.77
11020,O0009130,P0059,1,31.09,12.78
11021,O0009131,P0086,1,9.16,6.13
11022,O0009131,P0215,1,22.49,12.09
11023,O0009132,P0225,1,5.0,3.47
11024,O0009133,P0014,1,17.13,12.96
11025,O0009134,P0233,1,63.03,53.03
11026,O0009135,P0352,1,11.73,8.1
11027,O0009136,P0135,1,140.66,81.95
11028,O0009136,P0137,1,15.14,8.06
11029,O0009136,P0102,1,34.13,23.31
11030,O0009137,P0032,1,18.03,15.48
11031,O0009137,P0187,1,69.71,37.28
11032,O0009137,P0065,1,30.15,25.99
11033,O0009138,P0093,1,14.24,6.99
11034,O0009139,P0110,1,12.36,5.06
11035,O0009140,P0316,1,25.48,12.31
11036,O0009140,P0393,1,7.96,5.71
11037,O0009141,P0349,2,19.77,15.24
11038,O0009142,P0350,1,8.23,5.23
11039,O0009143,P0086,1,9.16,5.89
11040,O0009144,P0123,2,25.7,20.92
11041,O0009144,P0225,2,5.0,3.26
11042,O0009144,P0287,1,14.63,6.57
11043,O0009145,P0376,1,7.37,3.5
11044,O0009145,P0374,1,8.71,5.45
11045,O0009146,P0396,1,67.85,34.06
11046,O0009147,P0176,1,48.41,35.67
11047,O0009148,P0088,1,28.44,22.86
11048,O0009148,P0090,1,45.85,26.28
11049,O0009148,P0080,1,25.92,12.89
11050,O0009149,P0093,1,14.24,6.7
11051,O0009150,P0353,1,34.15,17.66
11052,O0009151,P0080,1,25.92,12.23
11053,O0009151,P0084,1,18.96,15.72
11054,O0009151,P0061,1,7.91,3.55
11055,O0009152,P0245,1,5.19,3.24
11056,O0009153,P0051,1,12.85,10.62
11057,O0009154,P0227,1,32.25,17.89
11058,O0009155,P0323,1,33.01,27.99
11059,O0009156,P0303,1,16.14,17.04
11060,O0009157,P0241,1,17.11,10.28
11061,O0009158,P0375,1,19.93,9.1
11062,O0009158,P0287,1,14.63,6.94
11063,O0009158,P0327,1,32.14,15.96
11064,O0009159,P0046,1,85.77,50.08
11065,O0009160,P0264,1,11.57,6.38
11066,O0009161,P0150,1,14.55,10.81
11067,O0009162,P0279,1,7.3,4.56
11068,O0009163,P0089,1,30.2,17.19
11069,O0009164,P0028,1,19.28,10.2
11070,O0009165,P0078,1,15.6,10.63
11071,O0009166,P0093,1,14.24,6.99
11072,O0009167,P0267,1,16.05,7.97
11073,O0009168,P0063,1,21.56,13.44
11074,O0009169,P0099,1,11.25,6.37
11075,O0009170,P0025,1,39.86,19.23
11076,O0009171,P0375,1,19.93,9.34
11077,O0009172,P0394,1,13.17,7.74
11078,O0009173,P0066,1,23.11,12.14
11079,O0009174,P0019,1,24.27,10.47
11080,O0009175,P0238,1,66.04,35.59
11081,O0009175,P0013,1,79.24,40.7
11082,O0009175,P0367,1,25.65,17.64
11083,O0009176,P0367,1,25.65,17.91
11084,O0009177,P0113,1,20.52,8.35
11085,O0009178,P0058,1,18.88,11.13
11086,O0009179,P0010,1,5.31,2.83
11087,O0009180,P0268,1,13.01,5.7
11088,O0009181,P0150,1,14.55,10.39
11089,O0009182,P0399,1,16.13,11.54
11090,O0009183,P0111,3,10.42,8.68
11091,O0009184,P0303,1,20.26,16.64
11092,O0009185,P0044,1,14.64,9.57
11093,O0009186,P0047,1,26.3,14.4
11094,O0009187,P0152,1,51.13,38.04
11095,O0009187,P0353,1,34.15,17.24
11096,O0009187,P0170,1,9.11,6.1
11097,O0009188,P0240,1,25.47,21.91
11098,O0009189,P0349,1,19.77,15.34
11099,O0009190,P0284,1,11.42,6.0
11100,O0009191,P0352,1,11.73,8.41
11101,O0009192,P0282,1,31.47,20.57
11102,O0009193,P0168,1,18.02,12.27
11103,O0009194,P0105,1,23.07,18.62
11104,O0009195,P0079,1,7.1,5.03
11105,O0009195,P0290,1,49.67,30.44
11106,O0009195,P0077,1,11.11,4.57
11107,O0009196,P0383,1,173.01,86.19
11108,O0009197,P0396,1,67.85,35.17
11109,O0009198,P0155,1,67.59,27.09
11110,O0009199,P0231,1,8.53,6.94
11111,O0009200,P0350,1,10.09,5.44
11112,O0009201,P0360,1,43.84,35.27
11113,O0009202,P0079,1,7.1,4.87
11114,O0009203,P0089,1,30.2,17.19
11115,O0009204,P0180,1,15.67,11.74
11116,O0009205,P0295,1,51.47,28.62
11117,O0009206,P0394,1,13.17,7.85
11118,O0009207,P0177,3,50.38,37.51
11119,O0009208,P0080,2,25.92,12.55
11120,O0009209,P0308,1,44.75,24.58
11121,O0009210,P0259,1,6.28,3.85
11122,O0009211,P0360,1,43.84,35.99
11123,O0009212,P0384,1,25.72,19.13
11124,O0009213,P0276,2,20.56,15.65
11125,O0009213,P0274,1,29.11,24.77
11126,O0009213,P0265,1,23.33,16.71
11127,O0009214,P0346,1,16.74,13.65
11128,O0009215,P0126,1,57.0,30.76
11129,O0009215,P0052,1,16.42,12.9
11130,O0009216,P0083,1,13.11,11.1
11131,O0009217,P0293,1,10.7,5.56
11132,O0009218,P0008,1,37.87,19.11
11133,O0009218,P0294,1,21.07,12.17
11134,O0009219,P0005,1,86.78,36.91
11135,O0009220,P0065,1,30.15,25.26
11136,O0009221,P0311,1,6.67,3.0
11137,O0009221,P0229,1,11.96,9.75
11138,O0009221,P0364,1,16.3,13.67
11139,O0009222,P0266,1,47.4,25.78
11140,O0009223,P0362,1,35.77,24.4
11141,O0009224,P0247,1,84.85,54.04
11142,O0009225,P0001,1,36.5,27.14
11143,O0009226,P0153,1,120.58,80.22
11144,O0009227,P0319,1,37.48,23.79
11145,O0009227,P0198,1,21.81,9.87
11146,O0009228,P0224,1,12.85,6.3
11147,O0009229,P0193,1,61.96,49.18
11148,O0009230,P0299,1,14.58,7.05
11149,O0009231,P0336,1,93.8,75.41
11150,O0009232,P0328,1,17.65,8.6
11151,O0009233,P0366,1,22.18,17.69
11152,O0009234,P0284,1,11.42,5.79
11153,O0009235,P0083,1,10.88,10.78
11154,O0009236,P0107,1,24.79,16.13
11155,O0009237,P0365,1,11.12,9.59
11156,O0009238,P0352,1,10.46,8.18
11157,O0009239,P0272,1,25.23,19.15
11158,O0009240,P0270,1,10.72,6.03
11159,O0009240,P0346,1,16.74,13.95
11160,O0009241,P0040,1,21.15,11.6
11161,O0009242,P0015,1,15.87,10.68
11162,O0009243,P0080,2,23.33,12.22
11163,O0009244,P0361,1,11.12,8.63
11164,O0009245,P0240,1,25.47,20.91
11165,O0009246,P0250,1,99.91,60.12
11166,O0009247,P0128,1,37.0,30.44
11167,O0009247,P0124,1,9.83,7.41
11168,O0009247,P0292,1,12.32,9.14
11169,O0009248,P0075,1,75.36,50.82
11170,O0009248,P0279,1,7.3,4.38
11171,O0009249,P0256,1,43.56,32.28
11172,O0009250,P0216,1,33.83,27.1
11173,O0009251,P0353,1,34.15,18.32
11174,O0009252,P0196,1,11.97,7.61
11175,O0009253,P0168,1,18.02,11.8
11176,O0009254,P0395,1,51.86,22.4
11177,O0009254,P0377,1,5.0,4.21
11178,O0009255,P0397,1,43.7,17.52
11179,O0009255,P0110,1,12.36,5.26
11180,O0009256,P0287,1,14.63,6.85
11181,O0009257,P0238,1,59.44,34.03
11182,O0009258,P0339,1,7.52,3.48
11183,O0009259,P0249,1,127.56,105.49
11184,O0009260,P0158,1,41.03,20.88
11185,O0009261,P0163,1,77.71,49.52
11186,O0009262,P0089,1,26.43,16.62
11187,O0009263,P0375,1,19.93,9.49
11188,O0009264,P0391,1,66.48,31.71
11189,O0009265,P0236,1,72.46,55.68
11190,O0009266,P0294,1,21.07,12.16
11191,O0009267,P0192,1,120.45,71.17
11192,O0009268,P0393,1,7.96,5.72
11193,O0009268,P0254,1,6.01,3.64
11194,O0009269,P0256,1,43.56,33.53
11195,O0009269,P0055,1,26.51,21.01
11196,O0009269,P0228,1,110.05,85.32
11197,O0009270,P0093,1,14.24,6.95
11198,O0009271,P0186,1,47.03,38.4
11199,O0009272,P0294,1,21.07,12.46
11200,O0009272,P0078,1,15.6,10.82
11201,O0009273,P0293,1,10.7,5.76
11202,O0009273,P0027,1,22.36,12.85
11203,O0009273,P0257,1,90.28,73.74
11204,O0009274,P0026,1,28.14,14.01
11205,O0009275,P0178,1,31.37,24.11
11206,O0009276,P0095,1,31.01,12.33
11207,O0009277,P0389,1,20.01,13.05
11208,O0009278,P0309,1,14.44,8.04
11209,O0009279,P0166,1,35.51,25.26
11210,O0009280,P0349,1,19.77,15.72
11211,O0009280,P0307,1,26.56,17.19
11212,O0009281,P0255,1,19.78,12.56
11213,O0009282,P0195,1,24.29,10.2
11214,O0009283,P0245,1,7.19,3.21
11215,O0009284,P0214,1,12.66,8.5
11216,O0009285,P0172,1,39.28,32.35
11217,O0009286,P0246,1,68.18,50.11
11218,O0009287,P0256,1,39.2,34.36
11219,O0009287,P0083,1,13.11,10.67
11220,O0009288,P0115,1,35.82,30.15
11221,O0009289,P0190,1,22.11,14.65
11222,O0009290,P0312,1,25.49,17.67
11223,O0009291,P0206,1,7.96,6.72
11224,O0009292,P0154,1,56.03,28.81
11225,O0009293,P0347,1,56.26,25.07
11226,O0009293,P0256,3,39.31,34.08
11227,O0009294,P0225,1,5.0,3.47
11228,O0009295,P0130,1,534.96,376.45
11229,O0009296,P0296,1,113.02,98.37
11230,O0009297,P0065,1,26.81,24.86
11231,O0009298,P0067,1,5.29,2.78
11232,O0009299,P0235,1,5.81,5.23
11233,O0009299,P0312,1,19.84,17.37
11234,O0009300,P0293,1,9.67,5.71
11235,O0009301,P0293,1,10.7,5.6
11236,O0009302,P0374,1,8.71,5.38
11237,O0009303,P0287,1,14.63,6.8
11238,O0009304,P0108,1,78.48,47.86
11239,O0009305,P0353,2,34.15,17.61
11240,O0009306,P0388,1,15.88,6.79
11241,O0009307,P0097,1,109.14,78.06
11242,O0009307,P0079,1,7.1,4.95
11243,O0009307,P0039,1,16.72,9.33
11244,O0009308,P0384,1,25.72,18.96
11245,O0009309,P0298,1,38.49,17.83
11246,O0009310,P0244,1,37.02,26.26
11247,O0009311,P0188,1,24.95,20.2
11248,O0009311,P0252,2,66.0,36.73
11249,O0009312,P0351,1,44.95,33.49
11250,O0009313,P0144,1,28.48,14.89
11251,O0009314,P0238,1,66.04,33.92
11252,O0009315,P0382,1,10.12,8.93
11253,O0009315,P0241,1,17.11,10.59
11254,O0009316,P0235,1,6.23,5.39
11255,O0009317,P0395,1,51.86,21.54
11256,O0009318,P0180,1,15.67,12.25
11257,O0009319,P0385,1,28.75,14.74
11258,O0009320,P0151,1,8.95,7.3
11259,O0009321,P0211,1,24.17,10.77
11260,O0009322,P0246,1,68.18,47.04
11261,O0009323,P0124,1,9.83,7.41
11262,O0009324,P0352,1,11.73,8.07
11263,O0009325,P0072,1,31.23,20.08
11264,O0009326,P0375,1,19.93,9.41
11265,O0009327,P0253,1,57.21,32.87
11266,O0009328,P0103,1,20.16,10.66
11267,O0009329,P0180,1,15.67,12.19
11268,O0009330,P0237,1,22.38,12.99
11269,O0009331,P0343,1,16.99,8.6
11270,O0009332,P0108,1,78.48,48.53
11271,O0009333,P0180,1,15.67,12.05
11272,O0009334,P0010,1,5.31,2.89
11273,O0009335,P0262,1,22.84,11.39
11274,O0009336,P0230,1,32.01,27.63
11275,O0009337,P0095,1,31.01,12.7
11276,O0009337,P0165,1,11.19,5.05
11277,O0009338,P0012,1,23.35,18.5
11278,O0009339,P0340,1,61.25,47.04
11279,O0009340,P0216,1,33.83,27.46
11280,O0009341,P0191,1,12.75,6.76
11281,O0009342,P0239,1,24.64,18.65
11282,O0009343,P0158,1,45.59,20.75
11283,O0009344,P0366,1,22.18,17.52
11284,O0009345,P0062,2,17.52,9.49
11285,O0009346,P0368,1,58.87,33.95
11286,O0009347,P0278,2,15.48,10.04
11287,O0009348,P0004,1,20.34,16.65
11288,O0009349,P0146,1,22.38,18.72
11289,O0009350,P0078,3,15.6,10.41
11290,O0009351,P0041,1,46.99,37.04
11291,O0009352,P0216,1,33.83,26.59
11292,O0009353,P0238,1,66.04,34.28
11293,O0009353,P0365,1,10.01,9.85
11294,O0009354,P0079,1,7.1,4.94
11295,O0009354,P0231,1,8.53,6.91
11296,O0009355,P0278,1,15.48,9.78
11297,O0009356,P0267,1,16.05,8.07
11298,O0009357,P0348,1,16.31,12.9
11299,O0009358,P0026,1,28.14,14.4
11300,O0009359,P0041,1,46.99,37.66
11301,O0009360,P0187,1,69.71,38.22
11302,O0009361,P0244,1,37.02,27.17
11303,O0009362,P0323,1,29.71,27.73
11304,O0009363,P0028,1,19.28,10.02
11305,O0009364,P0332,1,18.9,14.93
11306,O0009365,P0250,1,99.91,59.85
11307,O0009366,P0068,1,24.02,9.83
11308,O0009367,P0392,1,5.0,2.47
11309,O0009368,P0202,1,16.35,12.43
11310,O0009369,P0082,1,84.77,40.65
11311,O0009370,P0285,1,9.87,5.38
11312,O0009371,P0207,1,13.81,10.46
11313,O0009372,P0287,1,14.63,6.67
11314,O0009373,P0340,1,45.39,47.46
11315,O0009374,P0026,1,28.14,14.14
11316,O0009375,P0205,1,7.7,6.04
11317,O0009376,P0215,1,22.49,12.12
11318,O0009376,P0197,1,53.52,31.06
11319,O0009377,P0393,1,7.96,5.52
11320,O0009378,P0348,1,13.72,12.57
11321,O0009379,P0007,1,15.99,8.48
11322,O0009380,P0067,1,5.29,2.89
11323,O0009380,P0318,1,15.46,10.86
11324,O0009381,P0181,1,24.13,13.66
11325,O0009382,P0075,1,67.54,51.23
11326,O0009383,P0244,1,37.02,26.92
11327,O0009384,P0039,1,16.72,9.43
11328,O0009385,P0037,1,12.54,10.13
11329,O0009386,P0350,1,11.21,5.48
11330,O0009387,P0248,1,26.91,21.98
11331,O0009388,P0380,1,60.42,44.2
11332,O0009389,P0100,1,46.05,35.48
11333,O0009390,P0246,1,61.36,48.63
11334,O0009390,P0355,1,5.91,3.62
11335,O0009391,P0060,1,30.23,18.78
11336,O0009392,P0035,1,55.97,42.92
11337,O0009393,P0276,1,20.56,15.37
11338,O0009394,P0181,1,24.13,14.34
11339,O0009395,P0223,1,127.3,72.95
11340,O0009396,P0281,1,38.91,24.71
11341,O0009397,P0281,1,38.91,24.61
11342,O0009398,P0133,1,13.22,8.56
11343,O0009399,P0204,1,29.54,25.61
11344,O0009400,P0293,1,10.7,5.66
11345,O0009401,P0240,1,25.47,21.94
11346,O0009402,P0186,1,47.03,38.43
11347,O0009402,P0116,1,23.14,18.19
11348,O0009403,P0350,1,11.21,5.16
11349,O0009404,P0375,1,19.93,9.46
11350,O0009405,P0221,2,137.35,89.62
11351,O0009406,P0376,1,5.17,3.55
11352,O0009407,P0210,1,21.59,13.38
11353,O0009408,P0073,1,61.21,30.79
11354,O0009409,P0362,1,35.77,24.06
11355,O0009410,P0130,1,534.96,373.09
11356,O0009410,P0306,1,44.89,30.84
11357,O0009411,P0238,1,59.44,34.43
11358,O0009411,P0303,1,20.26,17.29
11359,O0009412,P0164,1,7.78,6.38
11360,O0009413,P0033,1,14.27,6.0
11361,O0009413,P0083,1,13.11,10.66
11362,O0009414,P0370,1,15.44,7.06
11363,O0009415,P0110,1,12.36,5.02
11364,O0009416,P0133,1,11.98,8.96
11365,O0009417,P0111,1,10.42,8.95
11366,O0009418,P0381,1,19.78,9.08
11367,O0009419,P0308,1,44.75,23.39
11368,O0009420,P0341,1,40.7,33.66
11369,O0009421,P0315,1,14.56,8.21
11370,O0009422,P0344,1,10.05,9.0
11371,O0009423,P0002,1,21.96,15.2
11372,O0009424,P0051,1,9.19,10.74
11373,O0009425,P0390,1,81.71,50.77
11374,O0009426,P0009,2,23.8,18.49
11375,O0009426,P0345,1,25.98,20.12
11376,O0009427,P0176,1,48.41,34.47
11377,O0009428,P0034,1,40.02,30.55
11378,O0009429,P0230,2,36.36,27.9
11379,O0009430,P0087,1,6.78,3.03
11380,O0009431,P0354,1,110.11,60.43
11381,O0009432,P0225,1,5.0,3.42
11382,O0009433,P0399,1,16.13,11.61
11383,O0009434,P0349,1,19.77,15.18
11384,O0009435,P0397,1,43.7,18.65
11385,O0009436,P0056,2,41.91,44.0
11386,O0009437,P0036,1,43.15,23.09
11387,O0009437,P0381,1,19.78,9.03
11388,O0009438,P0064,1,33.89,24.42
11389,O0009439,P0309,1,14.44,7.92
11390,O0009440,P0123,1,25.7,21.4
11391,O0009441,P0183,1,38.0,29.97
11392,O0009442,P0390,1,81.71,50.95
11393,O0009443,P0339,1,7.52,3.44
11394,O0009444,P0304,1,11.87,9.61
11395,O0009445,P0266,1,52.67,25.17
11396,O0009446,P0156,1,13.93,6.55
11397,O0009447,P0319,1,37.48,22.71
11398,O0009448,P0249,1,90.42,104.52
11399,O0009449,P0298,1,38.49,18.57
11400,O0009450,P0333,2,5.0,3.18
11401,O0009450,P0014,1,20.48,13.16
11402,O0009451,P0196,1,11.97,7.73
11403,O0009451,P0121,1,12.1,8.25
11404,O0009452,P0223,1,141.44,77.23
11405,O0009453,P0143,1,4.14,3.75
11406,O0009454,P0354,1,110.11,60.56
11407,O0009455,P0016,1,26.81,12.96
11408,O0009456,P0096,1,13.85,6.77
11409,O0009457,P0100,1,46.05,33.87
11410,O0009458,P0223,1,141.44,76.13
11411,O0009459,P0286,1,7.86,4.3
11412,O0009460,P0124,1,9.83,7.32
11413,O0009460,P0275,1,22.42,17.31
11414,O0009460,P0284,1,11.42,5.79
11415,O0009461,P0308,1,44.75,24.17
11416,O0009462,P0206,1,7.96,6.53
11417,O0009463,P0107,3,24.79,16.63
11418,O0009464,P0163,1,69.94,47.76
11419,O0009465,P0363,1,87.76,74.06
11420,O0009465,P0324,1,15.13,7.37
11421,O0009466,P0013,1,79.24,38.54
11422,O0009467,P0256,1,43.56,32.44
11423,O0009468,P0334,1,10.95,5.83
11424,O0009468,P0285,1,13.4,5.55
11425,O0009469,P0386,1,15.86,11.13
11426,O0009470,P0259,1,6.28,3.87
11427,O0009471,P0122,1,24.97,23.49
11428,O0009472,P0228,1,110.05,83.73
11429,O0009473,P0284,1,11.42,5.85
11430,O0009474,P0216,1,33.83,26.82
11431,O0009474,P0219,1,25.02,16.75
11432,O0009474,P0115,1,28.96,31.3
11433,O0009475,P0358,1,9.97,6.92
11434,O0009475,P0178,1,31.37,23.51
11435,O0009476,P0144,1,25.63,14.65
11436,O0009477,P0139,1,13.84,9.52
11437,O0009478,P0378,1,23.49,13.58
11438,O0009479,P0186,1,47.03,38.16
11439,O0009480,P0179,1,9.45,9.67
11440,O0009481,P0382,1,10.12,8.82
11441,O0009482,P0051,1,12.85,10.72
11442,O0009483,P0386,1,21.86,10.52
11443,O0009484,P0022,1,9.24,6.13
11444,O0009484,P0009,1,29.77,18.0
11445,O0009485,P0350,1,11.21,5.35
11446,O0009486,P0216,1,29.99,26.98
11447,O0009487,P0099,1,9.98,6.09
11448,O0009488,P0322,1,20.85,17.12
11449,O0009489,P0214,1,10.96,8.71
11450,O0009490,P0084,1,18.96,15.02
11451,O0009491,P0271,1,118.13,50.43
11452,O0009492,P0186,1,47.03,37.98
11453,O0009493,P0073,1,61.21,31.42
11454,O0009494,P0072,1,31.23,19.44
11455,O0009495,P0335,1,24.9,12.78
11456,O0009495,P0070,1,176.02,96.81
11457,O0009496,P0038,1,19.16,13.49
11458,O0009497,P0235,1,6.23,5.39
11459,O0009498,P0208,1,20.68,13.86
11460,O0009499,P0208,1,20.68,13.9
11461,O0009500,P0376,1,7.37,3.62
11462,O0009501,P0140,1,42.25,19.44
11463,O0009502,P0314,1,6.49,4.14
11464,O0009503,P0166,1,35.51,25.48
11465,O0009503,P0222,1,13.28,10.5
11466,O0009504,P0272,1,25.23,19.82
11467,O0009505,P0082,1,67.44,40.49
11468,O0009506,P0347,1,56.26,26.54
11469,O0009507,P0071,1,21.03,9.85
11470,O0009508,P0368,1,45.26,35.28
11471,O0009509,P0396,1,67.85,35.44
11472,O0009510,P0247,1,84.85,54.69
11473,O0009511,P0365,1,11.12,9.67
11474,O0009512,P0085,1,47.03,36.06
11475,O0009513,P0169,1,87.25,55.41
11476,O0009514,P0131,1,52.63,41.38
11477,O0009515,P0234,1,16.86,7.85
11478,O0009516,P0354,1,99.1,61.09
11479,O0009517,P0243,1,27.01,14.02
11480,O0009518,P0185,1,47.48,21.57
11481,O0009519,P0261,1,5.0,3.44
11482,O0009520,P0173,1,30.72,13.73
11483,O0009521,P0278,1,15.48,9.87
11484,O0009522,P0024,1,28.72,22.14
11485,O0009523,P0325,1,26.29,17.18
11486,O0009524,P0033,1,14.27,5.7
11487,O0009525,P0344,2,12.43,9.16
11488,O0009526,P0222,1,11.95,10.8
11489,O0009526,P0153,1,133.98,79.33
11490,O0009526,P0125,1,58.35,33.67
11491,O0009527,P0330,1,17.52,11.21
11492,O0009527,P0243,1,27.01,13.8
11493,O0009528,P0295,1,51.47,30.25
11494,O0009529,P0256,1,43.56,32.16
11495,O0009530,P0237,1,22.38,13.19
11496,O0009531,P0326,1,21.66,17.18
11497,O0009532,P0268,1,13.01,5.84
11498,O0009533,P0083,1,13.11,10.5
11499,O0009534,P0149,1,16.78,11.14
11500,O0009535,P0084,1,18.96,15.6
11501,O0009536,P0151,1,8.95,7.67
11502,O0009537,P0118,1,5.23,3.99
11503,O0009538,P0327,1,24.49,16.08
11504,O0009539,P0357,1,27.62,19.96
11505,O0009540,P0319,1,37.48,23.12
11506,O0009541,P0325,1,22.06,17.85
11507,O0009542,P0012,1,28.39,18.6
11508,O0009543,P0005,1,86.78,35.47
11509,O0009544,P0210,1,21.59,13.6
11510,O0009545,P0099,1,11.25,6.43
11511,O0009546,P0244,1,37.02,27.22
11512,O0009547,P0119,1,29.12,24.92
11513,O0009548,P0079,1,7.1,4.88
11514,O0009549,P0008,1,37.87,18.31
11515,O0009550,P0105,1,23.07,19.27
11516,O0009551,P0257,1,90.28,73.79
11517,O0009551,P0299,1,14.58,7.12
11518,O0009552,P0338,1,3.88,3.52
11519,O0009553,P0259,1,6.28,3.96
11520,O0009554,P0269,1,22.52,11.59
11521,O0009555,P0256,1,43.56,33.22
11522,O0009556,P0361,1,13.03,8.63
11523,O0009557,P0352,1,11.73,7.96
11524,O0009558,P0221,1,137.35,94.27
11525,O0009559,P0307,1,26.56,17.69
11526,O0009560,P0174,1,14.91,8.48
11527,O0009561,P0061,2,7.91,3.58
11528,O0009561,P0074,1,44.77,32.89
11529,O0009562,P0382,1,10.12,8.79
11530,O0009563,P0033,1,14.27,5.63
11531,O0009564,P0095,2,31.01,12.33
11532,O0009565,P0108,1,60.13,50.6
11533,O0009566,P0128,1,37.0,29.65
11534,O0009567,P0202,1,16.35,12.93
11535,O0009568,P0345,1,25.98,19.47
11536,O0009569,P0271,1,118.13,51.25
11537,O0009569,P0141,1,25.44,16.59
11538,O0009570,P0146,1,22.38,18.62
11539,O0009571,P0011,1,10.91,5.97
11540,O0009572,P0134,1,20.3,8.3
11541,O0009573,P0200,1,15.63,7.09
11542,O0009574,P0281,1,38.91,25.35
11543,O0009574,P0260,1,23.47,20.32
11544,O0009575,P0170,1,9.11,6.12
11545,O0009576,P0356,2,81.19,69.81
11546,O0009577,P0265,1,23.33,17.13
11547,O0009578,P0385,1,28.75,14.3
11548,O0009578,P0201,1,29.84,13.14
11549,O0009579,P0325,1,26.29,17.09
11550,O0009579,P0376,1,7.37,3.63
11551,O0009580,P0313,1,40.89,19.75
11552,O0009581,P0361,1,13.03,8.47
11553,O0009581,P0118,1,7.3,4.12
11554,O0009581,P0004,1,20.34,16.62
11555,O0009582,P0152,2,51.13,39.26
11556,O0009583,P0234,1,16.86,8.11
11557,O0009584,P0087,2,6.78,3.09
11558,O0009585,P0296,1,113.02,94.07
11559,O0009586,P0359,1,24.14,19.39
11560,O0009587,P0309,2,10.76,7.88
11561,O0009588,P0274,1,29.11,24.21
11562,O0009589,P0110,1,12.36,5.14
11563,O0009590,P0098,1,35.84,18.06
11564,O0009590,P0316,1,25.48,11.68
11565,O0009591,P0317,1,54.87,28.64
11566,O0009592,P0157,1,34.99,22.53
11567,O0009593,P0180,1,14.1,11.75
11568,O0009594,P0287,1,14.63,6.67
11569,O0009595,P0233,1,63.03,52.71
11570,O0009596,P0008,1,37.87,18.76
11571,O0009596,P0169,1,87.25,53.93
11572,O0009597,P0375,1,19.93,9.4
11573,O0009598,P0399,1,16.13,11.73
11574,O0009599,P0193,1,61.96,47.26
11575,O0009600,P0176,1,48.41,35.39
11576,O0009601,P0287,1,14.63,6.73
11577,O0009602,P0391,1,66.48,32.02
11578,O0009603,P0384,2,25.72,19.35
11579,O0009604,P0118,1,7.3,4.16
11580,O0009605,P0094,1,29.54,24.79
11581,O0009606,P0041,1,46.99,38.96
11582,O0009606,P0281,1,38.91,25.54
11583,O0009607,P0250,1,99.91,57.94
11584,O0009608,P0295,1,51.47,28.66
11585,O0009609,P0209,1,48.72,22.82
11586,O0009610,P0157,1,34.99,21.82
11587,O0009611,P0160,1,10.81,6.7
11588,O0009612,P0111,1,10.42,8.75
11589,O0009612,P0198,1,21.81,9.93
11590,O0009613,P0096,1,13.85,6.56
11591,O0009614,P0287,1,14.63,6.83
11592,O0009615,P0167,1,25.94,22.38
11593,O0009615,P0245,1,7.19,3.2
11594,O0009616,P0190,1,22.11,15.1
11595,O0009617,P0221,1,137.35,93.02
11596,O0009618,P0091,1,37.25,29.37
11597,O0009619,P0092,1,31.11,24.25
11598,O0009619,P0255,2,19.78,12.48
11599,O0009620,P0302,1,12.62,10.95
11600,O0009620,P0161,1,90.55,62.96
11601,O0009621,P0050,1,32.64,25.29
11602,O0009622,P0076,1,7.99,5.34
11603,O0009622,P0071,1,21.03,9.98
11604,O0009623,P0022,1,9.24,5.93
11605,O0009623,P0019,1,24.27,10.4
11606,O0009624,P0241,1,17.11,10.62
11607,O0009625,P0016,1,26.81,12.89
11608,O0009626,P0244,1,37.02,27.22
11609,O0009627,P0015,1,15.87,10.76
11610,O0009628,P0029,3,16.97,9.12
11611,O0009629,P0019,1,24.27,10.48
11612,O0009630,P0174,1,14.91,8.31
11613,O0009631,P0323,1,28.15,27.89
11614,O0009632,P0141,1,25.44,17.06
11615,O0009633,P0325,1,26.29,17.66
11616,O0009634,P0188,1,24.95,19.91
11617,O0009635,P0018,1,19.43,11.89
11618,O0009636,P0095,1,31.01,12.55
11619,O0009637,P0012,1,31.54,18.1
11620,O0009638,P0261,1,5.0,3.55
11621,O0009639,P0352,1,11.73,8.31
11622,O0009640,P0145,1,12.0,5.47
11623,O0009641,P0066,1,23.11,12.3
11624,O0009642,P0061,1,7.91,3.57
11625,O0009643,P0237,1,22.38,13.3
11626,O0009643,P0165,1,11.19,4.77
11627,O0009644,P0248,1,26.91,20.85
11628,O0009645,P0135,1,156.29,86.18
11629,O0009646,P0335,1,24.9,12.5
11630,O0009647,P0238,1,47.16,35.32
11631,O0009648,P0381,1,19.78,8.73
11632,O0009648,P0244,1,37.02,25.76
11633,O0009649,P0377,1,5.0,4.03
11634,O0009650,P0062,1,17.52,9.58
11635,O0009651,P0239,1,24.64,18.24
11636,O0009652,P0091,1,37.25,29.53
11637,O0009653,P0170,1,9.11,6.04
11638,O0009654,P0086,1,6.94,5.94
11639,O0009655,P0094,1,29.54,23.85
11640,O0009656,P0056,1,53.25,43.22
11641,O0009657,P0237,1,22.38,13.39
11642,O0009658,P0167,1,25.94,21.63
11643,O0009659,P0350,1,8.11,5.39
11644,O0009660,P0106,1,29.01,21.9
11645,O0009661,P0314,1,6.49,4.12
11646,O0009662,P0272,1,25.23,19.4
11647,O0009662,P0191,3,11.48,6.69
11648,O0009663,P0016,1,26.81,13.36
11649,O0009664,P0228,1,110.05,84.96
11650,O0009665,P0327,1,32.14,16.39
11651,O0009666,P0109,1,40.47,21.26
11652,O0009667,P0059,1,31.09,12.4
11653,O0009668,P0386,1,21.86,10.65
11654,O0009669,P0388,1,15.88,7.11
11655,O0009670,P0309,1,14.44,8.27
11656,O0009670,P0052,1,16.42,12.3
11657,O0009670,P0097,2,109.14,75.98
11658,O0009671,P0295,1,51.47,29.07
11659,O0009672,P0367,1,25.65,17.44
11660,O0009673,P0360,1,43.84,35.12
11661,O0009673,P0260,1,23.47,19.91
11662,O0009673,P0205,1,6.93,5.9
11663,O0009674,P0089,1,30.2,16.5
11664,O0009675,P0229,1,11.96,9.97
11665,O0009676,P0181,1,24.13,13.64
11666,O0009677,P0227,1,32.25,17.74
11667,O0009678,P0143,1,5.0,3.88
11668,O0009679,P0221,1,137.35,94.06
11669,O0009679,P0120,1,9.06,6.77
11670,O0009680,P0176,1,45.91,34.62
11671,O0009681,P0239,1,24.64,18.87
11672,O0009682,P0312,1,21.48,17.47
11673,O0009683,P0398,1,9.94,4.54
11674,O0009684,P0135,1,156.29,85.89
11675,O0009685,P0133,2,13.22,8.91
11676,O0009686,P0350,3,11.21,5.31
11677,O0009687,P0376,1,7.37,3.64
11678,O0009687,P0233,1,63.03,55.7
11679,O0009687,P0158,1,45.59,20.01
11680,O0009688,P0180,1,15.67,12.02
11681,O0009689,P0200,1,15.63,7.09
11682,O0009690,P0069,1,25.74,11.39
11683,O0009690,P0357,1,30.69,19.22
11684,O0009691,P0199,1,30.73,23.15
11685,O0009692,P0376,1,7.37,3.71
11686,O0009693,P0353,1,34.15,17.73
11687,O0009694,P0180,1,14.03,12.19
11688,O0009695,P0124,1,9.83,7.54
11689,O0009696,P0211,1,24.17,10.19
11690,O0009697,P0221,1,99.27,94.1
11691,O0009697,P0111,1,10.42,8.78
11692,O0009698,P0344,1,12.43,9.39
11693,O0009699,P0208,1,20.68,14.02
11694,O0009699,P0354,1,99.1,60.9
11695,O0009699,P0028,1,19.28,10.27
11696,O0009700,P0255,1,19.78,12.94
11697,O0009701,P0247,1,84.85,52.91
11698,O0009702,P0317,1,54.87,28.16
11699,O0009703,P0349,1,19.77,15.4
11700,O0009704,P0127,1,37.04,30.08
11701,O0009705,P0254,1,6.01,3.68
11702,O0009706,P0071,1,21.03,9.86
11703,O0009707,P0322,1,20.85,17.76
11704,O0009708,P0221,1,137.35,95.08
11705,O0009709,P0010,2,5.31,2.86
11706,O0009709,P0050,1,32.64,24.6
11707,O0009710,P0130,1,534.96,376.74
11708,O0009710,P0063,1,21.56,13.88
11709,O0009711,P0051,1,12.85,10.47
11710,O0009712,P0389,2,20.01,12.91
11711,O0009713,P0389,1,20.01,12.64
11712,O0009714,P0197,1,53.52,30.44
11713,O0009714,P0131,1,46.47,41.51
11714,O0009715,P0077,1,11.11,4.72
11715,O0009716,P0015,1,15.87,11.03
11716,O0009717,P0256,1,43.56,33.21
11717,O0009718,P0131,2,52.63,42.43
11718,O0009719,P0229,1,11.96,9.95
11719,O0009719,P0126,1,57.0,30.07
11720,O0009719,P0198,1,21.81,10.29
11721,O0009720,P0190,1,22.11,14.57
11722,O0009721,P0355,1,5.91,3.71
11723,O0009722,P0182,1,26.95,20.54
11724,O0009723,P0161,2,90.55,64.74
11725,O0009724,P0315,1,14.56,8.04
11726,O0009724,P0150,1,14.55,10.56
11727,O0009725,P0140,1,42.25,19.01
11728,O0009725,P0168,1,18.02,12.46
11729,O0009726,P0264,1,11.57,6.6
11730,O0009727,P0089,1,30.2,17.13
11731,O0009728,P0239,1,24.64,18.5
11732,O0009729,P0398,1,9.94,4.44
11733,O0009729,P0166,1,35.51,25.64
11734,O0009729,P0244,1,37.02,27.09
11735,O0009730,P0289,1,94.61,70.67
11736,O0009731,P0348,1,16.31,12.54
11737,O0009731,P0171,1,21.73,18.76
11738,O0009732,P0390,1,81.71,51.16
11739,O0009733,P0056,1,53.25,44.33
11740,O0009734,P0256,1,43.56,32.49
11741,O0009735,P0384,1,25.72,19.25
11742,O0009736,P0236,1,72.46,56.95
11743,O0009737,P0130,2,534.96,386.99
11744,O0009738,P0089,1,30.2,17.18
11745,O0009739,P0265,1,23.33,17.12
11746,O0009739,P0051,1,12.85,10.64
11747,O0009740,P0044,1,14.64,9.96
11748,O0009741,P0271,1,118.13,50.3
11749,O0009742,P0069,1,25.74,10.95
11750,O0009743,P0172,1,39.28,32.09
11751,O0009744,P0324,1,15.13,7.65
11752,O0009745,P0376,1,7.37,3.48
11753,O0009746,P0265,2,23.33,16.41
11754,O0009747,P0331,1,49.25,28.84
11755,O0009747,P0249,1,127.56,105.0
11756,O0009748,P0187,1,69.71,37.96
11757,O0009749,P0253,1,57.21,33.28
11758,O0009750,P0107,1,24.79,16.3
11759,O0009751,P0323,1,27.88,26.85
11760,O0009751,P0021,1,47.37,26.66
11761,O0009751,P0094,1,24.55,24.85
11762,O0009752,P0385,1,28.75,14.56
11763,O0009753,P0261,1,5.0,3.54
11764,O0009754,P0009,1,29.77,17.41
11765,O0009755,P0303,1,20.26,16.92
11766,O0009756,P0136,1,5.51,3.78
11767,O0009757,P0319,1,37.48,23.42
11768,O0009758,P0053,1,51.03,39.8
11769,O0009759,P0020,1,10.53,8.63
11770,O0009760,P0275,1,22.42,17.53
11771,O0009761,P0392,1,5.0,2.38
11772,O0009761,P0316,1,25.48,12.22
11773,O0009762,P0364,1,16.3,13.91
11774,O0009763,P0133,1,13.22,9.15
11775,O0009764,P0290,1,49.67,31.46
11776,O0009765,P0108,1,78.48,49.13
11777,O0009766,P0325,1,26.29,17.71
11778,O0009767,P0071,1,21.03,10.01
11779,O0009768,P0161,1,90.55,64.09
11780,O0009769,P0239,1,24.64,19.28
11781,O0009769,P0055,1,26.51,20.08
11782,O0009769,P0231,1,7.72,6.85
11783,O0009770,P0150,1,14.55,10.31
11784,O0009771,P0317,1,54.87,28.53
11785,O0009772,P0057,1,13.99,7.32
11786,O0009773,P0395,1,51.86,21.53
11787,O0009773,P0312,1,25.49,17.86
11788,O0009773,P0312,1,25.49,17.26
11789,O0009774,P0232,1,106.18,84.17
11790,O0009775,P0233,1,63.03,52.61
11791,O0009776,P0033,1,14.27,5.63
11792,O0009777,P0219,1,25.02,17.91
11793,O0009777,P0205,1,7.7,5.96
11794,O0009777,P0328,1,17.65,8.27
11795,O0009778,P0053,1,51.03,40.32
11796,O0009779,P0280,1,73.22,56.05
11797,O0009780,P0289,1,94.61,74.1
11798,O0009781,P0165,1,11.19,4.83
11799,O0009781,P0111,1,10.42,8.55
11800,O0009781,P0159,1,5.0,2.45
11801,O0009782,P0077,1,11.11,4.62
11802,O0009783,P0373,1,8.74,6.45
11803,O0009784,P0004,1,20.34,16.8
11804,O0009785,P0196,1,11.97,8.05
11805,O0009786,P0212,1,19.47,8.65
11806,O0009787,P0237,1,22.38,13.4
11807,O0009787,P0018,1,19.43,11.73
11808,O0009787,P0278,1,15.48,9.7
11809,O0009788,P0146,1,20.78,18.95
11810,O0009789,P0008,1,37.87,19.15
11811,O0009790,P0040,1,21.15,11.32
11812,O0009791,P0251,1,41.11,28.94
11813,O0009792,P0229,1,11.96,10.13
11814,O0009793,P0113,1,20.52,8.46
11815,O0009794,P0381,1,19.78,8.71
11816,O0009795,P0015,1,15.87,10.83
11817,O0009795,P0177,1,50.38,38.06
11818,O0009796,P0215,1,22.49,11.92
11819,O0009796,P0342,1,150.89,118.12
11820,O0009797,P0371,1,10.92,7.3
11821,O0009798,P0238,1,59.44,34.3
11822,O0009799,P0167,1,25.94,21.31
11823,O0009800,P0016,1,26.81,12.58
11824,O0009801,P0303,1,20.26,16.63
11825,O0009801,P0378,1,23.49,13.72
11826,O0009801,P0149,1,16.78,10.85
11827,O0009802,P0108,1,78.48,49.1
11828,O0009803,P0259,1,6.28,4.0
11829,O0009804,P0329,1,24.8,23.64
11830,O0009805,P0354,1,110.11,60.29
11831,O0009806,P0044,1,13.18,9.46
11832,O0009807,P0199,1,34.14,23.72
11833,O0009808,P0064,1,33.89,25.19
11834,O0009809,P0397,1,43.7,17.93
11835,O0009809,P0375,1,19.93,9.27
11836,O0009810,P0158,1,41.03,21.11
11837,O0009811,P0133,1,13.22,9.12
11838,O0009812,P0302,1,11.21,10.8
11839,O0009813,P0070,1,176.02,94.4
11840,O0009814,P0050,1,32.64,24.27
11841,O0009815,P0281,1,29.25,25.09
11842,O0009816,P0346,1,16.74,13.63
11843,O0009817,P0173,1,30.72,13.76
11844,O0009818,P0319,1,37.48,23.81
11845,O0009819,P0018,1,19.43,11.48
11846,O0009820,P0107,1,24.79,16.7
11847,O0009821,P0192,1,117.75,73.4
11848,O0009822,P0123,1,25.7,21.01
11849,O0009822,P0080,1,25.92,12.89
11850,O0009823,P0288,1,10.33,8.55
11851,O0009824,P0289,1,94.61,72.87
11852,O0009824,P0360,1,37.24,35.39
11853,O0009825,P0212,1,19.47,9.03
11854,O0009825,P0043,1,32.76,24.49
11855,O0009826,P0071,1,21.03,10.04
11856,O0009826,P0216,1,33.83,27.16
11857,O0009827,P0311,1,6.67,3.13
11858,O0009828,P0260,2,21.12,20.55
11859,O0009829,P0102,1,34.13,23.23
11860,O0009830,P0061,1,7.91,3.62
11861,O0009830,P0319,1,37.48,23.62
11862,O0009830,P0262,1,22.84,11.99
11863,O0009831,P0193,1,61.96,48.43
11864,O0009832,P0216,1,33.83,28.05
11865,O0009833,P0196,1,8.8,7.64
11866,O0009833,P0154,1,42.72,29.52
11867,O0009834,P0160,1,10.81,6.45
11868,O0009835,P0127,1,32.31,29.0
11869,O0009836,P0249,1,127.56,103.6
11870,O0009837,P0002,1,21.96,15.11
11871,O0009837,P0292,1,12.32,9.14
11872,O0009837,P0147,1,36.74,21.03
11873,O0009838,P0125,1,58.35,34.11
11874,O0009838,P0056,1,53.25,41.92
11875,O0009838,P0017,2,15.17,11.17
11876,O0009839,P0072,1,31.23,19.53
11877,O0009840,P0070,1,176.02,94.95
11878,O0009841,P0065,1,30.15,26.26
11879,O0009842,P0356,1,81.19,67.88
11880,O0009843,P0182,1,26.95,20.68
11881,O0009844,P0273,1,14.02,11.37
11882,O0009845,P0119,1,29.12,23.96
11883,O0009846,P0248,1,26.91,20.86
11884,O0009846,P0149,1,16.78,10.94
11885,O0009847,P0262,1,22.84,12.14
11886,O0009848,P0021,1,47.37,25.56
11887,O0009849,P0117,1,12.46,9.72
11888,O0009850,P0302,2,12.62,10.99
11889,O0009851,P0209,1,48.72,21.57
11890,O0009852,P0097,1,109.14,74.36
11891,O0009852,P0044,1,13.18,9.61
11892,O0009852,P0108,1,78.48,49.98
11893,O0009853,P0373,1,8.74,6.28
11894,O0009854,P0313,1,40.89,19.01
11895,O0009855,P0104,1,13.42,7.0
11896,O0009856,P0005,1,69.64,35.73
11897,O0009857,P0257,1,90.28,73.56
11898,O0009858,P0303,1,20.26,16.95
11899,O0009859,P0030,1,57.15,38.24
11900,O0009860,P0173,1,24.08,13.78
11901,O0009861,P0057,1,13.99,7.07
11902,O0009862,P0095,1,31.01,12.35
11903,O0009862,P0069,1,25.74,10.84
11904,O0009863,P0010,1,5.31,2.79
11905,O0009864,P0328,1,17.65,8.47
11906,O0009865,P0011,1,10.91,5.85
11907,O0009866,P0060,1,30.23,18.93
11908,O0009867,P0149,1,16.78,11.36
11909,O0009868,P0370,1,17.44,7.34
11910,O0009869,P0188,1,24.95,20.72
11911,O0009870,P0016,1,26.81,12.53
11912,O0009871,P0368,1,58.87,34.4
11913,O0009872,P0306,1,44.89,31.34
11914,O0009873,P0113,1,20.52,8.47
11915,O0009874,P0285,1,10.23,5.44
11916,O0009875,P0078,1,15.6,10.57
11917,O0009876,P0039,1,16.72,9.47
11918,O0009877,P0023,1,8.48,7.43
11919,O0009877,P0125,1,58.35,32.15
11920,O0009878,P0103,1,20.16,10.78
11921,O0009879,P0095,1,31.01,12.86
11922,O0009880,P0347,1,56.26,25.22
11923,O0009880,P0152,1,51.13,38.42
11924,O0009880,P0200,2,15.63,7.27
11925,O0009881,P0202,1,16.35,12.63
11926,O0009881,P0037,1,12.54,10.14
11927,O0009882,P0181,1,24.13,14.1
11928,O0009883,P0305,1,15.47,7.63
11929,O0009884,P0182,1,26.95,19.97
11930,O0009885,P0048,1,19.31,12.26
11931,O0009885,P0350,1,11.21,5.23
11932,O0009886,P0241,1,17.11,10.23
11933,O0009887,P0352,1,11.73,8.14
11934,O0009888,P0095,1,31.01,12.8
11935,O0009889,P0345,1,25.98,19.64
11936,O0009890,P0102,1,34.13,22.66
11937,O0009891,P0238,1,66.04,36.07
11938,O0009892,P0325,1,26.29,17.89
11939,O0009893,P0375,2,19.93,9.36
11940,O0009894,P0354,1,110.11,61.7
11941,O0009895,P0047,1,26.3,14.17
11942,O0009896,P0350,1,11.21,5.42
11943,O0009897,P0054,1,31.91,15.55
11944,O0009898,P0261,1,4.5,3.49
11945,O0009899,P0171,1,21.73,18.12
11946,O0009900,P0204,1,29.54,25.95
11947,O0009900,P0338,1,5.0,3.47
11948,O0009901,P0377,1,5.0,4.14
11949,O0009902,P0053,2,51.03,39.25
11950,O0009903,P0391,1,66.48,32.59
11951,O0009904,P0248,1,26.91,21.31
11952,O0009905,P0152,1,51.13,38.07
11953,O0009906,P0207,1,13.81,10.46
11954,O0009907,P0148,1,49.04,24.56
11955,O0009908,P0297,1,8.01,3.66
11956,O0009909,P0310,1,38.72,23.33
11957,O0009910,P0160,1,10.81,6.45
11958,O0009911,P0209,1,48.72,22.76
11959,O0009912,P0300,1,16.61,8.99
11960,O0009913,P0239,1,24.64,19.07
11961,O0009914,P0343,1,16.99,8.84
11962,O0009914,P0023,1,8.48,7.34
11963,O0009914,P0239,3,24.64,18.24
11964,O0009915,P0247,2,84.85,54.09
11965,O0009916,P0046,1,85.77,53.03
11966,O0009916,P0091,1,37.25,30.22
11967,O0009917,P0169,1,87.25,54.94
11968,O0009918,P0306,1,44.89,32.49
11969,O0009919,P0325,1,26.29,18.08
11970,O0009920,P0044,1,14.64,9.97
11971,O0009920,P0157,1,34.99,21.49
11972,O0009921,P0267,1,14.44,8.01
11973,O0009922,P0031,1,31.79,13.82
11974,O0009923,P0359,1,23.84,19.27
11975,O0009924,P0338,1,5.0,3.36
11976,O0009925,P0186,1,47.03,37.27
11977,O0009926,P0304,1,11.87,9.7
11978,O0009926,P0117,1,12.46,9.74
11979,O0009926,P0056,1,53.25,42.95
11980,O0009927,P0351,1,44.95,32.4
11981,O0009928,P0012,1,31.54,18.54
11982,O0009929,P0124,1,9.83,7.17
11983,O0009930,P0292,1,12.32,8.93
11984,O0009931,P0316,1,25.48,12.21
11985,O0009932,P0237,1,22.38,13.47
11986,O0009932,P0254,1,6.01,3.6
11987,O0009932,P0337,1,47.63,39.82
11988,O0009933,P0221,1,137.35,89.27
11989,O0009933,P0185,1,42.73,21.92
11990,O0009934,P0210,2,21.59,13.94
11991,O0009935,P0387,1,23.9,15.86
11992,O0009935,P0320,1,77.73,45.02
11993,O0009936,P0361,2,13.03,8.77
11994,O0009937,P0131,1,52.63,42.42
11995,O0009938,P0183,1,38.0,30.41
11996,O0009939,P0053,1,51.03,39.36
11997,O0009940,P0333,2,5.0,3.06
11998,O0009941,P0186,1,47.03,39.14
11999,O0009942,P0339,1,6.77,3.56
12000,O0009943,P0243,1,27.01,13.72
12001,O0009944,P0252,1,73.33,37.45
12002,O0009945,P0315,1,13.1,7.92
12003,O0009946,P0230,3,36.36,28.64
12004,O0009946,P0225,1,5.0,3.27
12005,O0009947,P0345,1,25.98,19.17
12006,O0009948,P0305,1,15.47,7.45
12007,O0009949,P0240,1,25.47,21.62
12008,O0009950,P0063,1,21.56,13.83
12009,O0009950,P0229,1,11.96,10.09
12010,O0009951,P0322,1,20.85,17.65
12011,O0009951,P0072,2,31.23,19.73
12012,O0009952,P0145,1,13.01,5.32
12013,O0009953,P0046,1,85.77,51.54
12014,O0009954,P0153,1,133.98,81.64
12015,O0009955,P0047,1,26.3,14.05
12016,O0009956,P0350,1,11.21,5.48
12017,O0009957,P0354,1,110.11,63.75
12018,O0009958,P0239,1,22.18,18.17
12019,O0009959,P0078,1,15.6,10.41
12020,O0009960,P0365,3,11.12,9.31
12021,O0009961,P0171,1,21.73,18.28
12022,O0009961,P0306,1,36.9,32.25
12023,O0009962,P0100,1,46.05,35.24
12024,O0009963,P0128,1,37.0,31.23
12025,O0009964,P0227,1,32.25,17.41
12026,O0009965,P0400,1,36.29,18.68
12027,O0009965,P0266,1,52.67,25.96
12028,O0009966,P0265,2,19.93,16.46
12029,O0009967,P0292,1,12.32,9.47
12030,O0009968,P0018,2,19.43,12.1
12031,O0009969,P0191,1,12.75,7.03
12032,O0009970,P0397,1,43.7,17.63
12033,O0009971,P0362,1,35.77,24.67
12034,O0009972,P0299,1,14.58,7.02
12035,O0009972,P0055,1,26.51,20.65
12036,O0009973,P0151,1,8.95,7.78
12037,O0009974,P0346,1,16.74,13.56
12038,O0009975,P0397,1,38.67,18.6
12039,O0009976,P0228,1,110.05,88.48
12040,O0009977,P0362,1,35.77,24.93
12041,O0009978,P0020,1,10.53,8.59
12042,O0009979,P0059,2,31.09,13.12
12043,O0009980,P0377,1,4.5,4.11
12044,O0009981,P0096,1,13.85,6.76
12045,O0009982,P0361,1,13.03,8.64
12046,O0009983,P0392,1,5.0,2.4
12047,O0009984,P0226,1,16.11,7.01
12048,O0009984,P0319,1,37.48,24.05
12049,O0009985,P0333,1,3.98,3.06
12050,O0009986,P0123,1,25.7,21.04
12051,O0009987,P0049,1,20.58,12.6
12052,O0009988,P0080,1,25.92,12.53
12053,O0009989,P0237,1,22.38,13.42
12054,O0009990,P0248,1,26.91,21.9
12055,O0009991,P0044,1,14.64,9.85
12056,O0009992,P0330,1,13.78,11.21
12057,O0009993,P0379,1,107.68,43.95
12058,O0009994,P0100,1,46.05,33.4
12059,O0009995,P0103,1,20.16,10.6
12060,O0009995,P0005,1,86.78,37.22
12061,O0009996,P0098,1,35.84,18.46
12062,O0009997,P0150,1,13.07,10.41
12063,O0009998,P0014,1,20.48,12.91
12064,O0009999,P0366,1,22.18,17.11
12065,O0010000,P0081,1,11.76,9.79
12066,O0010000,P0313,1,40.89,19.07
12067,O0010001,P0288,1,10.33,8.43
12068,O0010002,P0271,1,106.32,49.89
12069,O0010003,P0232,1,106.18,85.78
12070,O0010004,P0288,1,10.33,8.44
12071,O0010005,P0062,1,17.52,10.14
12072,O0010006,P0268,1,11.71,5.72
12073,O0010007,P0397,1,43.7,18.66
12074,O0010008,P0220,1,36.54,26.25
12075,O0010009,P0082,1,84.77,40.38
12076,O0010010,P0286,1,7.86,4.24
12077,O0010011,P0087,1,6.78,3.06
12078,O0010012,P0097,1,109.14,75.13
12079,O0010013,P0260,1,23.47,19.49
12080,O0010013,P0235,1,6.23,5.28
12081,O0010014,P0266,1,43.62,25.43
12082,O0010015,P0339,1,6.77,3.65
12083,O0010016,P0056,1,53.25,43.77
12084,O0010017,P0116,1,23.14,17.81
12085,O0010017,P0387,1,23.9,16.39
12086,O0010018,P0161,1,90.55,64.92
12087,O0010019,P0096,1,13.85,6.49
12088,O0010020,P0322,1,20.85,17.15
12089,O0010021,P0197,1,53.52,29.75
12090,O0010022,P0042,1,72.6,44.9
12091,O0010023,P0162,1,7.81,3.28
12092,O0010024,P0218,1,24.78,16.45
12093,O0010025,P0097,1,109.14,77.69
12094,O0010026,P0337,2,36.23,38.54
12095,O0010026,P0129,1,37.04,27.81
12096,O0010027,P0387,1,23.9,16.2
12097,O0010028,P0188,1,20.74,20.63
12098,O0010029,P0075,1,75.36,52.58
12099,O0010030,P0295,1,46.32,29.05
12100,O0010031,P0198,1,21.81,9.76
12101,O0010031,P0361,1,13.03,8.86
12102,O0010031,P0273,1,14.02,11.37
12103,O0010032,P0368,1,58.87,33.54
12104,O0010033,P0114,1,43.43,35.41
12105,O0010034,P0024,1,28.72,22.02
12106,O0010035,P0053,1,51.03,39.78
12107,O0010036,P0087,1,6.78,2.94
12108,O0010037,P0327,1,28.93,16.24
12109,O0010038,P0052,1,16.42,13.05
12110,O0010039,P0058,1,18.88,11.3
12111,O0010039,P0259,2,6.28,3.8
12112,O0010040,P0275,1,22.42,17.51
12113,O0010041,P0390,1,81.71,49.73
12114,O0010042,P0316,1,25.48,11.96
12115,O0010043,P0133,1,13.22,8.77
12116,O0010044,P0124,1,9.83,7.18
12117,O0010045,P0334,1,10.95,5.96
12118,O0010046,P0222,1,13.28,10.85
12119,O0010047,P0335,1,24.9,13.1
12120,O0010048,P0071,1,21.03,10.23
12121,O0010048,P0013,1,79.24,39.34
12122,O0010048,P0137,1,16.82,7.63
12123,O0010049,P0087,1,6.78,3.08
12124,O0010049,P0293,1,10.7,5.68
12125,O0010050,P0365,1,11.12,9.32
12126,O0010051,P0141,3,25.44,16.29
12127,O0010052,P0354,1,99.1,62.82
12128,O0010052,P0002,1,21.96,14.93
12129,O0010052,P0124,1,9.83,7.32
12130,O0010053,P0126,1,48.35,30.96
12131,O0010054,P0214,1,12.66,8.73
12132,O0010055,P0289,1,94.61,74.34
12133,O0010056,P0268,1,13.01,6.0
12134,O0010056,P0287,1,14.63,6.77
12135,O0010057,P0320,1,77.73,46.5
12136,O0010057,P0045,1,23.84,15.75
12137,O0010058,P0249,1,105.02,104.59
12138,O0010059,P0372,1,6.53,5.26
12139,O0010060,P0314,1,6.49,3.93
12140,O0010060,P0182,1,26.95,19.96
12141,O0010061,P0287,1,14.63,6.97
12142,O0010061,P0015,1,15.87,10.79
12143,O0010062,P0275,1,22.42,16.8
12144,O0010063,P0184,1,20.87,12.56
12145,O0010064,P0114,1,43.43,37.22
12146,O0010065,P0224,1,12.85,6.12
12147,O0010066,P0347,1,56.26,25.44
12148,O0010067,P0199,1,34.14,23.83
12149,O0010067,P0237,1,22.38,13.4
12150,O0010067,P0009,1,26.79,17.59
12151,O0010068,P0010,1,5.31,2.91
12152,O0010069,P0174,1,14.91,7.97
12153,O0010070,P0013,1,79.24,38.2
12154,O0010071,P0329,1,33.63,23.57
12155,O0010072,P0303,1,20.26,17.58
12156,O0010073,P0048,1,19.31,12.18
12157,O0010074,P0304,1,11.87,9.19
12158,O0010074,P0272,1,25.23,19.81
12159,O0010075,P0206,2,7.16,6.89
12160,O0010075,P0033,1,14.27,5.87
12161,O0010076,P0043,1,32.76,25.17
12162,O0010077,P0397,1,43.7,18.61
12163,O0010078,P0245,1,7.19,3.3
12164,O0010079,P0087,1,6.78,3.0
12165,O0010080,P0144,1,28.48,14.61
12166,O0010081,P0278,1,15.48,9.73
12167,O0010082,P0189,1,31.8,26.92
12168,O0010083,P0255,1,19.78,12.25
12169,O0010084,P0237,1,22.38,13.09
12170,O0010085,P0365,1,11.12,9.23
12171,O0010086,P0189,2,31.8,27.06
12172,O0010087,P0216,1,24.19,27.66
12173,O0010088,P0132,1,38.26,23.05
12174,O0010089,P0182,1,26.95,19.92
12175,O0010090,P0284,1,11.42,5.82
12176,O0010091,P0188,1,24.95,20.41
12177,O0010092,P0101,3,47.72,38.35
12178,O0010093,P0377,1,5.0,4.24
12179,O0010094,P0281,1,38.91,24.62
12180,O0010094,P0341,1,40.7,33.21
12181,O0010095,P0033,1,14.27,5.94
12182,O0010096,P0177,1,50.38,37.59
12183,O0010097,P0097,1,109.14,78.38
12184,O0010097,P0035,1,55.97,42.11
12185,O0010097,P0186,1,47.03,39.8
12186,O0010098,P0224,1,12.85,6.43
12187,O0010099,P0183,1,38.0,31.11
12188,O0010100,P0185,1,47.48,20.94
12189,O0010101,P0029,1,16.97,8.87
12190,O0010101,P0148,1,44.14,24.13
12191,O0010102,P0097,1,109.14,79.16
12192,O0010103,P0030,1,57.15,38.02
12193,O0010104,P0064,1,33.89,24.28
12194,O0010105,P0023,1,7.63,7.41
12195,O0010105,P0060,1,30.23,19.89
12196,O0010106,P0272,1,25.23,18.83
12197,O0010107,P0202,1,16.35,12.87
12198,O0010108,P0275,1,22.42,17.77
12199,O0010109,P0016,1,26.81,12.93
12200,O0010110,P0338,1,5.0,3.51
12201,O0010111,P0294,1,21.07,12.0
12202,O0010112,P0015,1,15.87,11.04
12203,O0010113,P0226,1,16.11,7.14
12204,O0010114,P0091,1,37.25,29.59
12205,O0010114,P0246,1,68.18,48.06
12206,O0010115,P0298,1,38.49,17.85
12207,O0010116,P0336,1,93.8,77.59
12208,O0010117,P0197,1,53.52,30.4
12209,O0010117,P0243,1,21.04,13.51
12210,O0010117,P0219,1,25.02,16.76
12211,O0010118,P0247,1,84.85,54.66
12212,O0010119,P0310,2,38.72,22.85
12213,O0010120,P0034,1,40.02,31.63
12214,O0010121,P0316,1,22.93,12.3
12215,O0010122,P0095,1,31.01,12.41
12216,O0010122,P0339,1,7.52,3.5
12217,O0010122,P0353,1,34.15,18.14
12218,O0010123,P0032,1,18.03,15.22
12219,O0010124,P0156,1,13.93,6.53
12220,O0010125,P0314,1,5.66,4.09
12221,O0010126,P0044,1,14.64,9.71
12222,O0010127,P0036,1,51.68,22.87
12223,O0010128,P0245,1,7.19,3.24
12224,O0010129,P0384,1,25.72,19.78
12225,O0010130,P0216,1,33.83,27.72
12226,O0010131,P0241,1,17.11,10.19
12227,O0010132,P0141,1,25.44,16.3
12228,O0010132,P0045,1,21.46,15.89
12229,O0010133,P0351,2,44.95,33.76
12230,O0010133,P0008,1,37.87,19.01
12231,O0010133,P0257,1,90.28,71.31
12232,O0010134,P0179,1,12.64,9.77
12233,O0010135,P0152,1,51.13,37.9
12234,O0010136,P0286,1,7.86,4.3
12235,O0010137,P0304,1,11.87,9.51
12236,O0010138,P0228,1,110.05,87.76
12237,O0010138,P0061,1,7.91,3.66
12238,O0010138,P0226,1,16.11,7.0
12239,O0010139,P0104,1,13.42,7.0
12240,O0010140,P0323,1,33.01,26.81
12241,O0010141,P0234,2,15.17,8.0
12242,O0010142,P0222,1,13.28,10.51
12243,O0010143,P0213,1,31.76,23.65
12244,O0010144,P0187,1,69.71,37.71
12245,O0010145,P0173,1,30.72,13.31
12246,O0010146,P0119,1,26.21,23.94
12247,O0010147,P0286,1,7.86,4.3
12248,O0010148,P0357,1,30.69,19.05
12249,O0010148,P0056,1,47.92,44.14
12250,O0010148,P0010,1,5.31,2.81
12251,O0010149,P0086,1,9.16,6.03
12252,O0010150,P0296,1,113.02,96.5
12253,O0010151,P0396,2,67.85,34.06
12254,O0010152,P0201,1,29.84,13.15
12255,O0010153,P0169,1,87.25,54.51
12256,O0010153,P0112,1,36.09,30.63
12257,O0010154,P0074,1,44.77,34.11
12258,O0010155,P0312,1,19.41,16.89
12259,O0010156,P0323,1,33.01,27.43
12260,O0010157,P0105,1,23.07,19.27
12261,O0010158,P0075,1,75.36,51.36
12262,O0010158,P0245,1,7.19,3.25
12263,O0010159,P0249,1,127.56,101.3
12264,O0010160,P0216,1,33.83,27.95
12265,O0010161,P0111,1,10.42,8.61
12266,O0010161,P0145,1,13.01,5.31
12267,O0010162,P0255,1,19.78,13.01
12268,O0010163,P0366,1,22.18,18.01
12269,O0010164,P0353,1,34.15,17.29
12270,O0010165,P0289,1,94.61,71.26
12271,O0010166,P0011,1,10.91,6.05
12272,O0010167,P0034,1,40.02,30.71
12273,O0010168,P0102,1,34.13,22.15
12274,O0010169,P0182,1,22.12,20.83
12275,O0010170,P0283,1,22.15,14.31
12276,O0010171,P0140,1,42.25,18.47
12277,O0010172,P0288,1,10.33,8.63
12278,O0010173,P0061,1,7.91,3.66
12279,O0010174,P0187,3,69.71,38.03
12280,O0010175,P0245,1,7.19,3.22
12281,O0010176,P0390,1,81.71,51.27
12282,O0010177,P0320,1,77.73,45.47
12283,O0010178,P0021,1,47.37,25.52
12284,O0010178,P0389,1,20.01,12.97
12285,O0010179,P0115,1,35.82,29.31
12286,O0010180,P0106,1,32.23,21.85
12287,O0010181,P0311,1,6.67,3.05
12288,O0010181,P0104,1,13.42,7.14
12289,O0010182,P0290,2,49.67,31.68
12290,O0010183,P0129,1,37.04,27.72
12291,O0010184,P0161,1,90.55,63.64
12292,O0010185,P0272,1,25.23,19.13
12293,O0010186,P0397,1,43.7,17.83
12294,O0010187,P0369,1,21.62,16.82
12295,O0010188,P0283,1,22.15,14.28
12296,O0010188,P0304,1,11.87,9.67
12297,O0010188,P0201,1,29.84,13.01
12298,O0010189,P0357,1,30.69,19.38
12299,O0010190,P0060,1,30.23,18.77
12300,O0010191,P0298,1,34.64,18.19
12301,O0010192,P0271,3,118.13,51.38
12302,O0010192,P0199,1,34.14,23.77
12303,O0010192,P0068,1,24.02,10.28
12304,O0010193,P0031,1,31.79,14.3
12305,O0010194,P0010,1,5.31,2.8
12306,O0010195,P0171,1,21.73,18.18
12307,O0010196,P0346,1,16.74,13.56
12308,O0010197,P0111,1,10.42,8.82
12309,O0010198,P0311,1,6.67,3.15
12310,O0010199,P0095,1,31.01,12.72
12311,O0010200,P0261,1,5.0,3.44
12312,O0010201,P0074,1,44.77,32.3
12313,O0010202,P0022,1,9.24,5.75
12314,O0010203,P0222,1,13.28,10.62
12315,O0010204,P0266,1,52.67,25.05
12316,O0010205,P0029,1,16.97,9.24
12317,O0010206,P0067,1,5.29,2.76
12318,O0010207,P0360,1,43.84,36.29
12319,O0010208,P0222,1,13.28,11.14
12320,O0010209,P0216,1,30.45,27.74
12321,O0010210,P0396,1,67.85,34.84
12322,O0010211,P0139,1,13.84,9.63
12323,O0010212,P0101,2,53.02,38.38
12324,O0010213,P0304,1,11.87,9.76
12325,O0010213,P0363,1,78.98,73.21
12326,O0010214,P0146,3,22.38,18.35
12327,O0010215,P0342,1,141.82,112.69
12328,O0010216,P0360,1,43.84,36.69
12329,O0010217,P0123,1,25.7,20.84
12330,O0010218,P0284,1,11.42,5.75
12331,O0010218,P0093,1,14.24,6.63
12332,O0010219,P0102,1,34.13,22.27
12333,O0010220,P0378,1,20.62,13.77
12334,O0010221,P0224,1,11.56,6.21
12335,O0010222,P0010,1,5.31,2.84
12336,O0010223,P0341,1,40.7,32.24
12337,O0010224,P0158,1,45.59,20.09
12338,O0010225,P0389,1,20.01,12.74
12339,O0010225,P0107,1,24.79,16.32
12340,O0010225,P0278,3,15.48,9.63
12341,O0010226,P0343,1,16.99,9.07
12342,O0010227,P0288,1,10.33,8.27
12343,O0010227,P0229,1,11.96,10.17
12344,O0010228,P0185,1,47.48,21.7
12345,O0010229,P0246,1,68.18,48.54
12346,O0010230,P0192,1,130.83,73.35
12347,O0010230,P0028,1,19.28,10.09
12348,O0010231,P0247,1,84.85,54.96
12349,O0010231,P0364,1,16.3,13.46
12350,O0010231,P0121,1,12.1,8.58
12351,O0010232,P0301,1,25.5,15.08
12352,O0010233,P0326,1,21.66,17.36
12353,O0010234,P0375,1,19.93,9.65
12354,O0010235,P0156,1,13.93,6.4
12355,O0010236,P0163,1,77.71,47.87
12356,O0010236,P0398,1,9.94,4.65
12357,O0010236,P0102,1,34.13,22.27
12358,O0010237,P0152,1,51.13,37.73
12359,O0010238,P0342,1,150.89,113.03
12360,O0010239,P0039,1,16.72,9.22
12361,O0010240,P0196,1,11.97,7.98
12362,O0010241,P0166,1,35.51,24.46
12363,O0010242,P0123,1,25.7,20.68
12364,O0010243,P0152,1,51.13,37.2
12365,O0010244,P0068,1,24.02,9.84
12366,O0010245,P0209,1,43.85,21.53
12367,O0010245,P0177,1,45.34,38.35
12368,O0010246,P0350,1,11.21,5.33
12369,O0010247,P0253,1,57.21,34.13
12370,O0010248,P0024,1,28.72,21.7
12371,O0010248,P0018,1,19.43,11.68
12372,O0010249,P0386,1,21.86,11.14
12373,O0010250,P0227,1,32.25,18.2
12374,O0010251,P0289,1,94.61,72.04
12375,O0010252,P0045,1,23.84,15.46
12376,O0010253,P0129,1,37.04,28.95
12377,O0010254,P0037,1,12.54,10.32
12378,O0010254,P0306,1,44.89,31.89
12379,O0010255,P0053,1,45.93,38.49
12380,O0010256,P0363,1,87.76,73.04
12381,O0010257,P0284,1,11.42,5.77
12382,O0010258,P0179,2,11.58,9.32
12383,O0010259,P0255,1,19.78,13.02
12384,O0010260,P0281,1,38.91,24.15
12385,O0010261,P0072,1,31.23,19.83
12386,O0010261,P0264,1,11.57,6.73
12387,O0010262,P0202,1,16.35,12.46
12388,O0010263,P0062,1,17.52,9.63
12389,O0010263,P0172,1,39.28,32.07
12390,O0010263,P0293,1,10.7,5.89
12391,O0010264,P0191,1,12.75,6.96
12392,O0010265,P0252,1,73.33,35.99
12393,O0010266,P0291,1,23.89,17.59
12394,O0010267,P0093,1,14.24,7.06
12395,O0010268,P0061,1,7.91,3.58
12396,O0010269,P0300,1,14.08,9.08
12397,O0010270,P0101,1,53.02,37.29
12398,O0010271,P0009,1,29.77,18.36
12399,O0010272,P0139,1,13.84,9.69
12400,O0010273,P0016,1,26.81,12.89
12401,O0010274,P0241,1,17.11,10.75
12402,O0010275,P0321,1,38.93,31.41
12403,O0010276,P0333,1,5.0,3.16
12404,O0010277,P0010,1,3.8,2.83
12405,O0010278,P0204,1,29.54,25.79
12406,O0010278,P0397,1,43.7,18.03
12407,O0010279,P0140,1,42.25,19.41
12408,O0010280,P0297,1,8.01,3.54
12409,O0010280,P0083,1,13.11,10.85
12410,O0010280,P0192,1,130.83,74.91
12411,O0010281,P0075,1,67.82,51.08
12412,O0010282,P0218,1,24.78,16.8
12413,O0010283,P0194,1,46.22,34.47
12414,O0010283,P0207,1,13.81,10.45
12415,O0010283,P0327,1,32.14,15.66
12416,O0010284,P0318,1,13.69,10.88
12417,O0010285,P0317,1,54.87,28.04
12418,O0010286,P0372,1,6.53,5.46
12419,O0010286,P0379,1,107.68,45.77
12420,O0010287,P0141,1,25.44,16.45
12421,O0010288,P0131,1,52.63,43.56
12422,O0010289,P0275,1,22.42,17.39
12423,O0010290,P0361,1,13.03,8.46
12424,O0010290,P0317,1,54.87,28.11
12425,O0010291,P0394,1,13.17,7.77
12426,O0010292,P0008,1,37.87,18.85
12427,O0010293,P0372,1,6.53,5.53
12428,O0010294,P0010,1,5.31,2.86
12429,O0010295,P0393,1,7.96,5.43
12430,O0010295,P0062,1,17.52,9.92
12431,O0010296,P0029,1,16.97,9.31
12432,O0010296,P0295,1,51.47,28.42
12433,O0010297,P0382,1,10.12,8.95
12434,O0010297,P0325,1,26.29,17.08
12435,O0010298,P0323,1,33.01,27.16
12436,O0010299,P0389,1,20.01,13.29
12437,O0010300,P0398,1,9.94,4.48
12438,O0010301,P0099,1,11.25,6.39
12439,O0010301,P0322,1,20.85,17.21
12440,O0010301,P0172,1,39.28,31.88
12441,O0010302,P0200,1,15.63,7.17
12442,O0010303,P0126,1,51.3,30.19
12443,O0010304,P0022,1,9.24,5.94
12444,O0010305,P0392,1,5.0,2.37
12445,O0010306,P0097,1,109.14,79.44
12446,O0010307,P0083,1,11.8,10.83
12447,O0010308,P0329,1,33.63,24.21
12448,O0010309,P0297,1,8.01,3.52
12449,O0010310,P0290,1,49.67,31.59
12450,O0010311,P0331,1,49.25,28.09
12451,O0010312,P0274,1,22.77,23.44
12452,O0010313,P0232,2,106.18,86.95
12453,O0010313,P0253,1,57.21,34.27
12454,O0010313,P0120,1,9.06,6.55
12455,O0010314,P0250,1,99.91,60.6
12456,O0010315,P0320,2,72.93,47.43
12457,O0010316,P0106,1,32.23,21.66
12458,O0010317,P0320,1,77.73,45.4
12459,O0010318,P0054,1,22.94,15.8
12460,O0010319,P0175,1,15.31,7.16
12461,O0010320,P0154,1,56.03,29.83
12462,O0010321,P0100,1,46.05,33.46
12463,O0010322,P0122,1,27.74,23.33
12464,O0010323,P0251,1,41.11,30.04
12465,O0010324,P0160,1,10.81,6.72
12466,O0010325,P0180,1,15.67,11.81
12467,O0010326,P0314,1,6.49,4.0
12468,O0010327,P0022,1,9.24,5.94
12469,O0010328,P0199,1,34.14,23.69
12470,O0010329,P0150,1,14.55,10.81
12471,O0010330,P0102,1,34.13,23.21
12472,O0010331,P0361,1,11.73,8.66
12473,O0010332,P0222,1,13.28,11.1
12474,O0010333,P0370,1,17.44,7.32
12475,O0010333,P0166,1,35.51,24.92
12476,O0010333,P0240,2,25.47,21.86
12477,O0010334,P0070,1,176.02,93.39
12478,O0010334,P0193,2,61.96,48.15
12479,O0010334,P0052,1,16.42,12.78
12480,O0010335,P0249,1,127.56,103.29
12481,O0010336,P0257,1,90.28,70.23
12482,O0010337,P0202,1,16.35,13.0
12483,O0010338,P0163,1,69.94,50.85
12484,O0010339,P0121,1,12.1,8.54
12485,O0010339,P0298,1,38.49,18.16
12486,O0010340,P0391,1,66.48,30.72
12487,O0010341,P0262,1,22.84,12.08
12488,O0010342,P0050,1,32.64,24.37
12489,O0010343,P0334,1,10.95,5.84
12490,O0010344,P0165,1,11.19,4.82
12491,O0010345,P0162,1,7.81,3.26
12492,O0010346,P0380,1,60.42,43.35
12493,O0010347,P0041,1,46.99,39.04
12494,O0010348,P0082,1,84.77,39.31
12495,O0010349,P0050,1,32.64,24.93
12496,O0010350,P0037,1,12.54,9.82
12497,O0010351,P0079,1,7.1,4.84
12498,O0010351,P0206,1,7.96,6.53
12499,O0010352,P0112,3,36.09,29.6
12500,O0010353,P0028,1,19.28,10.44
12501,O0010354,P0311,1,6.67,3.01
12502,O0010355,P0017,1,15.17,10.84
12503,O0010356,P0286,1,7.86,4.4
12504,O0010356,P0349,1,19.77,15.59
12505,O0010356,P0007,1,16.85,8.27
12506,O0010357,P0277,1,16.05,9.35
12507,O0010358,P0168,1,18.02,11.79
12508,O0010358,P0234,1,16.86,8.17
12509,O0010359,P0023,1,8.48,7.39
12510,O0010360,P0344,1,12.43,9.13
12511,O0010361,P0266,1,52.67,26.27
12512,O0010362,P0365,1,11.12,9.35
12513,O0010363,P0186,1,39.27,38.67
12514,O0010364,P0220,1,36.54,26.99
12515,O0010364,P0037,1,11.29,9.74
12516,O0010365,P0205,1,7.7,5.94
12517,O0010365,P0370,1,17.44,7.04
12518,O0010366,P0260,1,23.47,20.68
12519,O0010367,P0161,1,90.55,61.6
12520,O0010367,P0282,1,25.23,20.42
12521,O0010368,P0010,1,4.67,2.96
12522,O0010369,P0102,1,34.13,22.91
12523,O0010370,P0352,1,9.15,8.0
12524,O0010371,P0331,1,39.18,28.71
12525,O0010372,P0280,1,73.22,56.37
12526,O0010373,P0290,1,49.67,31.84
12527,O0010374,P0078,2,15.6,10.57
12528,O0010375,P0356,1,81.19,68.2
12529,O0010376,P0381,1,19.78,8.82
12530,O0010377,P0327,1,32.14,15.9
12531,O0010378,P0313,1,40.89,19.77
12532,O0010379,P0220,1,36.54,27.27
12533,O0010380,P0202,1,14.73,12.72
12534,O0010381,P0062,1,17.52,9.78
12535,O0010382,P0371,1,10.92,7.05
12536,O0010383,P0097,1,109.14,75.78
12537,O0010384,P0191,1,12.75,7.08
12538,O0010384,P0137,1,16.82,8.04
12539,O0010385,P0276,1,20.56,15.53
12540,O0010386,P0215,1,22.49,11.89
12541,O0010387,P0129,1,37.04,29.41
12542,O0010388,P0305,1,15.47,7.55
12543,O0010389,P0103,1,20.16,10.5
12544,O0010389,P0304,1,11.87,9.59
12545,O0010390,P0392,1,4.21,2.44
12546,O0010391,P0210,1,21.59,13.23
12547,O0010391,P0379,1,107.68,44.79
12548,O0010392,P0216,1,33.83,27.98
12549,O0010393,P0222,1,13.28,10.95
12550,O0010393,P0222,1,13.28,11.18
12551,O0010393,P0137,1,16.82,7.76
12552,O0010394,P0400,1,36.29,18.53
12553,O0010395,P0379,1,76.94,44.36
12554,O0010396,P0272,1,25.23,19.45
12555,O0010397,P0225,1,5.0,3.25
12556,O0010398,P0270,1,10.72,6.27
12557,O0010398,P0177,1,50.38,36.43
12558,O0010399,P0012,1,31.54,17.9
12559,O0010400,P0095,1,31.01,12.26
12560,O0010401,P0167,1,25.94,22.01
12561,O0010402,P0356,1,81.19,69.16
12562,O0010402,P0386,1,21.86,11.13
12563,O0010402,P0061,1,7.91,3.56
12564,O0010403,P0237,1,22.38,13.18
12565,O0010404,P0116,1,23.14,18.82
12566,O0010405,P0175,1,15.31,7.04
12567,O0010405,P0242,2,40.38,18.36
12568,O0010405,P0045,1,23.84,15.59
12569,O0010406,P0293,1,10.7,5.71
12570,O0010407,P0281,1,38.91,25.54
12571,O0010408,P0300,1,16.61,8.77
12572,O0010409,P0267,2,16.05,7.84
12573,O0010410,P0302,1,12.62,10.5
12574,O0010411,P0118,1,7.3,4.14
12575,O0010412,P0252,1,73.33,37.94
12576,O0010413,P0388,1,15.88,7.04
12577,O0010413,P0286,1,7.86,4.37
12578,O0010414,P0309,1,14.44,7.96
12579,O0010414,P0394,1,13.17,7.89
12580,O0010415,P0141,1,25.44,16.98
12581,O0010416,P0069,2,25.74,10.8
12582,O0010417,P0395,1,51.86,22.29
12583,O0010418,P0343,1,16.99,8.55
12584,O0010419,P0006,1,45.33,38.68
12585,O0010420,P0022,1,9.24,5.84
12586,O0010421,P0068,3,24.02,10.14
12587,O0010421,P0351,1,44.95,32.64
12588,O0010422,P0275,1,22.42,17.88
12589,O0010423,P0158,1,45.59,21.04
12590,O0010424,P0160,1,10.81,6.42
12591,O0010425,P0374,1,6.46,5.22
12592,O0010426,P0177,1,50.38,37.05
12593,O0010427,P0097,1,109.14,77.92
12594,O0010428,P0337,1,47.63,40.33
12595,O0010429,P0229,1,11.96,10.13
12596,O0010430,P0120,1,9.06,6.78
12597,O0010431,P0141,1,25.44,17.17
12598,O0010432,P0112,1,25.9,30.79
12599,O0010433,P0276,1,20.56,15.6
12600,O0010434,P0362,1,35.77,24.93
12601,O0010435,P0035,1,55.97,42.81
12602,O0010436,P0220,1,36.54,27.15
12603,O0010437,P0118,1,7.3,4.1
12604,O0010438,P0286,2,7.86,4.23
12605,O0010439,P0160,1,10.81,6.68
12606,O0010440,P0385,1,28.75,14.55
12607,O0010441,P0076,1,7.99,5.03
12608,O0010442,P0112,2,36.09,29.71
12609,O0010443,P0383,1,192.23,83.56
12610,O0010444,P0145,1,13.01,5.34
12611,O0010445,P0096,1,13.85,6.59
12612,O0010446,P0392,1,5.0,2.51
12613,O0010447,P0208,1,20.68,13.87
12614,O0010448,P0192,1,130.83,72.8
12615,O0010449,P0258,1,8.13,6.63
12616,O0010450,P0134,1,18.13,8.7
12617,O0010450,P0246,1,50.97,47.73
12618,O0010451,P0282,1,31.47,20.01
12619,O0010451,P0012,1,31.54,17.9
12620,O0010451,P0143,2,5.0,3.94
12621,O0010452,P0251,1,41.11,30.51
12622,O0010453,P0124,1,9.83,7.41
12623,O0010454,P0371,1,10.92,7.26
12624,O0010455,P0308,1,44.75,24.04
12625,O0010455,P0302,1,12.62,10.76
12626,O0010456,P0139,1,13.84,9.85
12627,O0010457,P0331,1,49.25,27.84
12628,O0010458,P0372,1,5.88,5.32
12629,O0010459,P0350,1,11.21,5.36
12630,O0010460,P0013,1,79.24,40.07
12631,O0010461,P0243,1,27.01,13.84
12632,O0010461,P0026,1,28.14,14.27
12633,O0010462,P0100,1,41.44,34.04
12634,O0010463,P0080,1,25.92,12.53
12635,O0010463,P0092,1,24.39,23.29
12636,O0010464,P0172,1,35.35,31.09
12637,O0010465,P0283,1,22.15,14.21
12638,O0010466,P0260,1,21.01,20.41
12639,O0010467,P0096,1,13.85,6.85
12640,O0010468,P0030,1,57.15,36.92
12641,O0010469,P0296,3,113.02,95.54
12642,O0010470,P0239,1,24.64,19.16
12643,O0010471,P0117,1,12.46,10.19
12644,O0010472,P0393,1,7.96,5.41
12645,O0010473,P0280,1,73.22,54.99
12646,O0010474,P0123,1,25.7,20.66
12647,O0010475,P0324,1,15.13,7.16
12648,O0010476,P0024,2,28.72,22.05
12649,O0010477,P0223,1,141.44,74.02
12650,O0010478,P0047,1,26.3,14.16
12651,O0010479,P0343,1,16.99,9.02
12652,O0010480,P0006,1,45.33,38.37
12653,O0010480,P0133,2,11.9,8.65
12654,O0010481,P0345,1,25.98,20.17
12655,O0010482,P0140,1,42.25,18.72
12656,O0010482,P0141,2,25.44,16.66
12657,O0010483,P0031,1,31.79,13.82
12658,O0010484,P0286,1,7.86,4.24
12659,O0010484,P0138,2,58.62,37.85
12660,O0010484,P0154,1,56.03,28.1
12661,O0010485,P0400,1,36.29,18.31
12662,O0010485,P0354,1,110.11,61.81
12663,O0010486,P0232,1,106.18,84.5
12664,O0010486,P0230,1,36.36,28.68
12665,O0010486,P0233,1,63.03,52.52
12666,O0010487,P0024,1,26.72,21.65
12667,O0010488,P0328,1,17.65,8.22
12668,O0010489,P0139,1,12.46,9.29
12669,O0010490,P0158,1,45.59,20.69
12670,O0010491,P0386,1,21.86,11.01
12671,O0010491,P0188,1,24.95,20.2
12672,O0010492,P0240,1,25.47,21.94
12673,O0010492,P0171,1,21.73,18.66
12674,O0010493,P0256,1,43.56,32.71
12675,O0010494,P0340,1,61.25,46.03
12676,O0010495,P0362,1,35.77,24.55
12677,O0010496,P0300,1,16.61,8.87
12678,O0010497,P0394,1,13.17,8.0
12679,O0010497,P0034,1,40.02,31.25
12680,O0010498,P0123,1,25.7,21.11
12681,O0010499,P0280,1,73.22,54.09
12682,O0010500,P0083,1,13.11,10.77
12683,O0010500,P0151,1,8.95,7.65
12684,O0010501,P0044,1,14.64,9.77
12685,O0010502,P0272,1,25.23,19.13
12686,O0010502,P0072,2,31.23,19.34
12687,O0010502,P0307,1,26.56,17.62
12688,O0010503,P0360,1,43.84,35.53
12689,O0010504,P0024,1,28.72,22.42
12690,O0010505,P0137,1,16.82,7.69
12691,O0010505,P0035,1,55.97,43.15
12692,O0010506,P0289,1,94.61,73.66
12693,O0010507,P0379,1,107.68,44.28
12694,O0010508,P0120,1,9.06,6.72
12695,O0010508,P0006,1,45.33,39.67
12696,O0010509,P0264,1,11.57,6.52
12697,O0010510,P0183,1,38.0,30.65
12698,O0010511,P0292,1,12.32,9.32
12699,O0010512,P0226,1,16.11,6.94
12700,O0010513,P0253,1,51.49,33.42
12701,O0010514,P0340,1,61.25,48.05
12702,O0010514,P0334,3,10.95,5.8
12703,O0010515,P0116,1,23.14,18.58
12704,O0010516,P0215,1,20.24,11.78
12705,O0010517,P0110,1,11.58,5.32
12706,O0010518,P0217,1,29.35,13.01
12707,O0010519,P0157,1,34.99,21.45
12708,O0010520,P0372,1,6.53,5.47
12709,O0010521,P0027,1,22.36,13.47
12710,O0010522,P0375,1,19.93,9.27
12711,O0010523,P0397,1,43.7,18.24
12712,O0010524,P0050,1,32.64,24.08
12713,O0010525,P0213,1,31.76,24.36
12714,O0010526,P0066,1,23.11,11.79
12715,O0010527,P0025,1,39.86,19.28
12716,O0010528,P0355,1,5.91,3.64
12717,O0010529,P0380,1,60.42,43.11
12718,O0010530,P0155,1,67.59,28.22
12719,O0010531,P0324,1,15.13,7.44
12720,O0010532,P0065,1,30.15,25.02
12721,O0010533,P0248,1,19.5,20.69
12722,O0010534,P0167,1,25.94,21.69
12723,O0010535,P0079,1,7.1,4.86
12724,O0010535,P0168,1,16.22,12.41
12725,O0010535,P0147,1,36.74,22.41
12726,O0010536,P0006,1,45.33,39.8
12727,O0010536,P0057,1,13.99,7.03
12728,O0010536,P0020,1,10.53,8.49
12729,O0010537,P0309,1,14.44,7.99
12730,O0010538,P0287,1,14.63,6.73
12731,O0010539,P0267,1,16.05,8.0
12732,O0010540,P0146,3,22.38,18.74
12733,O0010541,P0303,1,20.26,17.48
12734,O0010542,P0243,1,27.01,13.31
12735,O0010542,P0090,1,45.85,25.78
12736,O0010543,P0212,1,19.47,8.94
12737,O0010544,P0146,1,18.53,18.48
12738,O0010544,P0233,1,63.03,52.8
12739,O0010544,P0289,1,86.13,74.38
12740,O0010545,P0179,1,12.64,9.26
12741,O0010546,P0372,1,6.53,5.21
12742,O0010547,P0318,1,15.46,11.09
12743,O0010548,P0056,1,53.25,42.94
12744,O0010549,P0090,1,45.85,25.1
12745,O0010550,P0355,1,5.91,3.57
12746,O0010550,P0316,1,25.48,11.65
12747,O0010551,P0067,1,4.76,2.76
12748,O0010552,P0237,1,22.38,13.07
12749,O0010553,P0270,1,10.72,6.0
12750,O0010554,P0232,1,106.18,85.45
12751,O0010555,P0312,1,25.49,17.92
12752,O0010556,P0233,1,63.03,54.03
12753,O0010557,P0308,1,34.67,24.69
12754,O0010558,P0236,1,51.92,58.72
12755,O0010559,P0066,1,23.11,12.24
12756,O0010559,P0083,1,13.11,10.53
12757,O0010560,P0170,1,9.11,5.97
12758,O0010561,P0373,1,8.74,6.29
12759,O0010562,P0371,1,10.92,6.99
12760,O0010563,P0009,1,29.77,17.83
12761,O0010564,P0041,1,39.5,38.14
12762,O0010564,P0097,1,109.14,74.25
12763,O0010565,P0146,1,22.38,19.3
12764,O0010566,P0175,1,15.31,7.16
12765,O0010566,P0285,1,13.4,5.68
12766,O0010567,P0301,1,25.5,14.82
12767,O0010567,P0098,1,35.84,17.79
12768,O0010568,P0366,2,22.18,17.18
12769,O0010569,P0140,1,42.25,18.39
12770,O0010570,P0115,1,35.82,30.95
12771,O0010571,P0266,1,52.67,25.52
12772,O0010572,P0143,2,5.0,3.74
12773,O0010572,P0370,1,17.44,7.19
12774,O0010572,P0042,1,72.6,43.82
12775,O0010573,P0136,1,5.51,3.77
12776,O0010574,P0400,1,36.29,18.78
12777,O0010575,P0372,1,6.53,5.37
12778,O0010576,P0160,1,10.81,6.45
12779,O0010577,P0013,1,79.24,39.03
12780,O0010578,P0218,1,24.78,16.03
12781,O0010579,P0267,1,14.44,7.97
12782,O0010580,P0363,1,87.76,75.27
12783,O0010581,P0174,1,14.91,8.3
12784,O0010582,P0289,1,94.61,72.87
12785,O0010583,P0357,1,30.69,19.03
12786,O0010584,P0094,1,29.54,24.82
12787,O0010584,P0082,1,84.77,39.04
12788,O0010584,P0049,1,20.58,11.9
12789,O0010585,P0388,1,15.88,7.06
12790,O0010586,P0218,1,19.38,16.1
12791,O0010587,P0192,1,130.83,73.28
12792,O0010588,P0038,1,19.16,13.06
12793,O0010588,P0287,1,14.63,6.81
12794,O0010589,P0209,1,48.72,22.9
12795,O0010590,P0240,1,25.47,21.27
12796,O0010591,P0006,1,45.33,38.36
12797,O0010592,P0268,1,13.01,5.94
12798,O0010593,P0285,1,13.4,5.69
12799,O0010594,P0087,1,6.78,3.13
12800,O0010595,P0119,1,29.12,23.88
12801,O0010596,P0117,1,12.46,9.57
12802,O0010597,P0254,1,6.01,3.59
12803,O0010598,P0358,1,9.97,7.0
12804,O0010599,P0389,1,20.01,13.08
12805,O0010600,P0385,1,28.75,14.72
12806,O0010601,P0239,1,24.64,18.43
12807,O0010601,P0272,1,25.23,19.59
12808,O0010601,P0185,1,47.48,21.04
12809,O0010602,P0070,1,176.02,91.2
12810,O0010603,P0377,1,5.0,4.01
12811,O0010604,P0196,1,11.97,7.85
12812,O0010604,P0195,1,24.29,10.76
12813,O0010605,P0292,1,12.32,9.15
12814,O0010606,P0312,1,25.49,17.64
12815,O0010607,P0395,1,51.86,21.69
12816,O0010608,P0118,1,7.3,4.1
12817,O0010609,P0296,2,113.02,96.19
12818,O0010610,P0024,1,28.72,22.33
12819,O0010611,P0371,2,10.92,7.22
12820,O0010612,P0228,1,110.05,85.75
12821,O0010613,P0297,1,8.01,3.64
12822,O0010614,P0257,1,90.28,71.69
12823,O0010615,P0138,1,58.62,38.96
12824,O0010616,P0383,1,192.23,85.67
12825,O0010617,P0274,1,29.11,23.6
12826,O0010617,P0109,1,40.47,22.35
12827,O0010618,P0154,1,56.03,29.87
12828,O0010619,P0035,2,55.97,41.75
12829,O0010620,P0088,1,28.44,22.57
12830,O0010620,P0285,1,13.4,5.64
12831,O0010620,P0359,1,26.78,18.87
12832,O0010621,P0286,1,7.86,4.3
12833,O0010622,P0060,1,30.23,19.72
12834,O0010623,P0360,1,43.84,37.04
12835,O0010624,P0143,1,5.0,3.84
12836,O0010625,P0235,1,6.23,5.33
12837,O0010626,P0238,1,66.04,34.53
12838,O0010626,P0295,1,47.71,28.3
12839,O0010627,P0087,1,6.78,2.95
12840,O0010628,P0192,1,130.83,74.36
12841,O0010629,P0130,1,534.96,378.41
12842,O0010630,P0371,1,10.92,7.33
12843,O0010631,P0087,1,6.78,2.97
12844,O0010631,P0015,1,15.87,10.75
12845,O0010632,P0212,1,17.52,8.78
12846,O0010632,P0228,1,99.04,86.05
12847,O0010633,P0218,1,24.78,16.84
12848,O0010633,P0062,1,17.52,9.84
12849,O0010634,P0241,1,17.11,10.4
12850,O0010634,P0008,1,37.87,18.96
12851,O0010634,P0253,1,57.21,34.32
12852,O0010635,P0352,1,11.73,8.28
12853,O0010636,P0323,1,33.01,27.0
12854,O0010636,P0140,1,42.25,18.56
12855,O0010637,P0169,1,87.25,53.51
12856,O0010638,P0297,1,8.01,3.6
12857,O0010639,P0155,2,67.59,27.69
12858,O0010639,P0034,1,40.02,31.25
12859,O0010640,P0139,1,13.84,9.26
12860,O0010641,P0063,1,21.56,14.27
12861,O0010642,P0311,1,6.67,2.97
12862,O0010643,P0043,1,32.76,25.03
12863,O0010644,P0250,2,99.91,58.47
12864,O0010645,P0068,1,24.02,9.83
12865,O0010646,P0221,1,123.62,91.56
12866,O0010647,P0002,1,16.19,14.74
12867,O0010647,P0041,1,46.99,37.83
12868,O0010648,P0396,1,67.85,34.27
12869,O0010648,P0057,1,12.28,6.95
12870,O0010648,P0184,1,17.72,12.43
12871,O0010649,P0317,1,42.35,29.11
12872,O0010650,P0299,1,14.58,7.34
12873,O0010650,P0140,1,42.25,18.42
12874,O0010651,P0163,1,77.71,48.07
12875,O0010652,P0073,1,61.21,31.88
12876,O0010652,P0370,1,17.44,7.22
12877,O0010652,P0004,1,20.34,16.08
12878,O0010653,P0339,1,7.52,3.61
12879,O0010654,P0350,1,11.21,5.19
12880,O0010655,P0091,1,37.25,29.78
12881,O0010656,P0005,1,78.1,35.51
12882,O0010657,P0348,1,16.31,13.34
12883,O0010657,P0267,1,14.32,7.79
12884,O0010657,P0247,1,78.55,53.87
12885,O0010658,P0181,1,24.13,14.0
12886,O0010659,P0169,1,87.25,55.03
12887,O0010660,P0213,2,31.76,23.24
12888,O0010661,P0298,1,38.49,17.89
12889,O0010662,P0366,1,22.18,18.08
12890,O0010663,P0147,2,36.74,22.0
12891,O0010664,P0363,1,87.76,74.99
12892,O0010665,P0091,1,37.25,30.94
12893,O0010666,P0328,1,17.65,8.32
12894,O0010667,P0348,1,16.31,13.03
12895,O0010668,P0397,1,43.7,18.36
12896,O0010668,P0012,1,31.54,18.27
12897,O0010669,P0158,1,45.59,20.28
12898,O0010670,P0321,1,38.93,30.2
12899,O0010671,P0238,1,66.04,35.9
12900,O0010672,P0323,1,33.01,28.38
12901,O0010673,P0117,1,12.46,10.09
12902,O0010674,P0285,1,13.4,5.38
12903,O0010675,P0198,1,21.81,10.02
12904,O0010676,P0060,1,30.23,19.76
12905,O0010677,P0014,1,20.48,12.82
12906,O0010678,P0308,1,44.75,24.24
12907,O0010679,P0307,1,21.18,17.61
12908,O0010680,P0373,1,8.74,6.69
12909,O0010681,P0305,2,15.47,7.51
12910,O0010682,P0313,1,36.8,19.26
12911,O0010683,P0293,1,10.7,5.69
12912,O0010684,P0266,1,52.67,26.23
12913,O0010685,P0042,1,72.6,43.85
12914,O0010686,P0234,1,16.86,8.01
12915,O0010687,P0104,1,12.08,6.75
12916,O0010688,P0247,1,84.85,54.92
12917,O0010689,P0228,2,99.04,83.83
12918,O0010690,P0015,1,15.87,11.14
12919,O0010691,P0306,1,31.85,31.94
12920,O0010691,P0261,1,3.83,3.5
12921,O0010692,P0104,1,13.42,7.01
12922,O0010693,P0327,2,32.14,15.67
12923,O0010694,P0263,2,26.19,16.04
12924,O0010695,P0333,1,5.0,2.98
12925,O0010696,P0077,1,11.11,4.88
12926,O0010697,P0269,1,22.52,11.38
12927,O0010698,P0194,1,46.22,36.41
12928,O0010699,P0386,1,21.86,10.64
12929,O0010700,P0163,2,77.71,48.06
12930,O0010700,P0050,1,32.64,24.39
12931,O0010701,P0280,1,65.9,54.94
12932,O0010702,P0089,1,30.2,17.02
12933,O0010703,P0277,1,13.49,9.45
12934,O0010704,P0220,1,36.54,26.86
12935,O0010705,P0143,1,5.0,3.88
12936,O0010706,P0198,1,21.81,9.81
12937,O0010707,P0117,1,10.7,10.13
12938,O0010708,P0056,2,41.05,42.65
12939,O0010709,P0066,1,23.11,12.37
12940,O0010710,P0190,1,22.11,15.08
12941,O0010711,P0031,1,31.79,14.25
12942,O0010712,P0363,1,87.76,74.32
12943,O0010713,P0225,1,4.29,3.27
12944,O0010714,P0292,1,12.32,9.13
12945,O0010715,P0327,1,32.14,15.89
12946,O0010716,P0063,1,19.73,13.69
12947,O0010717,P0028,1,19.28,10.4
12948,O0010718,P0280,1,73.22,53.16
12949,O0010719,P0019,1,22.9,10.54
12950,O0010720,P0145,1,13.01,5.34
12951,O0010720,P0365,1,11.12,9.74
12952,O0010721,P0357,1,30.69,19.65
12953,O0010722,P0045,1,23.84,14.9
12954,O0010723,P0078,1,15.6,10.28
12955,O0010724,P0025,1,31.67,20.44
12956,O0010725,P0048,1,19.31,12.66
12957,O0010726,P0144,1,28.48,15.16
12958,O0010727,P0018,1,19.43,11.77
12959,O0010728,P0200,1,15.63,6.84
12960,O0010729,P0221,1,137.35,93.96
12961,O0010730,P0059,1,31.09,12.93
12962,O0010731,P0157,1,34.99,21.56
12963,O0010732,P0012,1,31.54,17.91
12964,O0010733,P0354,1,110.11,63.33
12965,O0010734,P0094,1,29.54,24.18
12966,O0010735,P0237,1,22.38,13.61
12967,O0010736,P0022,1,9.24,6.05
12968,O0010737,P0222,1,13.28,10.65
12969,O0010737,P0106,1,32.23,22.88
12970,O0010738,P0373,1,8.74,6.63
12971,O0010739,P0277,1,16.05,9.49
12972,O0010740,P0129,1,37.04,29.39
12973,O0010741,P0037,1,12.54,9.74
12974,O0010742,P0375,1,19.93,9.25
12975,O0010743,P0301,1,25.5,15.33
12976,O0010743,P0305,1,15.47,7.69
12977,O0010744,P0041,1,46.99,36.82
12978,O0010745,P0209,1,48.72,22.55
12979,O0010746,P0321,1,32.65,30.46
12980,O0010746,P0010,1,4.93,2.81
12981,O0010747,P0341,1,40.7,34.27
12982,O0010748,P0219,1,25.02,17.43
12983,O0010749,P0016,1,26.81,12.55
12984,O0010750,P0114,1,43.43,35.78
12985,O0010751,P0332,1,17.01,14.45
12986,O0010752,P0195,1,24.29,10.18
12987,O0010753,P0105,1,23.07,19.13
12988,O0010754,P0127,1,37.04,30.25
12989,O0010755,P0275,1,22.42,17.7
12990,O0010756,P0159,1,5.0,2.34
12991,O0010757,P0187,1,69.71,39.19
12992,O0010757,P0067,1,5.29,2.79
12993,O0010758,P0059,1,22.79,13.0
12994,O0010758,P0128,1,30.07,29.44
12995,O0010759,P0062,1,17.52,9.62
12996,O0010760,P0212,1,19.47,9.02
12997,O0010761,P0234,1,16.86,7.96
12998,O0010762,P0052,3,16.42,13.15
12999,O0010763,P0390,1,81.71,48.08
13000,O0010764,P0162,1,7.81,3.35
13001,O0010765,P0297,1,8.01,3.59
13002,O0010766,P0347,1,56.26,26.16
13003,O0010767,P0344,1,9.72,9.01
13004,O0010768,P0334,1,10.95,5.84
13005,O0010769,P0025,1,44.29,19.17
13006,O0010770,P0175,1,15.31,6.84
13007,O0010771,P0070,1,176.02,94.44
13008,O0010772,P0069,1,23.17,11.25
13009,O0010773,P0354,2,110.11,63.28
13010,O0010774,P0193,1,61.96,47.41
13011,O0010774,P0104,3,13.42,7.05
13012,O0010775,P0145,1,13.01,5.47
13013,O0010775,P0150,1,14.55,10.83
13014,O0010775,P0310,1,38.72,23.09
13015,O0010776,P0059,1,25.71,12.74
13016,O0010777,P0152,1,51.13,36.9
13017,O0010778,P0177,1,50.38,36.65
13018,O0010779,P0324,1,15.13,7.23
13019,O0010780,P0132,2,41.31,23.16
13020,O0010781,P0088,1,28.44,23.51
13021,O0010782,P0305,1,15.47,7.33
13022,O0010783,P0375,1,15.0,9.14
13023,O0010783,P0266,1,52.67,25.51
13024,O0010784,P0170,1,9.11,5.83
13025,O0010785,P0341,1,40.7,32.54
13026,O0010786,P0314,1,6.49,4.08
13027,O0010787,P0201,1,29.84,13.12
13028,O0010788,P0332,1,18.9,14.74
13029,O0010788,P0163,1,77.71,47.92
13030,O0010788,P0122,1,27.74,24.0
13031,O0010789,P0385,1,28.75,14.63
13032,O0010790,P0100,1,46.05,35.34
13033,O0010791,P0345,1,25.98,19.92
13034,O0010792,P0018,2,19.43,11.87
13035,O0010793,P0372,1,6.53,5.55
13036,O0010793,P0272,1,25.23,19.59
13037,O0010794,P0077,1,11.11,4.75
13038,O0010795,P0158,1,45.59,19.87
13039,O0010796,P0020,1,8.97,8.56
13040,O0010797,P0005,1,86.78,35.16
13041,O0010798,P0322,1,20.85,18.05
13042,O0010799,P0012,1,31.54,18.38
13043,O0010800,P0151,1,8.95,7.69
13044,O0010801,P0336,1,93.8,75.63
13045,O0010802,P0217,1,29.35,13.23
13046,O0010803,P0384,1,25.72,19.65
13047,O0010804,P0385,1,24.04,14.06
13048,O0010805,P0136,1,5.51,3.81
13049,O0010806,P0259,1,6.28,3.76
13050,O0010807,P0274,1,29.11,24.32
13051,O0010808,P0297,1,8.01,3.61
13052,O0010809,P0063,1,21.56,13.87
13053,O0010810,P0312,1,23.57,17.79
13054,O0010811,P0286,1,7.07,4.3
13055,O0010811,P0302,1,11.09,10.89
13056,O0010812,P0313,1,40.89,19.5
13057,O0010813,P0319,1,37.48,23.35
13058,O0010814,P0169,1,87.25,53.46
13059,O0010815,P0311,1,6.67,2.98
13060,O0010816,P0191,1,12.75,7.03
13061,O0010817,P0348,2,16.31,13.18
13062,O0010818,P0131,1,52.63,42.42
13063,O0010819,P0126,1,57.0,30.11
13064,O0010819,P0213,2,31.76,24.07
13065,O0010820,P0105,1,23.07,19.16
13066,O0010821,P0130,1,534.96,384.39
13067,O0010822,P0055,1,26.51,20.45
13068,O0010823,P0175,1,15.31,7.24
13069,O0010824,P0199,1,34.14,23.78
13070,O0010825,P0132,1,41.31,22.69
13071,O0010826,P0371,1,10.92,7.14
13072,O0010827,P0281,1,38.91,24.24
13073,O0010828,P0334,1,10.95,5.98
13074,O0010829,P0273,1,14.02,11.2
13075,O0010830,P0310,1,38.72,23.22
13076,O0010831,P0269,1,22.52,11.61
13077,O0010832,P0188,1,24.95,20.17
13078,O0010833,P0029,1,16.97,8.87
13079,O0010834,P0263,1,29.86,15.71
13080,O0010834,P0285,1,11.14,5.57
13081,O0010835,P0204,1,29.54,24.58
13082,O0010836,P0252,1,73.33,37.22
13083,O0010837,P0041,1,46.99,37.72
13084,O0010838,P0092,1,31.11,23.84
13085,O0010839,P0378,1,23.49,13.02
13086,O0010840,P0193,1,61.96,46.24
13087,O0010841,P0328,1,17.65,8.68
13088,O0010842,P0148,1,39.3,23.89
13089,O0010843,P0385,1,28.75,14.71
13090,O0010844,P0292,1,12.32,8.9
13091,O0010845,P0383,1,173.01,84.14
13092,O0010846,P0131,1,52.63,44.1
13093,O0010847,P0041,1,46.99,37.41
13094,O0010848,P0173,1,30.72,13.12
13095,O0010849,P0285,2,13.4,5.49
13096,O0010850,P0388,1,15.88,6.85
13097,O0010851,P0234,1,16.86,8.06
13098,O0010852,P0016,1,26.81,12.7
13099,O0010853,P0045,1,23.84,15.72
13100,O0010854,P0353,1,34.15,18.23
13101,O0010855,P0009,1,29.77,17.6
13102,O0010856,P0353,1,34.15,18.39
13103,O0010856,P0272,1,22.71,19.55
13104,O0010857,P0050,1,32.64,24.74
13105,O0010858,P0208,1,20.68,13.26
13106,O0010859,P0222,1,13.28,10.9
13107,O0010860,P0115,1,35.82,31.02
13108,O0010861,P0166,1,35.51,25.25
13109,O0010862,P0063,1,21.56,13.41
13110,O0010863,P0013,1,79.24,39.41
13111,O0010864,P0041,1,46.99,37.66
13112,O0010865,P0150,1,14.55,10.51
13113,O0010865,P0353,1,34.15,17.25
13114,O0010866,P0210,3,21.59,13.41
13115,O0010867,P0063,1,17.98,13.62
13116,O0010868,P0126,1,57.0,30.0
13117,O0010869,P0252,1,73.33,35.72
13118,O0010870,P0383,1,192.23,84.56
13119,O0010870,P0042,1,72.6,46.53
13120,O0010871,P0139,2,13.84,9.68
13121,O0010871,P0174,1,14.91,8.41
13122,O0010872,P0194,1,46.22,35.59
13123,O0010873,P0358,1,8.47,7.02
13124,O0010874,P0176,1,48.41,35.26
13125,O0010875,P0201,1,29.84,13.46
13126,O0010876,P0271,1,118.13,51.43
13127,O0010877,P0365,1,10.31,9.62
13128,O0010878,P0013,1,79.24,38.84
13129,O0010878,P0284,3,11.42,5.88
13130,O0010878,P0141,1,25.44,16.66
13131,O0010879,P0395,1,51.86,22.14
13132,O0010880,P0111,1,10.42,8.71
13133,O0010881,P0060,1,30.23,18.78
13134,O0010882,P0041,1,46.99,37.39
13135,O0010883,P0133,1,13.22,8.77
13136,O0010884,P0221,1,98.37,89.83
13137,O0010885,P0263,1,26.05,15.64
13138,O0010886,P0366,1,22.18,17.18
13139,O0010887,P0243,1,27.01,13.43
13140,O0010888,P0141,1,22.9,17.06
13141,O0010889,P0200,1,15.63,6.93
13142,O0010890,P0116,1,23.14,18.49
13143,O0010891,P0244,1,37.02,26.31
13144,O0010892,P0008,1,34.08,18.19
13145,O0010892,P0241,1,17.11,10.64
13146,O0010893,P0398,1,9.94,4.47
13147,O0010894,P0319,1,37.48,23.97
13148,O0010895,P0046,1,85.77,52.83
13149,O0010896,P0171,1,21.73,18.43
13150,O0010897,P0301,1,25.5,15.55
13151,O0010898,P0169,1,87.25,53.48
13152,O0010899,P0121,1,12.1,8.17
13153,O0010900,P0057,1,13.99,7.09
13154,O0010901,P0342,1,150.89,115.28
13155,O0010902,P0379,1,107.68,45.27
13156,O0010903,P0123,1,25.7,21.02
13157,O0010904,P0329,3,33.63,23.27
13158,O0010905,P0195,1,24.29,10.22
13159,O0010906,P0150,1,14.55,10.72
13160,O0010907,P0094,1,29.54,24.22
13161,O0010908,P0113,1,20.52,8.52
13162,O0010909,P0364,1,16.3,13.42
13163,O0010909,P0178,1,28.23,24.95
13164,O0010910,P0066,1,23.11,12.44
13165,O0010910,P0339,1,7.52,3.53
13166,O0010911,P0118,1,7.3,4.1
13167,O0010912,P0048,1,19.31,12.45
13168,O0010913,P0392,1,5.0,2.5
13169,O0010914,P0217,1,29.35,12.76
13170,O0010915,P0328,1,17.65,8.27
13171,O0010916,P0084,1,18.96,15.16
13172,O0010917,P0362,1,35.77,24.88
13173,O0010918,P0027,1,22.36,13.45
13174,O0010919,P0326,1,21.66,17.12
13175,O0010920,P0120,1,7.69,6.35
13176,O0010921,P0311,1,6.67,2.99
13177,O0010922,P0283,1,22.15,14.53
13178,O0010923,P0002,1,21.96,15.08
13179,O0010924,P0072,1,31.23,19.55
13180,O0010925,P0308,2,44.75,23.16
13181,O0010926,P0123,1,25.7,20.08
13182,O0010927,P0291,1,26.1,17.71
13183,O0010928,P0300,1,16.61,8.65
13184,O0010928,P0315,1,14.56,8.16
13185,O0010928,P0103,1,20.16,10.96
13186,O0010929,P0288,1,10.33,8.39
13187,O0010929,P0079,1,7.1,5.03
13188,O0010930,P0307,1,26.56,17.91
13189,O0010931,P0032,1,18.03,15.22
13190,O0010931,P0046,1,77.19,52.24
13191,O0010932,P0061,2,7.91,3.65
13192,O0010933,P0324,1,13.62,7.42
13193,O0010933,P0350,1,11.21,5.23
13194,O0010934,P0332,1,18.9,14.66
13195,O0010935,P0196,1,11.97,8.09
13196,O0010936,P0091,1,33.52,31.04
13197,O0010937,P0056,1,53.25,43.11
13198,O0010938,P0230,3,36.36,28.4
13199,O0010939,P0211,1,24.17,10.4
13200,O0010940,P0354,1,110.11,62.73
13201,O0010941,P0189,1,31.8,25.86
13202,O0010941,P0052,1,16.42,12.93
13203,O0010942,P0217,1,29.35,13.16
13204,O0010943,P0380,1,60.42,41.55
13205,O0010944,P0360,2,43.84,37.32
13206,O0010944,P0297,1,8.01,3.75
13207,O0010945,P0249,1,127.56,102.01
13208,O0010946,P0044,1,14.64,10.01
13209,O0010946,P0144,1,28.48,15.35
13210,O0010947,P0209,1,48.72,22.55
13211,O0010948,P0377,1,5.0,4.25
13212,O0010949,P0119,1,29.12,24.99
13213,O0010949,P0031,1,31.79,13.72
13214,O0010950,P0068,1,24.02,10.35
13215,O0010951,P0216,1,33.83,26.46
13216,O0010952,P0236,1,72.46,56.81
13217,O0010953,P0252,1,73.33,36.41
13218,O0010954,P0242,1,40.38,18.62
13219,O0010955,P0311,1,6.67,3.14
13220,O0010956,P0214,1,12.66,8.65
13221,O0010956,P0376,1,7.37,3.63
13222,O0010957,P0233,1,63.03,53.25
13223,O0010958,P0042,2,72.6,46.63
13224,O0010958,P0126,1,57.0,30.95
13225,O0010959,P0117,1,12.46,9.6
13226,O0010960,P0082,1,80.22,39.12
13227,O0010961,P0261,1,5.0,3.51
13228,O0010962,P0143,1,5.0,3.73
13229,O0010963,P0075,1,75.36,52.98
13230,O0010963,P0041,1,46.99,39.3
13231,O0010964,P0226,1,16.11,7.28
13232,O0010965,P0317,1,54.87,27.82
13233,O0010966,P0032,1,13.09,15.28
13234,O0010967,P0307,1,23.41,17.45
13235,O0010967,P0144,1,28.48,15.48
13236,O0010967,P0215,1,17.01,11.96
13237,O0010968,P0152,1,37.27,37.33
13238,O0010969,P0094,1,25.16,23.97
13239,O0010970,P0179,1,12.64,9.72
13240,O0010971,P0372,1,4.68,5.54
13241,O0010972,P0071,1,21.03,9.88
13242,O0010973,P0159,1,5.0,2.39
13243,O0010974,P0016,1,26.81,12.71
13244,O0010975,P0224,1,12.07,6.4
13245,O0010976,P0038,1,19.16,13.13
13246,O0010977,P0017,1,15.17,10.62
13247,O0010978,P0283,1,19.93,14.28
13248,O0010979,P0040,1,21.15,11.89
13249,O0010980,P0213,1,31.76,23.69
13250,O0010980,P0044,1,13.18,9.39
13251,O0010981,P0295,2,51.47,29.56
13252,O0010982,P0242,1,40.38,18.84
13253,O0010983,P0092,1,31.11,24.33
13254,O0010984,P0039,1,16.72,9.43
13255,O0010985,P0125,1,58.35,32.41
13256,O0010986,P0300,1,16.61,8.61
13257,O0010987,P0117,1,12.46,10.15
13258,O0010987,P0385,1,28.75,14.81
13259,O0010987,P0229,1,11.96,9.92
13260,O0010988,P0258,1,8.13,6.95
13261,O0010989,P0330,1,17.52,11.11
13262,O0010990,P0302,1,12.62,10.73
13263,O0010991,P0358,1,8.97,6.68
13264,O0010992,P0163,1,77.71,50.11
13265,O0010993,P0362,1,35.77,24.48
13266,O0010994,P0311,2,6.67,3.03
13267,O0010995,P0209,1,48.72,22.1
13268,O0010996,P0169,1,87.25,55.12
13269,O0010997,P0167,1,25.94,21.23
13270,O0010997,P0275,1,22.42,16.84
13271,O0010998,P0384,1,25.72,19.46
13272,O0010998,P0092,1,31.11,23.71
13273,O0010999,P0080,1,25.92,12.35
13274,O0011000,P0076,1,7.99,5.02
13275,O0011001,P0209,1,48.72,21.79
13276,O0011002,P0374,1,7.84,5.25
13277,O0011003,P0041,1,46.99,38.85
13278,O0011003,P0030,1,57.15,38.36
13279,O0011003,P0314,1,6.49,3.94
13280,O0011004,P0113,1,20.52,8.55
13281,O0011005,P0311,1,6.67,3.14
13282,O0011006,P0351,1,44.95,32.42
13283,O0011007,P0116,1,21.77,19.01
13284,O0011008,P0158,1,45.59,20.14
13285,O0011008,P0160,1,10.81,6.57
13286,O0011009,P0262,1,22.84,11.59
13287,O0011010,P0183,1,38.0,29.64
13288,O0011011,P0090,1,45.85,25.95
13289,O0011011,P0246,1,68.18,48.89
13290,O0011012,P0182,1,26.95,19.98
13291,O0011013,P0150,1,10.42,10.54
13292,O0011014,P0192,1,130.83,73.75
13293,O0011014,P0277,1,16.05,9.37
13294,O0011015,P0333,1,5.0,3.0
13295,O0011016,P0175,1,15.31,6.98
13296,O0011016,P0328,1,17.65,8.63
13297,O0011017,P0039,1,16.72,9.0
13298,O0011018,P0240,1,25.47,21.7
13299,O0011019,P0317,1,49.38,29.36
13300,O0011020,P0368,3,54.43,34.31
13301,O0011021,P0075,1,75.36,51.76
13302,O0011022,P0073,2,61.21,32.33
13303,O0011023,P0374,1,8.71,5.17
13304,O0011024,P0237,2,22.38,13.13
13305,O0011025,P0378,1,23.49,13.15
13306,O0011026,P0167,1,25.94,21.7
13307,O0011027,P0210,1,21.59,13.54
13308,O0011028,P0137,1,14.22,7.63
13309,O0011029,P0016,1,26.81,12.9
13310,O0011030,P0382,1,10.12,8.94
13311,O0011031,P0388,1,15.88,7.03
13312,O0011032,P0273,3,14.02,11.51
13313,O0011033,P0009,1,29.77,17.79
13314,O0011034,P0284,1,11.42,5.94
13315,O0011035,P0392,1,5.0,2.53
13316,O0011036,P0049,1,20.58,12.61
13317,O0011036,P0306,1,44.89,31.7
13318,O0011036,P0271,1,118.13,50.14
13319,O0011037,P0134,1,20.3,8.33
13320,O0011038,P0363,1,87.76,70.76
13321,O0011039,P0351,1,44.95,31.98
13322,O0011040,P0160,1,10.81,6.61
13323,O0011040,P0082,1,84.77,39.3
13324,O0011041,P0129,1,37.04,27.69
13325,O0011042,P0124,1,9.83,7.33
13326,O0011043,P0277,1,16.05,9.35
13327,O0011044,P0069,1,25.74,11.1
13328,O0011045,P0170,1,8.2,6.03
13329,O0011046,P0094,1,24.84,24.25
13330,O0011047,P0038,1,19.16,13.03
13331,O0011048,P0291,1,26.1,18.01
13332,O0011049,P0391,1,59.83,32.1
13333,O0011050,P0062,1,17.52,10.1
13334,O0011051,P0106,1,32.23,22.32
13335,O0011052,P0182,1,26.95,19.81
13336,O0011052,P0153,1,133.98,78.58
13337,O0011053,P0259,1,6.28,3.86
13338,O0011054,P0070,1,176.02,93.25
13339,O0011055,P0298,1,38.49,18.4
13340,O0011055,P0090,1,45.85,26.66
13341,O0011056,P0282,1,31.47,20.42
13342,O0011057,P0337,1,47.63,37.9
13343,O0011058,P0023,1,8.48,7.26
13344,O0011059,P0126,1,47.74,31.31
13345,O0011060,P0067,1,5.29,2.88
13346,O0011061,P0125,1,58.35,33.68
13347,O0011062,P0373,1,8.74,6.63
13348,O0011063,P0078,1,15.6,10.5
13349,O0011064,P0312,1,25.49,17.78
13350,O0011065,P0028,1,19.28,9.92
13351,O0011065,P0260,1,23.47,19.96
13352,O0011066,P0214,1,12.66,8.42
13353,O0011067,P0125,1,58.35,34.07
13354,O0011068,P0042,1,72.6,46.32
13355,O0011069,P0289,1,94.61,71.93
13356,O0011070,P0053,1,51.03,38.12
13357,O0011071,P0344,1,12.43,9.27
13358,O0011072,P0194,1,46.22,35.51
13359,O0011072,P0372,1,6.53,5.44
13360,O0011072,P0243,1,27.01,14.1
13361,O0011073,P0205,1,7.7,5.96
13362,O0011074,P0178,1,31.37,24.02
13363,O0011075,P0218,1,24.78,15.79
13364,O0011075,P0331,1,49.25,29.31
13365,O0011075,P0292,1,12.32,9.22
13366,O0011076,P0198,1,21.81,10.29
13367,O0011077,P0060,1,22.59,18.95
13368,O0011078,P0292,1,12.32,9.48
13369,O0011079,P0383,1,192.23,84.28
13370,O0011080,P0386,1,21.86,11.04
13371,O0011081,P0059,1,27.98,13.03
13372,O0011082,P0185,1,47.48,21.85
13373,O0011083,P0375,1,19.93,9.41
13374,O0011084,P0358,1,9.97,6.67
13375,O0011085,P0345,1,21.42,20.18
13376,O0011086,P0118,1,7.3,3.91
13377,O0011087,P0204,1,29.54,25.39
13378,O0011087,P0005,1,86.78,35.84
13379,O0011087,P0384,1,23.15,19.9
13380,O0011088,P0194,1,46.22,35.68
13381,O0011089,P0324,1,15.13,7.28
13382,O0011090,P0089,1,30.2,16.86
13383,O0011091,P0234,1,16.86,7.88
13384,O0011092,P0267,1,16.05,7.56
13385,O0011093,P0037,1,12.54,10.15
13386,O0011094,P0041,1,40.43,37.55
13387,O0011095,P0306,1,44.89,32.0
13388,O0011096,P0130,3,534.96,366.74
13389,O0011097,P0268,3,13.01,5.65
13390,O0011097,P0056,1,53.25,44.17
13391,O0011097,P0078,1,15.6,10.89
13392,O0011098,P0230,1,28.98,28.47
13393,O0011099,P0249,1,127.56,100.94
13394,O0011100,P0093,2,14.24,6.95
13395,O0011101,P0235,1,6.23,5.26
13396,O0011102,P0045,1,21.5,15.02
13397,O0011102,P0122,1,22.5,23.0
13398,O0011103,P0400,1,36.29,19.01
13399,O0011104,P0253,1,57.21,32.68
13400,O0011105,P0093,2,14.24,6.92
13401,O0011106,P0360,1,43.84,35.29
13402,O0011107,P0211,1,24.17,10.46
13403,O0011108,P0213,1,31.76,22.92
13404,O0011109,P0155,1,67.59,28.28
13405,O0011110,P0362,1,35.77,24.45
13406,O0011111,P0229,1,11.96,10.07
13407,O0011112,P0105,1,23.07,19.25
13408,O0011113,P0328,1,17.65,8.29
13409,O0011114,P0089,1,30.2,16.49
13410,O0011115,P0137,1,16.82,8.06
13411,O0011116,P0190,1,22.11,14.66
13412,O0011117,P0094,1,29.54,24.71
13413,O0011118,P0360,1,43.84,35.55
13414,O0011119,P0032,1,18.03,15.37
13415,O0011120,P0152,1,51.13,37.72
13416,O0011121,P0247,1,84.85,55.75
13417,O0011122,P0228,2,110.05,84.73
13418,O0011123,P0381,1,19.78,9.03
13419,O0011124,P0128,1,29.16,29.82
13420,O0011125,P0117,1,12.46,9.6
13421,O0011126,P0223,1,141.44,74.87
13422,O0011127,P0129,1,37.04,27.62
13423,O0011128,P0180,1,15.67,12.21
13424,O0011129,P0392,1,5.0,2.48
13425,O0011130,P0077,1,11.11,4.8
13426,O0011131,P0350,1,11.21,5.38
13427,O0011132,P0220,1,36.54,27.34
13428,O0011133,P0146,1,22.38,18.72
13429,O0011133,P0353,1,34.15,17.88
13430,O0011134,P0147,1,36.74,22.39
13431,O0011134,P0098,1,35.84,18.11
13432,O0011135,P0181,1,24.13,14.37
13433,O0011136,P0073,1,61.21,30.92
13434,O0011137,P0364,1,15.09,13.06
13435,O0011138,P0156,1,13.93,6.56
13436,O0011138,P0364,1,16.3,13.91
13437,O0011139,P0047,1,26.3,14.07
13438,O0011140,P0306,1,44.89,31.73
13439,O0011140,P0198,1,21.81,10.02
13440,O0011140,P0334,1,10.95,6.09
13441,O0011141,P0040,1,21.15,11.74
13442,O0011142,P0021,1,42.63,26.1
13443,O0011143,P0022,1,8.03,5.96
13444,O0011144,P0114,1,39.09,36.89
13445,O0011145,P0155,1,61.37,27.35
13446,O0011146,P0159,1,5.0,2.35
13447,O0011147,P0063,1,21.56,13.8
13448,O0011148,P0128,1,37.0,30.51
13449,O0011149,P0220,1,36.54,26.39
13450,O0011149,P0192,1,130.83,74.72
13451,O0011150,P0072,1,31.23,20.08
13452,O0011151,P0097,1,109.14,74.6
13453,O0011152,P0206,1,7.96,6.86
13454,O0011153,P0096,1,13.85,6.66
13455,O0011154,P0381,1,19.78,8.78
13456,O0011155,P0041,1,46.99,37.49
13457,O0011156,P0144,1,28.48,15.05
13458,O0011157,P0146,1,22.38,18.4
13459,O0011158,P0213,1,31.76,23.59
13460,O0011159,P0307,1,26.56,17.26
13461,O0011160,P0184,1,20.87,12.76
13462,O0011161,P0268,1,13.01,5.95
13463,O0011162,P0259,1,6.28,3.79
13464,O0011162,P0317,1,54.87,27.99
13465,O0011163,P0158,1,45.59,19.88
13466,O0011164,P0380,1,60.42,41.89
13467,O0011165,P0305,1,15.47,7.67
13468,O0011166,P0374,1,8.71,5.47
13469,O0011167,P0167,1,25.94,21.09
13470,O0011168,P0321,1,38.93,29.71
13471,O0011169,P0159,1,5.0,2.44
13472,O0011170,P0181,1,24.13,14.17
13473,O0011171,P0201,1,29.84,12.94
13474,O0011172,P0208,1,20.68,13.4
13475,O0011173,P0304,1,11.87,9.52
13476,O0011174,P0028,1,17.35,10.13
13477,O0011175,P0242,1,40.38,19.37
13478,O0011176,P0261,1,5.0,3.57
13479,O0011177,P0094,1,29.54,24.2
13480,O0011178,P0306,1,40.4,31.2
13481,O0011179,P0092,1,31.11,23.01
13482,O0011180,P0370,1,17.44,7.14
13483,O0011181,P0082,1,84.77,39.72
13484,O0011182,P0302,1,12.62,10.95
13485,O0011183,P0308,1,44.75,23.31
13486,O0011184,P0174,1,14.91,8.45
13487,O0011185,P0325,1,26.29,17.8
13488,O0011186,P0309,1,12.33,8.19
13489,O0011187,P0045,1,23.84,15.84
13490,O0011188,P0081,1,11.76,9.55
13491,O0011189,P0155,1,67.59,28.59
13492,O0011190,P0185,1,47.48,21.28
13493,O0011191,P0023,1,8.48,7.06
13494,O0011192,P0090,1,45.85,26.18
13495,O0011193,P0040,1,21.15,11.65
13496,O0011194,P0391,1,66.48,31.27
13497,O0011195,P0121,1,12.1,8.47
13498,O0011196,P0189,2,31.8,27.13
13499,O0011197,P0124,1,9.83,7.21
13500,O0011197,P0106,1,32.23,22.18
13501,O0011197,P0140,1,42.25,18.47
13502,O0011198,P0330,1,15.42,11.05
13503,O0011199,P0098,1,35.84,18.22
13504,O0011200,P0089,1,30.2,16.79
13505,O0011201,P0301,1,25.5,14.96
13506,O0011202,P0005,1,86.78,35.19
13507,O0011203,P0143,1,5.0,3.77
13508,O0011204,P0250,1,89.92,58.67
13509,O0011205,P0013,1,79.24,39.48
13510,O0011206,P0340,1,61.25,46.64
13511,O0011207,P0047,1,26.3,14.75
13512,O0011208,P0276,1,20.56,15.83
13513,O0011209,P0072,1,31.23,19.04
13514,O0011210,P0181,1,24.13,13.57
13515,O0011211,P0364,1,16.3,13.8
13516,O0011212,P0322,1,20.85,17.56
13517,O0011213,P0090,1,45.85,26.5
13518,O0011214,P0323,1,33.01,28.06
13519,O0011215,P0129,1,37.04,27.61
13520,O0011216,P0355,1,5.91,3.62
13521,O0011217,P0207,1,13.81,10.53
13522,O0011218,P0328,1,17.65,8.41
13523,O0011219,P0130,2,534.96,377.67
13524,O0011220,P0313,2,40.89,19.85
13525,O0011220,P0076,2,7.99,5.22
13526,O0011221,P0291,1,26.1,17.29
13527,O0011221,P0015,1,15.87,11.22
13528,O0011221,P0062,1,17.52,9.87
13529,O0011222,P0298,1,35.88,18.21
13530,O0011222,P0026,1,20.86,13.66
13531,O0011222,P0353,2,26.15,17.78
13532,O0011223,P0004,1,20.34,16.11
13533,O0011224,P0204,3,29.54,25.0
13534,O0011224,P0329,1,33.63,24.44
13535,O0011225,P0069,1,25.74,11.23
13536,O0011226,P0251,2,41.11,29.74
13537,O0011227,P0068,1,24.02,9.87
13538,O0011228,P0015,1,15.87,10.79
13539,O0011229,P0249,1,127.56,102.74
13540,O0011230,P0034,1,40.02,31.9
13541,O0011231,P0016,1,26.81,13.4
13542,O0011232,P0245,1,7.19,3.38
13543,O0011233,P0096,1,13.85,6.82
13544,O0011234,P0376,1,6.63,3.49
13545,O0011235,P0093,1,14.24,6.99
13546,O0011236,P0151,1,8.95,7.3
13547,O0011236,P0177,1,45.34,36.15
13548,O0011237,P0088,1,28.44,23.79
13549,O0011237,P0138,1,58.62,37.61
13550,O0011238,P0287,1,14.63,6.66
13551,O0011239,P0242,1,40.38,18.76
13552,O0011240,P0190,1,22.11,14.41
13553,O0011241,P0321,1,38.93,31.46
13554,O0011242,P0272,1,25.23,19.6
13555,O0011242,P0161,1,90.55,63.72
13556,O0011243,P0165,1,11.19,5.05
13557,O0011243,P0376,2,7.37,3.51
13558,O0011244,P0014,2,20.48,13.3
13559,O0011245,P0212,1,19.47,9.17
13560,O0011246,P0173,2,30.72,13.08
13561,O0011247,P0302,1,12.62,10.77
13562,O0011248,P0101,1,53.02,38.41
13563,O0011249,P0164,1,7.78,5.99
13564,O0011250,P0111,1,10.42,8.82
13565,O0011250,P0275,1,22.42,17.42
13566,O0011251,P0354,1,77.34,62.96
13567,O0011251,P0396,1,52.27,33.4
13568,O0011251,P0078,1,12.78,10.74
13569,O0011252,P0251,1,41.11,29.83
13570,O0011253,P0068,1,24.02,10.18
13571,O0011254,P0198,1,21.81,10.21
13572,O0011255,P0069,2,25.74,10.77
13573,O0011256,P0326,1,21.66,16.67
13574,O0011257,P0290,1,49.67,31.5
13575,O0011258,P0177,2,50.38,37.94
13576,O0011258,P0357,1,30.69,19.47
13577,O0011259,P0300,1,16.61,8.64
13578,O0011260,P0172,1,39.28,32.41
13579,O0011261,P0184,1,20.87,12.23
13580,O0011262,P0115,1,35.82,30.41
13581,O0011263,P0392,1,5.0,2.49
13582,O0011264,P0061,1,7.91,3.68
13583,O0011265,P0072,1,31.23,19.96
13584,O0011266,P0395,1,51.86,21.48
13585,O0011267,P0204,2,29.54,25.89
13586,O0011268,P0352,1,11.73,7.95
13587,O0011269,P0336,1,93.8,78.94
13588,O0011269,P0346,1,15.76,13.89
13589,O0011269,P0314,1,4.88,4.09
13590,O0011270,P0377,1,5.0,4.02
13591,O0011271,P0130,1,534.96,367.4
13592,O0011272,P0213,1,31.76,23.39
13593,O0011273,P0298,1,38.49,18.15
13594,O0011274,P0130,2,534.96,385.96
13595,O0011275,P0263,1,32.89,15.87
13596,O0011275,P0053,1,51.03,38.53
13597,O0011275,P0327,2,32.14,15.75
13598,O0011276,P0044,1,14.64,9.89
13599,O0011277,P0283,1,22.15,14.8
13600,O0011278,P0247,1,84.85,55.62
13601,O0011278,P0298,1,34.64,18.6
13602,O0011278,P0315,1,14.56,8.32
13603,O0011279,P0251,3,37.0,29.69
13604,O0011279,P0101,1,53.02,37.42
13605,O0011280,P0187,1,69.71,38.03
13606,O0011281,P0176,1,48.41,34.48
13607,O0011282,P0398,1,9.94,4.63
13608,O0011283,P0043,1,29.48,25.47
13609,O0011284,P0244,1,37.02,25.49
13610,O0011285,P0226,1,16.11,7.3
13611,O0011286,P0106,1,29.01,22.77
13612,O0011287,P0047,1,26.3,14.78
13613,O0011288,P0114,1,43.43,36.06
13614,O0011289,P0279,2,7.3,4.46
13615,O0011290,P0171,1,21.73,18.12
13616,O0011291,P0045,1,23.84,15.2
13617,O0011292,P0328,1,17.65,8.35
13618,O0011293,P0189,1,31.8,26.49
13619,O0011294,P0092,1,31.11,24.14
13620,O0011295,P0144,1,28.48,14.89
13621,O0011296,P0051,1,12.85,10.77
13622,O0011297,P0369,1,21.62,16.35
13623,O0011298,P0116,3,23.14,18.38
13624,O0011299,P0257,1,90.28,71.85
13625,O0011300,P0150,1,12.29,10.88
13626,O0011301,P0033,1,14.27,5.75
13627,O0011302,P0200,3,15.63,7.04
13628,O0011303,P0079,1,5.84,5.01
13629,O0011304,P0344,1,9.64,9.4
13630,O0011305,P0051,1,12.85,10.81
13631,O0011306,P0082,2,84.77,39.71
13632,O0011307,P0277,1,16.05,9.16
13633,O0011308,P0278,1,15.48,9.75
13634,O0011309,P0318,1,15.46,10.81
13635,O0011310,P0129,1,30.07,27.89
13636,O0011311,P0254,1,6.01,3.76
13637,O0011312,P0038,1,19.16,12.83
13638,O0011313,P0159,1,5.0,2.42
13639,O0011314,P0020,1,10.53,8.92
13640,O0011315,P0292,1,12.32,9.22
13641,O0011316,P0040,1,21.15,11.59
13642,O0011317,P0099,1,11.25,6.29
13643,O0011318,P0153,1,133.98,82.58
13644,O0011319,P0023,1,8.48,7.08
13645,O0011320,P0400,1,36.29,18.58
13646,O0011321,P0084,1,18.96,15.06
13647,O0011322,P0113,1,15.68,8.27
13648,O0011323,P0138,1,58.62,36.54
13649,O0011324,P0060,1,30.23,19.77
13650,O0011325,P0203,1,16.83,7.7
13651,O0011326,P0272,1,25.23,19.44
13652,O0011326,P0389,1,20.01,12.71
13653,O0011326,P0309,1,14.44,8.06
13654,O0011327,P0026,1,28.14,14.39
13655,O0011328,P0363,1,81.36,72.33
13656,O0011329,P0302,1,12.62,10.59
13657,O0011330,P0115,1,35.82,30.95
13658,O0011331,P0306,1,44.89,32.7
13659,O0011332,P0354,1,110.11,61.08
13660,O0011333,P0320,1,77.73,47.47
13661,O0011334,P0263,1,32.89,16.27
13662,O0011335,P0039,1,15.05,9.45
13663,O0011336,P0060,1,30.23,19.87
13664,O0011337,P0389,1,20.01,12.59
13665,O0011338,P0390,1,81.71,51.09
13666,O0011339,P0175,1,15.31,7.05
13667,O0011340,P0127,1,37.04,29.73
13668,O0011341,P0078,1,15.6,10.55
13669,O0011342,P0384,1,21.01,19.31
13670,O0011342,P0375,1,14.6,9.2
13671,O0011343,P0001,1,36.5,26.48
13672,O0011344,P0392,1,5.0,2.52
13673,O0011345,P0134,1,20.3,8.43
13674,O0011346,P0317,1,49.76,28.86
13675,O0011347,P0271,1,118.13,50.6
13676,O0011347,P0349,1,19.77,15.6
13677,O0011348,P0299,2,14.58,7.21
13678,O0011348,P0029,1,16.97,8.75
13679,O0011348,P0027,1,20.12,12.91
13680,O0011349,P0326,1,21.66,16.84
13681,O0011350,P0386,1,21.86,10.93
13682,O0011351,P0276,1,18.5,15.68
13683,O0011352,P0158,1,45.59,20.14
13684,O0011353,P0207,2,12.04,10.74
13685,O0011354,P0227,1,32.25,17.37
13686,O0011355,P0309,1,14.44,7.77
13687,O0011356,P0317,1,54.87,28.42
13688,O0011356,P0126,2,46.37,31.41
13689,O0011357,P0029,1,16.97,8.89
13690,O0011358,P0048,1,19.31,12.24
13691,O0011359,P0346,1,16.74,13.5
13692,O0011360,P0201,1,29.84,13.09
13693,O0011361,P0224,1,12.85,6.15
13694,O0011362,P0074,1,44.77,33.59
13695,O0011363,P0287,1,14.63,6.83
13696,O0011364,P0053,1,51.03,38.34
13697,O0011365,P0317,1,54.87,27.83
13698,O0011366,P0084,1,18.96,15.52
13699,O0011367,P0335,1,24.9,12.81
13700,O0011368,P0175,2,15.31,6.88
13701,O0011369,P0001,1,31.83,27.08
13702,O0011370,P0312,1,22.94,17.27
13703,O0011371,P0216,1,33.83,26.36
13704,O0011371,P0252,1,73.33,37.38
13705,O0011372,P0345,1,25.98,19.02
13706,O0011373,P0016,1,26.81,12.97
13707,O0011374,P0055,1,23.86,21.02
13708,O0011375,P0098,1,35.84,17.99
13709,O0011376,P0035,1,55.97,41.85
13710,O0011377,P0389,1,20.01,13.37
13711,O0011378,P0365,1,11.12,9.61
13712,O0011379,P0078,1,15.6,10.33
13713,O0011380,P0343,1,16.99,8.55
13714,O0011381,P0286,1,7.07,4.39
13715,O0011381,P0160,1,10.81,6.57
13716,O0011382,P0147,1,36.74,21.2
13717,O0011382,P0368,1,58.87,35.55
13718,O0011383,P0306,2,44.89,33.01
13719,O0011384,P0087,1,6.78,3.09
13720,O0011385,P0359,1,24.36,19.65
13721,O0011385,P0005,1,79.07,35.83
13722,O0011386,P0067,1,5.29,2.75
13723,O0011387,P0216,1,33.83,27.45
13724,O0011388,P0355,1,5.91,3.62
13725,O0011389,P0230,1,36.36,29.15
13726,O0011390,P0228,1,110.05,83.36
13727,O0011391,P0145,1,13.01,5.55
13728,O0011391,P0071,1,19.7,9.67
13729,O0011392,P0193,1,61.96,47.59
13730,O0011393,P0081,1,10.58,9.92
13731,O0011394,P0066,1,23.11,12.11
13732,O0011394,P0371,1,10.92,6.88
13733,O0011395,P0287,1,14.63,6.86
13734,O0011396,P0105,1,23.07,18.5
13735,O0011397,P0361,1,13.03,8.84
13736,O0011398,P0151,3,8.95,7.49
13737,O0011399,P0056,1,46.17,43.3
13738,O0011400,P0313,1,40.89,19.02
13739,O0011401,P0117,1,12.46,9.87
13740,O0011402,P0141,1,17.87,16.8
13741,O0011403,P0373,1,8.74,6.39
13742,O0011404,P0303,1,20.26,17.09
13743,O0011404,P0296,1,113.02,96.81
13744,O0011405,P0351,1,33.3,32.77
13745,O0011405,P0296,1,81.77,96.14
13746,O0011406,P0327,1,32.14,16.31
13747,O0011407,P0218,1,24.78,16.71
13748,O0011408,P0289,1,94.61,74.16
13749,O0011408,P0067,1,5.29,2.86
13750,O0011409,P0088,1,28.44,23.89
13751,O0011410,P0143,1,5.0,3.76
13752,O0011411,P0056,1,53.25,44.46
13753,O0011411,P0334,1,10.95,6.12
13754,O0011412,P0104,1,13.42,7.11
13755,O0011413,P0198,1,21.81,9.69
13756,O0011414,P0174,1,14.91,8.34
13757,O0011415,P0129,1,37.04,28.49
13758,O0011415,P0045,1,21.46,15.72
13759,O0011415,P0269,1,22.52,11.38
13760,O0011416,P0009,1,29.77,18.02
13761,O0011417,P0272,1,25.23,19.91
13762,O0011417,P0308,1,44.75,24.7
13763,O0011417,P0007,1,16.85,7.97
13764,O0011418,P0326,1,21.66,17.53
13765,O0011419,P0173,1,30.72,13.69
13766,O0011420,P0158,1,45.59,20.17
13767,O0011421,P0305,1,15.47,7.68
13768,O0011422,P0105,1,23.07,18.35
13769,O0011423,P0196,1,11.97,8.0
13770,O0011424,P0047,1,26.3,14.65
13771,O0011425,P0150,1,13.1,10.38
13772,O0011426,P0350,1,11.21,5.3
13773,O0011426,P0204,1,29.54,25.7
13774,O0011427,P0147,1,36.74,21.36
13775,O0011428,P0219,1,25.02,17.73
13776,O0011429,P0225,1,5.0,3.36
13777,O0011430,P0160,1,10.81,6.32
13778,O0011431,P0327,1,32.14,15.54
13779,O0011432,P0221,1,137.35,91.06
13780,O0011433,P0239,1,24.64,18.75
13781,O0011434,P0332,1,18.9,14.36
13782,O0011435,P0085,1,47.03,36.53
13783,O0011436,P0236,1,72.46,58.28
13784,O0011437,P0182,1,26.95,21.15
13785,O0011438,P0301,1,25.5,14.81
13786,O0011438,P0292,1,12.32,8.92
13787,O0011438,P0157,1,34.99,22.28
13788,O0011439,P0213,1,31.76,24.38
13789,O0011440,P0145,1,13.01,5.35
13790,O0011441,P0369,1,16.19,16.35
13791,O0011442,P0279,1,7.3,4.62
13792,O0011443,P0124,1,9.83,7.46
13793,O0011444,P0125,1,58.35,33.45
13794,O0011444,P0164,1,7.78,6.41
13795,O0011445,P0282,1,31.47,20.44
13796,O0011446,P0084,1,18.96,15.01
13797,O0011447,P0379,1,85.86,43.67
13798,O0011448,P0075,1,75.36,53.4
13799,O0011449,P0025,2,44.29,20.07
13800,O0011450,P0156,1,13.93,6.19
13801,O0011450,P0369,1,21.62,16.68
13802,O0011451,P0258,1,8.13,6.71
13803,O0011451,P0112,1,36.09,30.11
13804,O0011452,P0203,1,16.83,7.32
13805,O0011453,P0248,1,26.91,20.98
13806,O0011454,P0229,1,11.96,9.95
13807,O0011455,P0360,1,43.84,36.37
13808,O0011456,P0384,1,25.72,19.7
13809,O0011457,P0057,1,13.99,7.17
13810,O0011457,P0144,1,28.48,15.29
13811,O0011458,P0346,1,16.74,13.71
13812,O0011459,P0143,1,5.0,3.76
13813,O0011460,P0139,1,13.84,9.73
13814,O0011460,P0182,1,26.95,21.14
13815,O0011460,P0238,1,59.44,35.76
13816,O0011461,P0043,1,32.76,25.36
13817,O0011462,P0101,1,53.02,36.9
13818,O0011463,P0179,1,12.64,9.62
13819,O0011464,P0192,1,130.83,74.81
13820,O0011465,P0254,1,6.01,3.53
13821,O0011466,P0199,1,34.14,23.5
13822,O0011467,P0335,1,24.9,12.88
13823,O0011468,P0174,1,14.91,8.02
13824,O0011469,P0321,1,38.93,29.8
13825,O0011470,P0394,1,11.85,7.87
13826,O0011471,P0288,1,9.3,8.63
13827,O0011471,P0111,1,10.42,8.86
13828,O0011472,P0017,1,15.17,11.16
13829,O0011473,P0226,1,16.11,7.3
13830,O0011474,P0349,1,19.77,15.03
13831,O0011475,P0059,1,31.09,13.06
13832,O0011476,P0281,1,38.91,25.12
13833,O0011477,P0101,1,53.02,37.08
13834,O0011478,P0310,1,38.72,23.62
13835,O0011479,P0272,1,25.23,18.88
13836,O0011480,P0135,1,156.29,82.94
13837,O0011481,P0091,1,37.25,29.19
13838,O0011482,P0115,1,35.82,29.7
13839,O0011483,P0272,1,25.23,19.3
13840,O0011484,P0088,1,28.44,22.96
13841,O0011485,P0272,2,25.23,20.05
13842,O0011486,P0388,2,15.88,6.92
13843,O0011487,P0394,1,9.81,7.55
13844,O0011488,P0158,1,45.59,19.94
13845,O0011489,P0398,1,9.94,4.54
13846,O0011490,P0310,1,38.72,23.6
13847,O0011491,P0352,1,11.73,8.29
13848,O0011492,P0253,1,45.31,33.82
13849,O0011492,P0272,1,25.23,19.86
13850,O0011493,P0339,1,7.52,3.49
13851,O0011494,P0269,1,22.52,10.92
13852,O0011495,P0353,1,34.15,18.02
13853,O0011496,P0244,1,37.02,26.34
13854,O0011497,P0246,1,68.18,48.49
13855,O0011498,P0239,1,24.64,18.56
13856,O0011499,P0073,1,61.21,32.45
13857,O0011500,P0222,1,11.95,11.04
13858,O0011501,P0153,1,133.98,79.43
13859,O0011502,P0352,1,11.73,8.35
13860,O0011503,P0080,1,25.92,12.59
13861,O0011504,P0084,1,18.96,15.38
13862,O0011505,P0197,1,53.52,29.56
13863,O0011506,P0041,1,46.99,39.27
13864,O0011507,P0165,1,11.19,5.05
13865,O0011508,P0007,1,16.85,8.12
13866,O0011509,P0290,1,49.67,31.65
13867,O0011509,P0037,1,12.54,10.05
13868,O0011509,P0019,1,24.27,10.52
13869,O0011510,P0177,1,50.38,37.91
13870,O0011511,P0012,1,31.54,18.58
13871,O0011512,P0397,1,39.33,17.69
13872,O0011513,P0258,1,8.13,6.75
13873,O0011514,P0084,1,18.96,15.58
13874,O0011515,P0149,1,16.78,10.91
13875,O0011515,P0252,1,73.33,37.33
13876,O0011516,P0145,1,13.01,5.25
13877,O0011517,P0294,1,21.07,11.68
13878,O0011517,P0375,1,19.93,9.21
13879,O0011518,P0180,1,15.67,12.52
13880,O0011519,P0108,1,78.48,48.43
13881,O0011520,P0171,1,21.73,18.42
13882,O0011521,P0040,1,21.15,11.41
13883,O0011522,P0086,1,9.16,6.12
13884,O0011523,P0075,1,75.36,53.06
13885,O0011524,P0089,1,27.18,17.18
13886,O0011524,P0397,1,43.7,18.38
13887,O0011525,P0034,1,36.02,30.19
13888,O0011525,P0205,1,7.7,6.18
13889,O0011525,P0296,1,113.02,95.24
13890,O0011526,P0391,1,49.41,31.03
13891,O0011527,P0201,1,29.84,12.69
13892,O0011528,P0275,1,22.42,17.05
13893,O0011529,P0070,1,176.02,93.11
13894,O0011530,P0377,1,5.0,4.12
13895,O0011531,P0051,1,12.85,10.46
13896,O0011531,P0264,1,11.57,6.55
13897,O0011532,P0223,1,141.44,73.52
13898,O0011533,P0140,1,42.25,18.7
13899,O0011534,P0149,1,16.78,11.15
13900,O0011535,P0004,2,20.34,16.6
13901,O0011535,P0110,1,12.36,5.07
13902,O0011535,P0246,1,68.18,48.95
13903,O0011536,P0273,1,14.02,11.66
13904,O0011537,P0183,1,38.0,30.79
13905,O0011538,P0258,1,8.13,7.01
13906,O0011538,P0187,1,69.71,37.29
13907,O0011539,P0317,1,54.87,29.13
13908,O0011540,P0315,1,14.56,8.32
13909,O0011541,P0206,2,7.96,6.58
13910,O0011542,P0059,1,31.09,12.82
13911,O0011543,P0076,3,7.99,5.03
13912,O0011544,P0076,1,7.19,5.18
13913,O0011545,P0031,1,31.79,13.62
13914,O0011546,P0285,1,13.4,5.4
13915,O0011547,P0329,1,33.63,24.27
13916,O0011548,P0317,1,54.87,29.14
13917,O0011549,P0008,1,37.87,19.06
13918,O0011550,P0229,1,11.96,9.6
13919,O0011550,P0081,1,11.76,9.55
13920,O0011551,P0071,1,21.03,10.21
13921,O0011552,P0047,1,26.3,14.64
13922,O0011553,P0150,1,12.01,10.35
13923,O0011554,P0168,1,18.02,12.36
13924,O0011555,P0183,1,28.16,31.05
13925,O0011556,P0203,1,16.83,7.64
13926,O0011557,P0270,1,10.72,6.07
13927,O0011558,P0152,1,51.13,37.13
13928,O0011558,P0070,1,176.02,95.48
13929,O0011558,P0104,1,13.42,6.95
13930,O0011559,P0013,1,79.24,40.01
13931,O0011560,P0251,2,41.11,30.67
13932,O0011561,P0085,1,47.03,36.54
13933,O0011562,P0331,1,49.25,28.37
13934,O0011563,P0288,1,10.33,8.61
13935,O0011564,P0284,1,11.42,5.92
13936,O0011564,P0095,2,31.01,12.27
13937,O0011565,P0399,1,16.13,11.19
13938,O0011566,P0132,1,41.31,22.46
13939,O0011567,P0175,1,14.26,7.15
13940,O0011567,P0233,2,63.03,53.4
13941,O0011568,P0242,1,40.38,18.94
13942,O0011568,P0019,1,24.27,10.19
13943,O0011569,P0201,1,29.84,12.82
13944,O0011570,P0388,1,15.88,6.69
13945,O0011570,P0022,1,8.32,5.74
13946,O0011570,P0257,1,90.28,74.58
13947,O0011571,P0133,1,11.96,9.1
13948,O0011572,P0265,1,23.33,16.98
13949,O0011573,P0289,3,94.61,70.06
13950,O0011574,P0019,1,24.27,10.05
13951,O0011575,P0214,1,12.66,8.66
13952,O0011576,P0137,1,16.82,7.88
13953,O0011576,P0032,1,18.03,15.02
13954,O0011577,P0132,1,34.2,22.7
13955,O0011578,P0393,1,7.96,5.67
13956,O0011579,P0382,1,10.12,8.61
13957,O0011580,P0014,1,20.48,13.41
13958,O0011580,P0241,1,17.11,10.42
13959,O0011581,P0183,1,31.89,30.11
13960,O0011582,P0263,1,26.68,15.95
13961,O0011583,P0027,1,22.36,13.44
13962,O0011584,P0068,1,24.02,9.81
13963,O0011585,P0121,1,12.1,8.59
13964,O0011586,P0199,1,30.73,23.75
13965,O0011587,P0338,1,5.0,3.45
13966,O0011588,P0322,1,20.85,17.84
13967,O0011589,P0313,1,40.89,19.22
13968,O0011589,P0180,1,15.67,11.85
13969,O0011590,P0201,1,29.84,13.22
13970,O0011591,P0315,1,12.65,8.17
13971,O0011592,P0372,1,6.53,5.27
13972,O0011593,P0183,1,38.0,30.71
13973,O0011594,P0310,1,33.63,23.77
13974,O0011595,P0143,1,5.0,3.94
13975,O0011596,P0079,1,7.1,4.97
13976,O0011597,P0277,1,16.05,9.01
13977,O0011598,P0093,2,14.24,6.76
13978,O0011599,P0245,1,7.19,3.4
13979,O0011600,P0105,1,23.07,18.48
13980,O0011600,P0179,1,12.64,9.65
13981,O0011601,P0143,1,5.0,3.74
13982,O0011602,P0266,1,52.67,25.36
13983,O0011602,P0186,1,47.03,39.11
13984,O0011603,P0314,1,6.49,4.19
13985,O0011604,P0109,1,40.47,21.07
13986,O0011605,P0389,1,20.01,12.94
13987,O0011606,P0077,1,11.11,4.78
13988,O0011607,P0117,1,11.21,10.02
13989,O0011607,P0236,1,72.46,58.85
13990,O0011608,P0142,1,14.57,10.37
13991,O0011608,P0064,1,33.89,25.25
13992,O0011608,P0242,1,40.38,18.18
13993,O0011609,P0176,1,48.41,35.68
13994,O0011609,P0049,1,20.58,12.42
13995,O0011610,P0354,1,110.11,62.52
13996,O0011611,P0289,1,94.61,71.41
13997,O0011611,P0088,1,28.44,23.27
13998,O0011611,P0234,1,16.86,7.92
13999,O0011612,P0053,1,51.03,39.01
14000,O0011613,P0009,1,29.77,17.98
14001,O0011614,P0113,1,20.52,8.5
14002,O0011615,P0146,1,20.88,18.71
14003,O0011616,P0021,1,47.37,26.77
14004,O0011617,P0306,1,44.89,32.32
14005,O0011618,P0396,1,67.85,35.14
14006,O0011619,P0167,1,23.35,20.98
14007,O0011619,P0060,1,30.23,19.41
14008,O0011619,P0270,1,10.72,5.95
14009,O0011620,P0137,3,16.82,7.67
14010,O0011621,P0171,1,16.59,18.47
14011,O0011622,P0352,1,11.73,8.31
14012,O0011623,P0167,1,25.94,21.14
14013,O0011624,P0105,3,23.07,18.29
14014,O0011625,P0246,1,68.18,49.5
14015,O0011626,P0194,1,46.22,35.45
14016,O0011627,P0155,1,67.59,28.59
14017,O0011628,P0118,1,6.51,4.13
14018,O0011629,P0330,1,15.77,11.57
14019,O0011630,P0381,1,19.78,8.57
14020,O0011631,P0305,2,15.47,7.52
14021,O0011632,P0048,1,19.31,12.22
14022,O0011633,P0327,1,32.14,15.94
14023,O0011633,P0168,1,18.02,11.63
14024,O0011633,P0139,1,13.84,9.88
14025,O0011634,P0280,1,73.22,53.19
14026,O0011635,P0165,1,11.19,4.86
14027,O0011636,P0181,2,21.66,14.06
14028,O0011637,P0088,1,28.44,22.83
14029,O0011638,P0158,1,45.59,20.97
14030,O0011639,P0050,1,32.64,25.03
14031,O0011640,P0032,1,18.03,15.04
14032,O0011641,P0253,1,57.21,32.38
14033,O0011642,P0113,1,18.47,8.6
14034,O0011643,P0044,1,14.64,9.8
14035,O0011644,P0081,1,11.76,9.88
14036,O0011645,P0124,1,9.83,7.43
14037,O0011646,P0123,1,25.7,20.25
14038,O0011647,P0040,1,21.15,11.99
14039,O0011648,P0101,1,53.02,36.41
14040,O0011649,P0152,1,51.13,37.61
14041,O0011650,P0388,1,15.88,6.81
14042,O0011650,P0060,3,30.23,18.72
14043,O0011651,P0295,1,51.47,28.37
14044,O0011652,P0337,1,47.63,38.86
14045,O0011653,P0110,1,12.36,5.31
14046,O0011654,P0112,1,36.09,30.47
14047,O0011655,P0308,1,44.75,23.11
14048,O0011656,P0400,1,36.29,18.82
14049,O0011657,P0261,1,4.5,3.43
14050,O0011658,P0348,1,16.31,12.55
14051,O0011659,P0223,1,141.44,72.85
14052,O0011660,P0021,1,47.37,25.47
14053,O0011661,P0283,1,22.15,14.68
14054,O0011661,P0177,1,50.38,38.17
14055,O0011661,P0202,1,16.35,12.55
14056,O0011662,P0276,1,17.54,15.7
14057,O0011663,P0207,1,13.81,10.68
14058,O0011663,P0238,2,66.04,34.96
14059,O0011664,P0039,1,16.72,9.06
14060,O0011665,P0245,1,6.51,3.39
14061,O0011666,P0105,1,20.76,18.66
14062,O0011667,P0357,1,30.69,19.7
14063,O0011668,P0298,1,38.49,18.43
14064,O0011669,P0188,1,24.95,19.69
14065,O0011670,P0260,1,21.12,20.55
14066,O0011671,P0326,1,17.86,17.26
14067,O0011671,P0010,1,5.31,2.9
14068,O0011672,P0316,1,25.48,11.69
14069,O0011673,P0249,1,127.56,101.9
14070,O0011674,P0063,3,21.56,14.21
14071,O0011675,P0256,1,43.56,32.68
14072,O0011676,P0262,1,22.84,11.77
14073,O0011677,P0066,1,19.67,12.15
14074,O0011678,P0204,1,27.48,25.45
14075,O0011679,P0294,2,21.07,11.99
14076,O0011680,P0070,1,176.02,92.69
14077,O0011680,P0393,1,7.96,5.5
14078,O0011681,P0040,1,21.15,11.81
14079,O0011682,P0386,1,21.86,10.56
14080,O0011683,P0228,1,110.05,85.86
14081,O0011684,P0020,1,10.53,8.38
14082,O0011685,P0175,1,15.31,7.0
14083,O0011686,P0120,1,6.74,6.33
14084,O0011687,P0382,1,10.12,8.8
14085,O0011687,P0132,1,41.31,22.75
14086,O0011687,P0304,1,11.87,9.68
14087,O0011688,P0332,1,18.9,15.11
14088,O0011689,P0381,1,19.78,9.07
14089,O0011690,P0082,2,84.77,38.91
14090,O0011691,P0188,1,24.95,20.03
14091,O0011692,P0297,1,8.01,3.71
14092,O0011693,P0107,1,24.79,16.1
14093,O0011693,P0322,1,20.85,17.34
14094,O0011694,P0384,1,25.72,19.24
14095,O0011695,P0316,1,25.48,11.6
14096,O0011696,P0032,1,18.03,15.92
14097,O0011697,P0091,2,37.25,31.06
14098,O0011698,P0396,1,67.85,34.45
14099,O0011699,P0317,1,54.87,28.16
14100,O0011700,P0076,1,7.99,5.22
14101,O0011700,P0149,1,16.78,10.76
14102,O0011701,P0074,1,44.77,33.33
14103,O0011702,P0129,1,37.04,28.23
14104,O0011703,P0198,1,21.81,10.08
14105,O0011703,P0325,1,26.29,17.91
14106,O0011704,P0043,1,32.76,24.47
14107,O0011704,P0057,1,13.99,7.2
14108,O0011705,P0225,1,5.0,3.47
14109,O0011706,P0073,1,61.21,30.75
14110,O0011706,P0149,1,16.78,11.35
14111,O0011707,P0064,1,33.89,24.04
14112,O0011708,P0223,1,141.44,75.91
14113,O0011709,P0136,1,5.51,3.7
14114,O0011710,P0308,1,44.75,23.65
14115,O0011711,P0189,1,31.8,25.92
14116,O0011712,P0367,3,25.65,17.42
14117,O0011713,P0381,1,19.78,9.0
14118,O0011714,P0232,2,106.18,82.29
14119,O0011715,P0260,1,23.47,19.66
14120,O0011716,P0127,1,37.04,29.64
14121,O0011717,P0163,1,77.71,50.24
14122,O0011718,P0252,1,73.33,38.11
14123,O0011719,P0046,1,85.77,53.3
14124,O0011720,P0398,1,9.94,4.56
14125,O0011721,P0009,1,29.77,18.24
14126,O0011722,P0283,1,22.15,14.49
14127,O0011722,P0108,2,78.48,51.07
14128,O0011723,P0227,1,32.25,17.83
14129,O0011724,P0143,1,5.0,3.77
14130,O0011724,P0189,1,31.8,26.77
14131,O0011725,P0111,1,10.42,8.53
14132,O0011726,P0008,1,37.87,17.91
14133,O0011727,P0317,1,54.87,28.35
14134,O0011728,P0151,1,8.95,7.45
14135,O0011729,P0190,1,22.11,15.23
14136,O0011730,P0374,2,8.71,5.3
14137,O0011731,P0153,1,133.98,78.91
14138,O0011731,P0297,1,7.21,3.75
14139,O0011732,P0051,1,11.46,10.35
14140,O0011733,P0206,1,7.96,6.86
14141,O0011734,P0175,1,15.31,6.82
14142,O0011735,P0063,1,21.56,13.45
14143,O0011736,P0124,2,9.83,7.23
14144,O0011737,P0169,1,87.25,53.93
14145,O0011737,P0270,1,10.72,6.35
14146,O0011737,P0294,1,21.07,11.8
14147,O0011738,P0078,1,14.04,10.45
14148,O0011739,P0080,1,25.92,12.96
14149,O0011740,P0394,1,13.17,7.55
14150,O0011741,P0211,1,24.17,10.17
14151,O0011741,P0095,3,31.01,12.45
14152,O0011741,P0078,1,15.6,10.73
14153,O0011742,P0305,1,15.47,7.37
14154,O0011743,P0261,1,5.0,3.46
14155,O0011744,P0219,2,25.02,17.7
14156,O0011745,P0044,1,14.64,9.74
14157,O0011746,P0329,1,33.63,24.57
14158,O0011747,P0049,1,20.58,12.34
14159,O0011747,P0147,1,36.74,22.39
14160,O0011748,P0052,1,16.42,12.84
14161,O0011749,P0313,1,40.89,19.05
14162,O0011750,P0227,1,32.25,17.52
14163,O0011751,P0190,3,22.11,14.38
14164,O0011752,P0281,1,38.91,25.16
14165,O0011752,P0287,1,14.63,6.96
14166,O0011753,P0141,1,25.44,16.58
14167,O0011754,P0029,2,16.97,8.9
14168,O0011755,P0146,1,22.38,18.94
14169,O0011756,P0144,1,28.48,14.9
14170,O0011757,P0022,1,9.24,5.77
14171,O0011758,P0300,1,16.61,8.62
14172,O0011759,P0304,1,11.87,9.39
14173,O0011760,P0146,1,22.38,19.08
14174,O0011760,P0109,1,40.47,22.15
14175,O0011761,P0324,1,15.13,7.23
14176,O0011762,P0109,1,40.47,22.09
14177,O0011763,P0065,1,30.15,24.75
14178,O0011764,P0051,1,12.85,10.93
14179,O0011765,P0325,1,26.29,18.12
14180,O0011766,P0139,1,13.84,9.37
14181,O0011767,P0215,1,22.49,12.33
14182,O0011768,P0166,1,35.51,24.78
14183,O0011769,P0008,1,37.87,18.89
14184,O0011770,P0029,1,16.97,8.91
14185,O0011771,P0354,1,110.11,60.58
14186,O0011772,P0391,1,59.83,31.78
14187,O0011773,P0298,2,38.49,18.52
14188,O0011774,P0155,1,67.59,28.18
14189,O0011775,P0104,1,13.42,7.04
14190,O0011776,P0290,1,49.67,32.05
14191,O0011777,P0152,1,51.13,38.31
14192,O0011778,P0338,1,5.0,3.44
14193,O0011778,P0172,1,39.28,33.18
14194,O0011779,P0180,1,15.67,11.76
14195,O0011780,P0358,1,9.97,6.63
14196,O0011780,P0221,1,137.35,90.59
14197,O0011780,P0305,1,15.47,7.36
14198,O0011781,P0158,1,32.27,20.5
14199,O0011782,P0298,1,38.49,18.82
14200,O0011783,P0237,1,22.38,13.48
14201,O0011784,P0162,1,7.81,3.29
14202,O0011785,P0236,1,72.46,58.26
14203,O0011786,P0265,1,23.33,16.9
14204,O0011787,P0333,1,5.0,2.99
14205,O0011787,P0226,1,14.5,7.03
14206,O0011788,P0232,1,106.18,86.94
14207,O0011788,P0042,1,72.6,46.36
14208,O0011789,P0094,1,29.54,24.75
14209,O0011789,P0331,1,49.25,29.16
14210,O0011789,P0266,1,52.67,25.8
14211,O0011790,P0063,1,21.56,14.13
14212,O0011791,P0301,1,25.5,15.17
14213,O0011792,P0388,1,15.88,6.85
14214,O0011793,P0318,1,11.51,10.77
14215,O0011794,P0379,1,107.68,45.33
14216,O0011795,P0177,1,50.38,38.62
14217,O0011796,P0192,1,130.83,73.52
14218,O0011797,P0073,1,61.21,32.27
14219,O0011798,P0114,1,43.43,34.84
14220,O0011799,P0032,1,18.03,15.01
14221,O0011800,P0304,3,10.68,9.64
14222,O0011801,P0395,1,51.86,21.6
14223,O0011802,P0052,1,16.42,12.48
14224,O0011803,P0086,1,9.16,6.05
14225,O0011804,P0396,1,67.85,33.71
14226,O0011805,P0140,1,38.56,18.6
14227,O0011806,P0400,1,36.29,18.61
14228,O0011807,P0347,1,56.26,26.37
14229,O0011807,P0347,1,56.26,25.6
14230,O0011808,P0179,1,12.64,9.15
14231,O0011809,P0257,1,90.28,73.3
14232,O0011810,P0218,1,24.78,16.49
14233,O0011811,P0266,1,52.67,25.98
14234,O0011812,P0098,1,35.84,17.76
14235,O0011813,P0161,1,90.55,61.32
14236,O0011814,P0092,1,31.11,23.21
14237,O0011815,P0399,2,16.13,11.52
14238,O0011816,P0013,1,79.24,39.05
14239,O0011817,P0160,1,10.81,6.56
14240,O0011818,P0319,1,26.67,23.49
14241,O0011819,P0147,1,36.74,22.52
14242,O0011820,P0234,1,16.86,8.11
14243,O0011821,P0049,1,20.58,12.3
14244,O0011822,P0187,1,69.71,39.26
14245,O0011823,P0101,1,53.02,37.27
14246,O0011824,P0118,1,6.05,4.08
14247,O0011825,P0252,1,73.33,37.7
14248,O0011826,P0284,1,11.42,5.69
14249,O0011827,P0215,2,22.49,12.34
14250,O0011828,P0345,1,25.98,19.46
14251,O0011828,P0337,1,47.63,38.33
14252,O0011829,P0080,1,25.92,12.92
14253,O0011830,P0086,1,9.16,5.88
14254,O0011831,P0133,1,13.22,8.63
14255,O0011832,P0205,1,7.7,6.05
14256,O0011833,P0122,1,27.74,24.43
14257,O0011834,P0346,1,16.74,13.79
14258,O0011835,P0057,1,13.99,7.3
14259,O0011836,P0386,1,21.86,10.44
14260,O0011836,P0090,1,45.85,26.77
14261,O0011836,P0013,1,79.24,40.64
14262,O0011837,P0173,1,30.72,13.63
14263,O0011838,P0192,1,130.83,71.5
14264,O0011839,P0183,1,38.0,29.61
14265,O0011840,P0238,1,66.04,36.02
14266,O0011841,P0297,1,8.01,3.64
14267,O0011842,P0085,1,47.03,36.4
14268,O0011843,P0365,1,11.12,9.74
14269,O0011844,P0031,1,31.79,13.98
14270,O0011845,P0168,1,18.02,12.42
14271,O0011846,P0366,1,22.18,17.61
14272,O0011847,P0163,1,77.71,48.98
14273,O0011847,P0242,1,36.34,18.36
14274,O0011848,P0350,1,11.21,5.48
14275,O0011849,P0022,1,9.24,5.85
14276,O0011850,P0080,1,25.92,12.32
14277,O0011851,P0314,1,6.49,4.14
14278,O0011852,P0071,1,21.03,10.23
14279,O0011852,P0250,1,99.91,58.37
14280,O0011853,P0246,1,68.18,47.83
14281,O0011854,P0129,1,37.04,28.1
14282,O0011855,P0369,1,21.62,16.4
14283,O0011855,P0306,1,40.4,30.93
14284,O0011856,P0318,1,15.46,11.09
14285,O0011856,P0297,1,8.01,3.63
14286,O0011856,P0323,1,33.01,27.43
14287,O0011857,P0025,1,44.29,19.41
14288,O0011857,P0001,1,27.32,27.87
14289,O0011858,P0083,1,13.11,10.62
14290,O0011859,P0263,1,32.89,15.76
14291,O0011860,P0076,1,7.99,5.36
14292,O0011861,P0226,1,16.11,6.98
14293,O0011862,P0263,1,32.89,15.67
14294,O0011863,P0031,1,23.8,14.2
14295,O0011864,P0222,1,13.28,10.93
14296,O0011865,P0391,1,66.48,32.18
14297,O0011866,P0023,1,7.31,7.42
14298,O0011867,P0247,1,84.85,53.2
14299,O0011868,P0389,1,20.01,13.32
14300,O0011868,P0202,1,16.35,12.66
14301,O0011869,P0101,1,53.02,38.5
14302,O0011869,P0154,1,56.03,30.0
14303,O0011870,P0042,1,72.6,44.56
14304,O0011871,P0123,1,25.7,20.2
14305,O0011872,P0235,1,6.23,5.44
14306,O0011873,P0067,1,5.29,2.87
14307,O0011874,P0136,1,5.12,3.67
14308,O0011875,P0385,1,28.75,14.09
14309,O0011875,P0018,1,17.49,11.59
14310,O0011875,P0095,1,31.01,12.48
14311,O0011876,P0373,1,8.74,6.49
14312,O0011877,P0122,1,27.74,24.02
14313,O0011878,P0140,1,42.25,19.09
14314,O0011879,P0037,1,12.54,10.22
14315,O0011880,P0225,1,4.31,3.46
14316,O0011881,P0298,1,38.49,18.07
14317,O0011881,P0129,1,37.04,28.5
14318,O0011882,P0188,1,24.95,20.37
14319,O0011883,P0341,1,40.7,32.65
14320,O0011883,P0332,1,18.9,14.44
14321,O0011884,P0083,1,13.11,10.91
14322,O0011885,P0083,1,13.11,11.16
14323,O0011886,P0260,1,23.47,19.83
14324,O0011887,P0196,1,11.97,8.06
14325,O0011888,P0336,1,93.8,74.52
14326,O0011889,P0381,1,19.78,8.93
14327,O0011890,P0196,1,11.97,8.03
14328,O0011891,P0187,1,69.71,37.98
14329,O0011892,P0067,1,5.29,2.82
14330,O0011892,P0132,1,41.31,22.96
14331,O0011893,P0012,1,31.54,17.66
14332,O0011894,P0094,1,29.54,23.43
14333,O0011895,P0353,1,34.15,18.07
14334,O0011896,P0212,1,19.47,8.85
14335,O0011896,P0015,1,15.87,10.75
14336,O0011897,P0255,1,19.78,12.59
14337,O0011898,P0366,1,22.18,17.38
14338,O0011898,P0366,1,22.18,17.46
14339,O0011899,P0334,1,10.95,5.97
14340,O0011900,P0003,1,20.34,8.88
14341,O0011901,P0205,1,7.7,6.0
14342,O0011902,P0363,1,87.76,70.82
14343,O0011903,P0079,1,7.1,4.88
14344,O0011904,P0313,1,40.89,19.65
14345,O0011905,P0257,1,90.28,74.01
14346,O0011905,P0164,3,7.78,6.12
14347,O0011905,P0196,1,11.97,7.61
14348,O0011906,P0288,1,10.33,8.55
14349,O0011906,P0045,1,23.84,15.26
14350,O0011906,P0239,1,24.64,19.13
14351,O0011907,P0370,1,17.44,7.04
14352,O0011908,P0321,1,38.93,30.61
14353,O0011909,P0288,1,10.33,8.36
14354,O0011910,P0158,1,45.59,21.14
14355,O0011911,P0025,1,44.29,20.04
14356,O0011912,P0159,2,5.0,2.37
14357,O0011913,P0309,1,14.44,7.83
14358,O0011914,P0313,1,40.89,19.21
14359,O0011915,P0190,1,22.11,14.51
14360,O0011916,P0331,1,49.25,28.3
14361,O0011917,P0353,1,34.15,17.42
14362,O0011918,P0364,1,16.3,13.5
14363,O0011919,P0083,1,11.8,10.94
14364,O0011920,P0310,1,38.72,23.63
14365,O0011920,P0096,1,13.85,6.66
14366,O0011921,P0368,1,58.87,33.82
14367,O0011922,P0053,1,51.03,39.53
14368,O0011923,P0290,1,49.67,30.9
14369,O0011924,P0357,1,30.69,19.36
14370,O0011925,P0273,1,12.62,11.25
14371,O0011926,P0397,1,43.7,18.03
14372,O0011927,P0263,1,32.89,16.32
14373,O0011928,P0353,1,34.15,17.25
14374,O0011929,P0336,1,75.54,77.49
14375,O0011930,P0004,1,20.34,16.35
14376,O0011931,P0221,2,137.35,94.2
14377,O0011932,P0369,1,21.62,16.25
14378,O0011933,P0352,2,11.73,8.14
14379,O0011934,P0058,1,18.88,11.0
14380,O0011935,P0216,1,33.83,28.0
14381,O0011935,P0263,1,32.89,15.54
14382,O0011936,P0361,1,13.03,8.53
14383,O0011937,P0123,1,25.7,20.56
14384,O0011938,P0162,1,7.81,3.22
14385,O0011939,P0010,1,5.31,2.91
14386,O0011940,P0139,1,12.46,9.61
14387,O0011941,P0208,1,20.68,13.52
14388,O0011942,P0099,1,11.25,6.18
14389,O0011942,P0374,1,8.71,5.48
14390,O0011942,P0390,1,81.71,48.56
14391,O0011943,P0116,2,23.14,18.84
14392,O0011944,P0208,1,20.68,13.45
14393,O0011945,P0366,1,22.18,18.03
14394,O0011946,P0090,1,45.85,25.39
14395,O0011946,P0127,1,28.9,30.21
14396,O0011947,P0103,1,18.14,10.71
14397,O0011948,P0049,1,20.58,12.31
14398,O0011949,P0015,1,15.87,10.7
14399,O0011950,P0251,1,37.0,30.92
14400,O0011951,P0391,1,59.83,32.48
14401,O0011952,P0343,1,16.99,8.67
14402,O0011953,P0048,1,19.31,12.72
14403,O0011954,P0052,1,16.42,12.84
14404,O0011955,P0021,1,47.37,25.41
14405,O0011956,P0172,1,39.28,33.19
14406,O0011956,P0169,1,87.25,55.49
14407,O0011956,P0384,1,25.72,19.63
14408,O0011957,P0054,1,31.91,15.51
14409,O0011958,P0389,1,20.01,12.77
14410,O0011959,P0298,1,38.49,18.04
14411,O0011959,P0099,2,11.25,6.05
14412,O0011960,P0103,1,18.14,10.48
14413,O0011961,P0202,1,16.35,12.98
14414,O0011962,P0319,1,37.48,22.5
14415,O0011963,P0018,1,17.6,12.06
14416,O0011964,P0236,1,66.26,57.92
14417,O0011965,P0179,1,12.64,9.69
14418,O0011966,P0253,1,57.21,32.54
14419,O0011967,P0273,1,12.62,11.55
14420,O0011968,P0376,1,7.37,3.68
14421,O0011969,P0316,1,25.48,11.62
14422,O0011970,P0284,1,11.42,6.04
14423,O0011971,P0304,1,9.59,9.46
14424,O0011971,P0269,1,22.52,11.12
14425,O0011972,P0170,1,9.11,5.86
14426,O0011972,P0311,1,6.67,3.14
14427,O0011972,P0094,1,29.54,24.62
14428,O0011973,P0254,1,6.01,3.52
14429,O0011974,P0390,1,73.54,50.77
14430,O0011975,P0375,1,19.93,9.65
14431,O0011976,P0368,1,58.87,34.98
14432,O0011977,P0017,3,15.17,10.56
14433,O0011978,P0204,1,29.54,25.3
14434,O0011979,P0335,1,24.9,12.4
14435,O0011980,P0173,1,30.72,13.15
14436,O0011981,P0362,1,35.77,24.59
14437,O0011982,P0290,1,49.67,30.95
14438,O0011982,P0337,1,42.87,39.58
14439,O0011983,P0086,1,7.12,5.92
14440,O0011984,P0324,1,15.13,7.41
14441,O0011985,P0216,1,33.83,26.42
14442,O0011986,P0392,1,5.0,2.45
14443,O0011987,P0053,1,51.03,39.85
14444,O0011988,P0316,1,25.48,11.86
14445,O0011989,P0295,1,46.32,29.46
14446,O0011990,P0025,1,44.29,19.34
14447,O0011991,P0192,1,130.83,70.48
14448,O0011992,P0168,1,18.02,11.82
14449,O0011993,P0359,1,26.78,18.97
14450,O0011994,P0196,1,11.97,7.9
14451,O0011994,P0161,1,90.55,60.91
14452,O0011995,P0123,1,25.7,20.26
14453,O0011996,P0018,1,19.43,11.52
14454,O0011996,P0353,1,34.15,18.06
14455,O0011997,P0302,1,12.62,11.04
14456,O0011998,P0167,1,25.94,22.36
14457,O0011999,P0074,1,44.77,33.12
14458,O0011999,P0009,1,29.77,17.8
14459,O0012000,P0207,1,13.81,10.81
14460,O0012001,P0139,3,12.46,9.68
14461,O0012001,P0345,1,25.98,19.42
14462,O0012001,P0205,1,7.7,6.15
14463,O0012002,P0339,1,5.98,3.42
14464,O0012003,P0187,1,69.71,38.67
14465,O0012004,P0154,2,50.43,29.84
14466,O0012005,P0224,1,12.85,6.34
14467,O0012006,P0296,1,113.02,98.03
14468,O0012007,P0204,1,29.54,25.74
14469,O0012008,P0400,1,36.29,18.66
14470,O0012009,P0107,1,24.79,16.17
14471,O0012010,P0212,1,19.47,9.07
14472,O0012011,P0171,1,21.73,18.13
14473,O0012011,P0019,1,24.27,10.25
14474,O0012012,P0249,1,127.56,104.66
14475,O0012012,P0244,1,37.02,27.23
14476,O0012013,P0311,1,6.67,3.0
14477,O0012013,P0016,1,26.81,13.38
14478,O0012014,P0081,1,11.76,9.88
14479,O0012014,P0275,1,22.42,17.86
14480,O0012014,P0289,1,94.61,74.42
14481,O0012015,P0311,1,6.67,3.06
14482,O0012016,P0146,1,22.38,18.59
14483,O0012017,P0331,1,44.32,28.29
14484,O0012017,P0123,1,25.7,20.18
14485,O0012017,P0282,1,31.47,20.98
14486,O0012018,P0177,1,50.38,36.52
14487,O0012018,P0355,1,5.91,3.67
14488,O0012019,P0230,1,36.36,28.2
14489,O0012020,P0327,1,24.33,15.85
14490,O0012021,P0387,1,23.9,15.65
14491,O0012022,P0285,1,13.4,5.59
14492,O0012023,P0170,1,9.11,5.79
14493,O0012024,P0172,1,39.28,31.87
14494,O0012025,P0067,1,4.56,2.9
14495,O0012026,P0088,1,28.44,22.65
14496,O0012026,P0396,1,67.85,33.47
14497,O0012026,P0222,1,13.28,10.8
14498,O0012027,P0023,1,8.48,7.09
14499,O0012028,P0047,1,26.3,14.1
14500,O0012029,P0298,2,38.49,18.74
14501,O0012030,P0087,1,6.78,2.98
14502,O0012031,P0283,1,22.15,14.6
14503,O0012032,P0174,1,14.91,8.34
14504,O0012033,P0228,1,103.3,85.56
14505,O0012034,P0082,1,84.77,40.12
14506,O0012035,P0226,1,16.11,6.91
14507,O0012036,P0132,1,41.31,23.25
14508,O0012037,P0355,1,5.91,3.72
14509,O0012038,P0014,1,20.48,13.38
14510,O0012039,P0357,1,30.69,19.62
14511,O0012040,P0245,1,7.19,3.2
14512,O0012041,P0330,1,17.52,11.03
14513,O0012042,P0181,1,24.13,13.56
14514,O0012043,P0077,1,11.11,4.7
14515,O0012044,P0012,1,31.54,18.44
14516,O0012045,P0181,1,24.13,13.74
14517,O0012046,P0143,1,5.0,3.97
14518,O0012047,P0074,1,44.77,33.23
14519,O0012048,P0399,2,13.48,11.57
14520,O0012049,P0095,1,31.01,12.6
14521,O0012050,P0244,3,37.02,26.44
14522,O0012051,P0304,1,11.87,9.37
14523,O0012052,P0089,1,30.2,16.72
14524,O0012053,P0309,1,14.44,8.23
14525,O0012054,P0069,1,25.74,10.88
14526,O0012055,P0304,1,11.87,9.56
14527,O0012056,P0043,1,32.76,24.82
14528,O0012057,P0259,1,6.28,3.9
14529,O0012058,P0297,1,8.01,3.72
14530,O0012059,P0277,1,14.44,9.34
14531,O0012060,P0130,1,534.96,383.13
14532,O0012061,P0391,1,66.48,31.19
14533,O0012061,P0038,1,19.16,13.49
14534,O0012062,P0234,1,16.86,8.27
14535,O0012063,P0172,1,39.28,31.25
14536,O0012064,P0111,1,8.99,8.74
14537,O0012065,P0163,1,77.71,49.91
14538,O0012066,P0132,1,41.31,23.31
14539,O0012067,P0047,2,26.3,14.64
14540,O0012068,P0166,2,35.51,24.45
14541,O0012069,P0283,1,22.15,14.16
14542,O0012069,P0162,1,7.81,3.42
14543,O0012070,P0041,1,46.99,37.23
14544,O0012071,P0077,1,11.11,4.76
14545,O0012071,P0005,1,86.78,35.24
14546,O0012072,P0174,2,14.91,8.24
14547,O0012072,P0015,1,15.87,11.17
14548,O0012073,P0391,1,59.83,31.75
14549,O0012073,P0119,1,29.12,24.49
14550,O0012074,P0148,1,49.04,23.13
14551,O0012074,P0104,1,13.42,6.72
14552,O0012075,P0317,1,47.47,27.84
14553,O0012076,P0021,1,47.37,26.08
14554,O0012076,P0336,1,93.8,74.97
14555,O0012077,P0365,1,11.12,9.69
14556,O0012078,P0157,1,34.99,21.8
14557,O0012079,P0308,2,44.75,23.92
14558,O0012080,P0232,1,106.18,85.04
14559,O0012081,P0234,1,16.86,8.24
14560,O0012082,P0017,1,15.17,11.05
14561,O0012083,P0129,1,33.34,28.98
14562,O0012084,P0153,1,133.98,77.88
14563,O0012085,P0208,1,20.68,13.64
14564,O0012086,P0121,1,12.1,8.6
14565,O0012087,P0025,1,44.29,19.8
14566,O0012087,P0181,2,24.13,13.46
14567,O0012088,P0299,1,14.58,7.17
14568,O0012088,P0031,1,31.79,13.54
14569,O0012089,P0379,1,107.68,45.26
14570,O0012090,P0216,1,33.83,26.93
14571,O0012091,P0050,1,32.64,24.48
14572,O0012092,P0345,1,25.98,19.86
14573,O0012093,P0048,1,19.31,12.37
14574,O0012093,P0238,1,66.04,33.96
14575,O0012093,P0242,1,40.38,18.69
14576,O0012094,P0271,1,118.13,49.77
14577,O0012094,P0154,1,56.03,30.03
14578,O0012095,P0272,1,25.23,19.33
14579,O0012096,P0327,1,32.14,16.33
14580,O0012097,P0100,1,41.44,35.33
14581,O0012098,P0074,1,44.77,32.23
14582,O0012099,P0353,1,34.15,17.67
14583,O0012100,P0035,1,55.97,41.23
14584,O0012100,P0014,1,20.48,13.38
14585,O0012101,P0099,1,11.25,6.05
14586,O0012102,P0088,1,28.44,23.56
14587,O0012103,P0284,1,11.42,5.83
14588,O0012104,P0017,1,15.17,11.06
14589,O0012105,P0165,1,11.19,4.86
14590,O0012106,P0229,1,11.96,9.94
14591,O0012107,P0320,1,77.73,47.17
14592,O0012108,P0293,1,10.7,5.74
14593,O0012109,P0372,1,5.88,5.35
14594,O0012109,P0278,1,15.48,10.01
14595,O0012110,P0122,1,27.74,23.67
14596,O0012111,P0064,1,33.89,25.34
14597,O0012112,P0330,1,17.52,11.54
14598,O0012112,P0183,1,38.0,31.09
14599,O0012112,P0095,1,31.01,12.48
14600,O0012113,P0004,1,20.34,16.19
14601,O0012114,P0214,1,12.66,8.47
14602,O0012114,P0247,1,84.85,56.12
14603,O0012115,P0327,1,32.14,15.75
14604,O0012116,P0027,1,22.36,13.24
14605,O0012117,P0056,1,53.25,43.48
14606,O0012118,P0289,1,94.61,71.0
14607,O0012119,P0048,1,19.31,11.99
14608,O0012120,P0016,1,26.81,12.9
14609,O0012121,P0236,1,72.46,57.25
14610,O0012122,P0097,1,109.14,75.74
14611,O0012123,P0330,1,17.52,11.4
14612,O0012124,P0344,1,12.43,9.44
14613,O0012124,P0170,1,9.11,5.88
14614,O0012124,P0199,1,34.14,23.26
14615,O0012125,P0221,1,137.35,89.72
14616,O0012126,P0248,1,26.91,21.87
14617,O0012127,P0318,2,15.46,10.74
14618,O0012128,P0169,1,87.25,52.57
14619,O0012129,P0147,1,36.74,21.53
14620,O0012130,P0269,1,22.52,10.9
14621,O0012131,P0239,1,24.64,18.81
14622,O0012131,P0121,1,12.1,8.46
14623,O0012132,P0182,1,26.95,20.82
14624,O0012133,P0013,1,79.24,38.73
14625,O0012134,P0236,1,72.46,55.32
14626,O0012135,P0332,1,18.9,14.91
14627,O0012135,P0149,1,16.78,11.36
14628,O0012135,P0358,1,9.97,6.94
14629,O0012136,P0245,1,7.19,3.32
14630,O0012137,P0162,1,6.72,3.43
14631,O0012138,P0063,1,21.56,13.41
14632,O0012138,P0086,1,9.16,6.08
14633,O0012139,P0356,1,81.19,67.5
14634,O0012140,P0395,1,51.86,22.02
14635,O0012141,P0141,1,25.44,16.81
14636,O0012141,P0047,1,26.3,14.48
14637,O0012142,P0149,1,16.78,10.81
14638,O0012143,P0125,1,58.35,33.78
14639,O0012144,P0011,1,10.91,6.0
14640,O0012145,P0093,1,14.24,6.73
14641,O0012146,P0202,2,16.35,12.57
14642,O0012147,P0243,1,27.01,14.25
14643,O0012148,P0103,1,20.16,10.35
14644,O0012149,P0178,1,31.37,24.36
14645,O0012149,P0001,1,36.5,26.14
14646,O0012150,P0236,1,72.46,59.25
14647,O0012151,P0324,1,15.13,7.26
14648,O0012152,P0221,1,137.35,95.32
14649,O0012153,P0051,1,12.85,10.48
14650,O0012154,P0386,1,21.86,10.81
14651,O0012155,P0014,1,20.48,12.94
14652,O0012156,P0030,1,57.15,37.93
14653,O0012157,P0103,1,20.16,10.66
14654,O0012158,P0255,1,19.78,12.34
14655,O0012158,P0191,1,12.75,7.07
14656,O0012159,P0376,1,6.63,3.54
14657,O0012160,P0134,1,20.3,8.81
14658,O0012161,P0039,1,16.72,9.1
14659,O0012162,P0195,1,24.29,10.37
14660,O0012163,P0184,1,20.87,12.19
14661,O0012163,P0080,1,25.92,12.2
14662,O0012163,P0052,1,16.42,12.58
14663,O0012164,P0341,1,40.7,33.08
14664,O0012164,P0288,1,10.33,8.15
14665,O0012164,P0384,2,25.72,19.26
14666,O0012165,P0039,1,15.05,9.0
14667,O0012166,P0231,1,8.53,7.14
14668,O0012167,P0305,1,15.47,7.38
14669,O0012168,P0290,1,49.67,30.78
14670,O0012169,P0275,1,22.42,17.02
14671,O0012170,P0180,1,15.67,12.38
14672,O0012170,P0253,1,57.21,32.54
14673,O0012171,P0148,1,49.04,23.27
14674,O0012172,P0267,1,16.05,8.05
14675,O0012173,P0001,1,36.5,27.53
14676,O0012174,P0302,1,12.62,10.93
14677,O0012175,P0334,1,10.95,6.16
14678,O0012176,P0255,1,19.78,12.59
14679,O0012177,P0220,2,36.54,25.64
14680,O0012178,P0088,1,28.44,22.45
14681,O0012179,P0378,2,23.49,13.46
14682,O0012180,P0175,1,15.31,7.0
14683,O0012180,P0370,1,17.44,7.15
14684,O0012181,P0378,1,23.49,13.52
14685,O0012182,P0196,1,11.97,7.9
14686,O0012183,P0212,1,17.52,9.05
14687,O0012184,P0183,1,38.0,29.51
14688,O0012185,P0387,1,23.9,15.44
14689,O0012186,P0012,1,31.54,17.47
14690,O0012187,P0085,1,35.4,36.57
14691,O0012188,P0212,1,19.47,8.69
14692,O0012189,P0389,1,16.87,13.3
14693,O0012190,P0341,1,40.7,32.28
14694,O0012191,P0305,1,15.47,7.54
14695,O0012191,P0363,1,87.76,75.26
14696,O0012191,P0346,1,16.74,13.2
14697,O0012192,P0332,1,17.01,14.51
14698,O0012193,P0179,1,12.64,9.55
14699,O0012194,P0085,1,47.03,35.8
14700,O0012195,P0275,1,22.42,16.95
14701,O0012196,P0275,1,22.42,17.1
14702,O0012197,P0088,1,28.44,22.45
14703,O0012198,P0104,1,9.54,7.1
14704,O0012199,P0249,1,127.56,106.09
14705,O0012200,P0205,1,7.7,6.03
14706,O0012201,P0245,1,6.47,3.29
14707,O0012202,P0131,1,52.63,42.71
14708,O0012203,P0025,1,44.29,19.11
14709,O0012204,P0231,1,8.53,7.17
14710,O0012204,P0212,1,19.47,9.13
14711,O0012204,P0313,1,40.89,19.91
14712,O0012205,P0177,1,50.38,37.5
14713,O0012206,P0384,1,25.72,19.57
14714,O0012207,P0139,1,13.84,9.7
14715,O0012208,P0110,1,12.36,5.13
14716,O0012209,P0285,1,13.4,5.55
14717,O0012210,P0098,1,35.84,17.83
14718,O0012211,P0227,1,32.25,18.0
14719,O0012212,P0278,1,15.48,9.59
14720,O0012213,P0106,1,32.23,21.93
14721,O0012214,P0009,1,29.77,17.84
14722,O0012215,P0027,1,18.47,13.21
14723,O0012216,P0360,1,43.84,36.95
14724,O0012217,P0301,1,25.5,14.63
14725,O0012218,P0202,1,16.35,12.65
14726,O0012219,P0205,1,7.7,5.85
14727,O0012220,P0339,1,7.52,3.47
14728,O0012221,P0143,1,5.0,3.92
14729,O0012222,P0053,1,51.03,40.18
14730,O0012223,P0118,1,7.3,3.95
14731,O0012224,P0328,1,17.65,8.58
14732,O0012225,P0140,1,42.25,18.84
14733,O0012225,P0098,1,35.84,18.02
14734,O0012225,P0368,1,58.87,34.47
14735,O0012226,P0018,1,19.43,11.95
14736,O0012227,P0304,1,11.87,9.45
14737,O0012228,P0382,1,10.12,8.49
14738,O0012229,P0097,1,109.14,75.95
14739,O0012230,P0387,1,23.9,15.72
14740,O0012231,P0314,1,6.49,4.14
14741,O0012232,P0213,1,31.76,23.13
14742,O0012232,P0028,1,19.28,10.57
14743,O0012232,P0315,1,14.56,8.15
14744,O0012233,P0324,1,15.13,7.31
14745,O0012234,P0173,1,26.47,13.41
14746,O0012235,P0027,1,22.36,13.17
14747,O0012236,P0300,1,15.03,9.08
14748,O0012237,P0191,2,12.75,6.78
14749,O0012237,P0300,1,14.95,8.79
14750,O0012238,P0142,1,14.57,10.08
14751,O0012239,P0116,1,23.14,18.59
14752,O0012240,P0124,1,9.83,7.36
14753,O0012241,P0059,1,24.73,12.45
14754,O0012242,P0246,1,68.18,48.95
14755,O0012243,P0347,1,56.26,26.2
14756,O0012243,P0123,1,25.7,20.1
14757,O0012243,P0393,1,7.96,5.66
14758,O0012244,P0144,1,28.48,15.3
14759,O0012245,P0208,1,20.68,13.84
14760,O0012246,P0198,1,21.81,9.9
14761,O0012246,P0069,1,25.74,10.75
14762,O0012247,P0223,1,141.44,77.41
14763,O0012248,P0382,1,10.12,8.47
14764,O0012249,P0080,1,25.92,12.59
14765,O0012250,P0255,1,19.78,12.95
14766,O0012251,P0330,1,17.52,11.14
14767,O0012252,P0026,1,28.14,13.83
14768,O0012253,P0062,1,17.52,10.07
14769,O0012254,P0395,1,51.86,20.99
14770,O0012255,P0049,1,20.58,12.15
14771,O0012256,P0160,1,10.81,6.38
14772,O0012257,P0204,1,29.54,24.97
14773,O0012258,P0236,1,72.46,55.91
14774,O0012259,P0238,1,51.15,35.95
14775,O0012260,P0261,1,5.0,3.57
14776,O0012261,P0122,1,27.74,23.28
14777,O0012261,P0282,1,31.47,20.33
14778,O0012262,P0020,1,10.53,8.65
14779,O0012262,P0307,1,26.56,17.98
14780,O0012263,P0369,1,21.62,16.24
14781,O0012264,P0048,1,13.94,12.12
14782,O0012265,P0295,1,51.47,29.5
14783,O0012266,P0233,1,56.73,54.46
14784,O0012267,P0395,1,51.86,22.3
14785,O0012268,P0027,1,22.36,12.88
14786,O0012269,P0066,1,23.11,12.42
14787,O0012270,P0269,1,17.87,11.47
14788,O0012271,P0321,1,35.04,30.7
14789,O0012272,P0400,1,36.29,18.65
14790,O0012273,P0275,1,19.24,17.21
14791,O0012274,P0016,1,21.18,13.38
14792,O0012275,P0256,1,43.56,33.16
14793,O0012276,P0030,2,57.15,36.91
14794,O0012277,P0212,1,19.47,8.8
14795,O0012278,P0289,1,94.61,70.22
14796,O0012279,P0320,1,77.73,47.29
14797,O0012280,P0154,1,56.03,29.64
14798,O0012281,P0045,1,23.84,15.59
14799,O0012282,P0307,1,26.56,17.47
14800,O0012283,P0198,2,21.81,10.29
14801,O0012284,P0231,1,8.53,7.07
14802,O0012285,P0170,1,9.11,6.07
14803,O0012286,P0147,1,36.74,21.37
14804,O0012287,P0249,1,127.56,106.08
14805,O0012288,P0015,1,15.87,11.1
14806,O0012288,P0214,1,12.66,8.74
14807,O0012288,P0357,3,30.69,19.08
14808,O0012289,P0188,1,24.95,20.71
14809,O0012290,P0032,1,18.03,15.22
14810,O0012291,P0318,1,15.46,11.28
14811,O0012292,P0120,1,9.06,6.47
14812,O0012293,P0385,1,28.75,14.77
14813,O0012294,P0314,1,6.49,3.96
14814,O0012295,P0185,1,47.48,21.57
14815,O0012296,P0376,1,7.37,3.57
14816,O0012296,P0273,1,14.02,11.61
14817,O0012296,P0325,1,26.29,17.28
14818,O0012297,P0400,1,36.29,18.13
14819,O0012298,P0195,1,24.29,10.68
14820,O0012299,P0208,1,20.68,13.94
14821,O0012300,P0076,2,6.47,5.35
14822,O0012301,P0225,1,5.0,3.31
14823,O0012302,P0159,1,5.0,2.37
14824,O0012303,P0059,1,31.09,12.93
14825,O0012304,P0208,1,20.68,13.67
14826,O0012304,P0040,1,21.15,12.11
14827,O0012305,P0255,1,19.78,12.5
14828,O0012306,P0303,1,20.26,17.79
14829,O0012307,P0353,1,27.02,17.94
14830,O0012308,P0311,1,6.67,2.99
14831,O0012309,P0275,1,22.42,17.74
14832,O0012310,P0045,1,23.84,15.47
14833,O0012311,P0011,1,10.91,5.98
14834,O0012312,P0033,1,14.27,5.73
14835,O0012313,P0003,1,20.34,8.64
14836,O0012314,P0271,1,118.13,50.88
14837,O0012315,P0397,1,43.7,17.95
14838,O0012315,P0270,2,10.72,6.24
14839,O0012315,P0255,1,19.78,12.57
14840,O0012316,P0314,1,6.49,4.17
14841,O0012317,P0193,1,61.96,48.27
14842,O0012318,P0148,1,49.04,23.05
14843,O0012319,P0198,1,21.81,10.08
14844,O0012320,P0068,3,24.02,10.23
14845,O0012320,P0033,1,12.84,5.78
14846,O0012321,P0315,1,14.56,8.07
14847,O0012322,P0292,1,12.32,9.27
14848,O0012323,P0201,1,29.84,13.2
14849,O0012323,P0253,1,51.49,34.32
14850,O0012323,P0034,1,35.4,31.92
14851,O0012324,P0149,1,16.78,10.66
14852,O0012325,P0313,1,36.8,18.9
14853,O0012326,P0269,1,22.52,11.44
14854,O0012327,P0211,1,24.17,10.18
14855,O0012328,P0285,3,13.4,5.51
14856,O0012329,P0210,1,21.59,13.3
14857,O0012330,P0080,1,25.92,12.91
14858,O0012331,P0362,1,35.77,23.99
14859,O0012332,P0343,1,16.99,8.93
14860,O0012332,P0306,1,44.89,32.64
14861,O0012333,P0130,1,534.96,370.17
14862,O0012333,P0076,1,7.99,5.07
14863,O0012333,P0183,1,28.94,30.4
14864,O0012334,P0025,1,44.29,19.1
14865,O0012335,P0360,1,34.73,35.27
14866,O0012336,P0259,1,6.28,3.77
14867,O0012337,P0155,1,48.49,27.76
14868,O0012338,P0345,1,25.98,19.17
14869,O0012338,P0109,2,40.47,21.38
14870,O0012338,P0119,1,29.12,24.02
14871,O0012339,P0042,1,72.6,45.12
14872,O0012339,P0218,1,24.78,16.5
14873,O0012340,P0011,1,10.91,5.99
14874,O0012341,P0085,2,47.03,36.51
14875,O0012342,P0164,1,7.78,6.14
14876,O0012342,P0134,1,20.3,8.75
14877,O0012343,P0137,1,15.39,7.69
14878,O0012344,P0384,1,25.72,19.82
14879,O0012344,P0158,1,45.59,20.0
14880,O0012345,P0130,1,534.96,377.98
14881,O0012346,P0315,1,14.56,8.03
14882,O0012347,P0192,1,130.83,73.52
14883,O0012348,P0197,1,53.52,30.92
14884,O0012349,P0161,2,90.55,61.69
14885,O0012350,P0361,1,13.03,8.43
14886,O0012350,P0026,1,28.14,13.48
14887,O0012351,P0386,1,21.86,10.84
14888,O0012352,P0370,1,17.44,7.07
14889,O0012353,P0200,1,15.63,6.96
14890,O0012354,P0026,1,24.23,14.33
14891,O0012355,P0187,1,69.71,38.65
14892,O0012356,P0182,1,26.95,20.96
14893,O0012356,P0021,1,47.37,25.5
14894,O0012357,P0352,1,8.33,8.19
14895,O0012358,P0192,1,117.82,72.94
14896,O0012359,P0232,1,106.18,87.68
14897,O0012360,P0009,1,27.31,17.6
14898,O0012361,P0078,1,15.6,10.43
14899,O0012362,P0269,1,22.52,11.56
14900,O0012363,P0396,1,64.1,33.45
14901,O0012364,P0003,1,20.34,9.0
14902,O0012365,P0116,1,23.14,17.81
14903,O0012366,P0264,1,11.57,6.6
14904,O0012367,P0056,1,53.25,43.98
14905,O0012368,P0030,1,45.29,37.65
14906,O0012369,P0183,1,38.0,29.85
14907,O0012370,P0028,1,19.28,10.05
14908,O0012371,P0279,1,7.3,4.44
14909,O0012372,P0170,2,9.11,6.01
14910,O0012372,P0128,1,37.0,31.42
14911,O0012372,P0298,1,38.49,17.78
14912,O0012373,P0307,1,26.56,17.8
14913,O0012374,P0386,1,21.86,10.57
14914,O0012375,P0108,1,78.48,48.31
14915,O0012375,P0026,1,28.14,14.12
14916,O0012375,P0398,2,9.94,4.51
14917,O0012376,P0159,1,5.0,2.38
14918,O0012377,P0068,1,20.79,10.38
14919,O0012378,P0090,1,45.85,26.75
14920,O0012379,P0092,1,31.11,24.18
14921,O0012379,P0147,1,36.74,21.41
14922,O0012380,P0014,1,20.48,12.8
14923,O0012381,P0088,1,28.44,22.86
14924,O0012382,P0304,1,11.87,9.4
14925,O0012383,P0072,1,31.23,19.38
14926,O0012384,P0060,1,30.23,18.98
14927,O0012385,P0239,1,24.64,18.47
14928,O0012386,P0121,1,12.1,8.09
14929,O0012387,P0204,1,29.54,24.88
14930,O0012387,P0289,1,94.61,73.07
14931,O0012388,P0141,1,25.44,16.45
14932,O0012389,P0022,1,9.24,5.97
14933,O0012390,P0302,1,12.62,11.11
14934,O0012391,P0357,1,30.69,18.96
14935,O0012392,P0147,1,36.74,22.47
14936,O0012393,P0214,1,12.66,8.28
14937,O0012393,P0138,1,58.62,39.05
14938,O0012394,P0127,1,37.04,30.34
14939,O0012395,P0311,1,6.67,3.08
14940,O0012396,P0128,1,37.0,29.54
14941,O0012397,P0355,1,5.91,3.66
14942,O0012398,P0183,1,38.0,30.06
14943,O0012398,P0059,1,31.09,12.68
14944,O0012398,P0182,1,26.95,20.9
14945,O0012399,P0210,1,21.59,14.01
14946,O0012400,P0171,1,21.73,18.55
14947,O0012401,P0110,1,12.36,5.04
14948,O0012402,P0373,1,6.75,6.32
14949,O0012403,P0100,1,46.05,35.03
14950,O0012404,P0298,1,38.49,17.89
14951,O0012405,P0215,1,20.24,12.39
14952,O0012406,P0021,1,47.37,26.39
14953,O0012407,P0322,1,20.85,18.14
14954,O0012408,P0113,1,20.52,8.38
14955,O0012409,P0328,1,17.65,8.33
14956,O0012410,P0006,1,45.33,37.6
14957,O0012410,P0377,1,5.0,3.98
14958,O0012411,P0047,1,18.69,14.52
14959,O0012412,P0144,1,28.48,15.15
14960,O0012413,P0202,1,16.35,13.21
14961,O0012413,P0015,1,15.87,11.18
14962,O0012414,P0194,1,46.22,35.24
14963,O0012415,P0104,1,13.42,6.72
14964,O0012416,P0036,1,42.41,22.82
14965,O0012417,P0200,1,15.63,6.96
14966,O0012418,P0381,1,19.78,8.61
14967,O0012419,P0006,1,45.33,39.69
14968,O0012420,P0019,1,24.27,10.31
14969,O0012421,P0169,1,87.25,54.38
14970,O0012422,P0202,1,14.72,12.93
14971,O0012423,P0175,1,15.31,6.87
14972,O0012424,P0146,1,22.38,18.74
14973,O0012425,P0390,1,81.71,49.63
14974,O0012426,P0221,1,123.62,95.6
14975,O0012427,P0129,1,37.04,28.71
14976,O0012428,P0103,1,20.16,10.76
14977,O0012429,P0218,1,24.78,16.68
14978,O0012430,P0142,1,14.57,10.2
14979,O0012431,P0294,1,18.96,12.3
14980,O0012431,P0025,1,44.29,19.55
14981,O0012431,P0301,1,25.5,14.71
14982,O0012432,P0079,3,7.1,4.86
14983,O0012433,P0136,1,5.51,3.79
14984,O0012434,P0269,1,22.52,10.94
14985,O0012435,P0225,1,5.0,3.31
14986,O0012436,P0167,2,25.94,21.97
14987,O0012437,P0239,1,24.64,19.12
14988,O0012438,P0045,1,23.84,15.15
14989,O0012439,P0090,1,45.85,26.12
14990,O0012440,P0373,1,8.74,6.47
14991,O0012441,P0168,1,18.02,11.91
14992,O0012442,P0272,1,25.23,18.85
14993,O0012442,P0302,1,12.62,10.54
14994,O0012443,P0232,1,106.18,86.25
14995,O0012444,P0128,1,37.0,30.49
14996,O0012445,P0323,1,33.01,26.74
14997,O0012446,P0395,1,51.86,20.98
14998,O0012446,P0311,1,6.67,3.13
14999,O0012446,P0362,1,35.77,24.81
15000,O0012447,P0091,1,37.25,30.8
15001,O0012448,P0081,1,11.76,9.94
15002,O0012449,P0187,1,69.71,38.51
15003,O0012450,P0311,1,6.67,3.03
15004,O0012451,P0287,1,14.63,6.66
15005,O0012452,P0047,1,26.3,14.68
15006,O0012453,P0037,1,12.54,9.81
15007,O0012454,P0320,1,77.73,44.61
15008,O0012455,P0346,1,16.74,13.37
15009,O0012456,P0370,1,15.7,7.29
15010,O0012456,P0082,1,84.77,39.48
15011,O0012457,P0290,1,49.67,31.65
15012,O0012458,P0180,1,15.67,12.37
15013,O0012458,P0282,1,31.47,20.44
15014,O0012459,P0028,1,19.28,10.33
15015,O0012460,P0207,1,13.81,10.19
15016,O0012461,P0020,1,10.53,8.52
15017,O0012462,P0179,1,12.64,9.76
15018,O0012463,P0384,1,25.72,19.45
15019,O0012463,P0343,1,16.99,8.68
15020,O0012464,P0281,1,38.91,24.98
15021,O0012465,P0033,1,14.27,5.91
15022,O0012466,P0363,1,87.76,72.05
15023,O0012467,P0262,1,22.84,11.88
15024,O0012468,P0299,1,14.58,7.22
15025,O0012469,P0230,1,36.36,28.2
15026,O0012470,P0297,1,8.01,3.71
15027,O0012471,P0229,1,11.96,10.04
15028,O0012472,P0126,1,57.0,30.92
15029,O0012473,P0371,1,10.92,7.06
15030,O0012474,P0130,1,534.96,382.45
15031,O0012475,P0101,1,43.41,37.77
15032,O0012476,P0054,1,31.91,16.2
15033,O0012477,P0042,1,72.6,43.6
15034,O0012478,P0228,1,110.05,88.39
15035,O0012479,P0368,1,58.87,33.9
15036,O0012480,P0319,1,37.48,23.78
15037,O0012481,P0160,1,10.81,6.37
15038,O0012482,P0067,1,5.29,2.75
15039,O0012483,P0196,1,11.97,7.89
15040,O0012484,P0322,1,20.85,17.27
15041,O0012485,P0184,1,20.87,12.15
15042,O0012486,P0399,1,16.13,11.1
15043,O0012487,P0105,1,23.07,18.82
15044,O0012488,P0293,1,10.7,5.64
15045,O0012489,P0288,1,10.33,8.13
15046,O0012490,P0033,1,14.27,5.8
15047,O0012491,P0319,1,37.48,22.59
15048,O0012492,P0141,1,25.44,16.37
15049,O0012493,P0371,1,10.92,7.19
15050,O0012494,P0134,1,20.3,8.86
15051,O0012495,P0093,1,14.24,6.81
15052,O0012496,P0258,1,8.13,6.84
15053,O0012497,P0126,1,52.19,31.82
15054,O0012498,P0244,1,37.02,26.16
15055,O0012499,P0042,1,72.6,45.95
15056,O0012500,P0169,1,87.25,55.51
15057,O0012501,P0214,1,12.66,8.54
15058,O0012502,P0150,1,14.55,10.97
15059,O0012503,P0263,1,32.89,15.89
15060,O0012504,P0097,1,109.14,77.97
15061,O0012505,P0289,1,94.61,71.32
15062,O0012506,P0068,1,24.02,10.04
15063,O0012506,P0273,1,14.02,11.4
15064,O0012507,P0380,2,60.42,42.71
15065,O0012508,P0103,3,15.15,10.93
15066,O0012509,P0176,1,48.41,35.54
15067,O0012509,P0380,1,60.42,43.03
15068,O0012509,P0145,1,13.01,5.38
15069,O0012510,P0339,1,7.52,3.62
15070,O0012511,P0138,1,58.62,38.55
15071,O0012512,P0067,1,5.29,2.84
15072,O0012513,P0108,1,78.48,50.69
15073,O0012514,P0149,1,16.78,10.78
15074,O0012515,P0069,1,25.74,10.68
15075,O0012515,P0154,1,56.03,28.26
15076,O0012515,P0383,1,192.23,85.42
15077,O0012516,P0172,1,39.28,31.53
15078,O0012516,P0059,1,31.09,12.36
15079,O0012517,P0315,1,14.56,8.09
15080,O0012518,P0064,1,33.89,24.36
15081,O0012519,P0271,1,118.13,51.6
15082,O0012520,P0131,1,44.32,42.57
15083,O0012521,P0368,1,58.87,35.09
15084,O0012522,P0210,1,21.59,13.69
15085,O0012522,P0331,1,49.25,29.33
15086,O0012523,P0313,1,36.8,19.19
15087,O0012524,P0214,2,12.66,8.65
15088,O0012525,P0396,2,61.06,33.86
15089,O0012525,P0330,1,17.52,10.95
15090,O0012525,P0056,1,53.25,44.4
15091,O0012526,P0266,1,52.67,25.64
15092,O0012527,P0354,1,110.11,62.57
15093,O0012528,P0363,1,87.76,71.5
15094,O0012528,P0164,2,7.78,6.39
15095,O0012529,P0372,1,6.53,5.32
15096,O0012530,P0022,1,8.32,6.12
15097,O0012531,P0335,1,24.9,12.87
15098,O0012532,P0156,2,13.93,6.18
15099,O0012533,P0184,1,18.78,12.54
15100,O0012533,P0325,1,23.66,17.47
15101,O0012534,P0276,1,20.56,15.36
15102,O0012535,P0372,1,6.53,5.28
15103,O0012536,P0218,1,24.78,16.34
15104,O0012537,P0310,1,38.72,23.72
15105,O0012538,P0120,1,9.06,6.49
15106,O0012539,P0225,1,4.5,3.47
15107,O0012539,P0252,1,73.33,36.79
15108,O0012539,P0126,1,57.0,31.81
15109,O0012540,P0214,2,9.44,8.26
15110,O0012541,P0286,1,7.86,4.37
15111,O0012542,P0171,1,21.73,18.93
15112,O0012543,P0090,1,45.85,26.23
15113,O0012544,P0067,1,5.29,2.84
15114,O0012545,P0251,1,37.72,30.09
15115,O0012546,P0307,1,26.56,18.18
15116,O0012547,P0377,1,5.0,4.22
15117,O0012548,P0164,1,7.78,6.35
15118,O0012549,P0079,1,7.1,4.92
15119,O0012550,P0292,1,12.32,9.26
15120,O0012551,P0331,1,45.68,29.55
15121,O0012552,P0104,1,13.42,6.73
15122,O0012552,P0071,1,21.03,9.6
15123,O0012553,P0197,2,49.11,30.18
15124,O0012554,P0128,1,37.0,30.85
15125,O0012555,P0306,1,44.89,32.66
15126,O0012555,P0393,1,7.54,5.73
15127,O0012556,P0394,1,13.17,7.85
15128,O0012557,P0219,3,25.02,17.31
15129,O0012558,P0353,1,34.15,17.59
15130,O0012559,P0024,1,28.72,22.11
15131,O0012560,P0219,1,25.02,16.97
15132,O0012560,P0196,2,11.97,7.84
15133,O0012561,P0233,1,63.03,54.16
15134,O0012562,P0079,1,7.1,4.84
15135,O0012563,P0058,1,18.88,11.67
15136,O0012564,P0380,1,60.42,42.99
15137,O0012564,P0278,1,15.48,9.64
15138,O0012565,P0272,2,25.23,19.45
15139,O0012566,P0069,1,25.74,11.06
15140,O0012566,P0018,1,19.43,11.83
15141,O0012567,P0327,1,32.14,16.38
15142,O0012568,P0006,1,45.33,37.94
15143,O0012569,P0100,1,46.05,34.46
15144,O0012570,P0343,1,16.99,8.63
15145,O0012571,P0191,1,12.75,6.99
15146,O0012572,P0023,1,8.48,7.06
15147,O0012573,P0110,1,12.36,5.07
15148,O0012574,P0366,1,22.18,17.26
15149,O0012575,P0029,1,16.97,8.76
15150,O0012576,P0074,1,44.77,33.1
15151,O0012577,P0107,1,24.79,16.39
15152,O0012578,P0053,1,51.03,39.93
15153,O0012579,P0222,1,13.28,10.9
15154,O0012580,P0218,1,24.78,16.84
15155,O0012580,P0191,1,12.75,6.71
15156,O0012580,P0216,1,33.83,26.83
15157,O0012581,P0029,1,15.27,8.95
15158,O0012582,P0324,1,15.13,7.54
15159,O0012583,P0023,1,8.48,7.41
15160,O0012584,P0375,1,19.93,9.21
15161,O0012585,P0165,1,11.19,5.06
15162,O0012585,P0297,1,8.01,3.67
15163,O0012586,P0064,1,33.89,24.73
15164,O0012587,P0058,1,18.88,11.64
15165,O0012588,P0394,1,13.17,7.92
15166,O0012588,P0284,1,11.42,6.02
15167,O0012589,P0167,1,25.94,21.39
15168,O0012590,P0097,1,109.14,77.68
15169,O0012590,P0350,1,11.21,5.28
15170,O0012591,P0154,1,56.03,28.67
15171,O0012592,P0072,1,22.38,19.82
15172,O0012593,P0181,2,24.13,14.34
15173,O0012594,P0396,1,67.85,34.76
15174,O0012595,P0323,1,33.01,26.68
15175,O0012596,P0343,1,16.99,8.72
15176,O0012597,P0325,1,26.29,17.5
15177,O0012597,P0367,1,25.65,17.69
15178,O0012598,P0394,1,13.17,8.07
15179,O0012599,P0385,1,28.75,13.97
15180,O0012600,P0190,1,19.9,14.55
15181,O0012601,P0118,1,7.3,3.93
15182,O0012602,P0250,1,99.91,57.88
15183,O0012603,P0288,1,10.33,8.6
15184,O0012604,P0227,1,32.25,17.64
15185,O0012605,P0135,1,156.29,84.39
15186,O0012606,P0326,2,21.66,17.12
15187,O0012607,P0135,1,156.29,83.71
15188,O0012608,P0180,1,15.67,12.29
15189,O0012609,P0380,1,54.38,43.19
15190,O0012610,P0176,1,48.41,34.22
15191,O0012611,P0245,1,7.19,3.24
15192,O0012612,P0118,2,5.59,4.07
15193,O0012612,P0170,1,9.11,6.11
15194,O0012613,P0365,1,10.01,9.24
15195,O0012614,P0021,1,47.37,25.7
15196,O0012615,P0164,1,7.78,6.08
15197,O0012616,P0197,1,53.52,31.04
15198,O0012617,P0048,1,19.31,12.23
15199,O0012618,P0041,1,46.99,38.77
15200,O0012619,P0051,1,11.56,10.41
15201,O0012619,P0310,1,38.72,22.91
15202,O0012620,P0268,1,13.01,5.81
15203,O0012621,P0236,1,65.21,56.89
15204,O0012622,P0118,1,7.3,4.08
15205,O0012623,P0158,1,45.59,19.9
15206,O0012624,P0309,1,14.44,8.03
15207,O0012625,P0284,1,11.42,6.0
15208,O0012626,P0336,1,93.8,79.25
15209,O0012627,P0226,1,16.11,7.26
15210,O0012628,P0200,1,15.63,7.02
15211,O0012629,P0283,1,22.15,13.91
15212,O0012630,P0379,1,107.68,45.6
15213,O0012631,P0357,1,30.69,19.22
15214,O0012632,P0313,1,40.89,18.99
15215,O0012633,P0362,1,35.77,24.28
15216,O0012634,P0300,1,16.61,8.99
15217,O0012635,P0045,1,23.84,14.94
15218,O0012636,P0261,1,5.0,3.59
15219,O0012637,P0225,1,5.0,3.33
15220,O0012637,P0205,1,6.21,6.01
15221,O0012637,P0238,1,66.04,34.88
15222,O0012638,P0141,2,25.44,16.11
15223,O0012639,P0066,1,23.11,11.98
15224,O0012640,P0164,1,7.78,6.12
15225,O0012641,P0265,1,23.33,16.09
15226,O0012642,P0383,1,192.23,84.85
15227,O0012643,P0236,1,72.46,58.52
15228,O0012644,P0226,1,16.11,7.23
15229,O0012645,P0162,1,7.81,3.42
15230,O0012646,P0139,1,13.84,9.68
15231,O0012647,P0190,1,22.11,14.5
15232,O0012648,P0026,1,28.14,13.85
15233,O0012649,P0231,2,8.53,7.21
15234,O0012649,P0184,1,20.87,12.98
15235,O0012649,P0233,3,63.03,55.08
15236,O0012650,P0336,1,93.8,74.88
15237,O0012651,P0364,1,14.67,13.15
15238,O0012652,P0230,1,36.36,27.74
15239,O0012652,P0118,1,7.3,4.02
15240,O0012652,P0392,1,5.0,2.4
15241,O0012653,P0256,1,43.56,33.17
15242,O0012654,P0224,1,12.85,6.22
15243,O0012655,P0305,1,15.47,7.25
15244,O0012656,P0114,1,40.41,36.29
15245,O0012657,P0068,1,24.02,10.33
15246,O0012658,P0187,2,69.71,39.81
15247,O0012658,P0029,1,16.97,9.09
15248,O0012659,P0103,1,18.14,10.61
15249,O0012660,P0389,1,20.01,13.17
15250,O0012661,P0097,1,109.14,75.89
15251,O0012662,P0270,1,10.72,6.22
15252,O0012662,P0233,1,63.03,54.75
15253,O0012663,P0386,1,21.86,11.06
15254,O0012664,P0290,1,49.67,32.34
15255,O0012665,P0051,1,12.85,10.84
15256,O0012666,P0245,1,7.19,3.27
15257,O0012667,P0029,1,16.97,9.16
15258,O0012668,P0075,1,75.36,52.34
15259,O0012668,P0036,1,51.68,22.38
15260,O0012669,P0055,1,26.51,20.85
15261,O0012670,P0108,1,69.27,50.36
15262,O0012670,P0070,1,176.02,91.55
15263,O0012671,P0102,1,34.13,23.11
15264,O0012672,P0131,2,52.63,42.84
15265,O0012673,P0329,1,33.63,23.13
15266,O0012674,P0293,1,10.7,5.76
15267,O0012675,P0057,1,13.99,7.05
15268,O0012676,P0083,1,13.11,10.57
15269,O0012676,P0061,1,7.91,3.57
15270,O0012677,P0246,1,68.18,47.68
15271,O0012678,P0191,1,11.48,6.95
15272,O0012679,P0343,1,16.99,8.65
15273,O0012680,P0156,1,13.93,6.48
15274,O0012681,P0064,1,33.89,25.07
15275,O0012681,P0371,1,10.92,7.01
15276,O0012682,P0173,1,30.72,13.87
15277,O0012683,P0319,1,37.48,23.45
15278,O0012684,P0105,1,23.07,19.33
15279,O0012685,P0344,1,12.43,9.26
15280,O0012686,P0087,1,6.78,2.95
15281,O0012687,P0077,1,10.0,4.88
15282,O0012688,P0063,1,15.32,13.87
15283,O0012689,P0193,1,61.96,46.95
15284,O0012689,P0172,1,39.28,31.09
15285,O0012690,P0143,1,5.0,3.78
15286,O0012691,P0243,1,27.01,14.26
15287,O0012691,P0128,1,37.0,30.87
15288,O0012692,P0277,1,16.05,9.21
15289,O0012693,P0190,3,22.11,14.99
15290,O0012694,P0344,2,12.43,9.22
15291,O0012695,P0059,1,31.09,12.49
15292,O0012696,P0255,1,19.78,12.85
15293,O0012697,P0027,2,22.36,12.82
15294,O0012698,P0203,1,16.83,7.46
15295,O0012699,P0115,1,35.82,30.06
15296,O0012700,P0325,1,26.29,17.35
15297,O0012700,P0206,1,7.96,6.67
15298,O0012701,P0107,2,20.99,16.98
15299,O0012702,P0037,1,12.54,10.07
15300,O0012703,P0009,1,29.77,17.6
15301,O0012704,P0302,1,12.62,11.11
15302,O0012705,P0071,1,21.03,10.22
15303,O0012706,P0296,1,113.02,96.14
15304,O0012707,P0088,1,28.44,23.19
15305,O0012708,P0302,1,12.62,11.1
15306,O0012709,P0045,1,21.99,15.14
15307,O0012710,P0262,1,22.84,11.97
15308,O0012711,P0005,2,73.69,36.3
15309,O0012712,P0075,1,53.53,51.41
15310,O0012713,P0148,1,49.04,23.26
15311,O0012714,P0020,1,10.53,8.88
15312,O0012715,P0173,1,30.72,13.23
15313,O0012716,P0292,1,9.05,9.38
15314,O0012717,P0158,1,45.59,20.84
15315,O0012718,P0125,1,58.35,33.84
15316,O0012719,P0278,1,15.48,9.59
15317,O0012720,P0353,1,34.15,18.23
15318,O0012721,P0080,1,25.92,12.48
15319,O0012722,P0066,1,21.8,12.36
15320,O0012723,P0315,1,14.56,8.29
15321,O0012724,P0096,1,13.85,6.67
15322,O0012725,P0309,1,14.44,8.26
15323,O0012726,P0159,1,5.0,2.49
15324,O0012726,P0094,1,26.59,23.41
15325,O0012727,P0031,1,31.79,13.66
15326,O0012728,P0158,1,45.59,20.02
15327,O0012729,P0309,1,14.44,7.92
15328,O0012729,P0211,1,24.17,10.39
15329,O0012729,P0230,1,36.36,27.58
15330,O0012730,P0153,1,133.98,80.12
15331,O0012731,P0240,1,25.47,21.74
15332,O0012732,P0384,3,25.72,19.56
15333,O0012733,P0122,1,27.74,24.04
15334,O0012734,P0099,1,11.25,6.16
15335,O0012735,P0202,1,16.35,12.91
15336,O0012736,P0101,1,53.02,38.64
15337,O0012736,P0234,1,16.86,8.12
15338,O0012736,P0110,1,12.36,4.99
15339,O0012737,P0160,1,10.81,6.59
15340,O0012738,P0344,1,12.43,9.19
15341,O0012739,P0363,1,87.76,72.5
15342,O0012740,P0379,1,107.68,44.83
15343,O0012741,P0071,1,21.03,10.0
15344,O0012741,P0324,1,11.86,7.41
15345,O0012741,P0214,2,9.08,8.74
15346,O0012742,P0045,1,19.04,15.9
15347,O0012743,P0345,1,23.02,19.85
15348,O0012744,P0334,1,10.95,5.85
15349,O0012745,P0298,1,38.49,18.05
15350,O0012746,P0357,1,30.69,19.44
15351,O0012747,P0357,2,30.69,18.92
15352,O0012748,P0271,1,88.71,48.46
15353,O0012749,P0362,1,35.77,24.14
15354,O0012749,P0189,1,31.8,27.37
15355,O0012750,P0096,1,12.46,6.69
15356,O0012751,P0179,1,12.64,9.41
15357,O0012752,P0309,1,14.44,8.1
15358,O0012753,P0180,1,15.67,12.14
15359,O0012754,P0049,1,20.58,12.62
15360,O0012755,P0373,1,7.15,6.32
15361,O0012756,P0235,1,6.23,5.19
15362,O0012757,P0367,1,25.65,17.27
15363,O0012758,P0209,1,48.72,22.95
15364,O0012758,P0340,1,61.25,48.67
15365,O0012759,P0249,1,127.56,101.25
15366,O0012760,P0133,1,12.51,8.66
15367,O0012761,P0047,1,26.3,14.64
15368,O0012762,P0341,1,40.7,32.93
15369,O0012763,P0071,1,21.03,9.61
15370,O0012764,P0183,1,38.0,30.87
15371,O0012765,P0029,1,16.97,8.88
15372,O0012766,P0039,1,16.72,9.37
15373,O0012767,P0066,1,23.11,12.45
15374,O0012768,P0329,1,33.63,24.2
15375,O0012769,P0161,1,90.55,64.52
15376,O0012770,P0346,1,16.74,13.7
15377,O0012771,P0100,1,46.05,35.58
15378,O0012772,P0016,1,26.81,13.29
15379,O0012773,P0071,1,21.03,9.83
15380,O0012774,P0317,1,54.87,28.38
15381,O0012775,P0181,1,21.72,13.59
15382,O0012776,P0108,2,78.48,49.35
15383,O0012777,P0034,1,40.02,30.28
15384,O0012777,P0287,1,14.63,6.89
15385,O0012778,P0383,1,192.23,83.08
15386,O0012779,P0256,1,43.56,34.16
15387,O0012780,P0094,1,29.54,23.93
15388,O0012781,P0127,1,37.04,30.2
15389,O0012782,P0044,1,14.64,9.6
15390,O0012783,P0245,1,5.82,3.29
15391,O0012784,P0155,1,67.59,27.2
15392,O0012785,P0312,1,25.49,17.36
15393,O0012786,P0309,1,14.44,7.92
15394,O0012787,P0389,1,20.01,13.2
15395,O0012788,P0012,1,31.54,17.59
15396,O0012789,P0356,1,81.19,67.83
15397,O0012790,P0239,1,24.64,19.18
15398,O0012790,P0105,1,23.07,19.23
15399,O0012790,P0201,1,29.84,13.16
15400,O0012791,P0308,1,44.75,23.25
15401,O0012792,P0252,1,73.33,37.28
15402,O0012793,P0260,1,23.47,19.76
15403,O0012794,P0371,1,8.29,6.92
15404,O0012795,P0004,2,20.34,16.18
15405,O0012796,P0325,1,26.29,17.93
15406,O0012797,P0388,1,15.88,7.06
15407,O0012798,P0151,1,8.95,7.71
15408,O0012799,P0246,1,68.18,47.28
15409,O0012799,P0118,1,7.3,3.88
15410,O0012800,P0324,1,15.13,7.24
15411,O0012801,P0162,1,7.81,3.29
15412,O0012801,P0170,1,9.11,5.99
15413,O0012802,P0156,1,13.93,6.56
15414,O0012803,P0009,1,29.77,18.2
15415,O0012804,P0064,1,33.89,24.56
15416,O0012805,P0207,1,13.81,10.83
15417,O0012806,P0051,1,12.85,11.01
15418,O0012807,P0078,1,15.6,10.29
15419,O0012808,P0310,1,38.72,23.01
15420,O0012809,P0135,1,156.29,85.29
15421,O0012810,P0316,1,25.48,12.21
15422,O0012811,P0251,1,41.11,30.67
15423,O0012812,P0283,1,22.15,14.28
15424,O0012813,P0083,1,12.26,11.18
15425,O0012814,P0001,1,36.5,27.56
15426,O0012815,P0313,1,40.89,18.98
15427,O0012816,P0293,1,10.7,5.61
15428,O0012816,P0120,1,9.06,6.35
15429,O0012817,P0320,1,77.73,45.47
15430,O0012817,P0220,1,36.54,25.68
15431,O0012817,P0020,1,10.53,8.8
15432,O0012818,P0152,1,51.13,38.5
15433,O0012818,P0308,1,44.75,24.11
15434,O0012819,P0058,1,18.88,11.58
15435,O0012820,P0183,1,29.28,30.07
15436,O0012820,P0197,1,41.23,30.72
15437,O0012821,P0119,1,29.12,24.46
15438,O0012822,P0204,1,29.54,24.59
15439,O0012823,P0340,1,61.25,45.95
15440,O0012823,P0215,1,22.49,12.09
15441,O0012824,P0324,1,11.68,7.35
15442,O0012825,P0109,1,40.47,21.77
15443,O0012826,P0018,1,19.43,11.73
15444,O0012827,P0301,1,21.92,15.53
15445,O0012827,P0077,2,11.11,4.72
15446,O0012828,P0350,1,10.09,5.17
15447,O0012829,P0122,1,27.74,23.75
15448,O0012829,P0251,1,41.11,29.47
15449,O0012829,P0032,1,18.03,15.08
15450,O0012830,P0077,1,11.11,4.58
15451,O0012831,P0163,1,77.71,50.55
15452,O0012832,P0158,1,45.59,20.59
15453,O0012833,P0037,1,12.54,9.96
15454,O0012834,P0123,1,23.13,20.33
15455,O0012835,P0025,1,44.29,20.03
15456,O0012836,P0170,1,9.11,5.93
15457,O0012837,P0001,1,36.5,27.94
15458,O0012838,P0319,1,37.48,23.53
15459,O0012839,P0128,1,37.0,29.42
15460,O0012840,P0031,1,28.61,13.77
15461,O0012841,P0003,1,20.34,8.52
15462,O0012842,P0124,1,9.83,7.25
15463,O0012843,P0038,1,19.16,13.46
15464,O0012844,P0223,2,141.44,77.7
15465,O0012845,P0175,2,15.31,7.09
15466,O0012846,P0220,1,36.54,26.78
15467,O0012846,P0388,1,15.88,6.7
15468,O0012847,P0123,1,25.7,21.13
15469,O0012847,P0215,1,22.49,11.77
15470,O0012847,P0267,1,16.05,7.81
15471,O0012848,P0199,1,34.14,24.18
15472,O0012849,P0269,1,22.52,11.64
15473,O0012850,P0223,1,141.44,75.44
15474,O0012851,P0324,1,15.13,7.63
15475,O0012852,P0313,1,31.29,19.97
15476,O0012853,P0086,1,9.16,5.84
15477,O0012854,P0368,1,58.87,34.22
15478,O0012855,P0291,1,26.1,17.26
15479,O0012856,P0041,1,41.68,37.95
15480,O0012857,P0179,1,12.64,9.51
15481,O0012858,P0015,1,15.87,10.78
15482,O0012859,P0331,1,36.6,28.02
15483,O0012860,P0367,1,25.65,16.89
15484,O0012860,P0015,1,15.87,11.09
15485,O0012860,P0390,1,81.71,50.6
15486,O0012861,P0295,1,51.47,29.82
15487,O0012861,P0068,1,24.02,10.2
15488,O0012862,P0234,1,13.05,7.99
15489,O0012863,P0205,1,7.7,5.92
15490,O0012864,P0379,1,107.68,45.14
15491,O0012864,P0134,1,20.3,8.37
15492,O0012864,P0163,1,77.71,50.16
15493,O0012865,P0208,1,20.68,13.92
15494,O0012866,P0176,1,48.41,35.28
15495,O0012867,P0051,1,12.85,10.34
15496,O0012868,P0342,1,150.89,113.64
15497,O0012868,P0314,1,6.49,3.98
15498,O0012869,P0037,1,12.54,10.29
15499,O0012870,P0126,1,57.0,30.29
15500,O0012871,P0331,1,49.25,28.69
15501,O0012872,P0262,1,22.84,11.37
15502,O0012873,P0111,1,10.42,8.54
15503,O0012874,P0362,1,35.77,24.56
15504,O0012875,P0200,1,15.63,7.13
15505,O0012876,P0137,1,16.82,7.7
15506,O0012877,P0170,1,9.11,6.05
15507,O0012878,P0114,1,43.43,36.97
15508,O0012879,P0357,1,30.69,19.72
15509,O0012879,P0052,1,16.42,12.58
15510,O0012879,P0222,1,13.28,11.07
15511,O0012880,P0049,1,20.58,12.04
15512,O0012881,P0227,1,32.25,17.37
15513,O0012881,P0116,1,23.14,18.21
15514,O0012882,P0110,1,12.36,5.32
15515,O0012882,P0339,1,7.52,3.56
15516,O0012883,P0117,1,12.46,9.94
15517,O0012883,P0360,1,43.84,37.16
15518,O0012884,P0133,1,13.22,9.09
15519,O0012885,P0325,1,26.29,17.27
15520,O0012885,P0373,1,8.74,6.29
15521,O0012886,P0388,2,15.88,7.06
15522,O0012887,P0006,1,45.33,39.13
15523,O0012888,P0359,1,26.78,19.1
15524,O0012889,P0209,1,48.72,22.1
15525,O0012890,P0087,1,6.78,3.1
15526,O0012890,P0194,1,46.22,34.36
15527,O0012891,P0226,2,16.11,6.98
15528,O0012892,P0297,1,8.01,3.66
15529,O0012893,P0014,2,20.48,13.47
15530,O0012894,P0199,1,34.14,22.96
15531,O0012894,P0079,1,7.1,4.88
15532,O0012895,P0002,1,21.96,15.4
15533,O0012896,P0363,1,87.76,71.83
15534,O0012897,P0021,1,47.37,26.16
15535,O0012898,P0155,1,67.59,28.04
15536,O0012899,P0085,1,47.03,36.95
15537,O0012900,P0094,1,29.54,24.59
15538,O0012901,P0034,1,40.02,31.24
15539,O0012902,P0232,1,94.28,84.16
15540,O0012903,P0338,1,5.0,3.57
15541,O0012904,P0330,1,17.52,11.56
15542,O0012905,P0072,1,31.23,19.93
15543,O0012906,P0336,1,93.8,76.32
15544,O0012907,P0096,1,13.85,6.87
15545,O0012907,P0205,1,7.7,5.9
15546,O0012908,P0285,1,9.79,5.7
15547,O0012909,P0254,1,4.31,3.66
15548,O0012909,P0155,1,67.59,28.19
15549,O0012910,P0365,1,11.12,9.74
15550,O0012911,P0370,1,12.68,6.91
15551,O0012912,P0240,1,25.47,21.41
15552,O0012913,P0213,1,31.76,24.41
15553,O0012914,P0099,1,7.99,6.18
15554,O0012915,P0280,1,73.22,55.34
15555,O0012916,P0298,1,38.49,18.38
15556,O0012917,P0130,1,534.96,386.19
15557,O0012918,P0357,1,30.69,19.31
15558,O0012919,P0152,1,51.13,38.07
15559,O0012920,P0325,1,26.29,18.07
15560,O0012921,P0082,1,84.77,41.03
15561,O0012922,P0144,1,23.89,14.95
15562,O0012923,P0295,1,51.47,29.17
15563,O0012924,P0369,1,21.62,17.04
15564,O0012925,P0042,1,72.6,46.3
15565,O0012926,P0252,1,73.33,38.16
15566,O0012926,P0250,1,99.91,58.89
15567,O0012927,P0354,1,99.1,64.01
15568,O0012928,P0101,1,53.02,37.6
15569,O0012928,P0268,1,11.71,5.87
15570,O0012929,P0375,1,19.93,9.36
15571,O0012930,P0050,1,32.64,24.67
15572,O0012931,P0151,1,8.95,7.47
15573,O0012932,P0016,1,21.82,13.13
15574,O0012933,P0213,1,31.76,24.36
15575,O0012934,P0292,1,12.32,9.18
15576,O0012935,P0141,1,25.44,16.07
15577,O0012936,P0138,1,58.62,38.79
15578,O0012936,P0266,3,52.67,26.05
15579,O0012937,P0378,1,23.49,13.8
15580,O0012938,P0201,1,29.84,13.37
15581,O0012939,P0394,1,13.17,7.78
15582,O0012939,P0260,1,23.47,19.42
15583,O0012939,P0369,1,21.62,16.96
15584,O0012940,P0028,1,17.77,10.08
15585,O0012941,P0122,1,27.74,23.27
15586,O0012942,P0137,1,16.82,7.73
15587,O0012943,P0333,2,5.0,2.99
15588,O0012943,P0321,1,38.93,31.52
15589,O0012944,P0234,1,16.86,7.87
15590,O0012945,P0212,1,16.9,8.95
15591,O0012946,P0348,1,14.56,13.27
15592,O0012947,P0174,1,14.91,8.18
15593,O0012948,P0094,1,29.54,23.96
15594,O0012949,P0114,1,43.43,34.84
15595,O0012950,P0315,1,14.56,7.91
15596,O0012951,P0123,1,20.56,20.13
15597,O0012952,P0166,1,35.51,24.14
15598,O0012953,P0012,1,31.54,17.63
15599,O0012954,P0184,1,20.87,12.65
15600,O0012955,P0293,2,10.7,5.74
15601,O0012956,P0264,1,11.57,6.62
15602,O0012957,P0319,2,37.48,23.81
15603,O0012957,P0341,1,40.7,33.13
15604,O0012957,P0128,1,37.0,30.57
15605,O0012958,P0373,1,8.74,6.4
15606,O0012959,P0373,1,8.74,6.44
15607,O0012960,P0147,1,36.74,22.14
15608,O0012960,P0311,1,6.67,3.16
15609,O0012960,P0092,1,31.11,23.88
15610,O0012961,P0356,1,69.5,69.24
15611,O0012962,P0099,1,11.25,6.23
15612,O0012963,P0334,1,10.95,6.05
15613,O0012964,P0155,1,67.59,27.15
15614,O0012965,P0322,1,20.85,18.25
15615,O0012965,P0282,1,31.47,20.82
15616,O0012965,P0250,1,99.91,57.74
15617,O0012966,P0018,1,16.17,12.06
15618,O0012967,P0162,1,5.86,3.24
15619,O0012968,P0058,1,18.88,11.43
15620,O0012969,P0033,1,14.27,5.8
15621,O0012970,P0295,1,51.47,30.03
15622,O0012971,P0399,1,16.13,11.73
15623,O0012972,P0057,1,13.99,7.23
15624,O0012973,P0220,1,36.54,26.56
15625,O0012974,P0339,2,7.52,3.63
15626,O0012975,P0299,1,12.86,7.35
15627,O0012975,P0097,1,109.14,76.4
15628,O0012976,P0331,1,49.25,28.41
15629,O0012977,P0052,1,16.42,12.99
15630,O0012978,P0221,1,137.35,93.06
15631,O0012978,P0265,1,23.33,16.33
15632,O0012979,P0211,1,24.17,10.72
15633,O0012980,P0171,1,21.73,18.07
15634,O0012981,P0126,1,57.0,30.26
15635,O0012981,P0400,1,36.29,18.44
15636,O0012982,P0039,1,16.72,8.9
15637,O0012982,P0137,2,16.82,7.97
15638,O0012983,P0342,1,135.8,116.18
15639,O0012984,P0214,1,12.66,8.26
15640,O0012985,P0152,1,51.13,37.07
15641,O0012986,P0138,1,58.62,38.96
15642,O0012987,P0072,1,31.23,19.29
15643,O0012988,P0007,1,16.85,8.07
15644,O0012989,P0115,1,35.82,29.39
15645,O0012990,P0039,1,16.72,9.14
15646,O0012991,P0134,1,20.3,8.33
15647,O0012992,P0386,1,21.86,10.85
15648,O0012992,P0400,1,36.29,19.23
15649,O0012993,P0304,1,11.87,9.6
15650,O0012994,P0158,1,45.59,20.89
15651,O0012995,P0224,1,11.29,6.51
15652,O0012996,P0221,3,137.35,91.9
15653,O0012997,P0263,1,32.89,16.39
15654,O0012998,P0177,1,50.38,37.63
15655,O0012998,P0400,1,36.29,18.35
15656,O0012999,P0142,1,13.11,9.99
15657,O0013000,P0214,1,12.66,8.57
15658,O0013001,P0330,1,17.52,11.44
15659,O0013002,P0367,1,25.65,16.95
15660,O0013003,P0241,1,17.11,10.33
15661,O0013004,P0294,1,21.07,11.8
15662,O0013005,P0108,1,78.48,48.09
15663,O0013006,P0313,2,40.89,19.61
15664,O0013007,P0343,1,16.99,9.1
15665,O0013008,P0307,1,26.56,17.72
15666,O0013009,P0209,2,39.6,23.0
15667,O0013010,P0203,1,16.83,7.4
15668,O0013011,P0071,1,21.03,9.72
15669,O0013011,P0325,1,26.29,17.62
15670,O0013012,P0098,1,35.84,18.11
15671,O0013013,P0302,1,12.62,11.05
15672,O0013014,P0117,1,12.46,10.0
15673,O0013014,P0029,1,16.97,9.19
15674,O0013015,P0062,1,15.77,10.05
15675,O0013016,P0327,1,32.14,15.51
15676,O0013016,P0362,1,35.77,24.49
15677,O0013016,P0048,1,19.31,11.9
15678,O0013017,P0127,1,37.04,29.31
15679,O0013018,P0015,1,15.87,10.58
15680,O0013019,P0049,2,20.58,12.2
15681,O0013019,P0032,1,16.23,15.79
15682,O0013019,P0174,1,14.91,7.95
15683,O0013020,P0199,1,34.14,23.92
15684,O0013021,P0172,1,39.28,33.26
15685,O0013022,P0307,1,26.56,17.71
15686,O0013023,P0297,1,8.01,3.74
15687,O0013023,P0173,1,30.72,13.93
15688,O0013024,P0156,1,12.79,6.23
15689,O0013025,P0226,1,16.11,7.35
15690,O0013026,P0178,1,31.37,24.78
15691,O0013027,P0097,1,102.18,79.33
15692,O0013028,P0018,1,19.43,12.09
15693,O0013029,P0101,1,53.02,36.37
15694,O0013029,P0108,1,78.48,48.58
15695,O0013030,P0085,1,47.03,36.19
15696,O0013031,P0326,1,21.66,16.88
15697,O0013031,P0105,1,23.07,18.58
15698,O0013032,P0027,1,22.36,13.16
15699,O0013033,P0234,1,16.86,8.04
15700,O0013034,P0274,1,29.11,24.7
15701,O0013035,P0321,1,38.93,30.74
15702,O0013036,P0004,1,20.34,16.06
15703,O0013037,P0351,1,40.46,33.55
15704,O0013038,P0016,1,26.81,12.61
15705,O0013039,P0203,1,16.83,7.57
15706,O0013040,P0059,1,31.09,12.61
15707,O0013041,P0244,1,37.02,25.55
15708,O0013042,P0350,1,11.21,5.15
15709,O0013043,P0271,1,118.13,50.81
15710,O0013044,P0277,1,16.05,9.16
15711,O0013044,P0049,1,20.58,11.91
15712,O0013044,P0132,1,41.31,23.3
15713,O0013045,P0089,1,30.2,17.29
15714,O0013046,P0296,1,113.02,97.84
15715,O0013047,P0284,1,11.42,6.01
15716,O0013048,P0369,1,21.62,17.04
15717,O0013049,P0166,1,35.51,24.4
15718,O0013049,P0195,1,24.29,10.71
15719,O0013050,P0207,1,13.81,10.6
15720,O0013050,P0223,1,141.44,76.11
15721,O0013051,P0035,1,55.97,42.12
15722,O0013052,P0266,1,52.67,25.62
15723,O0013052,P0231,1,8.53,7.01
15724,O0013053,P0071,1,18.93,9.66
15725,O0013053,P0121,1,12.1,8.15
15726,O0013054,P0003,1,14.45,8.85
15727,O0013055,P0024,1,28.72,21.65
15728,O0013056,P0369,1,21.62,17.11
15729,O0013057,P0046,1,85.77,51.64
15730,O0013057,P0033,1,14.27,5.98
15731,O0013057,P0196,1,11.97,7.73
15732,O0013058,P0220,1,36.54,27.3
15733,O0013059,P0126,1,57.0,31.04
15734,O0013060,P0057,1,13.99,6.96
15735,O0013060,P0256,1,43.56,33.78
15736,O0013060,P0108,1,78.48,48.11
15737,O0013061,P0289,1,94.61,72.53
15738,O0013062,P0154,1,56.03,28.88
15739,O0013063,P0142,1,14.57,10.12
15740,O0013064,P0377,1,5.0,3.98
15741,O0013065,P0025,2,37.72,19.14
15742,O0013066,P0347,1,50.63,25.05
15743,O0013067,P0069,1,25.74,11.16
15744,O0013068,P0312,1,25.49,16.9
15745,O0013069,P0370,1,17.44,7.16
15746,O0013070,P0121,1,12.1,8.09
15747,O0013071,P0238,1,49.6,34.43
15748,O0013072,P0070,1,166.05,93.38
15749,O0013073,P0183,1,34.2,30.56
15750,O0013074,P0365,1,11.12,9.24
15751,O0013075,P0159,1,5.0,2.35
15752,O0013076,P0022,1,9.24,5.99
15753,O0013077,P0306,1,44.89,32.79
15754,O0013078,P0344,1,12.43,9.33
15755,O0013079,P0080,1,25.92,12.82
15756,O0013080,P0086,1,9.16,5.89
15757,O0013081,P0335,1,24.9,13.05
15758,O0013082,P0202,1,16.35,12.6
15759,O0013083,P0131,1,47.37,42.24
15760,O0013084,P0104,1,13.42,6.75
15761,O0013085,P0180,1,15.67,12.06
15762,O0013086,P0018,1,17.57,11.78
15763,O0013087,P0095,1,27.91,12.23
15764,O0013088,P0240,1,25.47,21.22
15765,O0013089,P0283,1,22.15,14.74
15766,O0013090,P0213,1,31.76,22.94
15767,O0013091,P0064,1,33.89,25.03
15768,O0013092,P0262,1,22.84,11.66
15769,O0013093,P0105,1,23.07,18.32
15770,O0013093,P0133,1,13.22,8.72
15771,O0013094,P0379,1,107.68,45.64
15772,O0013094,P0354,1,110.11,60.07
15773,O0013095,P0049,1,20.58,12.11
15774,O0013096,P0027,1,22.36,13.43
15775,O0013096,P0104,1,13.42,6.86
15776,O0013097,P0202,1,16.35,12.65
15777,O0013098,P0229,1,10.76,10.14
15778,O0013099,P0131,1,52.63,44.06
15779,O0013100,P0376,1,7.37,3.62
15780,O0013101,P0183,1,38.0,30.92
15781,O0013102,P0216,1,33.83,28.0
15782,O0013103,P0061,1,7.91,3.63
15783,O0013104,P0154,1,46.32,29.57
15784,O0013105,P0375,1,15.66,9.49
15785,O0013106,P0140,1,42.25,18.19
15786,O0013107,P0327,1,32.14,15.76
15787,O0013108,P0193,1,61.96,46.08
15788,O0013109,P0180,1,15.67,12.38
15789,O0013110,P0313,1,40.89,19.33
15790,O0013111,P0278,1,15.48,9.77
15791,O0013112,P0364,1,16.3,13.37
15792,O0013112,P0233,1,63.03,55.84
15793,O0013113,P0107,1,24.79,17.03
15794,O0013114,P0028,1,19.28,10.16
15795,O0013115,P0186,1,47.03,37.87
15796,O0013116,P0282,1,31.47,20.3
15797,O0013117,P0205,1,7.7,5.96
15798,O0013117,P0143,1,5.0,3.85
15799,O0013118,P0295,1,51.47,29.57
15800,O0013118,P0117,1,12.46,9.78
15801,O0013119,P0375,1,19.93,9.06
15802,O0013120,P0212,1,19.47,9.12
15803,O0013121,P0110,1,12.36,5.28
15804,O0013121,P0292,1,12.32,9.35
15805,O0013122,P0153,1,133.98,82.6
15806,O0013123,P0382,1,10.12,8.59
15807,O0013124,P0387,1,23.9,15.84
15808,O0013125,P0225,1,5.0,3.37
15809,O0013126,P0132,1,41.31,23.11
15810,O0013127,P0028,1,19.28,10.0
15811,O0013128,P0390,2,81.71,50.52
15812,O0013129,P0011,1,10.91,6.02
15813,O0013130,P0015,1,15.87,11.03
15814,O0013131,P0270,1,10.72,5.99
15815,O0013132,P0150,2,14.55,10.72
15816,O0013133,P0376,2,7.37,3.7
15817,O0013134,P0261,1,5.0,3.44
15818,O0013135,P0171,2,21.73,18.11
15819,O0013135,P0384,1,25.72,19.2
15820,O0013136,P0051,1,12.85,11.01
15821,O0013137,P0033,1,14.27,5.87
15822,O0013137,P0090,1,45.85,25.21
15823,O0013137,P0335,1,24.9,12.85
15824,O0013138,P0032,1,16.23,15.62
15825,O0013138,P0340,1,61.25,48.02
15826,O0013138,P0396,1,67.85,34.06
15827,O0013139,P0300,1,16.61,8.74
15828,O0013140,P0152,1,51.13,38.0
15829,O0013141,P0165,1,11.19,4.97
15830,O0013141,P0246,1,51.13,48.71
15831,O0013142,P0138,1,58.62,36.89
15832,O0013143,P0042,1,72.6,46.66
15833,O0013144,P0183,1,38.0,31.31
15834,O0013145,P0125,1,58.35,32.61
15835,O0013146,P0247,1,84.85,54.33
15836,O0013147,P0154,1,50.43,28.27
15837,O0013148,P0142,2,14.57,10.24
15838,O0013149,P0222,1,13.28,10.5
15839,O0013150,P0080,1,20.87,12.67
15840,O0013151,P0294,1,21.07,12.27
15841,O0013152,P0070,1,176.02,94.73
15842,O0013153,P0022,1,9.24,5.91
15843,O0013154,P0352,1,9.21,8.34
15844,O0013154,P0128,1,30.75,30.55
15845,O0013155,P0219,1,25.02,16.86
15846,O0013156,P0064,1,28.17,24.22
15847,O0013157,P0383,1,145.43,83.97
15848,O0013158,P0385,1,26.94,14.19
15849,O0013159,P0048,1,19.31,12.36
15850,O0013160,P0108,1,78.48,51.04
15851,O0013161,P0215,1,22.49,12.48
15852,O0013162,P0312,2,25.49,17.4
15853,O0013163,P0280,1,73.22,53.86
15854,O0013164,P0289,1,94.61,70.54
15855,O0013165,P0278,1,13.93,9.55
15856,O0013166,P0204,1,29.54,26.15
15857,O0013167,P0156,1,13.93,6.31
15858,O0013168,P0224,1,12.85,6.4
15859,O0013168,P0259,1,6.28,3.93
15860,O0013168,P0203,1,16.83,7.24
15861,O0013169,P0263,1,32.89,16.34
15862,O0013170,P0096,1,13.85,6.41
15863,O0013171,P0266,1,52.67,25.97
15864,O0013172,P0248,1,26.91,21.79
15865,O0013173,P0281,1,31.95,25.12
15866,O0013174,P0327,2,32.14,16.5
15867,O0013175,P0147,1,33.07,21.27
15868,O0013176,P0264,1,11.57,6.48
15869,O0013177,P0304,1,11.87,9.22
15870,O0013178,P0079,1,7.1,5.06
15871,O0013178,P0140,1,42.25,18.28
15872,O0013179,P0012,2,31.54,17.9
15873,O0013180,P0372,1,6.53,5.57
15874,O0013180,P0084,1,18.96,14.92
15875,O0013181,P0319,1,37.48,23.3
15876,O0013182,P0335,1,24.9,13.11
15877,O0013183,P0349,1,19.77,15.08
15878,O0013184,P0299,1,14.58,7.25
15879,O0013185,P0094,1,29.54,24.3
15880,O0013186,P0317,1,54.87,28.07
15881,O0013187,P0151,1,8.95,7.38
15882,O0013188,P0111,1,10.42,8.45
15883,O0013189,P0399,1,16.13,11.27
15884,O0013190,P0286,1,7.86,4.33
15885,O0013191,P0051,1,12.85,10.86
15886,O0013192,P0154,1,56.03,28.78
15887,O0013193,P0188,1,24.95,19.86
15888,O0013194,P0151,1,8.95,7.43
15889,O0013195,P0162,1,7.81,3.3
15890,O0013196,P0052,1,16.42,12.79
15891,O0013197,P0159,1,5.0,2.44
15892,O0013198,P0187,1,49.41,38.07
15893,O0013199,P0360,1,43.84,37.32
15894,O0013200,P0249,1,96.76,105.42
15895,O0013201,P0038,1,19.16,13.63
15896,O0013202,P0007,1,16.85,8.34
15897,O0013203,P0086,1,9.16,5.97
15898,O0013203,P0140,1,42.25,18.19
15899,O0013203,P0300,1,16.61,8.64
15900,O0013204,P0193,1,61.96,48.98
15901,O0013205,P0326,1,21.66,17.66
15902,O0013206,P0110,1,12.36,5.0
15903,O0013206,P0360,1,43.84,36.82
15904,O0013207,P0256,1,36.08,32.52
15905,O0013208,P0080,1,23.33,12.73
15906,O0013209,P0012,1,25.13,18.09
15907,O0013210,P0302,1,9.37,10.92
15908,O0013211,P0312,1,25.49,16.91
15909,O0013212,P0337,1,47.63,40.14
15910,O0013212,P0299,1,14.58,6.97
15911,O0013213,P0396,1,67.85,34.41
15912,O0013213,P0053,1,51.03,40.19
15913,O0013214,P0097,1,109.14,77.03
15914,O0013214,P0212,1,14.09,9.23
15915,O0013215,P0268,1,13.01,5.75
15916,O0013216,P0360,1,43.84,37.17
15917,O0013217,P0297,2,8.01,3.61
15918,O0013218,P0299,1,14.58,7.35
15919,O0013219,P0161,1,90.55,61.29
15920,O0013220,P0101,1,47.72,38.27
15921,O0013221,P0064,1,33.89,24.81
15922,O0013222,P0282,1,31.47,20.06
15923,O0013223,P0041,1,46.99,37.73
15924,O0013224,P0040,1,21.15,11.62
15925,O0013224,P0297,1,8.01,3.62
15926,O0013225,P0096,1,12.46,6.61
15927,O0013226,P0064,1,31.95,24.57
15928,O0013227,P0060,1,30.23,19.82
15929,O0013228,P0086,1,9.16,6.19
15930,O0013229,P0346,1,16.74,13.26
15931,O0013229,P0161,1,90.55,60.95
15932,O0013230,P0129,1,37.04,28.53
15933,O0013231,P0037,1,12.54,10.19
15934,O0013231,P0145,1,13.01,5.48
15935,O0013232,P0149,1,16.78,11.02
15936,O0013233,P0149,1,16.78,10.97
15937,O0013234,P0217,1,29.35,13.06
15938,O0013235,P0278,1,13.93,9.76
15939,O0013236,P0279,1,7.3,4.5
15940,O0013237,P0047,1,23.67,14.6
15941,O0013238,P0208,1,20.68,13.82
15942,O0013239,P0137,1,16.82,7.74
15943,O0013240,P0290,1,44.7,30.83
15944,O0013241,P0109,1,40.47,22.36
15945,O0013242,P0342,1,120.32,115.34
15946,O0013243,P0120,1,9.06,6.58
15947,O0013244,P0060,1,28.05,18.9
15948,O0013245,P0354,1,83.76,61.32
15949,O0013246,P0307,1,26.56,17.55
15950,O0013247,P0310,1,38.72,23.17
15951,O0013248,P0054,1,31.91,15.74
15952,O0013249,P0362,1,32.19,23.97
15953,O0013250,P0217,2,29.35,13.31
15954,O0013251,P0194,1,46.22,36.35
15955,O0013252,P0361,1,13.03,8.81
15956,O0013253,P0325,1,26.29,17.43
15957,O0013254,P0276,1,20.56,15.03
15958,O0013255,P0005,1,86.78,35.53
15959,O0013255,P0355,1,5.91,3.61
15960,O0013256,P0124,1,9.83,7.07
15961,O0013256,P0155,1,67.59,28.78
15962,O0013256,P0390,1,81.71,49.43
15963,O0013257,P0060,1,30.23,19.72
15964,O0013257,P0097,1,95.73,77.76
15965,O0013257,P0294,1,21.07,12.31
15966,O0013258,P0102,1,30.72,22.61
15967,O0013259,P0204,1,29.54,24.77
15968,O0013260,P0160,1,9.73,6.36
15969,O0013261,P0335,1,24.9,12.54
15970,O0013262,P0314,1,6.49,4.17
15971,O0013263,P0351,1,44.95,32.04
15972,O0013264,P0208,1,20.68,13.58
15973,O0013265,P0293,1,9.54,5.66
15974,O0013266,P0205,1,7.7,5.8
15975,O0013267,P0331,1,49.25,27.89
15976,O0013267,P0336,1,93.8,75.6
15977,O0013268,P0119,1,29.12,24.41
15978,O0013269,P0200,1,15.63,7.21
15979,O0013270,P0277,1,16.05,9.02
15980,O0013270,P0002,1,20.64,15.14
15981,O0013270,P0274,1,29.11,24.18
15982,O0013271,P0232,1,106.18,85.0
15983,O0013272,P0302,1,11.79,10.98
15984,O0013273,P0216,1,33.83,26.53
15985,O0013274,P0236,1,72.46,57.23
15986,O0013275,P0072,1,31.23,19.85
15987,O0013276,P0226,1,16.11,7.2
15988,O0013277,P0303,1,20.26,16.61
15989,O0013278,P0255,1,19.78,12.39
15990,O0013279,P0395,2,51.86,22.18
15991,O0013280,P0330,1,17.52,11.02
15992,O0013281,P0315,1,13.05,8.14
15993,O0013282,P0243,1,27.01,13.75
15994,O0013283,P0108,1,78.48,50.6
15995,O0013284,P0278,1,15.48,9.64
15996,O0013285,P0379,1,96.91,44.8
15997,O0013286,P0340,1,61.25,46.21
15998,O0013287,P0350,1,11.21,5.22
15999,O0013288,P0027,1,22.36,13.42
16000,O0013288,P0273,1,14.02,11.48
16001,O0013289,P0281,1,38.91,25.39
16002,O0013290,P0198,1,21.81,10.02
16003,O0013291,P0243,1,27.01,13.95
16004,O0013292,P0159,1,5.0,2.47
16005,O0013293,P0380,1,60.42,41.85
16006,O0013294,P0097,1,109.14,78.11
16007,O0013294,P0240,1,25.47,21.63
16008,O0013295,P0103,1,20.16,10.47
16009,O0013295,P0387,1,23.9,16.13
16010,O0013295,P0373,1,8.74,6.27
16011,O0013296,P0040,1,21.15,12.08
16012,O0013297,P0114,1,43.43,37.17
16013,O0013298,P0300,1,16.61,9.07
16014,O0013299,P0137,1,16.82,7.62
16015,O0013300,P0145,1,9.62,5.55
16016,O0013301,P0093,1,12.56,6.72
16017,O0013302,P0143,1,5.0,3.9
16018,O0013303,P0191,3,11.48,6.83
16019,O0013304,P0352,1,8.31,8.16
16020,O0013305,P0268,1,10.25,5.89
16021,O0013306,P0310,1,38.72,23.63
16022,O0013306,P0097,1,77.99,74.59
16023,O0013307,P0171,1,21.73,17.83
16024,O0013308,P0323,1,33.01,28.22
16025,O0013309,P0342,1,150.89,116.1
16026,O0013310,P0379,1,107.68,44.77
16027,O0013311,P0076,1,7.19,5.21
16028,O0013312,P0277,1,16.05,9.19
16029,O0013313,P0234,1,16.86,8.14
16030,O0013314,P0203,1,16.83,7.67
16031,O0013315,P0258,1,8.13,6.68
16032,O0013316,P0069,1,25.74,11.16
16033,O0013317,P0318,1,15.46,10.72
16034,O0013318,P0391,1,61.51,30.72
16035,O0013319,P0396,1,67.85,33.84
16036,O0013320,P0033,1,14.27,5.87
16037,O0013321,P0008,1,37.87,18.7
16038,O0013322,P0217,1,29.35,13.05
16039,O0013322,P0098,1,35.84,17.75
16040,O0013323,P0118,1,7.3,4.06
16041,O0013324,P0173,1,30.72,13.09
16042,O0013325,P0303,1,20.26,16.67
16043,O0013326,P0122,1,27.74,23.71
16044,O0013327,P0142,1,14.57,10.41
16045,O0013328,P0203,1,16.83,7.44
16046,O0013329,P0208,1,20.68,13.94
16047,O0013330,P0240,1,25.47,21.14
16048,O0013331,P0204,1,29.54,26.07
16049,O0013332,P0213,2,31.76,23.31
16050,O0013332,P0222,1,13.28,10.66
16051,O0013333,P0193,1,61.96,49.09
16052,O0013333,P0334,1,10.95,5.86
16053,O0013334,P0303,1,20.26,17.5
16054,O0013335,P0163,1,77.71,50.96
16055,O0013336,P0117,1,12.46,10.09
16056,O0013337,P0369,1,15.93,17.16
16057,O0013338,P0054,1,31.91,15.81
16058,O0013339,P0369,1,21.62,16.9
16059,O0013340,P0011,2,10.91,5.74
16060,O0013341,P0227,2,32.25,18.08
16061,O0013342,P0123,1,25.7,20.99
16062,O0013343,P0110,1,12.36,5.27
16063,O0013344,P0374,1,8.71,5.23
16064,O0013345,P0228,1,110.05,83.95
16065,O0013346,P0189,1,31.8,26.78
16066,O0013347,P0286,1,7.86,4.28
16067,O0013348,P0001,1,36.5,27.88
16068,O0013349,P0274,1,29.11,23.53
16069,O0013350,P0211,1,24.17,10.77
16070,O0013351,P0217,1,29.35,12.85
16071,O0013352,P0191,1,10.67,6.68
16072,O0013353,P0386,1,21.86,10.9
16073,O0013354,P0165,1,11.19,4.78
16074,O0013354,P0106,1,32.23,22.37
16075,O0013355,P0201,1,29.84,13.09
16076,O0013356,P0303,1,20.26,17.61
16077,O0013357,P0392,1,5.0,2.47
16078,O0013358,P0049,1,20.58,12.4
16079,O0013359,P0289,1,94.61,73.02
16080,O0013360,P0223,1,141.44,75.16
16081,O0013361,P0192,2,130.83,71.64
16082,O0013362,P0083,1,13.11,11.2
16083,O0013363,P0219,1,25.02,17.75
16084,O0013364,P0288,1,10.33,8.26
16085,O0013365,P0231,1,8.53,7.0
16086,O0013366,P0021,1,47.37,25.62
16087,O0013367,P0244,1,37.02,25.69
16088,O0013368,P0315,1,14.56,8.29
16089,O0013369,P0221,2,123.62,94.19
16090,O0013370,P0384,1,25.72,18.82
16091,O0013371,P0035,1,55.97,41.57
16092,O0013372,P0010,1,5.31,2.85
16093,O0013372,P0207,1,13.81,10.55
16094,O0013373,P0096,1,13.85,6.77
16095,O0013374,P0163,1,77.71,48.51
16096,O0013375,P0333,1,5.0,3.09
16097,O0013376,P0212,1,19.47,9.03
16098,O0013377,P0035,1,55.97,42.01
16099,O0013378,P0333,1,5.0,3.05
16100,O0013379,P0299,1,14.58,7.04
16101,O0013380,P0294,1,21.07,11.99
16102,O0013381,P0236,1,72.46,56.85
16103,O0013382,P0251,1,41.11,30.19
16104,O0013382,P0219,1,25.02,17.44
16105,O0013383,P0302,1,12.62,10.88
16106,O0013384,P0154,3,56.03,29.95
16107,O0013385,P0355,1,5.91,3.52
16108,O0013386,P0342,1,150.89,112.19
16109,O0013386,P0115,1,35.82,30.33
16110,O0013387,P0260,1,23.47,20.1
16111,O0013388,P0267,2,16.05,7.84
16112,O0013388,P0288,1,10.33,8.2
16113,O0013389,P0135,1,109.97,84.04
16114,O0013390,P0068,1,21.76,9.95
16115,O0013391,P0114,1,43.43,35.83
16116,O0013392,P0046,1,62.96,50.87
16117,O0013393,P0155,1,67.59,28.47
16118,O0013394,P0216,1,33.83,27.1
16119,O0013395,P0310,1,38.72,23.22
16120,O0013396,P0064,1,33.89,25.47
16121,O0013397,P0055,1,26.51,19.99
16122,O0013398,P0116,1,23.14,17.85
16123,O0013399,P0269,1,22.52,11.28
16124,O0013400,P0255,1,19.78,12.26
16125,O0013401,P0044,1,14.64,9.91
16126,O0013402,P0263,1,32.89,16.54
16127,O0013403,P0324,1,15.13,7.32
16128,O0013403,P0349,1,19.77,14.77
16129,O0013403,P0380,1,60.42,44.12
16130,O0013404,P0330,1,17.52,11.32
16131,O0013404,P0060,1,30.23,19.81
16132,O0013405,P0087,2,6.78,2.95
16133,O0013406,P0343,1,16.99,8.86
16134,O0013406,P0022,1,9.24,5.89
16135,O0013407,P0028,1,19.28,10.16
16136,O0013408,P0339,1,7.52,3.53
16137,O0013409,P0387,1,23.9,16.3
16138,O0013410,P0243,1,27.01,13.64
16139,O0013411,P0126,1,57.0,30.79
16140,O0013412,P0104,1,13.42,6.9
16141,O0013413,P0316,1,25.48,12.0
16142,O0013414,P0282,1,31.47,21.12
16143,O0013415,P0385,1,28.75,14.82
16144,O0013416,P0398,1,9.94,4.58
16145,O0013417,P0021,1,47.37,25.33
16146,O0013417,P0208,1,20.68,13.43
16147,O0013417,P0379,1,96.91,45.1
16148,O0013418,P0374,1,8.71,5.21
16149,O0013419,P0084,1,18.96,15.47
16150,O0013420,P0066,1,23.11,12.32
16151,O0013421,P0075,1,75.36,51.64
16152,O0013422,P0342,1,150.89,111.93
16153,O0013423,P0057,1,13.99,7.11
16154,O0013424,P0087,2,6.78,3.02
16155,O0013425,P0181,1,17.53,13.75
16156,O0013426,P0197,1,53.52,29.44
16157,O0013427,P0351,1,44.95,32.09
16158,O0013428,P0161,1,90.55,63.26
16159,O0013429,P0178,1,31.37,23.8
16160,O0013430,P0226,1,16.11,7.29
16161,O0013431,P0241,1,17.11,10.34
16162,O0013432,P0065,1,30.15,25.05
16163,O0013433,P0147,1,36.74,21.58
16164,O0013434,P0191,1,12.75,7.02
16165,O0013435,P0097,1,109.14,78.71
16166,O0013436,P0310,2,38.72,23.36
16167,O0013437,P0110,1,12.36,5.1
16168,O0013437,P0301,1,25.5,15.34
16169,O0013438,P0244,3,37.02,26.37
16170,O0013439,P0004,2,20.34,15.81
16171,O0013440,P0038,1,19.16,13.37
16172,O0013441,P0358,1,9.97,6.74
16173,O0013442,P0244,1,37.02,26.34
16174,O0013443,P0117,1,12.46,9.63
16175,O0013444,P0043,2,29.48,25.21
16176,O0013445,P0014,1,20.48,12.91
16177,O0013446,P0390,1,81.71,50.62
16178,O0013446,P0047,1,26.3,14.5
16179,O0013446,P0316,1,25.48,11.54
16180,O0013447,P0235,1,6.23,5.23
16181,O0013448,P0154,1,56.03,29.38
16182,O0013449,P0354,1,110.11,62.53
16183,O0013450,P0008,1,37.87,18.9
16184,O0013451,P0349,1,19.77,14.87
16185,O0013452,P0178,1,31.37,24.95
16186,O0013453,P0029,1,16.97,8.87
16187,O0013454,P0320,1,77.73,47.76
16188,O0013455,P0102,1,34.13,23.5
16189,O0013456,P0122,1,27.74,24.25
16190,O0013457,P0168,1,18.02,12.13
16191,O0013458,P0011,1,10.91,5.78
16192,O0013459,P0210,1,21.59,13.18
16193,O0013460,P0056,1,53.25,43.18
16194,O0013461,P0159,1,5.0,2.38
16195,O0013462,P0015,1,15.87,11.02
16196,O0013463,P0181,1,24.13,13.51
16197,O0013463,P0241,1,15.4,10.23
16198,O0013464,P0143,1,5.0,3.74
16199,O0013465,P0050,1,32.64,23.92
16200,O0013466,P0118,1,7.3,3.98
16201,O0013467,P0207,1,13.81,10.37
16202,O0013468,P0306,1,44.89,32.78
16203,O0013468,P0062,1,17.52,9.8
16204,O0013469,P0363,1,87.76,71.89
16205,O0013470,P0345,1,25.98,19.36
16206,O0013471,P0066,1,23.11,12.37
16207,O0013472,P0035,1,55.97,41.31
16208,O0013472,P0154,1,56.03,28.16
16209,O0013472,P0226,1,16.11,7.19
16210,O0013473,P0308,1,44.75,24.17
16211,O0013474,P0370,1,15.7,7.06
16212,O0013475,P0199,1,34.14,23.96
16213,O0013476,P0169,1,87.25,55.36
16214,O0013477,P0263,1,32.89,16.25
16215,O0013478,P0383,1,192.23,86.75
16216,O0013479,P0330,1,17.52,11.49
16217,O0013480,P0307,1,26.56,17.3
16218,O0013480,P0201,1,29.84,12.73
16219,O0013481,P0054,1,31.91,15.86
16220,O0013482,P0008,1,37.87,18.38
16221,O0013482,P0361,1,13.03,8.8
16222,O0013483,P0323,1,33.01,27.91
16223,O0013484,P0302,1,12.62,10.52
16224,O0013485,P0115,2,35.82,29.59
16225,O0013486,P0265,1,23.33,16.69
16226,O0013487,P0119,1,29.12,23.71
16227,O0013488,P0092,2,31.11,24.35
16228,O0013489,P0165,1,11.19,4.98
16229,O0013490,P0361,1,13.03,8.85
16230,O0013491,P0079,1,7.1,4.9
16231,O0013492,P0343,1,16.99,8.97
16232,O0013493,P0363,1,87.76,72.25
16233,O0013494,P0008,1,37.87,18.76
16234,O0013495,P0202,1,16.35,12.49
16235,O0013496,P0069,1,25.74,10.88
16236,O0013497,P0058,1,18.88,11.42
16237,O0013498,P0099,1,11.25,6.4
16238,O0013499,P0039,1,16.72,9.2
16239,O0013499,P0035,1,55.97,43.23
16240,O0013499,P0088,1,28.44,22.65
16241,O0013500,P0157,1,34.99,22.34
16242,O0013501,P0094,1,29.54,24.84
16243,O0013502,P0061,1,7.91,3.58
16244,O0013503,P0240,1,25.47,20.75
16245,O0013504,P0013,1,79.24,39.56
16246,O0013504,P0178,1,31.37,24.81
16247,O0013504,P0132,2,41.31,22.51
16248,O0013505,P0037,1,12.54,9.87
16249,O0013506,P0228,1,110.05,85.57
16250,O0013507,P0042,1,72.6,45.57
16251,O0013508,P0031,1,31.79,13.79
16252,O0013509,P0071,1,21.03,10.19
16253,O0013510,P0156,1,13.93,6.61
16254,O0013511,P0054,1,31.91,15.7
16255,O0013512,P0034,1,28.8,31.42
16256,O0013513,P0008,1,37.87,18.88
16257,O0013514,P0020,1,10.53,8.62
16258,O0013515,P0120,1,9.06,6.54
16259,O0013515,P0119,1,29.12,24.92
16260,O0013516,P0159,1,5.0,2.44
16261,O0013517,P0393,1,7.96,5.45
16262,O0013518,P0183,1,38.0,30.69
16263,O0013519,P0015,1,15.87,11.16
16264,O0013520,P0252,1,73.33,36.34
16265,O0013521,P0045,1,23.84,14.85
16266,O0013522,P0078,1,15.6,10.38
16267,O0013523,P0311,1,6.67,3.06
16268,O0013524,P0035,1,50.97,41.49
16269,O0013525,P0159,1,5.0,2.35
16270,O0013526,P0105,1,23.07,19.11
16271,O0013527,P0381,1,19.78,8.87
16272,O0013528,P0190,1,22.11,15.02
16273,O0013528,P0080,1,25.92,12.82
16274,O0013528,P0368,1,58.87,35.8
16275,O0013529,P0336,1,93.8,79.01
16276,O0013529,P0203,1,16.83,7.73
16277,O0013529,P0259,1,6.28,3.98
16278,O0013530,P0321,1,38.93,30.76
16279,O0013531,P0117,1,11.21,9.89
16280,O0013532,P0049,1,20.58,12.56
16281,O0013533,P0059,1,31.09,12.47
16282,O0013534,P0384,1,25.72,19.01
16283,O0013534,P0392,1,4.24,2.37
16284,O0013535,P0112,1,36.09,31.07
16285,O0013536,P0353,1,34.15,18.06
16286,O0013537,P0078,1,15.6,10.63
16287,O0013538,P0259,1,6.28,3.91
16288,O0013539,P0304,1,11.87,9.69
16289,O0013540,P0287,1,14.63,6.68
16290,O0013541,P0237,1,22.38,12.89
16291,O0013542,P0094,1,29.54,23.91
16292,O0013542,P0342,1,150.89,119.35
16293,O0013543,P0360,1,43.84,36.71
16294,O0013544,P0140,1,42.25,18.65
16295,O0013545,P0149,1,16.78,10.97
16296,O0013546,P0108,1,78.48,48.94
16297,O0013547,P0078,1,15.6,10.43
16298,O0013548,P0119,1,29.12,24.38
16299,O0013549,P0375,1,19.93,9.42
16300,O0013550,P0272,1,25.23,20.1
16301,O0013551,P0293,1,10.7,5.68
16302,O0013552,P0002,1,21.96,15.32
16303,O0013552,P0355,1,5.91,3.7
16304,O0013553,P0308,1,44.75,23.96
16305,O0013554,P0147,1,36.74,22.03
16306,O0013555,P0138,1,58.62,37.61
16307,O0013556,P0255,1,19.78,12.77
16308,O0013557,P0296,1,113.02,96.6
16309,O0013557,P0232,1,106.18,82.18
16310,O0013557,P0283,1,22.15,13.91
16311,O0013558,P0335,1,24.9,12.92
16312,O0013559,P0156,1,13.93,6.6
16313,O0013559,P0314,1,6.49,4.0
16314,O0013559,P0083,1,13.11,11.16
16315,O0013560,P0335,1,24.9,12.92
16316,O0013561,P0028,2,19.28,10.5
16317,O0013562,P0256,1,43.56,32.52
16318,O0013563,P0281,1,28.12,25.59
16319,O0013564,P0326,3,21.66,17.15
16320,O0013564,P0309,1,14.44,7.83
16321,O0013564,P0042,1,72.6,45.39
16322,O0013565,P0156,1,13.93,6.28
16323,O0013566,P0067,1,4.76,2.84
16324,O0013567,P0056,1,53.25,42.64
16325,O0013568,P0166,1,35.51,24.29
16326,O0013569,P0075,1,75.36,51.6
16327,O0013570,P0373,1,8.74,6.63
16328,O0013571,P0094,1,29.54,24.55
16329,O0013572,P0072,3,31.23,19.99
16330,O0013573,P0105,1,23.07,19.06
16331,O0013574,P0267,1,16.05,7.83
16332,O0013575,P0150,1,14.55,10.56
16333,O0013576,P0239,1,18.75,18.77
16334,O0013576,P0289,1,70.18,70.47
16335,O0013577,P0111,1,10.42,8.56
16336,O0013578,P0041,1,46.99,37.62
16337,O0013579,P0294,1,15.73,12.4
16338,O0013580,P0395,1,51.86,21.2
16339,O0013581,P0319,1,34.41,23.8
16340,O0013582,P0162,1,7.81,3.33
16341,O0013583,P0022,1,9.24,5.89
16342,O0013584,P0276,1,20.56,15.85
16343,O0013584,P0223,1,141.44,76.81
16344,O0013584,P0328,1,17.65,8.39
16345,O0013585,P0135,1,156.29,83.52
16346,O0013585,P0283,1,22.15,14.07
16347,O0013586,P0028,1,19.28,10.12
16348,O0013587,P0036,1,51.68,23.49
16349,O0013588,P0141,1,25.44,16.24
16350,O0013589,P0131,1,52.63,42.81
16351,O0013589,P0034,1,40.02,31.95
16352,O0013589,P0278,1,15.48,10.04
16353,O0013590,P0034,1,35.88,30.76
16354,O0013591,P0386,1,21.86,10.88
16355,O0013591,P0218,1,24.78,16.46
16356,O0013592,P0047,1,26.3,14.29
16357,O0013593,P0253,2,57.21,34.17
16358,O0013594,P0079,1,7.1,4.95
16359,O0013595,P0157,1,34.99,21.21
16360,O0013596,P0103,1,20.16,10.51
16361,O0013597,P0251,1,41.11,28.94
16362,O0013598,P0154,1,56.03,28.58
16363,O0013599,P0318,1,15.46,11.1
16364,O0013600,P0306,1,44.89,31.61
16365,O0013601,P0084,1,18.96,15.48
16366,O0013602,P0033,1,11.24,5.84
16367,O0013603,P0079,1,7.1,5.02
16368,O0013604,P0078,1,15.6,10.36
16369,O0013604,P0394,1,13.17,7.91
16370,O0013604,P0101,1,53.02,37.42
16371,O0013605,P0246,1,68.18,47.28
16372,O0013606,P0208,1,18.61,13.8
16373,O0013607,P0096,1,13.85,6.63
16374,O0013608,P0013,1,79.24,38.24
16375,O0013609,P0393,1,7.96,5.45
16376,O0013610,P0034,1,40.02,30.62
16377,O0013611,P0265,1,21.0,16.35
16378,O0013612,P0158,1,36.95,20.62
16379,O0013613,P0007,1,16.85,8.0
16380,O0013613,P0288,1,10.33,8.38
16381,O0013614,P0127,2,37.04,30.6
16382,O0013614,P0227,2,32.25,18.19
16383,O0013615,P0226,1,15.3,7.23
16384,O0013616,P0153,1,133.98,79.17
16385,O0013617,P0357,1,30.69,19.08
16386,O0013618,P0106,1,32.23,23.11
16387,O0013619,P0326,1,19.49,16.95
16388,O0013620,P0345,1,25.98,19.48
16389,O0013620,P0237,1,22.38,13.44
16390,O0013621,P0295,1,51.47,30.02
16391,O0013622,P0320,1,70.68,47.2
16392,O0013623,P0308,2,44.75,24.24
16393,O0013624,P0250,1,99.91,59.05
16394,O0013625,P0139,1,11.95,9.57
16395,O0013626,P0041,2,46.99,38.87
16396,O0013627,P0290,1,49.67,31.47
16397,O0013628,P0399,1,16.13,11.46
16398,O0013629,P0248,1,26.91,21.0
16399,O0013630,P0033,1,14.27,5.9
16400,O0013631,P0078,1,14.04,10.61
16401,O0013632,P0222,1,13.28,10.97
16402,O0013633,P0078,1,15.6,10.57
16403,O0013634,P0286,1,7.86,4.31
16404,O0013635,P0034,1,40.02,30.16
16405,O0013636,P0329,1,33.63,24.44
16406,O0013637,P0197,1,42.44,30.69
16407,O0013638,P0034,1,40.02,30.91
16408,O0013639,P0074,1,44.77,32.09
16409,O0013640,P0152,1,51.13,39.01
16410,O0013641,P0390,1,81.71,48.53
16411,O0013641,P0071,1,21.03,9.94
16412,O0013642,P0003,1,20.34,9.04
16413,O0013643,P0015,1,15.87,10.71
16414,O0013644,P0100,1,46.05,33.88
16415,O0013645,P0041,1,42.29,39.02
16416,O0013646,P0251,1,36.22,30.78
16417,O0013646,P0355,1,5.43,3.74
16418,O0013646,P0218,1,24.78,16.57
16419,O0013647,P0354,1,99.27,62.85
16420,O0013648,P0143,1,5.0,3.86
16421,O0013649,P0126,1,52.65,30.2
16422,O0013650,P0309,1,14.44,8.21
16423,O0013651,P0155,1,67.59,27.2
16424,O0013652,P0077,1,11.11,4.73
16425,O0013653,P0168,1,18.02,11.9
16426,O0013653,P0332,1,17.01,15.01
16427,O0013654,P0018,2,19.43,11.47
16428,O0013655,P0060,1,27.21,18.66
16429,O0013656,P0358,1,9.97,6.93
16430,O0013657,P0398,1,9.94,4.65
16431,O0013658,P0355,1,5.91,3.72
16432,O0013659,P0301,1,25.5,15.01
16433,O0013660,P0258,1,8.13,6.83
16434,O0013661,P0374,1,8.71,5.28
16435,O0013661,P0086,1,9.16,6.01
16436,O0013662,P0324,1,12.98,7.29
16437,O0013663,P0137,1,16.82,7.82
16438,O0013664,P0271,1,118.13,48.87
16439,O0013665,P0013,1,79.24,39.96
16440,O0013666,P0353,1,34.15,18.24
16441,O0013667,P0263,1,29.6,16.49
16442,O0013667,P0303,1,20.26,17.15
16443,O0013668,P0231,1,8.53,6.85
16444,O0013669,P0372,1,6.53,5.31
16445,O0013670,P0188,1,22.46,19.65
16446,O0013671,P0359,1,26.78,19.68
16447,O0013671,P0205,1,7.7,6.08
16448,O0013672,P0049,1,18.52,11.93
16449,O0013673,P0265,1,23.33,16.93
16450,O0013674,P0305,1,15.47,7.67
16451,O0013675,P0139,1,13.84,9.52
16452,O0013676,P0118,1,7.3,4.02
16453,O0013677,P0163,1,77.71,49.96
16454,O0013678,P0380,1,60.42,42.91
16455,O0013679,P0085,1,47.03,35.98
16456,O0013680,P0105,1,23.07,19.07
16457,O0013681,P0231,2,8.53,7.31
16458,O0013681,P0126,2,57.0,30.67
16459,O0013681,P0390,1,81.71,50.6
16460,O0013682,P0202,1,16.35,12.49
16461,O0013683,P0195,1,24.29,10.85
16462,O0013684,P0257,1,81.25,74.37
16463,O0013684,P0198,1,21.81,10.27
16464,O0013685,P0193,1,61.96,47.37
16465,O0013686,P0146,1,17.95,18.58
16466,O0013687,P0143,1,5.0,3.83
16467,O0013687,P0231,1,7.68,7.0
16468,O0013687,P0052,1,16.42,12.44
16469,O0013688,P0272,1,25.23,19.27
16470,O0013689,P0195,1,24.29,10.4
16471,O0013690,P0357,1,30.69,19.0
16472,O0013691,P0263,1,32.89,16.43
16473,O0013691,P0361,1,13.03,8.48
16474,O0013692,P0278,1,15.48,9.82
16475,O0013693,P0349,1,19.77,14.88
16476,O0013694,P0192,1,130.83,74.72
16477,O0013694,P0065,1,30.15,25.98
16478,O0013695,P0358,1,8.97,6.74
16479,O0013695,P0157,1,34.99,21.35
16480,O0013695,P0132,1,41.31,22.94
16481,O0013696,P0238,1,59.44,34.92
16482,O0013697,P0281,1,38.91,25.69
16483,O0013698,P0284,1,11.42,5.75
16484,O0013699,P0054,1,31.91,15.67
16485,O0013700,P0162,1,7.81,3.39
16486,O0013701,P0188,1,24.95,20.15
16487,O0013702,P0278,1,15.48,9.46
16488,O0013703,P0361,1,13.03,8.49
16489,O0013704,P0354,1,110.11,60.72
16490,O0013705,P0192,1,115.17,70.47
16491,O0013706,P0368,1,58.87,35.29
16492,O0013707,P0281,1,29.43,25.03
16493,O0013707,P0286,1,7.86,4.25
16494,O0013708,P0167,1,25.94,21.59
16495,O0013709,P0063,1,21.56,14.21
16496,O0013710,P0271,1,118.13,48.54
16497,O0013711,P0339,1,7.52,3.52
16498,O0013712,P0272,1,25.23,18.84
16499,O0013713,P0088,1,25.6,23.87
16500,O0013714,P0312,1,25.49,17.92
16501,O0013715,P0114,1,43.43,35.36
16502,O0013716,P0089,1,30.2,16.84
16503,O0013717,P0337,1,47.63,37.73
16504,O0013717,P0134,1,20.3,8.68
16505,O0013717,P0270,1,10.72,6.23
16506,O0013718,P0235,1,6.23,5.13
16507,O0013719,P0054,1,31.91,15.19
16508,O0013720,P0319,1,37.48,23.99
16509,O0013721,P0007,1,16.85,8.35
16510,O0013722,P0334,1,10.95,6.13
16511,O0013723,P0307,1,26.56,18.17
16512,O0013724,P0210,1,21.59,13.24
16513,O0013725,P0241,1,17.11,10.67
16514,O0013726,P0297,1,8.01,3.65
16515,O0013727,P0222,1,13.28,10.63
16516,O0013728,P0191,1,12.75,6.94
16517,O0013728,P0202,1,16.35,13.11
16518,O0013729,P0240,1,25.47,20.91
16519,O0013730,P0187,1,69.71,39.32
16520,O0013731,P0315,2,14.56,7.88
16521,O0013731,P0086,1,9.16,5.94
16522,O0013732,P0308,1,44.75,24.45
16523,O0013733,P0201,1,29.84,13.27
16524,O0013734,P0183,1,38.0,30.85
16525,O0013734,P0045,1,23.84,15.36
16526,O0013734,P0046,1,85.77,51.01
16527,O0013735,P0213,1,31.76,23.47
16528,O0013736,P0313,1,40.89,19.61
16529,O0013737,P0048,1,19.31,12.5
16530,O0013738,P0240,2,25.47,21.37
16531,O0013739,P0236,1,72.46,56.42
16532,O0013740,P0376,1,7.37,3.47
16533,O0013741,P0243,1,27.01,13.64
16534,O0013742,P0073,1,61.21,30.66
16535,O0013743,P0045,1,23.84,15.02
16536,O0013744,P0381,1,19.78,8.52
16537,O0013745,P0081,1,11.76,9.52
16538,O0013746,P0375,1,19.93,9.23
16539,O0013747,P0102,1,34.13,22.03
16540,O0013748,P0161,1,90.55,62.2
16541,O0013749,P0304,1,10.04,9.79
16542,O0013750,P0105,1,20.76,18.36
16543,O0013751,P0120,1,9.06,6.61
16544,O0013752,P0074,1,44.77,33.41
16545,O0013753,P0215,1,22.49,12.04
16546,O0013754,P0339,1,7.52,3.42
16547,O0013755,P0351,2,44.95,32.37
16548,O0013756,P0331,1,49.25,28.63
16549,O0013757,P0241,2,17.11,10.72
16550,O0013758,P0063,1,21.56,13.72
16551,O0013759,P0047,1,26.3,14.71
16552,O0013760,P0219,1,25.02,16.75
16553,O0013760,P0242,1,40.38,19.06
16554,O0013761,P0036,1,51.68,22.91
16555,O0013762,P0124,1,8.85,7.49
16556,O0013763,P0160,1,10.81,6.5
16557,O0013763,P0239,1,24.64,18.85
16558,O0013764,P0282,1,22.21,19.88
16559,O0013765,P0001,1,36.5,26.41
16560,O0013766,P0349,1,19.77,15.17
16561,O0013767,P0154,1,56.03,29.38
16562,O0013768,P0123,1,25.7,20.43
16563,O0013769,P0097,1,109.14,74.29
16564,O0013769,P0133,1,13.22,8.89
16565,O0013770,P0348,1,16.31,12.57
16566,O0013771,P0100,1,46.05,35.21
16567,O0013771,P0137,1,16.82,7.67
16568,O0013772,P0355,1,5.91,3.7
16569,O0013773,P0036,2,51.68,22.83
16570,O0013773,P0277,1,16.05,9.38
16571,O0013773,P0048,1,19.31,12.62
16572,O0013774,P0040,1,21.15,11.32
16573,O0013775,P0359,1,26.78,19.1
16574,O0013776,P0163,1,77.71,50.69
16575,O0013777,P0135,1,156.29,82.73
16576,O0013778,P0046,1,85.77,50.87
16577,O0013779,P0256,1,39.2,34.39
16578,O0013780,P0349,1,19.77,15.05
16579,O0013780,P0186,1,47.03,39.16
16580,O0013781,P0109,1,40.47,21.92
16581,O0013782,P0358,1,9.97,6.87
16582,O0013783,P0342,1,108.48,119.0
16583,O0013784,P0168,1,18.02,11.66
16584,O0013784,P0313,1,40.89,19.37
16585,O0013785,P0124,1,9.83,7.33
16586,O0013786,P0198,1,21.81,9.98
16587,O0013787,P0076,1,7.99,5.21
16588,O0013788,P0132,1,41.31,23.87
16589,O0013789,P0152,1,51.13,38.51
16590,O0013790,P0176,1,48.41,36.13
16591,O0013791,P0220,1,36.54,26.77
16592,O0013791,P0038,1,19.16,13.49
16593,O0013792,P0133,1,13.22,8.77
16594,O0013792,P0123,1,25.7,21.35
16595,O0013793,P0109,1,40.47,21.84
16596,O0013794,P0158,1,41.03,20.97
16597,O0013795,P0384,2,25.72,19.15
16598,O0013796,P0294,1,21.07,11.88
16599,O0013797,P0216,1,33.83,27.93
16600,O0013798,P0035,1,55.97,43.46
16601,O0013799,P0166,1,35.51,25.58
16602,O0013800,P0071,1,21.03,10.09
16603,O0013801,P0141,1,18.55,16.93
16604,O0013801,P0195,1,21.48,10.16
16605,O0013802,P0067,1,5.29,2.84
16606,O0013803,P0392,1,5.0,2.37
16607,O0013804,P0332,1,18.9,15.15
16608,O0013805,P0362,1,35.77,25.21
16609,O0013806,P0057,1,13.99,6.94
16610,O0013807,P0269,1,22.52,10.92
16611,O0013807,P0158,1,45.59,20.53
16612,O0013807,P0213,1,31.76,23.31
16613,O0013808,P0203,1,16.83,7.7
16614,O0013809,P0166,1,35.51,25.41
16615,O0013810,P0390,1,81.71,51.17
16616,O0013811,P0272,1,25.23,19.25
16617,O0013811,P0216,1,33.83,27.33
16618,O0013812,P0206,1,7.96,6.86
16619,O0013813,P0104,1,13.42,6.96
16620,O0013814,P0356,1,81.19,67.24
16621,O0013815,P0192,1,130.83,70.54
16622,O0013815,P0051,1,12.85,10.48
16623,O0013815,P0362,1,35.77,23.73
16624,O0013816,P0060,1,30.23,19.71
16625,O0013817,P0272,1,21.69,18.82
16626,O0013817,P0146,1,22.38,18.52
16627,O0013818,P0128,1,37.0,30.94
16628,O0013818,P0194,1,46.22,35.92
16629,O0013819,P0034,1,40.02,32.21
16630,O0013820,P0112,1,36.09,31.32
16631,O0013821,P0176,1,37.83,35.1
16632,O0013822,P0222,1,13.28,10.62
16633,O0013822,P0059,2,31.09,13.09
16634,O0013823,P0156,1,13.93,6.42
16635,O0013824,P0363,1,87.76,75.2
16636,O0013825,P0026,1,28.14,14.02
16637,O0013826,P0337,1,37.02,39.14
16638,O0013827,P0095,1,31.01,12.67
16639,O0013828,P0068,1,24.02,10.07
16640,O0013829,P0161,1,90.55,61.2
16641,O0013830,P0280,2,73.22,55.83
16642,O0013831,P0192,1,130.83,73.37
16643,O0013832,P0283,1,22.15,13.93
16644,O0013833,P0233,1,63.03,55.52
16645,O0013834,P0204,1,29.54,25.31
16646,O0013835,P0190,1,22.11,14.33
16647,O0013836,P0079,1,6.39,5.03
16648,O0013837,P0370,1,17.44,7.08
16649,O0013837,P0354,1,110.11,61.42
16650,O0013837,P0156,1,13.93,6.36
16651,O0013838,P0100,1,46.05,34.96
16652,O0013839,P0291,1,21.31,17.78
16653,O0013840,P0322,1,20.85,17.35
16654,O0013841,P0091,3,37.25,29.4
16655,O0013842,P0022,1,8.32,6.15
16656,O0013843,P0278,1,15.48,9.75
16657,O0013844,P0022,1,9.24,5.91
16658,O0013844,P0115,1,35.82,29.27
16659,O0013844,P0241,1,17.11,10.72
16660,O0013845,P0294,1,18.96,12.32
16661,O0013845,P0073,1,61.21,31.49
16662,O0013846,P0070,1,176.02,94.6
16663,O0013846,P0319,1,37.48,23.7
16664,O0013847,P0156,1,13.93,6.24
16665,O0013848,P0186,1,47.03,38.94
16666,O0013849,P0028,1,14.71,10.16
16667,O0013850,P0017,1,15.17,10.72
16668,O0013851,P0181,1,24.13,13.68
16669,O0013852,P0131,1,52.63,41.44
16670,O0013852,P0102,1,34.13,22.02
16671,O0013852,P0129,2,37.04,29.33
16672,O0013853,P0176,2,41.07,35.29
16673,O0013854,P0148,1,49.04,24.12
16674,O0013855,P0258,1,8.13,7.05
16675,O0013856,P0261,1,5.0,3.43
16676,O0013857,P0395,1,51.86,22.44
16677,O0013858,P0157,1,34.99,21.22
16678,O0013859,P0289,1,69.02,73.27
16679,O0013860,P0204,1,29.54,24.74
16680,O0013861,P0069,3,25.74,11.19
16681,O0013861,P0004,1,20.34,16.61
16682,O0013862,P0187,1,69.71,37.83
16683,O0013862,P0231,1,8.53,6.86
16684,O0013863,P0363,1,87.76,74.56
16685,O0013864,P0255,1,17.8,12.92
16686,O0013865,P0048,1,19.31,12.28
16687,O0013866,P0085,1,47.03,35.98
16688,O0013867,P0096,1,12.46,6.85
16689,O0013868,P0149,1,16.78,10.95
16690,O0013869,P0106,1,32.23,22.26
16691,O0013870,P0290,1,49.67,31.58
16692,O0013871,P0041,2,46.99,37.95
16693,O0013872,P0172,1,39.28,31.66
16694,O0013873,P0100,1,41.44,34.88
16695,O0013873,P0132,1,41.31,22.82
16696,O0013874,P0252,1,73.33,36.33
16697,O0013875,P0351,1,44.95,33.09
16698,O0013876,P0106,1,32.23,22.07
16699,O0013877,P0046,1,85.77,51.45
16700,O0013878,P0031,1,31.79,14.13
16701,O0013879,P0190,1,22.11,15.12
16702,O0013880,P0167,1,25.94,21.59
16703,O0013881,P0377,1,5.0,4.21
16704,O0013881,P0325,1,26.29,17.91
16705,O0013882,P0042,1,72.6,46.33
16706,O0013883,P0214,1,12.66,8.24
16707,O0013883,P0068,1,24.02,10.33
16708,O0013883,P0345,1,25.98,19.7
16709,O0013884,P0237,1,22.38,13.38
16710,O0013885,P0235,1,6.23,5.34
16711,O0013886,P0263,1,32.89,16.61
16712,O0013887,P0001,1,36.5,26.98
16713,O0013888,P0168,1,18.02,11.79
16714,O0013889,P0375,1,19.93,9.25
16715,O0013890,P0328,1,17.65,8.72
16716,O0013891,P0363,1,87.76,74.52
16717,O0013892,P0033,1,14.27,5.68
16718,O0013893,P0299,1,14.58,7.24
16719,O0013894,P0170,1,8.2,6.12
16720,O0013894,P0252,1,73.33,35.89
16721,O0013895,P0127,1,37.04,30.22
16722,O0013896,P0339,1,6.37,3.47
16723,O0013897,P0079,1,7.1,4.93
16724,O0013898,P0316,2,25.48,11.73
16725,O0013899,P0142,1,14.57,10.38
16726,O0013900,P0053,1,51.03,39.08
16727,O0013901,P0029,1,16.97,8.76
16728,O0013901,P0018,1,19.43,12.05
16729,O0013902,P0393,1,7.96,5.67
16730,O0013903,P0017,1,15.17,10.58
16731,O0013904,P0030,1,57.15,37.5
16732,O0013905,P0015,2,15.87,10.83
16733,O0013905,P0017,1,15.17,10.77
16734,O0013906,P0199,1,30.37,23.93
16735,O0013907,P0083,1,13.11,10.56
16736,O0013908,P0275,1,20.34,17.16
16737,O0013908,P0039,1,13.04,9.14
16738,O0013909,P0177,1,50.38,38.14
16739,O0013910,P0251,1,41.11,30.25
16740,O0013911,P0129,1,37.04,27.93
16741,O0013912,P0382,1,10.12,8.74
16742,O0013913,P0021,1,47.37,26.55
16743,O0013914,P0332,1,17.07,14.91
16744,O0013915,P0027,1,22.36,12.64
16745,O0013916,P0258,1,6.6,6.76
16746,O0013917,P0056,1,53.25,43.0
16747,O0013918,P0042,1,72.6,46.63
16748,O0013918,P0137,1,16.82,7.96
16749,O0013919,P0392,1,5.0,2.39
16750,O0013920,P0267,1,16.05,7.82
16751,O0013920,P0131,1,52.63,44.02
16752,O0013921,P0104,1,13.42,7.06
16753,O0013922,P0253,1,57.21,32.33
16754,O0013923,P0319,1,37.48,23.12
16755,O0013924,P0287,1,13.17,6.65
16756,O0013925,P0055,1,26.51,21.15
16757,O0013926,P0079,1,7.1,5.1
16758,O0013927,P0166,1,31.96,24.91
16759,O0013928,P0066,1,23.11,12.08
16760,O0013928,P0318,1,15.46,11.24
16761,O0013928,P0225,1,5.0,3.35
16762,O0013929,P0387,1,23.9,15.7
16763,O0013930,P0012,1,31.54,18.39
16764,O0013931,P0061,1,7.03,3.57
16765,O0013932,P0097,1,109.14,75.09
16766,O0013933,P0286,1,7.86,4.42
16767,O0013934,P0338,1,4.54,3.41
16768,O0013935,P0237,1,22.38,13.74
16769,O0013936,P0083,1,13.11,11.17
16770,O0013937,P0135,1,140.66,83.14
16771,O0013938,P0092,1,31.11,23.4
16772,O0013939,P0367,1,25.65,17.45
16773,O0013940,P0058,1,16.99,11.51
16774,O0013941,P0100,1,46.05,33.58
16775,O0013942,P0177,1,50.38,36.95
16776,O0013943,P0040,1,21.15,11.86
16777,O0013943,P0039,1,16.72,8.99
16778,O0013944,P0395,1,46.67,22.31
16779,O0013945,P0015,1,14.28,11.07
16780,O0013946,P0079,1,7.1,4.9
16781,O0013947,P0181,1,24.13,14.34
16782,O0013948,P0072,1,31.23,19.07
16783,O0013949,P0203,1,16.83,7.64
16784,O0013950,P0339,1,6.44,3.48
16785,O0013951,P0231,1,8.53,6.96
16786,O0013951,P0042,1,72.6,45.48
16787,O0013952,P0163,1,77.71,51.05
16788,O0013952,P0344,1,12.43,9.42
16789,O0013953,P0036,1,51.68,22.33
16790,O0013953,P0222,1,13.28,10.85
16791,O0013954,P0001,1,33.4,26.2
16792,O0013955,P0325,1,26.29,17.4
16793,O0013956,P0395,1,51.86,21.61
16794,O0013957,P0371,1,10.92,7.03
16795,O0013958,P0075,1,75.36,53.57
16796,O0013958,P0016,1,26.81,13.02
16797,O0013959,P0257,1,90.28,74.21
16798,O0013960,P0139,1,13.84,9.6
16799,O0013960,P0122,1,27.74,24.4
16800,O0013961,P0141,1,25.44,16.56
16801,O0013961,P0335,1,24.9,12.5
16802,O0013962,P0183,1,38.0,29.58
16803,O0013963,P0313,1,40.89,20.01
16804,O0013964,P0165,1,11.19,4.95
16805,O0013965,P0210,1,21.59,13.22
16806,O0013966,P0313,1,40.89,19.81
16807,O0013967,P0178,1,31.37,24.78
16808,O0013968,P0074,1,44.77,32.54
16809,O0013969,P0168,1,16.22,11.95
16810,O0013969,P0270,1,10.72,6.35
16811,O0013970,P0233,1,63.03,52.95
16812,O0013971,P0058,1,18.88,11.62
16813,O0013972,P0269,1,22.52,11.31
16814,O0013973,P0393,1,7.96,5.69
16815,O0013974,P0005,1,78.1,36.74
16816,O0013974,P0096,1,11.57,6.51
16817,O0013975,P0197,1,40.74,30.59
16818,O0013976,P0059,1,31.09,12.64
16819,O0013976,P0073,1,61.21,32.24
16820,O0013977,P0233,1,63.03,55.83
16821,O0013977,P0356,1,81.19,65.79
16822,O0013977,P0121,1,12.1,8.26
16823,O0013978,P0252,1,73.33,35.78
16824,O0013979,P0144,2,28.48,15.48
16825,O0013980,P0045,1,21.46,15.76
16826,O0013981,P0153,1,133.98,79.46
16827,O0013982,P0052,1,16.42,12.81
16828,O0013983,P0213,1,31.76,23.25
16829,O0013984,P0058,1,18.88,11.31
16830,O0013985,P0208,1,20.68,14.08
16831,O0013985,P0324,1,15.13,7.53
16832,O0013986,P0248,1,26.91,21.44
16833,O0013987,P0206,3,7.96,6.74
16834,O0013988,P0316,1,25.48,11.59
16835,O0013989,P0283,1,22.15,14.17
16836,O0013990,P0303,1,18.23,17.09
16837,O0013990,P0296,1,113.02,93.83
16838,O0013991,P0011,1,10.91,5.79
16839,O0013992,P0274,1,29.11,23.68
16840,O0013992,P0348,1,16.31,12.99
16841,O0013993,P0161,1,90.55,64.06
16842,O0013994,P0320,1,68.32,46.37
16843,O0013995,P0164,1,7.0,6.4
16844,O0013996,P0347,1,56.26,25.08
16845,O0013996,P0346,1,16.74,13.83
16846,O0013997,P0200,1,15.63,7.14
16847,O0013998,P0028,1,19.28,10.24
16848,O0013999,P0073,1,61.21,32.41
16849,O0014000,P0384,1,25.72,18.61
16850,O0014001,P0046,1,85.77,52.81
16851,O0014002,P0151,1,8.95,7.59
16852,O0014003,P0335,1,20.34,12.41
16853,O0014003,P0162,1,6.05,3.26
16854,O0014004,P0272,1,25.23,19.6
16855,O0014005,P0046,1,85.77,53.31
16856,O0014006,P0322,1,20.85,17.67
16857,O0014007,P0399,1,16.13,11.63
16858,O0014008,P0171,1,21.73,18.27
16859,O0014009,P0374,1,8.71,5.4
16860,O0014010,P0246,1,64.4,48.12
16861,O0014010,P0176,1,39.92,34.8
16862,O0014011,P0315,1,14.56,7.99
16863,O0014012,P0220,1,36.54,26.29
16864,O0014013,P0212,1,19.47,8.7
16865,O0014014,P0327,1,32.14,15.88
16866,O0014015,P0291,1,18.37,17.55
16867,O0014016,P0181,1,18.92,14.17
16868,O0014016,P0218,1,24.78,16.5
16869,O0014016,P0061,1,7.91,3.56
16870,O0014017,P0204,1,29.54,25.29
16871,O0014018,P0183,1,38.0,31.27
16872,O0014018,P0255,1,19.78,12.5
16873,O0014019,P0113,1,20.52,8.38
16874,O0014019,P0119,1,29.12,23.91
16875,O0014020,P0351,1,44.95,33.44
16876,O0014020,P0108,1,78.48,49.07
16877,O0014020,P0344,1,12.43,9.21
16878,O0014021,P0195,1,24.29,10.37
16879,O0014022,P0299,1,14.58,6.92
16880,O0014023,P0120,1,9.06,6.66
16881,O0014023,P0094,1,29.54,23.79
16882,O0014024,P0266,1,52.67,25.1
16883,O0014025,P0213,2,31.76,24.4
16884,O0014026,P0338,1,5.0,3.38
16885,O0014027,P0264,1,11.57,6.42
16886,O0014028,P0116,1,23.14,17.91
16887,O0014028,P0289,1,94.61,72.62
16888,O0014029,P0243,1,27.01,13.67
16889,O0014030,P0177,1,50.38,38.53
16890,O0014031,P0396,1,55.46,35.16
16891,O0014032,P0036,1,51.68,23.17
16892,O0014033,P0004,1,15.42,16.5
16893,O0014034,P0255,1,15.06,12.82
16894,O0014034,P0161,1,79.49,62.72
16895,O0014034,P0391,1,66.48,31.3
16896,O0014035,P0116,1,23.14,18.61
16897,O0014036,P0178,2,31.37,24.43
16898,O0014037,P0336,1,93.8,78.62
16899,O0014037,P0239,1,24.64,18.66
16900,O0014038,P0085,1,47.03,36.91
16901,O0014039,P0296,1,113.02,94.28
16902,O0014040,P0306,1,44.89,32.57
16903,O0014041,P0293,1,7.73,5.85
16904,O0014042,P0122,1,24.97,23.79
16905,O0014043,P0100,1,46.05,33.81
16906,O0014044,P0259,1,6.28,3.83
16907,O0014045,P0265,1,23.33,16.85
16908,O0014046,P0283,1,22.15,14.6
16909,O0014047,P0367,1,25.65,17.04
16910,O0014048,P0172,2,39.28,32.64
16911,O0014049,P0139,1,13.84,9.23
16912,O0014050,P0014,1,20.48,12.77
16913,O0014051,P0233,1,63.03,54.43
16914,O0014052,P0170,1,9.11,5.86
16915,O0014052,P0188,1,24.95,20.96
16916,O0014052,P0287,1,14.63,6.63
16917,O0014053,P0291,1,26.1,17.53
16918,O0014054,P0140,1,42.25,18.9
16919,O0014055,P0027,1,22.36,13.07
16920,O0014056,P0245,1,7.19,3.24
16921,O0014057,P0325,1,26.29,17.09
16922,O0014058,P0395,1,51.86,21.82
16923,O0014059,P0305,1,15.47,7.63
16924,O0014059,P0026,1,28.14,14.25
16925,O0014060,P0139,2,13.84,9.25
16926,O0014061,P0378,1,23.49,13.23
16927,O0014062,P0383,1,192.23,84.98
16928,O0014063,P0027,1,22.36,12.8
16929,O0014064,P0295,1,51.47,28.97
16930,O0014065,P0266,1,52.67,25.88
16931,O0014066,P0118,2,7.3,4.05
16932,O0014067,P0077,1,11.11,4.76
16933,O0014068,P0347,1,56.26,24.91
16934,O0014069,P0323,1,33.01,28.46
16935,O0014070,P0014,1,18.43,13.24
16936,O0014071,P0212,1,17.52,9.22
16937,O0014071,P0322,1,20.85,17.74
16938,O0014071,P0391,1,66.48,32.43
16939,O0014072,P0380,1,54.38,44.28
16940,O0014073,P0082,1,84.77,40.12
16941,O0014073,P0242,1,40.38,18.56
16942,O0014073,P0148,1,49.04,23.93
16943,O0014074,P0196,1,11.97,7.7
16944,O0014075,P0393,1,7.96,5.64
16945,O0014076,P0032,1,18.03,15.94
16946,O0014077,P0060,1,30.23,19.5
16947,O0014078,P0352,1,11.73,7.94
16948,O0014079,P0392,1,5.0,2.52
16949,O0014080,P0335,1,24.9,12.8
16950,O0014081,P0382,1,9.11,8.75
16951,O0014082,P0082,1,59.93,39.17
16952,O0014083,P0261,1,5.0,3.43
16953,O0014084,P0341,1,40.7,33.64
16954,O0014085,P0197,1,53.52,31.19
16955,O0014086,P0336,1,79.35,77.1
16956,O0014087,P0369,1,21.62,16.59
16957,O0014088,P0227,1,32.25,17.26
16958,O0014089,P0302,1,12.62,11.07
16959,O0014090,P0078,1,15.6,10.83
16960,O0014091,P0330,1,17.52,11.32
16961,O0014092,P0316,1,25.48,11.53
16962,O0014093,P0067,1,5.29,2.84
16963,O0014094,P0077,1,11.11,4.83
16964,O0014095,P0265,1,23.33,17.03
16965,O0014096,P0381,1,19.78,8.93
16966,O0014097,P0140,2,42.25,18.2
16967,O0014098,P0027,1,22.36,13.1
16968,O0014099,P0388,1,15.88,7.03
16969,O0014100,P0357,1,27.62,20.21
16970,O0014101,P0003,1,20.34,8.67
16971,O0014102,P0265,1,21.72,16.8
16972,O0014103,P0385,1,28.75,14.01
16973,O0014104,P0291,1,26.1,17.58
16974,O0014105,P0305,1,15.47,7.72
16975,O0014106,P0280,1,73.22,54.75
16976,O0014107,P0316,1,25.48,11.75
16977,O0014108,P0309,1,14.44,7.74
16978,O0014109,P0017,1,13.68,10.66
16979,O0014110,P0257,1,90.28,70.13
16980,O0014111,P0119,1,29.12,24.69
16981,O0014112,P0215,2,22.49,11.68
16982,O0014113,P0041,2,46.99,36.98
16983,O0014113,P0220,1,36.54,25.7
16984,O0014114,P0002,1,21.96,15.39
16985,O0014115,P0138,1,58.62,37.82
16986,O0014116,P0188,1,18.63,20.4
16987,O0014117,P0051,1,12.85,10.92
16988,O0014117,P0084,1,18.96,15.32
16989,O0014118,P0200,1,15.63,7.19
16990,O0014119,P0032,1,18.03,15.75
16991,O0014120,P0221,1,137.35,94.14
16992,O0014121,P0034,1,40.02,31.67
16993,O0014122,P0075,1,75.36,51.29
16994,O0014123,P0181,1,24.13,13.67
16995,O0014124,P0171,1,21.73,18.79
16996,O0014125,P0197,1,53.52,29.67
16997,O0014126,P0021,1,47.37,25.67
16998,O0014127,P0063,1,21.56,13.85
16999,O0014127,P0221,1,137.35,94.07
17000,O0014128,P0292,1,12.32,9.1
17001,O0014129,P0377,1,5.0,4.23
17002,O0014129,P0031,1,31.79,13.54
17003,O0014130,P0148,1,49.04,23.18
17004,O0014131,P0384,1,25.72,19.72
17005,O0014132,P0062,1,17.52,9.71
17006,O0014133,P0086,1,9.16,6.16
17007,O0014133,P0111,1,10.42,8.41
17008,O0014134,P0297,1,8.01,3.56
17009,O0014135,P0028,1,15.66,10.22
17010,O0014136,P0186,1,42.33,38.78
17011,O0014137,P0207,1,13.81,10.72
17012,O0014138,P0274,1,29.11,23.65
17013,O0014139,P0215,1,22.49,11.99
17014,O0014140,P0068,1,24.02,10.38
17015,O0014141,P0356,1,81.19,70.3
17016,O0014142,P0136,1,5.51,3.85
17017,O0014143,P0105,1,23.07,19.26
17018,O0014144,P0083,1,13.11,11.08
17019,O0014144,P0048,1,19.31,12.11
17020,O0014145,P0088,1,28.44,23.71
17021,O0014146,P0359,1,26.78,19.61
17022,O0014147,P0284,1,11.42,6.02
17023,O0014148,P0149,1,16.78,10.84
17024,O0014149,P0162,1,7.81,3.38
17025,O0014150,P0121,1,12.1,8.15
17026,O0014151,P0316,1,25.48,12.07
17027,O0014151,P0171,1,21.73,17.75
17028,O0014151,P0372,1,6.53,5.38
17029,O0014152,P0344,1,12.43,9.05
17030,O0014153,P0192,1,130.83,74.43
17031,O0014154,P0169,1,87.25,54.19
17032,O0014155,P0131,1,52.63,42.13
17033,O0014156,P0268,1,13.01,5.92
17034,O0014157,P0326,1,21.66,16.58
17035,O0014158,P0092,1,28.0,24.3
17036,O0014159,P0304,1,11.87,9.55
17037,O0014160,P0065,1,30.15,24.84
17038,O0014160,P0031,1,31.79,14.28
17039,O0014161,P0214,1,12.66,8.74
17040,O0014162,P0240,1,25.47,21.6
17041,O0014163,P0273,1,14.02,11.52
17042,O0014164,P0069,1,25.74,11.22
17043,O0014164,P0146,1,22.38,19.14
17044,O0014165,P0165,1,11.19,5.03
17045,O0014166,P0149,1,16.78,10.87
17046,O0014167,P0049,1,20.58,12.57
17047,O0014168,P0382,1,10.12,8.76
17048,O0014169,P0351,1,44.95,33.2
17049,O0014170,P0370,1,17.44,6.95
17050,O0014171,P0360,1,43.84,35.38
17051,O0014171,P0046,1,85.77,52.57
17052,O0014171,P0008,1,37.87,17.96
17053,O0014172,P0239,1,24.64,18.39
17054,O0014173,P0022,2,9.24,6.15
17055,O0014174,P0164,1,7.05,6.28
17056,O0014175,P0112,1,36.09,30.85
17057,O0014176,P0337,1,47.63,39.04
17058,O0014177,P0265,1,23.33,16.22
17059,O0014178,P0228,1,110.05,88.36
17060,O0014179,P0045,1,23.84,15.46
17061,O0014179,P0344,1,12.43,9.17
17062,O0014180,P0024,1,28.72,21.91
17063,O0014181,P0197,1,53.52,29.49
17064,O0014182,P0304,1,10.68,9.42
17065,O0014183,P0048,1,19.31,12.24
17066,O0014184,P0079,1,7.1,5.0
17067,O0014185,P0085,1,47.03,37.77
17068,O0014186,P0089,1,30.2,16.96
17069,O0014187,P0043,1,32.76,25.42
17070,O0014188,P0357,1,21.59,19.4
17071,O0014189,P0062,1,17.52,9.96
17072,O0014189,P0355,2,5.91,3.73
17073,O0014190,P0115,1,35.82,30.72
17074,O0014191,P0270,1,10.72,5.99
17075,O0014192,P0291,1,26.1,17.43
17076,O0014193,P0170,1,9.11,5.82
17077,O0014194,P0086,1,9.16,5.83
17078,O0014195,P0273,1,14.02,11.42
17079,O0014196,P0275,1,22.42,17.42
17080,O0014197,P0093,1,14.24,6.8
17081,O0014198,P0344,1,12.43,9.06
17082,O0014199,P0317,1,54.87,27.81
17083,O0014200,P0322,1,20.85,18.19
17084,O0014201,P0215,1,22.49,11.73
17085,O0014202,P0318,1,15.46,10.99
17086,O0014203,P0325,2,26.29,17.23
17087,O0014204,P0069,1,25.74,11.03
17088,O0014204,P0270,1,10.72,6.16
17089,O0014205,P0093,1,14.24,6.79
17090,O0014206,P0234,1,15.17,8.23
17091,O0014207,P0311,1,6.67,3.05
17092,O0014207,P0255,1,17.8,12.41
17093,O0014208,P0071,1,21.03,9.89
17094,O0014209,P0269,1,22.52,11.38
17095,O0014210,P0122,1,27.74,23.62
17096,O0014211,P0181,1,24.13,13.53
17097,O0014212,P0155,1,67.59,27.73
17098,O0014213,P0211,1,24.17,10.14
17099,O0014214,P0281,1,38.91,24.19
17100,O0014215,P0119,1,29.12,25.1
17101,O0014216,P0373,1,7.87,6.44
17102,O0014217,P0200,2,15.63,7.29
17103,O0014218,P0082,1,76.29,39.98
17104,O0014219,P0111,1,10.42,8.82
17105,O0014219,P0400,1,36.29,18.2
17106,O0014220,P0099,1,11.25,6.32
17107,O0014221,P0029,1,16.97,8.76
17108,O0014222,P0303,1,20.26,17.69
17109,O0014223,P0261,1,5.0,3.52
17110,O0014224,P0266,1,52.67,25.68
17111,O0014225,P0258,1,8.13,6.82
17112,O0014226,P0165,1,11.19,4.85
17113,O0014227,P0193,1,61.96,47.51
17114,O0014228,P0165,1,10.07,4.77
17115,O0014228,P0204,1,29.54,25.75
17116,O0014228,P0063,1,21.56,14.19
17117,O0014229,P0172,1,39.28,33.08
17118,O0014230,P0341,1,40.7,32.92
17119,O0014231,P0136,1,5.51,3.78
17120,O0014232,P0009,1,29.77,18.13
17121,O0014233,P0087,1,6.78,2.99
17122,O0014234,P0335,1,24.9,12.8
17123,O0014235,P0181,1,24.13,13.9
17124,O0014235,P0135,1,156.29,85.95
17125,O0014236,P0276,1,20.56,15.33
17126,O0014237,P0394,1,13.17,7.6
17127,O0014238,P0016,1,26.81,12.58
17128,O0014239,P0132,1,41.31,22.82
17129,O0014240,P0347,1,56.26,26.03
17130,O0014241,P0122,1,27.74,23.58
17131,O0014242,P0213,1,31.76,23.94
17132,O0014243,P0188,1,22.46,19.89
17133,O0014244,P0173,1,30.72,13.8
17134,O0014245,P0048,1,19.31,11.95
17135,O0014246,P0306,1,44.89,30.86
17136,O0014247,P0376,2,7.37,3.68
17137,O0014248,P0217,1,29.35,12.82
17138,O0014249,P0073,1,61.21,31.72
17139,O0014250,P0132,1,41.31,22.61
17140,O0014251,P0297,1,8.01,3.58
17141,O0014252,P0063,1,18.89,13.86
17142,O0014253,P0340,1,61.25,46.84
17143,O0014253,P0393,1,7.96,5.66
17144,O0014254,P0083,1,9.22,11.11
17145,O0014255,P0290,1,49.67,31.63
17146,O0014256,P0359,1,26.78,19.8
17147,O0014257,P0167,1,25.94,21.17
17148,O0014258,P0375,1,19.93,9.43
17149,O0014259,P0186,1,47.03,37.41
17150,O0014260,P0382,1,10.12,8.92
17151,O0014261,P0070,1,140.97,96.23
17152,O0014262,P0352,1,11.73,8.35
17153,O0014263,P0343,1,16.99,9.12
17154,O0014264,P0066,1,23.11,12.17
17155,O0014265,P0123,1,25.7,20.04
17156,O0014266,P0031,1,31.79,14.18
17157,O0014267,P0024,1,28.72,21.38
17158,O0014268,P0156,1,13.93,6.49
17159,O0014269,P0220,1,36.54,27.31
17160,O0014270,P0335,1,19.38,12.89
17161,O0014271,P0025,1,44.29,20.4
17162,O0014272,P0262,1,18.89,11.44
17163,O0014273,P0063,1,21.56,13.69
17164,O0014274,P0394,1,11.37,7.84
17165,O0014275,P0350,1,9.95,5.27
17166,O0014276,P0143,1,5.0,3.93
17167,O0014277,P0013,1,79.24,40.52
17168,O0014278,P0253,1,57.21,34.6
17169,O0014279,P0325,1,26.29,17.48
17170,O0014280,P0295,1,51.47,29.09
17171,O0014281,P0032,1,18.03,15.2
17172,O0014282,P0147,1,36.74,21.25
17173,O0014283,P0330,1,17.52,11.09
17174,O0014284,P0370,1,17.44,7.22
17175,O0014285,P0277,1,16.05,9.47
17176,O0014286,P0285,1,13.4,5.41
17177,O0014287,P0039,1,16.72,9.26
17178,O0014288,P0336,1,93.8,74.08
17179,O0014288,P0120,1,9.06,6.73
17180,O0014289,P0226,3,16.11,7.34
17181,O0014290,P0237,1,16.69,13.59
17182,O0014291,P0120,1,9.06,6.36
17183,O0014292,P0167,1,25.94,21.81
17184,O0014293,P0393,1,7.16,5.6
17185,O0014294,P0148,2,49.04,23.42
17186,O0014295,P0045,1,23.84,14.86
17187,O0014296,P0378,1,23.49,13.58
17188,O0014297,P0042,1,72.6,46.35
17189,O0014298,P0181,1,24.13,13.91
17190,O0014298,P0386,1,21.86,11.09
17191,O0014299,P0080,1,25.92,12.75
17192,O0014300,P0153,2,133.98,77.78
17193,O0014301,P0226,1,16.11,6.98
17194,O0014302,P0399,1,16.13,11.41
17195,O0014303,P0320,1,77.73,44.79
17196,O0014304,P0389,1,20.01,12.64
17197,O0014305,P0393,1,7.96,5.72
17198,O0014306,P0243,1,27.01,13.64
17199,O0014307,P0254,1,6.01,3.59
17200,O0014308,P0133,1,13.22,8.56
17201,O0014309,P0317,1,54.87,28.1
17202,O0014310,P0340,1,61.25,46.39
17203,O0014311,P0208,1,20.68,13.77
17204,O0014312,P0173,1,30.72,13.83
17205,O0014313,P0056,1,53.25,43.67
17206,O0014314,P0241,1,17.11,10.6
17207,O0014315,P0297,1,8.01,3.51
17208,O0014316,P0024,1,28.72,21.12
17209,O0014317,P0254,1,6.01,3.71
17210,O0014318,P0357,2,30.69,19.46
17211,O0014319,P0193,1,61.96,46.09
17212,O0014320,P0073,1,61.21,30.59
17213,O0014320,P0347,1,56.26,25.64
17214,O0014321,P0011,1,10.91,5.84
17215,O0014322,P0164,1,7.78,6.3
17216,O0014323,P0020,1,10.53,8.85
17217,O0014324,P0391,1,66.48,32.43
17218,O0014325,P0230,1,36.36,27.59
17219,O0014326,P0129,1,37.04,29.38
17220,O0014327,P0364,2,16.3,13.33
17221,O0014328,P0335,1,24.9,12.57
17222,O0014329,P0375,1,19.93,9.2
17223,O0014330,P0347,1,56.26,25.82
17224,O0014331,P0273,2,14.02,11.1
17225,O0014332,P0370,1,17.44,7.07
17226,O0014333,P0220,1,36.54,25.88
17227,O0014334,P0096,1,13.85,6.51
17228,O0014335,P0356,1,81.19,70.26
17229,O0014336,P0378,1,23.49,13.69
17230,O0014337,P0069,1,25.74,10.84
17231,O0014338,P0207,1,13.81,10.31
17232,O0014339,P0377,1,5.0,4.01
17233,O0014339,P0387,1,23.9,15.42
17234,O0014340,P0079,1,6.39,4.9
17235,O0014340,P0240,1,25.47,21.72
17236,O0014341,P0317,1,54.87,27.86
17237,O0014342,P0064,1,33.89,24.41
17238,O0014343,P0040,1,21.15,11.77
17239,O0014344,P0357,1,30.69,19.72
17240,O0014345,P0373,1,8.74,6.36
17241,O0014346,P0249,1,127.56,101.71
17242,O0014347,P0361,1,13.03,8.43
17243,O0014348,P0241,1,17.11,10.8
17244,O0014349,P0346,1,16.74,13.41
17245,O0014350,P0039,1,16.72,9.39
17246,O0014351,P0184,1,20.87,13.0
17247,O0014352,P0138,1,58.62,39.0
17248,O0014353,P0313,1,38.05,19.2
17249,O0014354,P0279,1,7.3,4.49
17250,O0014355,P0078,1,15.6,10.37
17251,O0014356,P0290,1,49.67,30.4
17252,O0014357,P0393,1,7.96,5.76
17253,O0014358,P0188,1,24.95,19.87
17254,O0014359,P0287,1,14.63,6.82
17255,O0014360,P0363,1,87.76,71.43
17256,O0014361,P0334,1,10.95,5.91
17257,O0014362,P0163,1,77.71,50.05
17258,O0014363,P0087,2,6.78,3.09
17259,O0014364,P0081,2,11.76,10.12
17260,O0014365,P0018,1,19.43,11.52
17261,O0014366,P0075,1,75.36,52.16
17262,O0014367,P0255,1,14.86,12.31
17263,O0014367,P0397,1,43.7,17.88
17264,O0014368,P0229,1,11.96,9.91
17265,O0014369,P0066,1,23.11,12.15
17266,O0014370,P0081,1,11.76,9.5
17267,O0014371,P0339,1,7.52,3.61
17268,O0014372,P0124,1,9.83,7.49
17269,O0014373,P0192,1,130.83,75.02
17270,O0014373,P0121,1,12.1,8.23
17271,O0014374,P0012,1,31.54,18.57
17272,O0014374,P0041,1,46.99,37.7
17273,O0014375,P0066,1,23.11,12.28
17274,O0014376,P0379,1,107.68,44.51
17275,O0014377,P0369,1,21.62,17.19
17276,O0014378,P0252,1,73.33,36.29
17277,O0014378,P0325,1,26.29,17.16
17278,O0014378,P0075,1,75.36,52.61
17279,O0014379,P0081,1,11.76,9.81
17280,O0014379,P0222,1,13.28,10.55
17281,O0014379,P0020,1,10.53,8.75
17282,O0014380,P0149,1,16.78,10.69
17283,O0014380,P0326,1,17.61,17.0
17284,O0014381,P0343,1,15.29,8.86
17285,O0014382,P0293,1,10.7,5.7
17286,O0014382,P0069,1,25.74,10.79
17287,O0014383,P0120,1,9.06,6.71
17288,O0014384,P0173,1,30.72,13.61
17289,O0014385,P0276,1,20.56,14.92
17290,O0014386,P0185,1,47.48,21.21
17291,O0014387,P0156,2,13.93,6.45
17292,O0014388,P0116,1,23.14,17.9
17293,O0014388,P0211,1,24.17,10.43
17294,O0014389,P0343,1,16.99,8.78
17295,O0014390,P0102,1,34.13,22.16
17296,O0014391,P0068,1,24.02,10.44
17297,O0014392,P0018,1,19.43,12.04
17298,O0014392,P0162,1,7.81,3.32
17299,O0014393,P0221,1,137.35,89.97
17300,O0014394,P0395,1,41.47,21.98
17301,O0014395,P0263,1,29.6,16.5
17302,O0014396,P0350,1,11.21,5.37
17303,O0014397,P0396,1,67.85,33.68
17304,O0014398,P0006,1,45.33,37.53
17305,O0014399,P0327,2,32.14,15.86
17306,O0014400,P0368,1,53.37,35.49
17307,O0014401,P0196,1,11.97,7.81
17308,O0014402,P0200,1,12.29,6.85
17309,O0014403,P0248,1,26.91,20.9
17310,O0014404,P0345,1,25.98,19.24
17311,O0014405,P0062,1,17.52,9.62
17312,O0014406,P0161,1,90.55,62.9
17313,O0014406,P0378,1,23.49,13.84
17314,O0014407,P0192,1,130.83,73.22
17315,O0014408,P0009,1,29.77,18.39
17316,O0014409,P0208,1,20.68,13.21
17317,O0014410,P0168,1,18.02,12.27
17318,O0014411,P0188,1,24.95,20.41
17319,O0014412,P0127,1,31.52,29.41
17320,O0014413,P0125,1,58.35,34.2
17321,O0014414,P0321,1,38.93,30.27
17322,O0014415,P0300,1,16.61,8.73
17323,O0014416,P0001,1,36.5,26.35
17324,O0014417,P0341,1,40.7,32.97
17325,O0014417,P0317,1,54.87,28.14
17326,O0014418,P0051,1,12.85,10.68
17327,O0014419,P0356,1,81.19,66.83
17328,O0014420,P0083,1,13.11,11.04
17329,O0014421,P0342,1,150.89,114.4
17330,O0014422,P0046,1,85.77,52.45
17331,O0014422,P0306,1,44.89,32.67
17332,O0014423,P0242,1,40.38,19.37
17333,O0014424,P0089,1,30.2,17.48
17334,O0014425,P0343,3,16.99,8.63
17335,O0014426,P0059,1,31.09,12.78
17336,O0014427,P0030,1,57.15,37.45
17337,O0014428,P0322,1,20.85,17.93
17338,O0014429,P0309,1,14.44,7.86
17339,O0014429,P0035,1,55.97,40.97
17340,O0014430,P0114,1,43.43,35.56
17341,O0014431,P0295,1,40.05,29.44
17342,O0014432,P0189,1,31.8,27.47
17343,O0014433,P0162,1,7.81,3.32
17344,O0014434,P0029,1,14.45,9.06
17345,O0014435,P0206,1,7.96,6.71
17346,O0014436,P0231,2,8.53,6.88
17347,O0014437,P0269,1,22.52,11.04
17348,O0014438,P0176,1,48.41,34.08
17349,O0014439,P0061,1,6.86,3.62
17350,O0014440,P0205,1,6.58,6.15
17351,O0014440,P0138,1,58.62,38.6
17352,O0014440,P0103,1,20.16,10.4
17353,O0014441,P0280,1,65.9,52.94
17354,O0014442,P0257,1,90.28,74.62
17355,O0014443,P0045,1,23.84,15.0
17356,O0014444,P0111,2,10.42,8.54
17357,O0014445,P0127,1,37.04,29.74
17358,O0014446,P0289,1,94.61,74.44
17359,O0014447,P0294,1,21.07,12.07
17360,O0014448,P0042,1,72.6,45.14
17361,O0014449,P0098,1,35.84,17.77
17362,O0014450,P0055,1,26.51,20.94
17363,O0014451,P0255,1,19.78,12.51
17364,O0014452,P0350,1,11.21,5.31
17365,O0014453,P0288,1,10.33,8.61
17366,O0014454,P0277,1,16.05,9.21
17367,O0014455,P0009,1,29.77,17.42
17368,O0014456,P0353,1,34.15,17.53
17369,O0014457,P0279,1,7.3,4.58
17370,O0014458,P0226,1,16.11,6.93
17371,O0014459,P0019,1,24.27,10.49
17372,O0014460,P0062,1,17.52,10.13
17373,O0014461,P0180,1,15.67,12.3
17374,O0014462,P0311,1,5.54,3.03
17375,O0014463,P0240,1,25.47,22.02
17376,O0014464,P0295,1,51.47,29.66
17377,O0014464,P0168,1,18.02,12.42
17378,O0014464,P0299,2,14.58,7.2
17379,O0014465,P0134,1,20.3,8.51
17380,O0014466,P0296,2,113.02,95.26
17381,O0014467,P0366,3,22.18,16.93
17382,O0014468,P0356,1,81.19,67.86
17383,O0014469,P0071,1,21.03,10.18
17384,O0014470,P0265,1,23.33,16.28
17385,O0014471,P0080,1,23.33,12.19
17386,O0014472,P0089,1,30.2,16.48
17387,O0014473,P0014,1,14.44,13.14
17388,O0014474,P0119,1,29.12,24.31
17389,O0014475,P0085,1,47.03,36.48
17390,O0014475,P0212,1,19.47,8.68
17391,O0014475,P0151,1,8.06,7.36
17392,O0014476,P0352,1,8.24,8.17
17393,O0014477,P0075,1,75.36,54.2
17394,O0014478,P0363,1,87.76,74.87
17395,O0014479,P0102,2,34.13,23.39
17396,O0014480,P0341,1,40.7,32.37
17397,O0014480,P0177,3,50.38,36.46
17398,O0014481,P0244,1,37.02,26.69
17399,O0014482,P0088,1,28.44,23.74
17400,O0014482,P0147,1,36.74,22.16
17401,O0014483,P0062,1,17.52,10.06
17402,O0014484,P0164,1,7.78,6.41
17403,O0014484,P0367,1,25.65,17.86
17404,O0014485,P0245,1,7.19,3.25
17405,O0014486,P0203,1,16.83,7.27
17406,O0014487,P0220,3,36.54,26.4
17407,O0014488,P0351,1,44.95,31.94
17408,O0014489,P0028,1,19.28,10.49
17409,O0014490,P0115,1,35.82,30.66
17410,O0014491,P0300,1,15.43,8.98
17411,O0014492,P0310,3,38.72,23.37
17412,O0014493,P0297,1,8.01,3.72
17413,O0014494,P0313,1,40.89,19.64
17414,O0014494,P0015,1,15.87,10.64
17415,O0014494,P0121,1,12.1,8.03
17416,O0014495,P0244,1,37.02,25.85
17417,O0014496,P0234,1,16.86,7.95
17418,O0014497,P0340,1,55.12,48.65
17419,O0014497,P0294,1,18.96,11.98
17420,O0014498,P0029,1,16.97,9.15
17421,O0014499,P0059,1,31.09,12.51
17422,O0014500,P0295,1,51.47,30.13
17423,O0014501,P0271,1,118.13,50.36
17424,O0014502,P0272,2,25.23,18.79
17425,O0014503,P0231,2,7.68,7.31
17426,O0014504,P0177,1,50.38,38.37
17427,O0014505,P0283,1,22.15,14.63
17428,O0014505,P0311,1,6.67,3.04
17429,O0014505,P0397,1,43.7,18.72
17430,O0014506,P0169,1,87.25,54.94
17431,O0014506,P0306,1,44.89,31.73
17432,O0014507,P0007,1,16.85,7.97
17433,O0014508,P0252,1,73.33,37.59
17434,O0014509,P0275,1,22.42,17.14
17435,O0014510,P0063,1,21.56,13.8
17436,O0014511,P0082,1,76.29,40.73
17437,O0014512,P0093,1,14.24,6.65
17438,O0014513,P0200,2,15.63,6.86
17439,O0014514,P0016,2,26.81,13.09
17440,O0014515,P0170,1,9.11,5.78
17441,O0014516,P0253,1,57.21,33.36
17442,O0014517,P0028,1,19.28,10.3
17443,O0014518,P0331,1,49.25,28.4
17444,O0014519,P0048,1,17.49,12.36
17445,O0014520,P0394,1,13.17,7.66
17446,O0014521,P0305,1,15.47,7.6
17447,O0014522,P0114,1,43.43,35.51
17448,O0014523,P0059,1,27.98,12.88
17449,O0014524,P0026,1,28.14,13.97
17450,O0014525,P0028,1,19.28,10.01
17451,O0014526,P0104,1,13.42,6.82
17452,O0014527,P0298,1,38.49,17.71
17453,O0014528,P0383,1,192.23,82.86
17454,O0014528,P0277,1,16.05,9.17
17455,O0014529,P0315,1,14.56,8.01
17456,O0014530,P0366,1,22.18,17.84
17457,O0014531,P0375,1,19.93,9.54
17458,O0014532,P0396,1,67.85,35.26
17459,O0014533,P0379,1,96.91,43.22
17460,O0014534,P0374,1,8.71,5.41
17461,O0014535,P0391,1,66.48,31.79
17462,O0014536,P0295,1,51.47,29.22
17463,O0014537,P0120,1,9.06,6.64
17464,O0014538,P0194,1,46.22,36.33
17465,O0014539,P0098,1,35.84,18.6
17466,O0014540,P0049,1,20.58,12.44
17467,O0014541,P0361,1,13.03,8.76
17468,O0014542,P0070,1,176.02,94.95
17469,O0014543,P0105,1,23.07,18.17
17470,O0014544,P0119,2,21.93,23.89
17471,O0014544,P0087,1,5.47,3.02
17472,O0014545,P0037,1,12.54,9.73
17473,O0014546,P0367,1,25.65,17.78
17474,O0014547,P0045,1,21.46,15.42
17475,O0014548,P0262,1,22.84,11.79
17476,O0014549,P0055,1,26.51,19.86
17477,O0014550,P0372,1,6.53,5.27
17478,O0014550,P0398,1,9.94,4.65
17479,O0014551,P0025,1,44.29,20.04
17480,O0014552,P0122,1,27.74,23.94
17481,O0014553,P0385,1,28.75,14.18
17482,O0014554,P0048,1,19.31,12.65
17483,O0014555,P0398,1,9.94,4.44
17484,O0014556,P0115,1,35.82,29.61
17485,O0014556,P0217,1,29.35,13.26
17486,O0014557,P0141,1,25.44,16.8
17487,O0014558,P0219,1,23.35,16.87
17488,O0014559,P0269,1,22.52,11.58
17489,O0014560,P0032,2,18.03,15.03
17490,O0014561,P0335,1,24.9,12.37
17491,O0014562,P0319,1,37.48,23.94
17492,O0014563,P0109,1,40.47,21.75
17493,O0014564,P0165,1,11.19,4.88
17494,O0014565,P0099,1,11.25,6.43
17495,O0014566,P0315,1,14.56,8.27
17496,O0014567,P0201,1,29.84,12.88
17497,O0014568,P0180,1,15.67,11.91
17498,O0014569,P0074,1,40.29,33.6
17499,O0014570,P0284,1,11.42,6.09
17500,O0014571,P0059,1,31.09,12.75
17501,O0014572,P0120,1,9.06,6.51
17502,O0014573,P0165,1,11.19,4.9
17503,O0014574,P0277,1,16.05,9.52
17504,O0014575,P0032,1,18.03,15.83
17505,O0014576,P0268,1,13.01,5.8
17506,O0014577,P0138,1,58.62,38.02
17507,O0014578,P0246,1,68.18,48.41
17508,O0014579,P0022,1,9.24,6.1
17509,O0014580,P0234,1,16.86,7.76
17510,O0014581,P0093,1,14.24,6.61
17511,O0014582,P0374,1,8.71,5.48
17512,O0014583,P0310,2,27.79,23.02
17513,O0014583,P0344,1,10.37,9.34
17514,O0014584,P0128,1,37.0,30.29
17515,O0014585,P0184,1,20.87,12.94
17516,O0014586,P0349,1,19.77,14.83
17517,O0014587,P0051,1,12.85,11.03
17518,O0014588,P0260,1,23.47,19.53
17519,O0014589,P0240,1,25.47,21.2
17520,O0014590,P0267,1,16.05,7.63
17521,O0014591,P0351,1,44.95,33.26
17522,O0014592,P0388,1,15.88,6.79
17523,O0014593,P0105,1,17.8,18.3
17524,O0014593,P0368,1,58.87,34.93
17525,O0014594,P0322,1,20.85,18.21
17526,O0014595,P0133,1,13.22,8.81
17527,O0014596,P0264,1,11.57,6.31
17528,O0014597,P0191,1,12.75,6.93
17529,O0014598,P0189,1,31.8,27.41
17530,O0014599,P0124,1,9.83,7.35
17531,O0014600,P0188,1,24.95,20.1
17532,O0014600,P0233,1,63.03,53.71
17533,O0014600,P0001,1,36.5,26.15
17534,O0014601,P0287,1,14.63,6.61
17535,O0014602,P0376,1,5.73,3.67
17536,O0014603,P0337,1,47.63,40.34
17537,O0014603,P0192,1,130.83,73.13
17538,O0014603,P0068,1,24.02,9.86
17539,O0014604,P0328,1,17.65,8.25
17540,O0014605,P0152,1,51.13,36.76
17541,O0014606,P0121,2,10.89,8.05
17542,O0014606,P0106,1,32.23,21.81
17543,O0014606,P0261,1,5.0,3.38
17544,O0014607,P0378,1,23.49,13.65
17545,O0014608,P0062,1,17.52,9.96
17546,O0014609,P0014,1,20.48,12.97
17547,O0014610,P0212,1,19.47,8.78
17548,O0014611,P0376,1,7.37,3.55
17549,O0014612,P0106,1,32.23,22.54
17550,O0014613,P0163,1,69.94,48.75
17551,O0014614,P0272,1,25.23,19.41
17552,O0014615,P0044,1,14.64,9.76
17553,O0014616,P0172,1,39.28,31.73
17554,O0014617,P0398,1,9.94,4.54
17555,O0014618,P0256,2,43.56,33.76
17556,O0014618,P0164,1,7.78,6.02
17557,O0014618,P0091,1,37.25,30.91
17558,O0014619,P0064,1,30.5,24.45
17559,O0014620,P0016,1,26.81,13.18
17560,O0014621,P0086,1,9.16,6.21
17561,O0014622,P0054,1,31.91,15.19
17562,O0014623,P0400,1,36.29,18.3
17563,O0014624,P0207,1,13.81,10.56
17564,O0014625,P0342,1,150.89,115.68
17565,O0014626,P0166,1,35.51,25.39
17566,O0014627,P0190,1,22.11,14.51
17567,O0014628,P0289,1,94.61,73.88
17568,O0014629,P0196,1,10.07,7.67
17569,O0014630,P0210,1,21.59,13.21
17570,O0014631,P0302,1,11.58,10.7
17571,O0014632,P0086,1,9.16,6.01
17572,O0014633,P0091,1,37.25,31.2
17573,O0014634,P0097,1,109.14,75.63
17574,O0014634,P0108,1,78.48,49.62
17575,O0014635,P0354,1,99.1,63.07
17576,O0014636,P0289,1,94.61,70.98
17577,O0014637,P0340,1,61.25,48.7
17578,O0014638,P0319,1,37.48,23.46
17579,O0014639,P0346,1,16.74,13.81
17580,O0014640,P0346,1,16.74,13.16
17581,O0014641,P0064,1,33.89,23.93
17582,O0014641,P0263,1,32.89,15.79
17583,O0014641,P0153,1,133.98,81.51
17584,O0014642,P0397,1,43.7,17.59
17585,O0014643,P0181,1,24.13,13.87
17586,O0014644,P0221,1,137.35,91.48
17587,O0014645,P0344,1,12.43,9.06
17588,O0014646,P0040,1,21.15,12.13
17589,O0014647,P0008,1,37.87,18.3
17590,O0014648,P0382,1,10.12,8.53
17591,O0014649,P0345,1,25.98,19.46
17592,O0014650,P0260,1,23.47,20.22
17593,O0014651,P0194,1,46.22,35.56
17594,O0014652,P0243,1,27.01,14.2
17595,O0014652,P0038,1,19.16,12.84
17596,O0014653,P0242,1,40.38,18.24
17597,O0014654,P0194,1,46.22,34.4
17598,O0014654,P0289,1,94.61,73.58
17599,O0014655,P0334,1,10.95,5.86
17600,O0014656,P0096,1,13.85,6.58
17601,O0014657,P0284,1,11.42,6.0
17602,O0014658,P0234,1,16.86,7.93
17603,O0014658,P0241,1,17.11,10.41
17604,O0014659,P0057,1,13.99,7.09
17605,O0014660,P0064,1,33.89,23.94
17606,O0014661,P0119,1,26.21,23.75
17607,O0014662,P0002,1,20.74,14.88
17608,O0014663,P0203,1,16.83,7.24
17609,O0014664,P0103,1,20.16,10.84
17610,O0014665,P0376,1,7.37,3.49
17611,O0014666,P0107,1,24.79,16.76
17612,O0014666,P0148,1,49.04,23.46
17613,O0014666,P0065,1,30.15,24.66
17614,O0014667,P0307,1,26.56,17.84
17615,O0014668,P0162,1,7.81,3.37
17616,O0014669,P0328,1,17.65,8.53
17617,O0014670,P0367,1,25.65,17.81
17618,O0014671,P0257,1,90.28,72.9
17619,O0014672,P0234,1,16.86,7.94
17620,O0014673,P0376,1,6.57,3.59
17621,O0014674,P0095,1,31.01,12.43
17622,O0014675,P0364,1,16.3,13.43
17623,O0014676,P0384,1,25.72,19.43
17624,O0014677,P0132,1,41.31,23.15
17625,O0014678,P0320,1,77.73,45.16
17626,O0014679,P0088,1,28.44,23.74
17627,O0014680,P0252,1,73.33,35.75
17628,O0014681,P0384,1,25.72,19.39
17629,O0014682,P0124,1,9.83,7.24
17630,O0014682,P0080,1,25.92,12.27
17631,O0014683,P0180,1,15.67,12.37
17632,O0014684,P0032,1,18.03,15.59
17633,O0014684,P0398,1,9.94,4.65
17634,O0014684,P0138,1,58.62,37.65
17635,O0014685,P0050,1,32.64,24.22
17636,O0014686,P0291,1,26.1,18.16
17637,O0014686,P0277,1,16.05,8.98
17638,O0014687,P0311,1,6.67,3.01
17639,O0014688,P0169,1,87.25,53.51
17640,O0014689,P0336,1,93.8,74.38
17641,O0014690,P0124,1,9.83,7.3
17642,O0014691,P0267,1,14.44,7.66
17643,O0014692,P0219,1,25.02,16.81
17644,O0014693,P0324,2,15.13,7.36
17645,O0014694,P0058,1,18.88,11.12
17646,O0014695,P0238,1,59.44,34.7
17647,O0014695,P0108,1,78.48,50.49
17648,O0014695,P0163,1,77.71,50.55
17649,O0014696,P0315,1,13.06,8.24
17650,O0014696,P0200,1,15.63,6.97
17651,O0014697,P0106,1,32.23,23.04
17652,O0014697,P0283,1,22.15,14.7
17653,O0014698,P0331,1,49.25,29.47
17654,O0014699,P0151,1,8.95,7.45
17655,O0014700,P0023,1,8.48,7.27
17656,O0014701,P0251,1,41.11,30.02
17657,O0014702,P0033,1,14.27,5.95
17658,O0014703,P0142,1,14.57,10.25
17659,O0014704,P0265,1,23.33,17.0
17660,O0014705,P0043,1,32.76,25.28
17661,O0014706,P0056,1,37.45,44.12
17662,O0014706,P0381,1,15.0,8.86
17663,O0014706,P0263,1,23.6,16.54
17664,O0014707,P0034,1,40.02,30.84
17665,O0014708,P0375,1,19.93,9.12
17666,O0014708,P0285,1,11.48,5.73
17667,O0014709,P0074,1,44.77,32.65
17668,O0014710,P0204,1,29.54,25.69
17669,O0014711,P0143,1,5.0,3.91
17670,O0014711,P0374,1,8.71,5.52
17671,O0014712,P0134,1,20.3,8.51
17672,O0014713,P0305,1,15.47,7.37
17673,O0014714,P0038,1,19.16,12.91
17674,O0014715,P0109,1,40.47,21.21
17675,O0014716,P0304,1,11.87,9.31
17676,O0014717,P0020,1,10.53,8.9
17677,O0014718,P0288,1,10.33,8.29
17678,O0014718,P0250,1,99.91,60.02
17679,O0014719,P0188,1,24.95,20.58
17680,O0014719,P0002,1,21.96,14.97
17681,O0014720,P0344,1,12.43,9.58
17682,O0014721,P0269,1,22.52,11.54
17683,O0014722,P0081,1,11.76,9.77
17684,O0014723,P0139,1,12.62,9.48
17685,O0014724,P0206,1,7.96,6.77
17686,O0014725,P0129,1,37.04,27.72
17687,O0014726,P0092,1,31.11,23.8
17688,O0014727,P0031,1,31.79,13.97
17689,O0014728,P0097,2,109.14,76.18
17690,O0014729,P0029,1,16.97,9.05
17691,O0014730,P0225,1,5.0,3.46
17692,O0014730,P0106,1,32.23,22.68
17693,O0014730,P0344,1,12.43,9.28
17694,O0014731,P0269,1,22.52,11.14
17695,O0014731,P0218,1,24.78,16.03
17696,O0014732,P0265,1,23.33,16.02
17697,O0014733,P0370,1,17.44,6.87
17698,O0014734,P0395,1,51.86,21.93
17699,O0014735,P0266,1,52.67,24.89
17700,O0014736,P0238,1,66.04,36.16
17701,O0014737,P0235,1,6.23,5.16
17702,O0014738,P0137,1,15.14,7.62
17703,O0014739,P0153,1,104.96,78.4
17704,O0014740,P0005,1,86.78,35.23
17705,O0014741,P0070,1,176.02,91.42
17706,O0014742,P0272,1,25.23,19.46
17707,O0014742,P0186,1,47.03,37.88
17708,O0014742,P0039,1,16.72,9.41
17709,O0014743,P0007,1,16.85,8.28
17710,O0014744,P0314,1,6.49,4.16
17711,O0014745,P0357,1,27.62,18.97
17712,O0014746,P0075,1,75.36,54.14
17713,O0014747,P0017,1,15.17,11.17
17714,O0014747,P0387,2,23.9,16.21
17715,O0014747,P0364,1,16.3,13.84
17716,O0014748,P0348,1,12.5,13.03
17717,O0014749,P0222,1,13.28,10.99
17718,O0014749,P0342,1,120.37,114.78
17719,O0014749,P0300,1,16.61,9.14
17720,O0014750,P0381,1,19.78,9.08
17721,O0014751,P0115,1,35.82,30.56
17722,O0014751,P0189,1,31.8,27.28
17723,O0014751,P0106,1,32.23,22.52
17724,O0014752,P0251,1,41.11,29.7
17725,O0014752,P0357,1,30.69,19.34
17726,O0014753,P0350,1,11.21,5.44
17727,O0014754,P0266,1,52.67,26.37
17728,O0014755,P0311,1,6.0,3.08
17729,O0014756,P0191,1,12.75,6.99
17730,O0014756,P0121,1,12.1,8.05
17731,O0014756,P0153,1,133.98,79.42
17732,O0014757,P0152,1,51.13,38.21
17733,O0014758,P0084,1,15.99,15.53
17734,O0014759,P0177,1,50.38,37.89
17735,O0014760,P0359,1,26.78,19.0
17736,O0014761,P0105,1,23.07,18.39
17737,O0014762,P0105,1,23.07,18.71
17738,O0014763,P0327,1,32.14,15.47
17739,O0014763,P0354,1,110.11,62.3
17740,O0014764,P0134,1,20.3,8.79
17741,O0014765,P0008,1,37.87,18.56
17742,O0014766,P0386,1,21.86,10.64
17743,O0014767,P0253,1,57.21,33.26
17744,O0014768,P0178,1,31.37,24.96
17745,O0014768,P0284,2,11.42,6.05
17746,O0014768,P0186,1,47.03,37.58
17747,O0014769,P0277,1,16.05,9.35
17748,O0014770,P0174,1,14.91,8.15
17749,O0014771,P0184,1,20.87,12.63
17750,O0014772,P0231,1,8.53,6.95
17751,O0014773,P0121,1,12.1,8.17
17752,O0014774,P0180,1,14.1,11.86
17753,O0014775,P0356,1,81.19,66.33
17754,O0014776,P0312,1,25.49,17.19
17755,O0014777,P0009,1,29.77,18.17
17756,O0014777,P0259,1,6.28,3.86
17757,O0014777,P0125,1,58.35,32.54
17758,O0014778,P0320,1,77.73,47.69
17759,O0014779,P0015,1,15.87,10.66
17760,O0014780,P0023,1,8.48,7.36
17761,O0014781,P0302,1,11.36,10.76
17762,O0014782,P0059,1,31.09,12.4
17763,O0014783,P0391,1,66.48,32.07
17764,O0014784,P0364,1,16.3,13.71
17765,O0014785,P0356,1,81.19,68.4
17766,O0014786,P0259,1,6.28,3.85
17767,O0014787,P0362,1,35.77,24.09
17768,O0014788,P0248,1,26.91,21.36
17769,O0014789,P0192,1,130.83,70.93
17770,O0014790,P0161,1,90.55,62.13
17771,O0014790,P0339,1,7.52,3.53
17772,O0014791,P0209,1,48.72,22.4
17773,O0014792,P0256,1,43.56,32.66
17774,O0014793,P0219,1,25.02,17.62
17775,O0014794,P0073,1,61.21,31.57
17776,O0014795,P0330,1,15.77,11.48
17777,O0014796,P0033,1,14.27,5.81
17778,O0014797,P0302,1,12.62,10.45
17779,O0014798,P0005,1,72.86,34.81
17780,O0014799,P0268,1,13.01,5.81
17781,O0014800,P0370,1,17.44,7.2
17782,O0014801,P0143,1,5.0,3.89
17783,O0014802,P0108,1,78.48,50.55
17784,O0014803,P0075,1,75.36,52.4
17785,O0014804,P0367,1,25.65,17.59
17786,O0014804,P0359,1,26.78,19.19
17787,O0014804,P0095,1,24.35,12.28
17788,O0014805,P0038,1,17.27,12.93
17789,O0014806,P0039,1,16.72,9.11
17790,O0014807,P0256,1,43.56,33.26
17791,O0014808,P0289,1,94.61,70.48
17792,O0014809,P0269,1,22.52,10.94
17793,O0014809,P0320,1,77.73,45.57
17794,O0014810,P0311,1,6.0,3.05
17795,O0014811,P0010,1,5.31,2.8
17796,O0014812,P0021,2,36.4,25.33
17797,O0014812,P0386,1,21.86,10.77
17798,O0014812,P0257,1,90.28,73.31
17799,O0014813,P0369,1,21.62,16.96
17800,O0014814,P0131,1,52.63,42.78
17801,O0014815,P0372,1,6.53,5.45
17802,O0014816,P0015,1,15.87,10.48
17803,O0014817,P0127,1,37.04,30.27
17804,O0014818,P0079,1,5.71,5.01
17805,O0014819,P0218,1,24.78,15.94
17806,O0014820,P0322,1,20.85,17.6
17807,O0014821,P0020,1,10.53,8.53
17808,O0014821,P0256,1,43.56,32.56
17809,O0014822,P0276,1,20.56,15.65
17810,O0014823,P0305,1,15.47,7.64
17811,O0014824,P0115,1,25.63,30.83
17812,O0014825,P0152,1,51.13,36.75
17813,O0014826,P0276,1,20.56,15.19
17814,O0014827,P0073,2,61.21,32.24
17815,O0014828,P0057,1,13.99,7.24
17816,O0014828,P0125,1,58.35,33.54
17817,O0014829,P0360,1,43.84,36.42
17818,O0014829,P0188,1,24.95,20.05
17819,O0014829,P0155,1,67.59,27.53
17820,O0014830,P0184,1,18.78,12.61
17821,O0014831,P0061,2,7.12,3.58
17822,O0014831,P0233,1,63.03,53.09
17823,O0014831,P0263,2,32.89,15.61
17824,O0014832,P0235,1,6.23,5.29
17825,O0014833,P0037,1,12.54,9.74
17826,O0014834,P0272,1,25.23,20.0
17827,O0014835,P0036,1,51.68,23.01
17828,O0014836,P0157,1,34.99,21.6
17829,O0014837,P0391,1,59.32,32.49
17830,O0014837,P0084,1,14.46,15.69
17831,O0014838,P0346,1,13.45,13.46
17832,O0014838,P0155,1,67.59,28.21
17833,O0014839,P0051,1,12.85,10.79
17834,O0014840,P0084,1,13.46,15.65
17835,O0014840,P0374,1,8.71,5.16
17836,O0014841,P0272,1,25.23,19.0
17837,O0014842,P0008,2,37.87,18.01
17838,O0014843,P0039,1,16.72,9.03
17839,O0014844,P0075,1,67.82,50.92
17840,O0014845,P0112,1,32.48,30.57
17841,O0014846,P0014,1,18.43,13.42
17842,O0014847,P0099,1,11.25,6.35
17843,O0014848,P0054,1,31.91,15.99
17844,O0014849,P0290,1,49.67,31.8
17845,O0014849,P0348,1,12.61,12.86
17846,O0014849,P0015,1,15.87,10.64
17847,O0014850,P0335,1,24.9,12.37
17848,O0014851,P0085,1,47.03,36.3
17849,O0014852,P0341,1,40.7,33.11
17850,O0014853,P0268,1,13.01,5.65
17851,O0014854,P0120,1,9.06,6.47
17852,O0014855,P0208,1,18.5,14.01
17853,O0014856,P0247,1,84.85,54.26
17854,O0014857,P0085,1,47.03,35.99
17855,O0014858,P0344,1,12.43,9.04
17856,O0014859,P0392,1,3.54,2.37
17857,O0014860,P0394,2,13.17,7.63
17858,O0014861,P0241,1,13.59,10.62
17859,O0014862,P0374,1,8.71,5.47
17860,O0014863,P0293,1,10.7,5.54
17861,O0014864,P0035,1,55.97,42.39
17862,O0014865,P0069,1,23.17,11.3
17863,O0014866,P0091,1,37.25,30.14
17864,O0014867,P0247,1,84.85,53.19
17865,O0014868,P0345,1,25.98,19.95
17866,O0014869,P0283,1,22.15,14.82
17867,O0014870,P0164,1,7.78,6.21
17868,O0014870,P0374,1,8.71,5.3
17869,O0014870,P0145,1,13.01,5.45
17870,O0014871,P0009,1,26.79,18.07
17871,O0014871,P0055,1,26.51,20.5
17872,O0014872,P0242,1,37.3,18.41
17873,O0014873,P0226,1,16.11,7.33
17874,O0014874,P0162,1,7.81,3.27
17875,O0014875,P0091,1,37.25,30.12
17876,O0014876,P0262,1,22.84,11.59
17877,O0014876,P0075,1,75.36,51.72
17878,O0014877,P0239,3,24.64,18.3
17879,O0014878,P0224,1,12.85,6.48
17880,O0014878,P0256,3,43.56,33.64
17881,O0014879,P0346,1,13.14,13.74
17882,O0014879,P0203,1,14.81,7.4
17883,O0014879,P0304,1,8.67,9.78
17884,O0014880,P0323,1,29.71,26.99
17885,O0014881,P0235,1,6.23,5.44
17886,O0014882,P0099,1,11.25,6.11
17887,O0014882,P0350,1,11.21,5.23
17888,O0014883,P0264,1,11.57,6.69
17889,O0014883,P0384,1,25.72,18.8
17890,O0014884,P0395,1,51.86,21.81
17891,O0014884,P0206,1,7.96,6.61
17892,O0014884,P0195,2,24.29,10.38
17893,O0014885,P0105,1,23.07,19.36
17894,O0014886,P0151,1,8.95,7.53
17895,O0014886,P0342,1,150.89,111.79
17896,O0014886,P0208,2,20.68,13.84
17897,O0014887,P0203,1,16.83,7.55
17898,O0014888,P0327,1,32.14,15.94
17899,O0014889,P0394,1,13.17,8.05
17900,O0014890,P0333,1,5.0,3.08
17901,O0014891,P0189,1,31.8,25.99
17902,O0014892,P0338,1,3.61,3.45
17903,O0014893,P0051,1,12.85,10.56
17904,O0014894,P0079,1,6.39,5.02
17905,O0014894,P0217,1,29.35,12.63
17906,O0014895,P0291,1,26.1,17.97
17907,O0014896,P0242,1,37.23,18.89
17908,O0014897,P0209,1,48.72,22.56
17909,O0014898,P0276,1,20.56,15.13
17910,O0014899,P0356,1,81.19,67.58
17911,O0014900,P0073,1,61.21,31.94
17912,O0014901,P0396,1,67.85,33.63
17913,O0014901,P0097,1,109.14,76.61
17914,O0014902,P0354,1,110.11,62.93
17915,O0014902,P0262,1,22.84,11.97
17916,O0014902,P0133,1,13.22,8.67
17917,O0014903,P0101,1,53.02,36.57
17918,O0014904,P0111,1,10.42,8.91
17919,O0014905,P0021,1,47.37,25.59
17920,O0014906,P0025,1,44.29,19.68
17921,O0014907,P0369,1,21.62,16.7
17922,O0014908,P0198,1,21.81,9.87
17923,O0014909,P0087,1,6.78,2.99
17924,O0014910,P0301,1,25.5,14.72
17925,O0014911,P0253,1,57.21,32.39
17926,O0014911,P0185,2,47.48,21.73
17927,O0014911,P0108,1,78.48,50.85
17928,O0014912,P0047,1,26.3,14.95
17929,O0014913,P0095,1,29.16,12.55
17930,O0014914,P0255,2,19.78,12.51
17931,O0014915,P0219,1,25.02,17.68
17932,O0014916,P0370,1,17.44,7.34
17933,O0014917,P0399,1,16.13,11.22
17934,O0014918,P0238,1,66.04,34.63
17935,O0014919,P0399,1,16.13,11.42
17936,O0014920,P0041,1,46.99,39.17
17937,O0014921,P0094,1,29.54,24.5
17938,O0014922,P0103,1,15.87,10.54
17939,O0014923,P0016,1,26.81,12.7
17940,O0014923,P0249,1,127.56,104.27
17941,O0014923,P0378,1,23.49,13.31
17942,O0014924,P0320,1,77.73,45.0
17943,O0014925,P0219,1,25.02,17.28
17944,O0014926,P0386,1,21.86,10.54
17945,O0014927,P0263,1,32.89,15.87
17946,O0014928,P0232,1,106.18,85.15
17947,O0014928,P0132,1,41.31,23.13
17948,O0014929,P0006,1,45.33,38.68
17949,O0014930,P0323,1,33.01,26.91
17950,O0014931,P0156,1,13.93,6.22
17951,O0014932,P0201,1,29.84,13.23
17952,O0014933,P0141,1,25.44,17.0
17953,O0014934,P0191,1,12.75,6.93
17954,O0014935,P0376,1,5.81,3.55
17955,O0014936,P0078,1,15.6,10.76
17956,O0014937,P0313,1,40.89,19.81
17957,O0014938,P0223,1,141.44,77.62
17958,O0014939,P0137,1,16.82,8.07
17959,O0014940,P0238,1,66.04,34.53
17960,O0014940,P0087,1,6.78,2.96
17961,O0014941,P0397,1,43.7,18.05
17962,O0014942,P0238,1,66.04,34.64
17963,O0014943,P0113,1,20.52,8.73
17964,O0014943,P0052,1,16.42,12.98
17965,O0014944,P0004,1,20.34,16.59
17966,O0014944,P0301,1,25.5,14.89
17967,O0014945,P0176,1,48.41,35.05
17968,O0014946,P0006,1,40.8,39.04
17969,O0014947,P0291,1,20.39,17.99
17970,O0014948,P0168,1,18.02,12.15
17971,O0014948,P0197,1,53.52,30.25
17972,O0014949,P0293,1,10.7,5.58
17973,O0014950,P0172,1,28.76,33.15
17974,O0014951,P0184,1,20.87,12.24
17975,O0014951,P0183,1,38.0,30.58
17976,O0014951,P0192,1,130.83,75.13
17977,O0014952,P0006,1,45.33,39.08
17978,O0014953,P0050,1,32.64,25.25
17979,O0014954,P0042,1,72.6,46.6
17980,O0014955,P0326,1,21.66,16.92
17981,O0014956,P0400,1,36.29,18.93
17982,O0014957,P0033,1,14.27,5.77
17983,O0014958,P0176,1,48.41,35.39
17984,O0014959,P0004,1,20.34,16.67
17985,O0014960,P0049,1,20.58,12.34
17986,O0014961,P0256,1,43.56,32.32
17987,O0014962,P0063,1,19.4,13.62
17988,O0014962,P0203,1,16.83,7.44
17989,O0014962,P0363,1,87.76,72.01
17990,O0014963,P0014,1,20.48,12.7
17991,O0014964,P0128,1,37.0,30.06
17992,O0014965,P0225,1,5.0,3.26
17993,O0014965,P0277,1,16.05,9.27
17994,O0014966,P0296,1,113.02,94.07
17995,O0014966,P0239,1,24.64,18.04
17996,O0014967,P0362,1,35.77,23.71
17997,O0014968,P0252,1,73.33,36.33
17998,O0014969,P0134,1,20.3,8.75
17999,O0014970,P0348,1,16.31,12.73
18000,O0014971,P0253,1,57.21,33.99
18001,O0014972,P0332,1,18.9,14.31
18002,O0014973,P0194,1,46.22,35.19
18003,O0014974,P0057,1,13.99,7.34
18004,O0014974,P0296,1,113.02,95.8
18005,O0014975,P0144,1,28.48,15.32
18006,O0014976,P0383,1,192.23,84.27
18007,O0014977,P0054,1,31.91,15.22
18008,O0014978,P0287,1,14.63,6.71
18009,O0014979,P0002,1,21.96,14.98
18010,O0014980,P0275,1,22.42,17.6
18011,O0014980,P0385,1,28.75,14.72
18012,O0014981,P0213,1,31.76,23.71
18013,O0014982,P0304,1,11.87,9.65
18014,O0014983,P0157,1,25.18,21.3
18015,O0014984,P0088,1,28.44,22.55
18016,O0014984,P0380,1,60.42,43.2
18017,O0014985,P0008,1,33.41,18.57
18018,O0014986,P0233,1,63.03,55.38
18019,O0014986,P0164,1,7.78,6.01
18020,O0014986,P0320,1,77.73,45.76
18021,O0014987,P0319,1,37.48,24.04
18022,O0014987,P0251,1,41.11,28.94
18023,O0014988,P0344,1,12.43,9.37
18024,O0014989,P0301,1,25.5,15.25
18025,O0014990,P0149,1,16.78,10.67
18026,O0014991,P0211,1,24.17,10.17
18027,O0014992,P0180,1,15.67,12.53
18028,O0014993,P0144,1,28.48,15.14
18029,O0014993,P0001,1,36.5,26.85
18030,O0014994,P0300,1,16.61,8.76
18031,O0014995,P0185,1,47.48,20.84
18032,O0014996,P0123,1,25.7,21.08
18033,O0014997,P0192,1,130.83,71.58
18034,O0014998,P0338,2,5.0,3.53
18035,O0014999,P0272,1,25.23,19.2
18036,O0015000,P0075,1,75.36,53.57
18037,O0015000,P0139,3,13.84,9.51
18038,O0015001,P0038,1,19.16,13.62
18039,O0015002,P0116,1,23.14,18.47
18040,O0015003,P0004,1,20.34,16.44
18041,O0015004,P0254,1,6.01,3.76
18042,O0015005,P0281,1,38.91,24.05
18043,O0015006,P0375,1,19.93,9.47
18044,O0015007,P0297,1,8.01,3.64
18045,O0015008,P0243,1,27.01,13.87
18046,O0015009,P0037,1,12.54,9.92
18047,O0015009,P0061,1,7.12,3.55
18048,O0015010,P0400,1,36.29,18.93
18049,O0015011,P0396,1,67.85,33.31
18050,O0015012,P0125,1,44.71,34.04
18051,O0015012,P0077,1,8.26,4.88
18052,O0015012,P0337,1,47.63,39.97
18053,O0015013,P0179,1,12.64,9.61
18054,O0015014,P0284,1,11.42,5.77
18055,O0015014,P0168,1,18.02,12.33
18056,O0015015,P0375,1,17.94,9.42
18057,O0015016,P0084,1,18.96,15.63
18058,O0015017,P0347,1,56.26,26.44
18059,O0015018,P0013,2,79.24,39.14
18060,O0015019,P0090,1,45.85,25.35
18061,O0015020,P0269,1,22.52,11.41
18062,O0015020,P0337,1,47.63,38.08
18063,O0015021,P0217,1,29.35,13.26
18064,O0015022,P0321,1,32.36,29.88
18065,O0015023,P0149,1,16.78,11.28
18066,O0015024,P0323,1,33.01,28.35
18067,O0015025,P0076,1,7.99,5.06
18068,O0015026,P0161,1,90.55,64.21
18069,O0015027,P0273,1,14.02,11.02
18070,O0015027,P0101,1,53.02,37.9
18071,O0015027,P0376,1,7.37,3.5
18072,O0015028,P0070,1,176.02,93.8
18073,O0015029,P0319,1,37.48,23.25
18074,O0015030,P0158,1,45.59,20.13
18075,O0015031,P0267,1,16.05,7.91
18076,O0015032,P0167,1,25.94,21.23
18077,O0015032,P0004,1,20.34,16.41
18078,O0015033,P0169,1,78.53,55.04
18079,O0015034,P0310,1,38.72,24.02
18080,O0015034,P0310,1,38.72,23.04
18081,O0015034,P0094,3,26.59,24.54
18082,O0015035,P0193,1,61.96,46.71
18083,O0015036,P0166,1,35.51,25.66
18084,O0015037,P0105,1,23.07,18.37
18085,O0015038,P0271,1,118.13,48.47
18086,O0015039,P0111,1,10.42,8.76
18087,O0015040,P0047,1,26.3,14.29
18088,O0015041,P0272,1,25.23,19.27
18089,O0015042,P0140,1,42.25,18.62
18090,O0015043,P0306,1,44.89,32.29
18091,O0015044,P0344,1,12.43,9.44
18092,O0015045,P0284,1,11.42,6.06
18093,O0015046,P0089,1,30.2,17.16
18094,O0015047,P0336,1,93.8,77.71
18095,O0015048,P0107,1,24.79,16.59
18096,O0015049,P0232,1,106.18,83.57
18097,O0015050,P0094,1,29.54,24.21
18098,O0015051,P0063,1,21.56,13.76
18099,O0015051,P0376,1,7.37,3.62
18100,O0015052,P0333,1,5.0,3.1
18101,O0015052,P0220,1,36.54,26.33
18102,O0015053,P0047,1,26.3,14.22
18103,O0015054,P0066,1,23.11,12.06
18104,O0015054,P0071,1,21.03,10.14
18105,O0015055,P0331,1,49.25,29.08
18106,O0015056,P0336,1,93.8,78.24
18107,O0015057,P0251,1,41.11,28.97
18108,O0015058,P0237,1,22.38,13.75
18109,O0015059,P0285,1,13.4,5.7
18110,O0015060,P0158,1,45.59,20.99
18111,O0015061,P0209,1,48.72,21.51
18112,O0015062,P0144,1,28.48,15.59
18113,O0015063,P0284,1,10.54,5.84
18114,O0015064,P0027,1,22.36,13.33
18115,O0015064,P0153,3,133.98,80.72
18116,O0015065,P0072,1,31.23,20.06
18117,O0015066,P0278,1,11.61,9.7
18118,O0015067,P0049,1,20.58,12.3
18119,O0015068,P0227,2,29.02,17.56
18120,O0015069,P0062,1,17.52,9.68
18121,O0015070,P0217,1,20.99,12.74
18122,O0015071,P0156,1,12.33,6.35
18123,O0015072,P0214,1,11.44,8.62
18124,O0015073,P0271,1,85.72,51.17
18125,O0015074,P0369,1,18.03,16.95
18126,O0015075,P0329,1,33.63,24.27
18127,O0015076,P0303,1,20.26,17.48
18128,O0015077,P0341,1,40.7,33.45
18129,O0015078,P0355,1,5.91,3.68
18130,O0015079,P0097,1,109.14,79.24
18131,O0015080,P0356,3,81.19,67.39
18132,O0015081,P0062,1,17.52,10.08
18133,O0015082,P0048,2,14.86,12.52
18134,O0015082,P0179,2,12.64,9.52
18135,O0015083,P0382,1,10.12,8.67
18136,O0015084,P0261,1,5.0,3.38
18137,O0015084,P0389,1,20.01,12.63
18138,O0015085,P0023,1,8.48,7.36
18139,O0015086,P0015,1,15.87,10.87
18140,O0015087,P0324,1,15.13,7.3
18141,O0015088,P0400,1,36.29,18.13
18142,O0015089,P0324,1,15.13,7.31
18143,O0015090,P0243,1,27.01,14.08
18144,O0015091,P0266,1,52.67,24.72
18145,O0015092,P0381,1,19.78,8.79
18146,O0015093,P0164,1,7.78,6.32
18147,O0015094,P0114,1,43.43,37.03
18148,O0015095,P0037,1,12.54,9.93
18149,O0015096,P0041,1,46.99,38.05
18150,O0015097,P0005,1,86.78,36.46
18151,O0015098,P0300,1,16.61,8.66
18152,O0015098,P0160,1,10.81,6.69
18153,O0015099,P0222,1,13.28,10.75
18154,O0015100,P0330,2,15.35,11.25
18155,O0015101,P0315,1,14.56,8.09
18156,O0015102,P0057,1,13.99,7.2
18157,O0015103,P0157,1,34.99,21.24
18158,O0015104,P0349,1,19.77,14.94
18159,O0015105,P0159,1,5.0,2.4
18160,O0015106,P0082,1,84.77,40.57
18161,O0015106,P0057,1,11.85,7.11
18162,O0015107,P0105,1,23.07,18.83
18163,O0015108,P0243,1,27.01,13.63
18164,O0015109,P0333,1,5.0,3.07
18165,O0015110,P0226,1,16.11,7.18
18166,O0015111,P0229,1,11.96,9.71
18167,O0015111,P0037,1,12.54,9.78
18168,O0015112,P0191,1,12.75,7.03
18169,O0015112,P0323,1,33.01,27.01
18170,O0015113,P0043,1,27.13,25.43
18171,O0015114,P0079,1,7.1,5.02
18172,O0015114,P0143,1,5.0,3.88
18173,O0015115,P0108,1,78.48,50.14
18174,O0015116,P0199,1,34.14,23.58
18175,O0015117,P0352,1,11.73,8.0
18176,O0015118,P0311,3,6.67,3.03
18177,O0015119,P0104,1,13.42,6.88
18178,O0015119,P0200,1,15.63,7.13
18179,O0015119,P0391,1,66.48,31.53
18180,O0015120,P0172,1,39.28,33.1
18181,O0015121,P0163,1,77.71,50.65
18182,O0015121,P0337,1,47.63,38.3
18183,O0015122,P0060,1,30.23,19.71
18184,O0015123,P0071,1,18.93,10.26
18185,O0015124,P0058,1,18.88,11.14
18186,O0015125,P0115,1,35.82,29.32
18187,O0015126,P0288,1,10.33,8.34
18188,O0015126,P0304,1,11.87,9.71
18189,O0015126,P0234,1,16.86,7.79
18190,O0015127,P0109,1,40.47,21.04
18191,O0015128,P0378,3,23.49,13.67
18192,O0015129,P0363,1,87.76,72.25
18193,O0015130,P0269,1,22.52,11.22
18194,O0015131,P0170,1,9.11,5.85
18195,O0015132,P0058,1,18.88,11.57
18196,O0015133,P0160,1,10.81,6.59
18197,O0015134,P0251,1,41.11,29.97
18198,O0015135,P0332,1,18.9,14.25
18199,O0015136,P0278,1,15.48,9.95
18200,O0015137,P0290,1,49.67,30.46
18201,O0015138,P0119,1,29.12,24.0
18202,O0015139,P0318,1,15.46,11.05
18203,O0015140,P0297,1,8.01,3.62
18204,O0015141,P0226,1,16.11,7.01
18205,O0015142,P0064,1,33.89,23.8
18206,O0015142,P0207,1,13.09,10.74
18207,O0015143,P0379,1,107.68,44.36
18208,O0015144,P0215,1,19.34,11.89
18209,O0015145,P0272,1,22.34,19.67
18210,O0015146,P0394,1,13.17,7.61
18211,O0015147,P0103,1,17.47,10.41
18212,O0015148,P0258,1,6.53,6.97
18213,O0015149,P0245,1,7.19,3.4
18214,O0015150,P0198,1,20.39,9.92
18215,O0015150,P0293,1,7.65,5.63
18216,O0015151,P0118,1,7.3,4.12
18217,O0015152,P0389,1,20.01,12.87
18218,O0015153,P0129,1,37.04,29.22
18219,O0015154,P0071,1,21.03,9.79
18220,O0015155,P0341,1,40.7,32.14
18221,O0015155,P0177,1,50.38,36.8
18222,O0015156,P0055,1,26.51,19.91
18223,O0015157,P0223,1,141.44,75.9
18224,O0015158,P0026,1,28.14,14.42
18225,O0015159,P0148,1,49.04,23.54
18226,O0015160,P0171,1,21.73,18.95
18227,O0015160,P0306,1,44.89,32.43
18228,O0015161,P0083,1,13.11,10.67
18229,O0015162,P0215,1,22.49,11.93
18230,O0015162,P0267,1,16.05,7.81
18231,O0015163,P0257,1,90.28,71.96
18232,O0015164,P0049,1,20.58,11.9
18233,O0015165,P0231,1,8.53,7.24
18234,O0015165,P0308,1,44.75,23.99
18235,O0015165,P0059,1,27.34,13.13
18236,O0015166,P0383,1,192.23,83.06
18237,O0015167,P0006,1,45.33,39.03
18238,O0015168,P0121,1,12.1,8.06
18239,O0015169,P0315,1,14.56,8.07
18240,O0015170,P0265,1,23.33,16.36
18241,O0015171,P0286,1,7.86,4.35
18242,O0015172,P0339,1,6.29,3.55
18243,O0015173,P0203,1,16.83,7.42
18244,O0015174,P0067,1,5.29,2.77
18245,O0015174,P0250,1,99.91,57.45
18246,O0015175,P0142,1,14.57,9.97
18247,O0015176,P0348,1,16.31,12.49
18248,O0015177,P0400,1,36.29,18.32
18249,O0015177,P0266,2,52.67,25.81
18250,O0015178,P0240,1,25.47,21.01
18251,O0015178,P0220,1,36.54,26.39
18252,O0015178,P0130,1,534.96,364.25
18253,O0015179,P0037,1,12.54,9.74
18254,O0015180,P0022,1,9.24,5.99
18255,O0015181,P0275,1,22.42,17.57
18256,O0015182,P0367,1,25.65,17.81
18257,O0015183,P0320,1,77.73,45.62
18258,O0015184,P0129,1,37.04,28.93
18259,O0015185,P0194,1,38.37,35.04
18260,O0015186,P0198,2,21.81,10.15
18261,O0015187,P0359,3,26.78,19.55
18262,O0015188,P0214,1,12.66,8.23
18263,O0015189,P0083,1,13.11,10.59
18264,O0015190,P0061,1,5.75,3.71
18265,O0015190,P0360,1,38.7,35.63
18266,O0015191,P0311,1,6.67,2.97
18267,O0015192,P0315,1,14.56,7.97
18268,O0015193,P0121,1,12.1,8.55
18269,O0015194,P0386,1,21.86,10.78
18270,O0015195,P0244,1,34.0,25.8
18271,O0015196,P0353,1,34.15,17.67
18272,O0015196,P0343,3,16.99,8.83
18273,O0015197,P0186,1,47.03,38.38
18274,O0015198,P0002,2,21.96,14.5
18275,O0015199,P0236,1,72.46,56.81
18276,O0015200,P0062,1,17.52,9.87
18277,O0015201,P0378,1,23.49,13.34
18278,O0015202,P0044,1,14.64,9.7
18279,O0015203,P0360,1,43.84,35.87
18280,O0015204,P0165,1,11.19,4.79
18281,O0015205,P0396,1,67.85,34.84
18282,O0015205,P0102,1,34.13,22.65
18283,O0015206,P0369,1,21.62,17.09
18284,O0015207,P0389,1,20.01,12.68
18285,O0015208,P0016,1,20.22,12.74
18286,O0015209,P0253,1,57.21,33.37
18287,O0015210,P0158,1,45.59,20.46
18288,O0015211,P0322,1,20.85,17.57
18289,O0015211,P0282,1,31.47,20.34
18290,O0015212,P0327,1,32.14,15.72
18291,O0015213,P0100,1,46.05,33.23
18292,O0015214,P0192,1,130.83,73.4
18293,O0015215,P0014,1,20.48,13.28
18294,O0015216,P0209,1,48.72,22.96
18295,O0015217,P0186,1,47.03,38.96
18296,O0015217,P0160,1,10.81,6.33
18297,O0015218,P0065,1,30.15,24.93
18298,O0015219,P0177,1,50.38,37.21
18299,O0015220,P0294,1,21.07,12.23
18300,O0015221,P0048,1,17.38,12.34
18301,O0015221,P0022,1,9.24,6.04
18302,O0015222,P0246,1,60.23,49.31
18303,O0015223,P0270,1,10.72,6.21
18304,O0015224,P0156,1,13.93,6.27
18305,O0015225,P0091,1,37.25,30.73
18306,O0015225,P0319,1,37.48,24.06
18307,O0015226,P0301,1,25.5,15.04
18308,O0015226,P0175,1,15.31,7.08
18309,O0015227,P0236,1,72.46,57.04
18310,O0015228,P0343,1,16.99,8.69
18311,O0015229,P0032,1,18.03,15.02
18312,O0015230,P0311,1,6.67,2.95
18313,O0015230,P0118,1,7.3,4.04
18314,O0015231,P0284,1,11.42,6.05
18315,O0015231,P0045,1,21.46,15.19
18316,O0015232,P0225,1,5.0,3.37
18317,O0015233,P0312,1,25.49,17.49
18318,O0015234,P0237,1,22.38,13.78
18319,O0015235,P0256,2,43.56,32.57
18320,O0015236,P0090,1,36.54,26.17
18321,O0015237,P0196,1,11.97,7.81
18322,O0015238,P0118,1,7.3,4.02
18323,O0015239,P0391,1,66.48,32.41
18324,O0015239,P0034,1,36.02,32.17
18325,O0015239,P0202,1,16.35,12.77
18326,O0015240,P0289,1,94.61,74.91
18327,O0015240,P0321,1,38.93,31.23
18328,O0015240,P0086,2,9.16,5.89
18329,O0015241,P0007,1,16.85,8.1
18330,O0015241,P0250,1,99.91,59.81
18331,O0015242,P0359,1,26.78,19.09
18332,O0015243,P0286,1,6.49,4.46
18333,O0015244,P0233,1,56.73,53.24
18334,O0015244,P0044,1,14.64,9.57
18335,O0015244,P0219,1,25.02,17.74
18336,O0015245,P0348,1,16.31,12.53
18337,O0015246,P0304,1,11.87,9.33
18338,O0015247,P0088,1,28.44,23.68
18339,O0015248,P0215,1,18.26,12.44
18340,O0015249,P0171,1,21.73,17.97
18341,O0015250,P0173,1,25.42,13.75
18342,O0015251,P0349,1,19.77,15.29
18343,O0015252,P0280,1,73.22,55.3
18344,O0015253,P0128,1,37.0,30.72
18345,O0015254,P0060,1,30.23,18.7
18346,O0015255,P0339,1,6.72,3.45
18347,O0015256,P0377,2,5.0,4.0
18348,O0015257,P0126,1,51.3,30.01
18349,O0015258,P0286,1,7.86,4.41
18350,O0015259,P0151,1,8.95,7.71
18351,O0015260,P0271,1,118.13,50.16
18352,O0015260,P0171,1,21.73,18.95
18353,O0015260,P0036,1,51.68,22.75
18354,O0015261,P0277,2,16.05,9.4
18355,O0015262,P0317,1,54.87,28.76
18356,O0015263,P0073,1,53.9,31.42
18357,O0015264,P0167,1,25.94,20.94
18358,O0015265,P0049,1,20.58,11.89
18359,O0015266,P0309,1,14.44,7.75
18360,O0015267,P0115,1,35.82,30.52
18361,O0015268,P0323,1,33.01,27.63
18362,O0015269,P0048,1,19.31,11.95
18363,O0015270,P0267,2,16.05,7.65
18364,O0015271,P0356,1,81.19,70.32
18365,O0015272,P0356,1,81.19,66.98
18366,O0015273,P0045,1,23.84,15.63
18367,O0015274,P0398,1,9.94,4.64
18368,O0015275,P0302,1,12.62,11.07
18369,O0015276,P0182,1,26.95,21.04
18370,O0015277,P0331,1,49.25,28.9
18371,O0015278,P0158,1,41.03,20.01
18372,O0015279,P0027,1,22.36,13.21
18373,O0015280,P0009,1,29.77,18.1
18374,O0015281,P0078,2,15.6,10.28
18375,O0015281,P0045,1,23.84,14.93
18376,O0015281,P0397,1,43.7,17.97
18377,O0015282,P0223,1,141.44,73.43
18378,O0015282,P0153,1,133.98,79.96
18379,O0015283,P0001,1,36.5,26.26
18380,O0015284,P0302,1,12.62,10.73
18381,O0015284,P0123,1,25.7,20.87
18382,O0015284,P0135,1,156.29,83.63
18383,O0015285,P0297,1,8.01,3.56
18384,O0015285,P0230,1,36.36,28.97
18385,O0015286,P0342,1,150.89,113.53
18386,O0015287,P0063,1,21.56,13.88
18387,O0015288,P0288,1,9.3,8.17
18388,O0015288,P0390,1,81.71,48.47
18389,O0015288,P0357,1,30.69,19.82
18390,O0015289,P0277,1,16.05,9.47
18391,O0015290,P0036,1,51.68,22.24
18392,O0015291,P0305,1,15.47,7.35
18393,O0015292,P0139,1,13.84,9.83
18394,O0015292,P0272,1,25.23,19.26
18395,O0015293,P0271,1,89.55,50.5
18396,O0015294,P0177,1,50.38,38.54
18397,O0015295,P0345,1,25.98,19.24
18398,O0015296,P0297,1,8.01,3.56
18399,O0015297,P0273,1,14.02,11.58
18400,O0015298,P0288,1,8.66,8.34
18401,O0015299,P0383,1,192.23,84.11
18402,O0015299,P0333,1,5.0,3.11
18403,O0015299,P0246,1,68.18,48.19
18404,O0015300,P0368,1,52.98,34.12
18405,O0015301,P0124,1,9.83,7.3
18406,O0015301,P0262,1,22.84,11.89
18407,O0015302,P0216,1,33.83,27.73
18408,O0015303,P0304,1,11.87,9.65
18409,O0015304,P0004,1,20.34,15.84
18410,O0015305,P0071,1,21.03,9.84
18411,O0015306,P0136,1,5.51,3.7
18412,O0015307,P0395,1,51.86,21.2
18413,O0015307,P0085,1,47.03,35.87
18414,O0015308,P0121,1,12.1,8.55
18415,O0015309,P0185,1,47.48,21.11
18416,O0015310,P0057,1,13.99,7.18
18417,O0015310,P0115,1,35.82,30.97
18418,O0015310,P0366,1,22.18,17.81
18419,O0015311,P0128,1,37.0,30.91
18420,O0015312,P0101,1,53.02,36.85
18421,O0015313,P0114,1,43.43,36.31
18422,O0015314,P0355,1,5.32,3.55
18423,O0015315,P0399,1,16.13,11.34
18424,O0015316,P0341,2,40.7,32.64
18425,O0015317,P0058,1,18.88,11.41
18426,O0015318,P0223,1,141.44,76.98
18427,O0015319,P0027,1,22.36,12.86
18428,O0015320,P0175,1,15.31,7.06
18429,O0015321,P0312,1,25.49,17.53
18430,O0015321,P0184,1,20.87,12.31
18431,O0015322,P0166,1,32.64,25.43
18432,O0015323,P0045,1,20.29,15.23
18433,O0015324,P0233,1,63.03,54.36
18434,O0015325,P0078,1,15.6,10.31
18435,O0015325,P0219,1,25.02,17.83
18436,O0015326,P0028,1,19.28,10.51
18437,O0015327,P0003,1,20.34,8.75
18438,O0015328,P0201,1,29.84,13.23
18439,O0015329,P0074,1,44.77,33.73
18440,O0015330,P0251,1,41.11,29.65
18441,O0015331,P0024,1,28.72,22.58
18442,O0015332,P0300,1,16.61,8.96
18443,O0015333,P0254,1,5.41,3.7
18444,O0015334,P0132,1,41.31,23.19
18445,O0015335,P0368,1,58.87,35.34
18446,O0015336,P0199,1,34.14,23.28
18447,O0015337,P0258,1,8.13,6.86
18448,O0015338,P0203,1,15.15,7.52
18449,O0015338,P0197,1,53.52,30.81
18450,O0015338,P0189,1,31.8,27.03
18451,O0015339,P0264,1,11.57,6.6
18452,O0015340,P0397,1,43.7,17.87
18453,O0015341,P0284,1,11.42,5.89
18454,O0015342,P0148,1,49.04,23.98
18455,O0015343,P0239,1,24.64,19.23
18456,O0015344,P0263,1,32.89,16.26
18457,O0015345,P0286,1,7.86,4.36
18458,O0015346,P0319,1,37.48,22.89
18459,O0015346,P0345,1,25.98,20.19
18460,O0015347,P0212,1,18.21,8.77
18461,O0015348,P0258,1,8.13,6.63
18462,O0015348,P0388,1,15.88,7.08
18463,O0015348,P0285,1,13.4,5.58
18464,O0015349,P0062,1,17.52,9.77
18465,O0015350,P0274,3,29.11,24.54
18466,O0015351,P0379,1,107.68,45.77
18467,O0015352,P0041,1,46.99,38.31
18468,O0015353,P0288,1,10.33,8.36
18469,O0015354,P0095,1,31.01,12.95
18470,O0015355,P0398,1,9.94,4.65
18471,O0015356,P0358,1,9.97,6.61
18472,O0015357,P0251,1,41.11,29.11
18473,O0015358,P0274,1,26.2,24.81
18474,O0015359,P0186,1,47.03,37.84
18475,O0015360,P0330,1,17.52,11.26
18476,O0015361,P0177,1,50.38,37.79
18477,O0015362,P0139,1,13.84,9.84
18478,O0015363,P0172,1,39.28,32.65
18479,O0015364,P0186,1,47.03,38.93
18480,O0015365,P0392,1,5.0,2.39
18481,O0015366,P0175,1,11.4,7.06
18482,O0015367,P0361,1,13.03,8.74
18483,O0015368,P0213,1,31.76,24.4
18484,O0015369,P0330,1,15.7,10.95
18485,O0015370,P0268,1,13.01,5.62
18486,O0015371,P0177,1,50.38,37.24
18487,O0015371,P0292,1,11.09,9.13
18488,O0015372,P0202,1,16.35,12.82
18489,O0015373,P0223,1,141.44,75.53
18490,O0015374,P0218,1,24.78,15.78
18491,O0015375,P0146,1,20.14,19.3
18492,O0015376,P0017,1,15.17,10.96
18493,O0015377,P0060,1,30.23,19.61
18494,O0015378,P0330,1,17.52,11.02
18495,O0015379,P0258,1,8.13,6.96
18496,O0015380,P0094,1,29.54,24.62
18497,O0015381,P0301,1,25.5,15.61
18498,O0015381,P0035,1,50.37,41.45
18499,O0015381,P0192,1,130.83,73.73
18500,O0015382,P0312,1,25.49,16.9
18501,O0015383,P0121,1,10.03,8.43
18502,O0015383,P0155,1,67.59,28.29
18503,O0015384,P0205,1,7.7,6.11
18504,O0015385,P0328,1,17.65,8.33
18505,O0015386,P0063,1,21.56,13.94
18506,O0015387,P0224,1,12.85,6.13
18507,O0015387,P0318,1,15.46,10.87
18508,O0015388,P0104,1,11.53,6.84
18509,O0015388,P0244,1,37.02,25.94
18510,O0015389,P0386,1,21.86,10.73
18511,O0015390,P0154,1,56.03,29.53
18512,O0015390,P0300,1,16.61,9.07
18513,O0015391,P0352,1,11.73,8.15
18514,O0015392,P0011,1,10.91,5.7
18515,O0015393,P0215,1,22.49,12.05
18516,O0015394,P0025,1,44.29,20.33
18517,O0015395,P0177,1,50.38,38.46
18518,O0015396,P0152,1,51.13,38.47
18519,O0015397,P0288,1,9.49,8.26
18520,O0015398,P0058,1,18.88,11.15
18521,O0015398,P0109,1,40.47,21.19
18522,O0015399,P0358,1,9.97,6.85
18523,O0015400,P0391,1,66.48,30.62
18524,O0015401,P0170,1,9.11,5.97
18525,O0015402,P0111,1,10.42,8.92
18526,O0015403,P0167,1,25.94,21.69
18527,O0015404,P0274,1,21.15,24.38
18528,O0015405,P0073,1,50.57,32.24
18529,O0015406,P0041,1,43.68,37.76
18530,O0015406,P0052,1,14.28,12.44
18531,O0015406,P0020,1,10.53,8.72
18532,O0015407,P0269,1,22.52,11.08
18533,O0015408,P0136,1,4.96,3.67
18534,O0015408,P0158,1,45.59,20.13
18535,O0015409,P0070,1,176.02,93.67
18536,O0015410,P0298,1,38.49,18.36
18537,O0015411,P0204,1,29.54,25.82
18538,O0015412,P0358,1,9.97,6.7
18539,O0015413,P0152,1,51.13,38.82
18540,O0015413,P0392,1,5.0,2.51
18541,O0015414,P0177,1,50.38,36.55
18542,O0015415,P0283,1,22.15,14.52
18543,O0015416,P0323,1,33.01,27.03
18544,O0015417,P0310,1,38.72,23.75
18545,O0015418,P0177,1,50.38,36.38
18546,O0015418,P0286,1,7.86,4.41
18547,O0015418,P0196,1,11.97,7.63
18548,O0015419,P0178,1,31.37,24.82
18549,O0015420,P0349,1,19.77,14.8
18550,O0015421,P0356,1,81.19,70.06
18551,O0015422,P0262,1,22.84,11.94
18552,O0015422,P0250,1,99.91,58.73
18553,O0015423,P0023,1,8.48,7.2
18554,O0015424,P0395,1,51.86,21.86
18555,O0015425,P0237,1,22.38,13.29
18556,O0015426,P0219,1,25.02,17.62
18557,O0015427,P0085,1,47.03,37.08
18558,O0015428,P0327,1,32.14,16.04
18559,O0015428,P0130,1,534.96,383.99
18560,O0015428,P0169,1,87.25,52.52
18561,O0015429,P0058,2,18.88,11.39
18562,O0015430,P0362,1,35.77,25.25
18563,O0015431,P0389,1,20.01,13.16
18564,O0015432,P0120,1,9.06,6.47
18565,O0015433,P0289,1,94.61,72.21
18566,O0015434,P0034,1,40.02,30.54
18567,O0015435,P0251,1,41.11,30.24
18568,O0015435,P0384,1,23.15,18.75
18569,O0015435,P0368,1,58.87,35.08
18570,O0015436,P0344,1,12.43,9.24
18571,O0015437,P0267,1,16.05,7.65
18572,O0015438,P0088,1,28.44,22.79
18573,O0015439,P0161,1,90.55,63.41
18574,O0015440,P0095,1,31.01,12.84
18575,O0015441,P0257,1,90.28,74.56
18576,O0015441,P0378,1,23.49,13.57
18577,O0015441,P0227,1,32.25,17.17
18578,O0015442,P0304,1,11.87,9.25
18579,O0015442,P0282,1,31.47,20.6
18580,O0015442,P0084,1,18.96,15.7
18581,O0015443,P0009,1,29.77,17.44
18582,O0015444,P0280,1,73.22,54.11
18583,O0015445,P0212,1,19.47,9.06
18584,O0015446,P0089,1,30.2,17.48
18585,O0015447,P0082,1,84.77,39.27
18586,O0015448,P0040,1,21.15,11.46
18587,O0015449,P0283,1,16.71,13.9
18588,O0015450,P0298,1,38.49,18.63
18589,O0015451,P0029,1,15.27,9.12
18590,O0015452,P0121,1,12.1,8.37
18591,O0015452,P0090,1,45.85,25.06
18592,O0015452,P0367,1,25.65,17.0
18593,O0015453,P0179,1,12.64,9.45
18594,O0015453,P0003,1,20.34,8.66
18595,O0015453,P0203,1,16.83,7.51
18596,O0015454,P0338,1,5.0,3.53
18597,O0015455,P0080,1,25.92,13.02
18598,O0015455,P0257,1,90.28,71.87
18599,O0015456,P0399,1,16.13,11.63
18600,O0015456,P0265,1,23.33,16.69
18601,O0015456,P0373,1,8.74,6.55
18602,O0015457,P0328,1,17.65,8.74
18603,O0015458,P0373,1,8.74,6.65
18604,O0015459,P0146,1,22.38,18.99
18605,O0015460,P0246,1,68.18,48.16
18606,O0015461,P0243,1,27.01,13.56
18607,O0015462,P0177,1,46.74,38.36
18608,O0015463,P0076,1,7.99,5.28
18609,O0015464,P0040,1,21.15,11.53
18610,O0015465,P0346,1,16.74,13.46
18611,O0015466,P0318,1,15.46,11.31
18612,O0015467,P0041,1,42.29,39.35
18613,O0015467,P0298,1,38.49,17.81
18614,O0015468,P0052,1,16.42,12.75
18615,O0015468,P0068,1,24.02,9.93
18616,O0015469,P0324,1,15.13,7.59
18617,O0015470,P0224,1,12.85,6.39
18618,O0015471,P0357,1,30.69,19.16
18619,O0015471,P0059,1,31.09,13.13
18620,O0015471,P0024,1,28.72,21.94
18621,O0015472,P0119,1,29.12,25.03
18622,O0015473,P0322,1,20.85,17.51
18623,O0015474,P0378,1,23.49,13.66
18624,O0015474,P0334,1,10.95,5.99
18625,O0015475,P0190,1,22.11,14.46
18626,O0015476,P0066,1,23.11,12.02
18627,O0015477,P0021,1,47.37,25.82
18628,O0015478,P0215,1,22.49,11.72
18629,O0015479,P0066,1,23.11,11.95
18630,O0015480,P0307,1,26.56,18.21
18631,O0015481,P0223,1,141.44,74.09
18632,O0015481,P0157,1,34.99,22.5
18633,O0015482,P0068,1,24.02,10.22
18634,O0015482,P0339,1,7.52,3.62
18635,O0015482,P0105,1,23.07,18.23
18636,O0015483,P0118,1,7.3,4.11
18637,O0015484,P0086,1,9.16,6.16
18638,O0015485,P0382,1,10.12,8.58
18639,O0015486,P0302,1,12.62,10.68
18640,O0015487,P0207,1,13.81,10.39
18641,O0015488,P0255,1,19.78,12.44
18642,O0015489,P0124,1,9.83,7.34
18643,O0015490,P0268,1,10.54,5.65
18644,O0015490,P0143,1,4.47,3.94
18645,O0015491,P0258,1,8.13,7.06
18646,O0015492,P0101,1,53.02,38.5
18647,O0015492,P0031,1,31.79,14.31
18648,O0015493,P0335,1,24.9,12.85
18649,O0015494,P0330,1,17.52,11.41
18650,O0015495,P0140,2,42.25,18.19
18651,O0015495,P0033,1,14.27,6.01
18652,O0015495,P0280,1,73.22,55.78
18653,O0015496,P0376,1,6.78,3.59
18654,O0015497,P0263,1,32.89,15.56
18655,O0015498,P0227,1,29.02,17.91
18656,O0015499,P0108,1,78.48,50.96
18657,O0015500,P0294,1,21.07,11.75
18658,O0015501,P0017,1,13.65,10.86
18659,O0015502,P0243,1,27.01,13.98
18660,O0015503,P0131,1,52.63,43.82
18661,O0015503,P0252,1,73.33,35.85
18662,O0015504,P0330,1,17.52,11.61
18663,O0015505,P0222,1,13.28,10.73
18664,O0015506,P0257,1,77.37,73.83
18665,O0015507,P0365,1,11.12,9.68
18666,O0015508,P0094,1,29.54,23.94
18667,O0015508,P0034,1,40.02,31.23
18668,O0015509,P0269,1,17.36,11.34
18669,O0015509,P0355,1,5.91,3.67
18670,O0015509,P0396,1,55.15,33.48
18671,O0015510,P0350,1,11.21,5.5
18672,O0015511,P0261,1,5.0,3.55
18673,O0015512,P0059,1,27.98,12.6
18674,O0015513,P0187,1,69.71,39.12
18675,O0015514,P0157,1,34.99,22.41
18676,O0015514,P0093,2,14.24,6.81
18677,O0015514,P0038,1,19.16,13.45
18678,O0015515,P0066,1,23.11,12.29
18679,O0015516,P0375,1,19.93,9.52
18680,O0015517,P0272,1,23.48,19.38
18681,O0015518,P0371,1,10.92,7.02
18682,O0015519,P0198,1,21.81,10.28
18683,O0015520,P0027,1,22.36,12.77
18684,O0015521,P0146,1,22.38,18.39
18685,O0015522,P0237,1,22.38,13.5
18686,O0015523,P0207,1,13.81,10.58
18687,O0015524,P0212,2,19.47,9.21
18688,O0015525,P0050,1,32.64,24.87
18689,O0015526,P0205,1,7.7,5.86
18690,O0015527,P0051,1,12.85,10.6
18691,O0015528,P0330,1,17.52,11.17
18692,O0015529,P0128,1,37.0,30.11
18693,O0015530,P0038,1,19.16,13.53
18694,O0015531,P0186,2,47.03,38.52
18695,O0015532,P0351,1,44.95,32.1
18696,O0015533,P0003,1,20.34,8.65
18697,O0015534,P0250,1,89.92,59.98
18698,O0015535,P0387,1,23.9,16.31
18699,O0015536,P0375,1,16.42,9.61
18700,O0015536,P0014,3,20.48,13.14
18701,O0015536,P0340,1,61.25,46.6
18702,O0015537,P0186,1,47.03,39.31
18703,O0015538,P0090,1,45.85,26.16
18704,O0015539,P0107,1,24.79,17.14
18705,O0015540,P0057,1,13.99,7.04
18706,O0015541,P0215,1,16.51,11.96
18707,O0015542,P0252,1,57.52,37.18
18708,O0015543,P0349,1,19.77,14.74
18709,O0015544,P0132,1,41.31,22.71
18710,O0015545,P0092,1,31.11,24.25
18711,O0015545,P0054,1,31.91,15.77
18712,O0015545,P0040,1,21.15,11.98
18713,O0015546,P0318,1,15.46,11.45
18714,O0015547,P0312,1,25.49,17.48
18715,O0015548,P0128,1,37.0,30.36
18716,O0015549,P0187,1,69.71,38.17
18717,O0015550,P0172,1,39.28,31.09
18718,O0015551,P0076,1,6.44,5.17
18719,O0015552,P0336,1,93.8,76.3
18720,O0015553,P0183,1,38.0,29.64
18721,O0015554,P0282,1,31.47,19.75
18722,O0015555,P0325,1,26.29,17.63
18723,O0015556,P0187,1,69.71,38.43
18724,O0015557,P0308,1,44.75,24.29
18725,O0015558,P0205,1,7.7,6.18
18726,O0015558,P0174,1,14.91,8.17
18727,O0015558,P0101,1,53.02,37.37
18728,O0015559,P0105,1,23.07,19.23
18729,O0015560,P0196,1,9.88,7.95
18730,O0015561,P0208,1,20.68,13.76
18731,O0015561,P0100,1,46.05,35.38
18732,O0015562,P0045,1,19.5,15.81
18733,O0015563,P0070,1,176.02,93.57
18734,O0015563,P0316,1,25.48,11.75
18735,O0015564,P0256,1,37.61,34.06
18736,O0015565,P0311,1,6.67,3.08
18737,O0015566,P0343,1,16.99,8.88
18738,O0015567,P0350,1,11.21,5.25
18739,O0015568,P0287,1,14.63,6.55
18740,O0015568,P0338,1,5.0,3.35
18741,O0015569,P0071,1,21.03,10.18
18742,O0015570,P0067,1,5.29,2.86
18743,O0015571,P0061,1,7.91,3.72
18744,O0015572,P0171,1,21.73,18.21
18745,O0015573,P0281,1,38.91,25.05
18746,O0015574,P0037,1,12.54,10.14
18747,O0015575,P0232,1,106.18,84.75
18748,O0015575,P0224,1,12.85,6.46
18749,O0015576,P0283,1,22.15,14.51
18750,O0015576,P0356,1,74.45,69.93
18751,O0015577,P0083,1,13.11,10.65
18752,O0015578,P0083,1,13.11,10.79
18753,O0015579,P0213,1,26.36,23.23
18754,O0015580,P0327,1,28.24,15.87
18755,O0015581,P0310,1,38.72,23.1
18756,O0015581,P0295,1,51.47,28.52
18757,O0015581,P0282,1,31.47,20.66
18758,O0015582,P0111,1,10.42,8.64
18759,O0015583,P0322,1,20.85,17.15
18760,O0015584,P0208,2,20.68,13.8
18761,O0015585,P0095,1,27.91,12.99
18762,O0015586,P0191,1,12.75,7.04
18763,O0015586,P0325,1,26.29,17.05
18764,O0015587,P0070,1,133.12,92.16
18765,O0015588,P0098,1,35.84,18.61
18766,O0015588,P0232,1,106.18,85.16
18767,O0015588,P0300,1,16.61,8.91
18768,O0015589,P0040,1,21.15,11.77
18769,O0015590,P0379,1,107.68,43.9
18770,O0015591,P0100,2,46.05,34.91
18771,O0015592,P0003,1,20.34,8.71
18772,O0015593,P0092,3,31.11,22.99
18773,O0015594,P0168,1,18.02,12.04
18774,O0015594,P0300,1,16.61,8.84
18775,O0015594,P0399,2,16.13,11.38
18776,O0015595,P0350,1,11.21,5.24
18777,O0015596,P0166,1,35.51,24.5
18778,O0015597,P0148,2,49.04,24.32
18779,O0015598,P0056,1,53.25,42.63
18780,O0015599,P0245,1,7.19,3.32
18781,O0015599,P0251,1,41.11,29.87
18782,O0015600,P0308,1,44.75,23.39
18783,O0015600,P0013,1,60.02,40.21
18784,O0015600,P0100,1,33.27,34.32
18785,O0015601,P0230,1,36.36,29.35
18786,O0015602,P0125,1,58.35,33.85
18787,O0015603,P0219,1,25.02,17.23
18788,O0015604,P0351,1,44.95,33.67
18789,O0015605,P0338,1,5.0,3.34
18790,O0015606,P0379,1,107.68,45.75
18791,O0015607,P0318,1,15.46,11.29
18792,O0015608,P0044,1,14.64,9.72
18793,O0015609,P0154,1,56.03,28.78
18794,O0015610,P0055,1,26.51,20.97
18795,O0015611,P0220,1,36.54,27.04
18796,O0015611,P0172,1,39.28,32.32
18797,O0015612,P0218,1,24.78,16.68
18798,O0015613,P0253,1,57.21,34.6
18799,O0015613,P0068,1,24.02,10.33
18800,O0015614,P0063,1,21.56,14.05
18801,O0015615,P0147,1,31.25,22.47
18802,O0015616,P0083,1,13.11,10.96
18803,O0015617,P0172,1,39.28,32.71
18804,O0015618,P0007,1,16.85,8.32
18805,O0015619,P0004,1,20.34,16.43
18806,O0015620,P0106,1,32.23,21.91
18807,O0015621,P0329,1,33.63,23.82
18808,O0015621,P0138,1,58.62,38.13
18809,O0015622,P0151,1,8.95,7.45
18810,O0015623,P0246,2,68.18,48.11
18811,O0015624,P0281,1,35.02,25.33
18812,O0015625,P0349,1,19.77,14.9
18813,O0015626,P0057,1,13.99,6.97
18814,O0015627,P0232,1,106.18,87.84
18815,O0015628,P0083,1,13.11,10.86
18816,O0015629,P0201,1,29.84,13.11
18817,O0015630,P0192,1,130.83,73.84
18818,O0015631,P0052,1,16.42,13.13
18819,O0015632,P0277,1,16.05,8.92
18820,O0015633,P0003,1,20.34,9.08
18821,O0015634,P0049,1,20.58,12.3
18822,O0015635,P0029,1,16.97,8.94
18823,O0015636,P0359,1,26.78,20.06
18824,O0015637,P0001,1,36.5,27.37
18825,O0015638,P0211,1,21.75,10.77
18826,O0015638,P0169,1,87.25,54.3
18827,O0015639,P0214,1,12.66,8.48
18828,O0015640,P0258,1,8.13,7.04
18829,O0015641,P0215,1,20.91,12.43
18830,O0015642,P0294,2,21.07,12.08
18831,O0015643,P0392,1,5.0,2.47
18832,O0015644,P0306,1,44.89,32.89
18833,O0015645,P0107,1,24.79,17.16
18834,O0015646,P0182,1,26.95,20.16
18835,O0015647,P0149,1,16.78,10.83
18836,O0015648,P0081,1,11.0,9.81
18837,O0015649,P0007,1,16.85,8.0
18838,O0015650,P0012,1,31.54,18.1
18839,O0015650,P0139,1,13.84,9.86
18840,O0015650,P0052,1,16.42,12.37
18841,O0015651,P0147,1,36.74,21.19
18842,O0015652,P0391,1,66.48,31.86
18843,O0015653,P0093,1,14.24,6.78
18844,O0015654,P0207,1,13.81,10.41
18845,O0015655,P0066,1,23.11,12.17
18846,O0015656,P0069,1,25.74,11.09
18847,O0015657,P0156,1,13.93,6.28
18848,O0015657,P0164,1,7.78,6.19
18849,O0015658,P0186,1,47.03,39.06
18850,O0015659,P0122,1,27.74,23.96
18851,O0015660,P0368,1,58.87,33.56
18852,O0015661,P0333,1,5.0,3.06
18853,O0015662,P0147,1,36.74,21.06
18854,O0015663,P0216,1,33.83,26.41
18855,O0015664,P0134,1,20.3,8.29
18856,O0015664,P0083,1,13.11,11.04
18857,O0015664,P0309,1,14.44,8.09
18858,O0015665,P0207,1,13.81,10.86
18859,O0015666,P0150,1,11.78,11.0
18860,O0015667,P0366,1,22.18,17.82
18861,O0015668,P0118,1,5.39,3.89
18862,O0015669,P0272,1,25.23,19.4
18863,O0015669,P0242,1,36.34,19.34
18864,O0015669,P0369,1,19.46,16.99
18865,O0015670,P0162,1,7.81,3.27
18866,O0015671,P0130,1,534.96,385.06
18867,O0015672,P0053,2,51.03,38.66
18868,O0015672,P0380,1,49.31,43.53
18869,O0015672,P0226,1,16.11,7.23
18870,O0015673,P0035,1,55.97,42.44
18871,O0015674,P0278,1,11.98,9.46
18872,O0015675,P0067,1,5.29,2.74
18873,O0015676,P0390,1,75.98,49.72
18874,O0015677,P0346,1,16.74,13.34
18875,O0015678,P0151,1,8.95,7.34
18876,O0015678,P0364,1,14.1,13.88
18877,O0015678,P0010,1,5.31,2.84
18878,O0015679,P0376,1,7.37,3.55
18879,O0015680,P0161,1,90.55,63.21
18880,O0015681,P0363,1,87.76,70.6
18881,O0015682,P0239,1,24.64,18.43
18882,O0015682,P0228,2,110.05,87.84
18883,O0015682,P0138,1,58.62,38.41
18884,O0015683,P0354,1,110.11,61.65
18885,O0015684,P0223,1,141.44,72.86
18886,O0015685,P0168,1,18.02,11.79
18887,O0015686,P0090,1,45.85,25.38
18888,O0015687,P0055,1,23.86,21.01
18889,O0015688,P0312,1,25.49,17.07
18890,O0015689,P0077,1,11.11,4.62
18891,O0015690,P0314,1,6.49,4.09
18892,O0015691,P0302,1,12.62,10.91
18893,O0015692,P0039,2,16.72,8.96
18894,O0015693,P0168,1,18.02,11.66
18895,O0015694,P0135,1,156.29,81.47
18896,O0015695,P0274,1,29.11,23.93
18897,O0015695,P0272,1,25.23,19.03
18898,O0015696,P0265,1,18.11,16.6
18899,O0015697,P0166,1,35.51,25.36
18900,O0015697,P0227,1,32.25,17.71
18901,O0015698,P0352,1,11.73,8.44
18902,O0015699,P0400,1,36.29,18.23
18903,O0015699,P0040,1,21.15,12.05
18904,O0015700,P0394,1,13.17,7.98
18905,O0015700,P0354,1,110.11,60.64
18906,O0015700,P0252,2,73.33,36.61
18907,O0015701,P0153,1,133.98,78.29
18908,O0015702,P0233,1,63.03,53.07
18909,O0015703,P0339,1,7.52,3.57
18910,O0015704,P0252,1,73.33,37.18
18911,O0015705,P0359,1,26.78,18.74
18912,O0015706,P0077,1,11.11,4.81
18913,O0015707,P0075,1,75.36,53.82
18914,O0015708,P0385,1,28.75,14.38
18915,O0015709,P0019,1,22.36,9.89
18916,O0015710,P0283,1,22.15,14.68
18917,O0015711,P0043,1,32.76,24.55
18918,O0015712,P0120,1,9.06,6.48
18919,O0015713,P0275,1,19.18,17.03
18920,O0015714,P0071,1,21.03,10.03
18921,O0015715,P0333,1,5.0,3.08
18922,O0015716,P0240,1,25.47,21.65
18923,O0015717,P0060,2,30.23,19.58
18924,O0015718,P0346,1,16.74,13.52
18925,O0015719,P0099,1,10.12,6.08
18926,O0015719,P0042,1,72.6,43.91
18927,O0015720,P0122,1,27.74,24.11
18928,O0015721,P0220,1,30.74,27.08
18929,O0015722,P0250,1,99.91,58.59
18930,O0015723,P0046,1,85.77,50.79
18931,O0015724,P0166,1,35.51,25.03
18932,O0015725,P0358,1,9.97,6.68
18933,O0015726,P0330,1,17.52,11.48
18934,O0015726,P0145,1,13.01,5.28
18935,O0015726,P0340,1,61.25,46.33
18936,O0015727,P0314,1,4.83,4.09
18937,O0015728,P0224,1,12.85,6.45
18938,O0015729,P0396,1,61.06,35.18
18939,O0015730,P0373,1,8.74,6.46
18940,O0015731,P0264,1,11.57,6.72
18941,O0015732,P0294,1,21.07,12.22
18942,O0015733,P0015,1,15.87,10.79
18943,O0015734,P0274,1,29.11,24.14
18944,O0015735,P0121,1,12.1,8.46
18945,O0015736,P0156,1,13.93,6.4
18946,O0015737,P0081,1,11.76,9.89
18947,O0015738,P0087,1,6.78,3.11
18948,O0015738,P0057,1,13.99,7.01
18949,O0015739,P0059,1,31.09,13.06
18950,O0015740,P0145,1,9.85,5.26
18951,O0015741,P0093,1,14.24,6.99
18952,O0015742,P0366,1,22.18,17.92
18953,O0015743,P0172,1,39.28,31.4
18954,O0015744,P0374,1,8.71,5.29
18955,O0015745,P0237,3,22.38,13.13
18956,O0015745,P0202,1,16.35,13.1
18957,O0015746,P0326,1,21.66,17.23
18958,O0015747,P0222,1,13.28,10.95
18959,O0015747,P0320,1,69.03,44.96
18960,O0015747,P0091,1,37.25,30.35
18961,O0015748,P0185,1,47.48,22.09
18962,O0015749,P0301,1,23.31,14.91
18963,O0015750,P0185,1,47.48,20.78
18964,O0015751,P0176,1,48.41,34.86
18965,O0015752,P0038,1,17.24,13.04
18966,O0015753,P0309,1,14.44,8.0
18967,O0015754,P0276,1,20.56,15.35
18968,O0015755,P0016,1,26.81,12.63
18969,O0015756,P0076,1,7.99,5.37
18970,O0015757,P0102,1,34.13,22.19
18971,O0015758,P0358,1,9.97,6.9
18972,O0015759,P0011,1,8.74,6.0
18973,O0015760,P0366,1,22.18,17.83
18974,O0015761,P0249,2,127.56,100.06
18975,O0015762,P0351,1,44.95,33.44
18976,O0015763,P0011,2,10.91,6.03
18977,O0015764,P0275,1,22.42,17.58
18978,O0015765,P0050,1,32.64,25.09
18979,O0015766,P0374,1,8.71,5.16
18980,O0015766,P0057,1,13.99,7.16
18981,O0015766,P0328,1,17.65,8.67
18982,O0015767,P0128,1,37.0,31.38
18983,O0015768,P0359,1,20.61,19.07
18984,O0015769,P0384,1,25.72,19.15
18985,O0015770,P0121,2,12.1,8.29
18986,O0015770,P0361,1,13.03,8.66
18987,O0015771,P0171,1,21.73,18.93
18988,O0015772,P0051,1,12.85,10.9
18989,O0015772,P0084,1,18.96,15.76
18990,O0015772,P0266,1,52.67,25.1
18991,O0015773,P0191,1,12.75,6.87
18992,O0015774,P0152,1,51.13,38.45
18993,O0015775,P0145,1,13.01,5.55
18994,O0015775,P0096,1,13.85,6.83
18995,O0015776,P0275,1,22.42,17.58
18996,O0015776,P0130,1,534.96,369.74
18997,O0015777,P0324,1,15.13,7.63
18998,O0015778,P0129,1,37.04,28.24
18999,O0015779,P0139,1,13.06,9.76
19000,O0015780,P0232,1,106.18,84.5
19001,O0015780,P0009,1,29.77,17.49
19002,O0015781,P0046,1,72.32,51.03
19003,O0015782,P0260,1,23.47,20.59
19004,O0015783,P0100,1,46.05,35.06
19005,O0015784,P0081,1,11.76,9.73
19006,O0015785,P0339,1,7.52,3.42
19007,O0015786,P0172,1,39.28,31.37
19008,O0015787,P0155,1,67.59,28.73
19009,O0015787,P0082,2,84.77,38.96
19010,O0015788,P0146,1,19.73,18.61
19011,O0015789,P0065,1,30.15,25.44
19012,O0015790,P0399,1,16.13,11.55
19013,O0015791,P0344,1,12.43,9.21
19014,O0015792,P0395,1,36.47,21.78
19015,O0015793,P0051,1,12.85,10.57
19016,O0015794,P0103,1,20.16,10.61
19017,O0015795,P0276,1,18.5,14.99
19018,O0015796,P0083,1,13.11,11.19
19019,O0015797,P0342,1,126.51,118.23
19020,O0015798,P0141,1,25.44,16.21
19021,O0015799,P0033,1,14.27,5.77
19022,O0015799,P0015,1,15.87,10.54
19023,O0015800,P0326,1,21.66,17.63
19024,O0015801,P0113,1,20.52,8.73
19025,O0015802,P0135,1,156.29,83.86
19026,O0015803,P0077,1,11.11,4.85
19027,O0015804,P0101,1,53.02,36.52
19028,O0015805,P0293,1,10.7,5.56
19029,O0015805,P0011,1,9.82,6.02
19030,O0015806,P0178,1,31.37,24.66
19031,O0015807,P0154,1,56.03,29.32
19032,O0015808,P0364,1,16.3,13.4
19033,O0015809,P0073,1,61.21,32.25
19034,O0015810,P0008,1,37.87,18.97
19035,O0015811,P0182,1,26.95,21.21
19036,O0015812,P0005,1,86.78,37.05
19037,O0015813,P0108,1,78.48,48.68
19038,O0015814,P0088,1,28.44,22.54
19039,O0015815,P0282,1,31.47,20.5
19040,O0015816,P0039,1,16.72,9.4
19041,O0015817,P0122,1,25.02,23.12
19042,O0015818,P0091,1,37.25,31.17
19043,O0015819,P0011,1,10.91,5.9
19044,O0015820,P0188,1,24.95,20.9
19045,O0015821,P0015,1,14.28,10.94
19046,O0015822,P0361,1,13.03,8.63
19047,O0015823,P0257,1,90.28,74.03
19048,O0015824,P0242,1,40.38,18.27
19049,O0015825,P0165,1,11.19,4.8
19050,O0015826,P0089,1,30.2,16.93
19051,O0015827,P0242,1,40.38,18.43
19052,O0015828,P0094,1,29.54,24.11
19053,O0015828,P0380,1,60.42,41.86
19054,O0015829,P0016,3,23.32,13.08
19055,O0015830,P0026,1,28.14,13.77
19056,O0015831,P0005,1,86.78,35.81
19057,O0015832,P0108,1,78.48,50.66
19058,O0015833,P0300,2,16.61,8.8
19059,O0015834,P0040,1,21.15,11.49
19060,O0015835,P0367,1,25.65,16.91
19061,O0015836,P0185,1,42.73,21.59
19062,O0015837,P0358,1,9.97,6.9
19063,O0015838,P0200,1,15.63,7.31
19064,O0015839,P0200,1,15.63,6.93
19065,O0015840,P0195,1,21.86,10.72
19066,O0015840,P0305,1,15.47,7.38
19067,O0015841,P0292,1,12.32,9.05
19068,O0015842,P0362,2,35.77,24.22
19069,O0015843,P0163,1,77.71,47.86
19070,O0015844,P0074,1,44.77,33.56
19071,O0015845,P0169,1,87.25,54.4
19072,O0015846,P0245,1,7.19,3.39
19073,O0015847,P0290,1,49.67,30.52
19074,O0015847,P0296,1,113.02,97.93
19075,O0015847,P0044,1,14.64,9.38
19076,O0015848,P0288,1,10.33,8.4
19077,O0015849,P0071,1,21.03,10.03
19078,O0015850,P0269,1,22.52,11.13
19079,O0015851,P0159,1,5.0,2.39
19080,O0015852,P0091,1,37.25,29.92
19081,O0015853,P0286,1,6.21,4.43
19082,O0015854,P0087,1,6.78,3.1
19083,O0015855,P0247,1,60.38,55.27
19084,O0015856,P0096,1,13.85,6.79
19085,O0015856,P0244,1,37.02,26.14
19086,O0015857,P0043,1,32.76,24.95
19087,O0015858,P0350,1,11.21,5.16
19088,O0015858,P0231,1,6.77,7.06
19089,O0015858,P0366,1,22.18,17.17
19090,O0015859,P0118,1,7.3,4.05
19091,O0015860,P0221,1,137.35,90.85
19092,O0015861,P0203,1,16.83,7.31
19093,O0015862,P0200,1,15.63,6.99
19094,O0015863,P0255,1,19.78,12.64
19095,O0015864,P0296,1,113.02,95.08
19096,O0015865,P0297,1,8.01,3.65
19097,O0015866,P0156,1,13.93,6.24
19098,O0015867,P0204,1,23.21,25.82
19099,O0015868,P0211,1,24.17,10.73
19100,O0015869,P0019,1,24.27,10.2
19101,O0015870,P0028,1,19.28,10.18
19102,O0015871,P0307,1,23.9,17.89
19103,O0015872,P0179,1,12.64,9.52
19104,O0015873,P0199,1,34.14,22.94
19105,O0015874,P0099,1,11.25,6.21
19106,O0015875,P0346,1,16.74,13.83
19107,O0015875,P0171,1,21.73,18.52
19108,O0015875,P0123,1,25.7,21.13
19109,O0015876,P0166,2,35.51,24.87
19110,O0015877,P0124,1,9.83,7.26
19111,O0015878,P0028,2,19.28,10.03
19112,O0015879,P0357,1,22.89,20.0
19113,O0015880,P0098,1,35.84,18.46
19114,O0015881,P0133,1,13.22,8.84
19115,O0015882,P0243,2,21.97,14.19
19116,O0015883,P0046,1,85.77,52.22
19117,O0015884,P0166,1,35.51,24.67
19118,O0015885,P0230,1,36.36,28.88
19119,O0015886,P0290,1,49.67,31.4
19120,O0015886,P0012,1,31.54,18.06
19121,O0015886,P0383,1,192.23,86.55
19122,O0015887,P0282,1,31.47,20.32
19123,O0015888,P0242,1,40.38,19.12
19124,O0015888,P0038,1,19.16,12.82
19125,O0015889,P0233,1,55.9,53.71
19126,O0015890,P0070,1,176.02,94.9
19127,O0015891,P0361,1,12.04,8.51
19128,O0015892,P0334,1,10.95,6.14
19129,O0015893,P0172,1,39.28,32.91
19130,O0015894,P0194,1,46.22,34.61
19131,O0015894,P0339,1,7.52,3.6
19132,O0015894,P0109,1,40.47,21.41
19133,O0015895,P0057,1,13.99,7.17
19134,O0015896,P0347,1,56.26,25.17
19135,O0015897,P0391,1,66.48,31.81
19136,O0015897,P0012,1,31.54,18.35
19137,O0015898,P0297,1,8.01,3.72
19138,O0015899,P0397,1,43.7,18.6
19139,O0015900,P0207,1,13.81,10.71
19140,O0015901,P0327,1,32.14,15.51
19141,O0015902,P0121,1,12.1,8.27
19142,O0015903,P0352,2,11.73,8.26
19143,O0015904,P0090,1,45.85,25.66
19144,O0015905,P0165,1,11.19,4.97
19145,O0015906,P0388,1,15.88,7.04
19146,O0015907,P0279,1,7.3,4.4
19147,O0015908,P0387,1,23.9,15.73
19148,O0015909,P0150,1,14.55,10.79
19149,O0015910,P0188,1,24.95,20.53
19150,O0015911,P0316,1,25.48,11.59
19151,O0015912,P0089,1,30.2,16.83
19152,O0015912,P0017,1,15.17,10.9
19153,O0015913,P0002,1,21.96,15.19
19154,O0015913,P0250,1,99.91,59.98
19155,O0015914,P0128,1,37.0,31.04
19156,O0015915,P0275,1,22.42,17.92
19157,O0015916,P0180,1,15.67,12.37
19158,O0015917,P0233,1,63.03,53.81
19159,O0015918,P0267,1,16.05,7.78
19160,O0015919,P0123,1,25.7,20.77
19161,O0015920,P0198,1,21.81,9.92
19162,O0015921,P0247,1,84.85,54.59
19163,O0015921,P0355,1,5.91,3.76
19164,O0015922,P0118,1,5.71,4.03
19165,O0015923,P0091,1,37.25,29.91
19166,O0015924,P0040,1,21.15,11.99
19167,O0015925,P0009,1,29.77,18.06
19168,O0015926,P0065,1,30.15,25.66
19169,O0015926,P0232,1,106.18,84.2
19170,O0015927,P0137,1,16.82,7.55
19171,O0015928,P0225,1,5.0,3.46
19172,O0015929,P0015,1,15.87,10.52
19173,O0015930,P0330,1,17.52,11.32
19174,O0015931,P0395,1,51.86,21.01
19175,O0015932,P0136,1,5.51,3.63
19176,O0015933,P0195,1,24.29,10.39
19177,O0015934,P0196,1,11.97,7.79
19178,O0015935,P0057,1,13.99,7.28
19179,O0015935,P0071,1,21.03,9.64
19180,O0015936,P0303,1,20.26,16.93
19181,O0015937,P0228,1,110.05,83.42
19182,O0015938,P0324,1,15.13,7.4
19183,O0015938,P0273,1,14.02,11.57
19184,O0015939,P0027,2,22.36,12.81
19185,O0015940,P0232,1,86.76,82.87
19186,O0015941,P0247,1,84.85,54.33
19187,O0015942,P0234,1,16.86,7.94
19188,O0015943,P0172,1,39.28,32.65
19189,O0015944,P0027,1,22.36,12.66
19190,O0015945,P0238,1,66.04,35.1
19191,O0015946,P0256,2,43.56,33.31
19192,O0015947,P0142,1,14.57,10.01
19193,O0015947,P0325,1,26.29,17.65
19194,O0015948,P0084,1,13.9,15.01
19195,O0015948,P0077,1,8.06,4.63
19196,O0015948,P0203,1,13.07,7.23
19197,O0015949,P0195,1,24.29,10.52
19198,O0015950,P0132,1,41.31,22.87
19199,O0015951,P0194,1,46.22,35.16
19200,O0015952,P0177,1,50.38,36.89
19201,O0015953,P0179,1,11.38,9.67
19202,O0015954,P0053,1,51.03,40.17
19203,O0015954,P0195,1,24.29,10.35
19204,O0015955,P0236,1,72.46,56.14
19205,O0015956,P0304,1,11.87,9.58
19206,O0015957,P0220,1,36.54,25.75
19207,O0015958,P0016,1,26.81,12.97
19208,O0015959,P0398,1,9.94,4.6
19209,O0015960,P0160,1,10.81,6.7
19210,O0015960,P0082,1,84.77,40.98
19211,O0015961,P0149,1,16.78,10.95
19212,O0015962,P0212,1,19.47,9.26
19213,O0015962,P0263,1,32.89,15.68
19214,O0015963,P0368,1,58.87,33.83
19215,O0015964,P0090,1,41.26,26.05
19216,O0015965,P0245,1,7.19,3.39
19217,O0015966,P0185,1,47.48,21.26
19218,O0015967,P0259,1,5.65,3.95
19219,O0015968,P0281,1,36.18,25.28
19220,O0015968,P0329,1,24.19,23.28
19221,O0015969,P0029,1,15.27,9.33
19222,O0015970,P0387,1,23.9,15.8
19223,O0015971,P0333,1,5.0,3.03
19224,O0015971,P0159,1,5.0,2.4
19225,O0015971,P0293,1,10.7,5.81
19226,O0015972,P0248,2,26.91,21.32
19227,O0015973,P0209,1,48.72,21.92
19228,O0015974,P0106,1,32.23,22.08
19229,O0015975,P0134,2,20.3,8.62
19230,O0015976,P0090,1,45.85,25.75
19231,O0015977,P0089,1,30.2,17.48
19232,O0015978,P0212,1,19.47,9.19
19233,O0015979,P0217,1,29.35,12.75
19234,O0015979,P0012,1,31.54,18.25
19235,O0015979,P0281,1,38.91,24.93
19236,O0015980,P0252,1,73.33,36.59
19237,O0015981,P0032,1,15.32,15.64
19238,O0015982,P0135,1,156.29,81.52
19239,O0015983,P0251,1,41.11,29.99
19240,O0015983,P0312,1,25.49,16.98
19241,O0015984,P0361,1,13.03,8.73
19242,O0015985,P0297,1,8.01,3.72
19243,O0015986,P0125,1,47.5,32.81
19244,O0015987,P0290,1,49.67,30.54
19245,O0015987,P0008,1,37.87,18.34
19246,O0015987,P0033,1,12.84,5.72
19247,O0015988,P0095,1,31.01,12.6
19248,O0015989,P0271,1,118.13,48.59
19249,O0015990,P0330,1,15.77,11.35
19250,O0015991,P0198,2,21.81,9.87
19251,O0015992,P0216,1,33.83,26.51
19252,O0015993,P0271,1,118.13,48.77
19253,O0015994,P0134,1,20.3,8.67
19254,O0015995,P0193,1,61.96,47.97
19255,O0015996,P0301,1,20.7,15.45
19256,O0015997,P0043,1,32.76,25.11
19257,O0015998,P0276,1,20.56,15.18
19258,O0015999,P0320,1,77.73,46.12
19259,O0016000,P0188,1,24.95,20.06
19260,O0016001,P0004,1,20.34,16.31
19261,O0016002,P0072,1,27.89,19.72
19262,O0016003,P0091,1,37.25,30.67
19263,O0016004,P0079,1,7.1,4.89
19264,O0016005,P0347,3,56.26,25.91
19265,O0016006,P0174,1,14.91,8.08
19266,O0016006,P0166,1,35.51,25.14
19267,O0016007,P0172,1,39.28,31.28
19268,O0016007,P0355,1,5.91,3.63
19269,O0016008,P0104,1,13.42,6.91
19270,O0016009,P0157,1,34.99,22.02
19271,O0016009,P0239,1,24.64,18.86
19272,O0016010,P0106,1,32.23,22.54
19273,O0016011,P0343,1,16.99,8.99
19274,O0016012,P0263,1,32.89,15.73
19275,O0016013,P0187,1,69.71,38.63
19276,O0016014,P0148,1,49.04,23.06
19277,O0016015,P0278,1,15.48,9.99
19278,O0016016,P0378,1,23.49,13.71
19279,O0016017,P0271,1,118.13,51.17
19280,O0016018,P0269,1,22.52,11.58
19281,O0016019,P0238,1,66.04,34.08
19282,O0016020,P0052,1,16.42,12.94
19283,O0016021,P0321,1,38.93,31.6
19284,O0016022,P0305,1,15.47,7.41
19285,O0016022,P0390,1,73.54,49.72
19286,O0016022,P0099,1,11.25,6.21
19287,O0016023,P0041,1,46.99,37.61
19288,O0016024,P0193,1,61.96,48.85
19289,O0016025,P0111,1,10.42,8.49
19290,O0016026,P0374,1,8.71,5.18
19291,O0016026,P0341,1,40.7,33.93
19292,O0016026,P0267,1,16.05,7.71
19293,O0016027,P0334,1,10.95,6.05
19294,O0016028,P0263,1,32.89,16.35
19295,O0016029,P0297,1,8.01,3.51
19296,O0016030,P0200,1,15.63,7.18
19297,O0016031,P0224,1,12.85,6.24
19298,O0016032,P0314,1,6.49,4.0
19299,O0016032,P0375,1,19.93,9.2
19300,O0016033,P0289,1,94.61,71.18
19301,O0016034,P0170,1,9.11,5.86
19302,O0016035,P0121,1,9.75,8.44
19303,O0016035,P0140,1,42.25,18.51
19304,O0016035,P0023,1,8.48,7.43
19305,O0016036,P0114,2,43.43,35.95
19306,O0016037,P0390,1,81.71,49.6
19307,O0016038,P0138,1,58.62,37.87
19308,O0016039,P0165,1,11.19,4.93
19309,O0016040,P0129,1,37.04,27.62
19310,O0016041,P0067,1,5.29,2.87
19311,O0016041,P0207,2,13.81,10.83
19312,O0016041,P0348,2,12.13,13.29
19313,O0016042,P0086,1,9.16,5.98
19314,O0016042,P0353,1,34.15,18.36
19315,O0016043,P0224,1,12.85,6.17
19316,O0016044,P0293,1,10.7,5.79
19317,O0016045,P0161,1,90.55,62.22
19318,O0016045,P0287,1,12.46,6.7
19319,O0016045,P0134,1,17.23,8.51
19320,O0016046,P0296,3,113.02,95.59
19321,O0016046,P0224,1,12.85,6.15
19322,O0016047,P0213,1,31.76,23.64
19323,O0016048,P0395,1,46.67,21.05
19324,O0016049,P0025,1,44.29,20.19
19325,O0016050,P0278,1,15.48,9.69
19326,O0016051,P0131,3,52.63,44.22
19327,O0016052,P0065,1,30.15,25.27
19328,O0016053,P0092,1,31.11,23.4
19329,O0016054,P0066,1,23.11,11.9
19330,O0016055,P0208,1,18.61,13.9
19331,O0016056,P0133,1,13.22,8.92
19332,O0016057,P0002,1,19.76,15.35
19333,O0016058,P0347,2,56.26,25.11
19334,O0016059,P0319,1,37.48,23.08
19335,O0016060,P0194,1,46.22,36.23
19336,O0016061,P0338,1,4.17,3.51
19337,O0016061,P0128,1,26.86,29.9
19338,O0016061,P0324,1,11.62,7.23
19339,O0016062,P0084,1,18.96,15.16
19340,O0016063,P0102,1,34.13,22.08
19341,O0016064,P0089,1,30.2,16.44
19342,O0016065,P0083,1,13.11,10.51
19343,O0016065,P0135,1,156.29,85.93
19344,O0016066,P0072,1,31.23,19.43
19345,O0016067,P0360,1,43.84,36.67
19346,O0016067,P0324,1,15.13,7.26
19347,O0016067,P0161,1,90.55,61.66
19348,O0016068,P0381,1,19.78,8.56
19349,O0016069,P0051,1,11.8,10.91
19350,O0016070,P0364,1,16.3,13.47
19351,O0016070,P0082,1,84.77,40.22
19352,O0016071,P0174,1,14.91,8.19
19353,O0016072,P0067,1,4.76,2.74
19354,O0016073,P0255,1,15.96,13.08
19355,O0016074,P0296,1,113.02,96.84
19356,O0016075,P0277,1,16.05,9.16
19357,O0016076,P0378,1,23.49,13.84
19358,O0016077,P0094,1,29.54,24.57
19359,O0016078,P0116,1,16.73,18.42
19360,O0016079,P0176,1,48.41,35.16
19361,O0016080,P0103,1,20.16,10.87
19362,O0016081,P0283,1,22.15,14.08
19363,O0016082,P0089,1,30.2,17.22
19364,O0016083,P0254,1,6.01,3.53
19365,O0016084,P0026,1,28.14,13.92
19366,O0016085,P0072,1,31.23,19.58
19367,O0016086,P0069,1,25.74,10.7
19368,O0016087,P0388,1,15.88,7.04
19369,O0016088,P0093,1,14.24,6.69
19370,O0016088,P0018,1,19.43,11.71
19371,O0016088,P0085,1,47.03,36.04
19372,O0016089,P0353,1,34.15,17.53
19373,O0016090,P0222,1,13.28,11.12
19374,O0016091,P0263,1,32.89,16.14
19375,O0016092,P0070,1,176.02,90.66
19376,O0016093,P0090,1,45.85,26.13
19377,O0016094,P0273,1,14.02,11.31
19378,O0016094,P0172,1,39.28,32.84
19379,O0016094,P0057,1,13.99,7.04
19380,O0016095,P0237,1,22.38,12.98
19381,O0016096,P0285,1,13.4,5.57
19382,O0016097,P0227,1,32.25,17.27
19383,O0016098,P0276,1,20.56,15.2
19384,O0016099,P0256,1,43.56,33.78
19385,O0016100,P0178,1,31.37,23.86
19386,O0016101,P0165,1,11.19,4.98
19387,O0016102,P0136,1,5.51,3.66
19388,O0016103,P0392,1,5.0,2.46
19389,O0016103,P0238,1,66.04,35.3
19390,O0016103,P0197,1,53.52,31.08
19391,O0016104,P0086,1,9.16,6.07
19392,O0016105,P0013,1,72.7,40.09
19393,O0016106,P0117,1,10.52,9.95
19394,O0016106,P0022,1,9.24,5.94
19395,O0016107,P0036,1,51.68,22.37
19396,O0016108,P0382,1,10.12,8.97
19397,O0016109,P0144,1,28.48,15.47
19398,O0016110,P0114,1,43.43,36.04
19399,O0016111,P0213,1,31.76,23.0
19400,O0016112,P0087,1,6.78,3.1
19401,O0016113,P0125,1,58.35,34.13
19402,O0016114,P0048,1,19.31,12.29
19403,O0016115,P0261,1,5.0,3.6
19404,O0016116,P0352,1,11.73,8.41
19405,O0016117,P0103,1,20.16,10.7
19406,O0016118,P0141,1,25.44,16.7
19407,O0016119,P0285,1,13.4,5.39
19408,O0016120,P0243,1,21.45,14.12
19409,O0016120,P0327,1,28.34,16.55
19410,O0016121,P0366,1,22.18,17.05
19411,O0016122,P0001,1,36.5,27.01
19412,O0016123,P0018,1,19.43,11.62
19413,O0016124,P0169,1,71.5,52.4
19414,O0016125,P0319,1,37.48,22.85
19415,O0016126,P0398,1,9.94,4.42
19416,O0016127,P0362,3,35.77,24.19
19417,O0016128,P0198,1,21.81,9.78
19418,O0016129,P0127,1,37.04,30.39
19419,O0016130,P0120,1,9.06,6.44
19420,O0016131,P0021,1,47.37,26.43
19421,O0016132,P0279,1,7.3,4.39
19422,O0016133,P0243,1,27.01,13.64
19423,O0016134,P0036,1,51.68,22.59
19424,O0016135,P0352,1,11.73,8.24
19425,O0016136,P0155,2,67.59,28.6
19426,O0016136,P0071,1,21.03,9.75
19427,O0016137,P0067,1,4.7,2.91
19428,O0016138,P0231,2,8.53,7.16
19429,O0016139,P0286,3,7.86,4.23
19430,O0016140,P0231,1,8.53,6.95
19431,O0016141,P0050,1,23.85,24.04
19432,O0016142,P0030,1,57.15,37.12
19433,O0016143,P0364,1,16.3,13.85
19434,O0016144,P0024,1,28.72,21.28
19435,O0016145,P0025,1,44.29,19.14
19436,O0016146,P0194,1,46.22,35.59
19437,O0016147,P0300,1,16.61,8.91
19438,O0016148,P0360,1,43.84,35.05
19439,O0016148,P0324,1,15.13,7.34
19440,O0016149,P0170,1,9.11,5.86
19441,O0016150,P0381,1,19.78,9.09
19442,O0016151,P0149,1,16.78,11.14
19443,O0016152,P0042,1,72.6,46.65
19444,O0016153,P0129,1,37.04,27.84
19445,O0016154,P0102,1,30.72,22.84
19446,O0016155,P0133,1,13.22,8.99
19447,O0016156,P0186,1,44.3,38.91
19448,O0016157,P0378,1,23.49,13.73
19449,O0016158,P0213,1,31.76,23.61
19450,O0016159,P0086,1,9.16,6.07
19451,O0016160,P0214,1,12.66,8.29
19452,O0016161,P0280,1,73.22,53.55
19453,O0016161,P0382,1,10.12,8.87
19454,O0016162,P0121,1,12.1,8.18
19455,O0016163,P0296,1,113.02,93.55
19456,O0016164,P0186,1,47.03,37.31
19457,O0016165,P0332,1,18.9,14.93
19458,O0016166,P0374,2,8.71,5.24
19459,O0016167,P0395,2,51.86,22.11
19460,O0016168,P0294,1,21.07,11.88
19461,O0016169,P0198,1,19.63,10.18
19462,O0016170,P0288,1,10.33,8.55
19463,O0016171,P0204,1,20.98,24.79
19464,O0016172,P0191,1,12.75,6.66
19465,O0016172,P0337,1,47.63,38.2
19466,O0016172,P0018,1,19.43,11.54
19467,O0016173,P0015,1,15.87,11.2
19468,O0016174,P0396,1,67.85,34.18
19469,O0016175,P0397,1,39.33,17.85
19470,O0016176,P0151,2,8.95,7.57
19471,O0016177,P0002,1,21.96,14.68
19472,O0016178,P0128,1,37.0,29.84
19473,O0016179,P0328,1,17.65,8.4
19474,O0016180,P0077,1,11.11,4.7
19475,O0016181,P0251,1,41.11,30.9
19476,O0016182,P0050,1,32.64,23.79
19477,O0016183,P0361,1,13.03,8.66
19478,O0016184,P0331,1,49.25,28.24
19479,O0016185,P0017,1,15.17,11.01
19480,O0016186,P0096,1,13.85,6.5
19481,O0016187,P0325,1,26.29,18.02
19482,O0016188,P0394,1,13.17,8.05
19483,O0016189,P0041,1,46.99,38.6
19484,O0016190,P0349,1,19.77,14.89
19485,O0016191,P0192,1,130.83,72.79
19486,O0016192,P0053,1,51.03,39.0
19487,O0016193,P0029,1,16.97,9.27
19488,O0016194,P0028,1,19.28,10.05
19489,O0016195,P0092,1,31.11,23.97
19490,O0016196,P0197,1,53.52,30.88
19491,O0016196,P0360,1,43.84,37.18
19492,O0016196,P0222,1,13.28,10.49
19493,O0016197,P0224,1,12.85,6.39
19494,O0016198,P0214,1,12.66,8.69
19495,O0016199,P0079,1,7.1,5.06
19496,O0016200,P0088,1,28.44,23.06
19497,O0016201,P0246,1,68.18,48.63
19498,O0016202,P0076,1,7.99,5.34
19499,O0016202,P0025,1,44.29,20.07
19500,O0016202,P0385,1,28.75,14.68
19501,O0016203,P0107,1,24.79,16.88
19502,O0016204,P0011,1,10.91,5.82
19503,O0016205,P0151,1,8.95,7.61
19504,O0016206,P0292,1,12.32,9.46
19505,O0016207,P0146,1,22.38,18.95
19506,O0016208,P0273,1,14.02,11.55
19507,O0016208,P0031,1,31.79,13.67
19508,O0016209,P0137,1,16.82,7.83
19509,O0016209,P0214,1,12.66,8.26
19510,O0016210,P0029,1,16.97,9.1
19511,O0016211,P0242,1,40.38,18.46
19512,O0016212,P0224,1,12.85,6.21
19513,O0016213,P0215,1,17.28,11.67
19514,O0016214,P0278,1,15.48,9.75
19515,O0016215,P0187,1,69.71,37.54
19516,O0016216,P0200,1,15.63,7.17
19517,O0016217,P0241,1,17.11,10.18
19518,O0016217,P0043,1,32.76,24.29
19519,O0016218,P0354,1,110.11,61.99
19520,O0016219,P0179,1,12.64,9.26
19521,O0016220,P0286,3,7.86,4.39
19522,O0016221,P0251,1,41.11,29.47
19523,O0016222,P0063,1,21.56,13.62
19524,O0016223,P0119,1,29.12,24.39
19525,O0016223,P0397,1,43.7,18.0
19526,O0016224,P0270,1,10.72,6.28
19527,O0016225,P0166,1,35.51,25.03
19528,O0016226,P0175,1,15.31,6.85
19529,O0016226,P0068,1,24.02,10.37
19530,O0016227,P0076,1,7.99,5.17
19531,O0016228,P0020,1,9.48,8.4
19532,O0016229,P0366,1,19.96,17.49
19533,O0016230,P0118,1,7.3,4.05
19534,O0016231,P0086,1,9.16,6.22
19535,O0016231,P0333,1,5.0,3.01
19536,O0016232,P0223,1,141.44,73.12
19537,O0016233,P0109,1,36.42,21.78
19538,O0016234,P0140,1,38.02,18.7
19539,O0016235,P0353,1,34.15,18.16
19540,O0016236,P0329,1,33.63,23.99
19541,O0016236,P0223,1,141.44,76.71
19542,O0016237,P0240,1,25.47,21.89
19543,O0016238,P0214,1,12.66,8.54
19544,O0016239,P0306,1,44.89,31.93
19545,O0016240,P0240,1,25.47,21.78
19546,O0016241,P0080,1,25.92,12.83
19547,O0016241,P0316,2,25.48,12.02
19548,O0016242,P0308,1,44.75,23.91
19549,O0016243,P0293,1,10.7,5.69
19550,O0016244,P0221,1,137.35,90.93
19551,O0016245,P0203,1,16.83,7.28
19552,O0016246,P0008,2,37.87,18.16
19553,O0016246,P0256,1,43.56,33.28
19554,O0016247,P0084,1,18.96,15.61
19555,O0016248,P0136,1,5.51,3.78
19556,O0016249,P0348,1,16.31,12.71
19557,O0016250,P0179,1,12.64,9.4
19558,O0016251,P0250,1,99.91,59.41
19559,O0016252,P0126,1,57.0,31.34
19560,O0016253,P0036,2,46.51,22.05
19561,O0016254,P0331,1,49.25,28.0
19562,O0016255,P0171,1,21.73,18.37
19563,O0016256,P0011,1,10.91,5.92
19564,O0016257,P0289,1,94.61,74.68
19565,O0016258,P0084,1,18.96,15.4
19566,O0016259,P0057,2,13.99,7.14
19567,O0016260,P0067,1,5.29,2.78
19568,O0016261,P0200,1,14.07,7.26
19569,O0016262,P0136,1,5.51,3.6
19570,O0016263,P0170,1,9.11,6.15
19571,O0016264,P0236,1,72.46,55.97
19572,O0016265,P0366,2,16.05,17.65
19573,O0016266,P0333,1,5.0,3.14
19574,O0016267,P0103,1,14.92,10.64
19575,O0016268,P0262,1,22.84,11.76
19576,O0016269,P0199,1,34.14,23.25
19577,O0016270,P0038,1,19.16,12.98
19578,O0016271,P0013,1,79.24,38.49
19579,O0016272,P0304,1,10.68,9.74
19580,O0016273,P0075,1,75.36,53.66
19581,O0016274,P0010,1,5.31,2.89
19582,O0016275,P0166,1,35.51,24.84
19583,O0016275,P0127,1,33.34,30.08
19584,O0016275,P0286,1,7.86,4.26
19585,O0016276,P0089,1,30.2,17.15
19586,O0016277,P0232,1,106.18,87.65
19587,O0016278,P0269,1,20.27,10.94
19588,O0016279,P0319,1,37.48,23.43
19589,O0016280,P0153,1,133.98,80.48
19590,O0016281,P0357,1,30.69,19.62
19591,O0016282,P0097,1,109.14,74.48
19592,O0016283,P0290,1,49.67,31.67
19593,O0016284,P0157,1,34.99,21.7
19594,O0016285,P0247,2,84.85,55.63
19595,O0016286,P0051,2,12.85,10.68
19596,O0016287,P0400,1,36.29,18.91
19597,O0016288,P0214,1,12.66,8.65
19598,O0016289,P0008,2,34.08,18.01
19599,O0016290,P0217,1,29.35,13.26
19600,O0016291,P0123,1,23.76,21.42
19601,O0016292,P0272,1,25.23,19.16
19602,O0016293,P0325,1,26.29,17.73
19603,O0016294,P0223,1,141.44,75.16
19604,O0016295,P0087,1,6.78,2.98
19605,O0016296,P0269,1,22.52,11.4
19606,O0016297,P0180,1,15.67,12.19
19607,O0016298,P0070,1,176.02,96.1
19608,O0016298,P0235,1,6.23,5.22
19609,O0016299,P0374,1,8.07,5.4
19610,O0016299,P0200,1,15.63,7.04
19611,O0016300,P0358,1,9.97,6.89
19612,O0016301,P0136,1,5.51,3.69
19613,O0016302,P0124,1,9.83,7.13
19614,O0016302,P0375,1,19.93,9.26
19615,O0016303,P0348,1,16.31,12.95
19616,O0016304,P0303,1,20.26,16.81
19617,O0016305,P0201,1,29.84,12.68
19618,O0016306,P0099,1,11.25,6.31
19619,O0016307,P0240,1,20.79,21.75
19620,O0016308,P0047,1,26.3,14.49
19621,O0016309,P0050,1,32.64,25.03
19622,O0016310,P0134,1,20.3,8.54
19623,O0016311,P0137,2,16.82,7.72
19624,O0016312,P0153,1,133.98,81.5
19625,O0016313,P0014,1,20.48,13.01
19626,O0016314,P0227,1,32.25,18.24
19627,O0016315,P0152,1,51.13,38.28
19628,O0016316,P0358,1,9.97,6.93
19629,O0016316,P0304,1,11.87,9.53
19630,O0016317,P0218,2,24.78,15.91
19631,O0016318,P0188,1,24.95,20.42
19632,O0016319,P0317,1,54.87,29.64
19633,O0016320,P0237,1,22.38,13.14
19634,O0016321,P0399,1,14.52,11.21
19635,O0016322,P0296,1,113.02,98.56
19636,O0016323,P0026,1,28.14,13.97
19637,O0016324,P0354,1,110.11,64.04
19638,O0016325,P0374,1,8.71,5.5
19639,O0016326,P0299,1,14.58,7.35
19640,O0016327,P0392,1,4.5,2.41
19641,O0016328,P0275,1,22.42,16.85
19642,O0016329,P0368,1,58.87,33.72
19643,O0016330,P0284,1,11.42,5.95
19644,O0016331,P0093,1,14.24,7.02
19645,O0016332,P0138,2,58.62,37.12
19646,O0016333,P0048,1,19.31,12.4
19647,O0016334,P0350,1,11.21,5.24
19648,O0016334,P0231,1,8.53,6.87
19649,O0016335,P0027,1,22.36,12.66
19650,O0016336,P0043,1,32.76,23.97
19651,O0016337,P0385,1,28.75,13.94
19652,O0016338,P0329,1,33.63,24.27
19653,O0016339,P0226,1,16.11,7.31
19654,O0016340,P0211,1,24.17,10.71
19655,O0016341,P0291,1,26.1,17.76
19656,O0016341,P0108,2,74.05,49.83
19657,O0016341,P0142,1,14.57,10.38
19658,O0016342,P0351,1,40.46,33.02
19659,O0016343,P0152,1,51.13,36.7
19660,O0016344,P0239,1,24.64,18.08
19661,O0016345,P0244,1,33.32,26.28
19662,O0016346,P0054,1,31.91,15.25
19663,O0016347,P0383,1,192.23,84.56
19664,O0016348,P0081,1,11.76,9.73
19665,O0016349,P0141,1,25.44,16.56
19666,O0016350,P0036,3,37.25,22.8
19667,O0016351,P0011,1,9.82,5.85
19668,O0016352,P0197,1,53.52,30.39
19669,O0016353,P0048,1,19.31,11.9
19670,O0016354,P0182,1,26.95,20.21
19671,O0016354,P0265,1,23.33,16.74
19672,O0016355,P0248,1,26.91,21.61
19673,O0016356,P0269,1,22.52,11.27
19674,O0016357,P0032,1,18.03,15.16
19675,O0016358,P0175,1,15.31,6.86
19676,O0016359,P0328,1,17.65,8.7
19677,O0016359,P0129,1,37.04,29.38
19678,O0016360,P0191,1,12.75,7.11
19679,O0016360,P0299,1,14.58,7.37
19680,O0016361,P0371,1,10.92,6.89
19681,O0016362,P0280,1,73.22,53.19
19682,O0016363,P0341,1,40.7,33.17
19683,O0016363,P0146,1,22.38,18.51
19684,O0016364,P0013,1,79.24,38.94
19685,O0016365,P0036,1,51.68,22.98
19686,O0016366,P0106,1,32.23,21.98
19687,O0016366,P0102,1,34.13,22.04
19688,O0016367,P0033,1,13.04,5.81
19689,O0016368,P0179,1,12.64,9.73
19690,O0016369,P0136,1,4.61,3.82
19691,O0016370,P0080,1,25.92,12.39
19692,O0016371,P0354,1,110.11,60.66
19693,O0016371,P0003,1,20.34,9.02
19694,O0016371,P0182,1,26.95,20.7
19695,O0016372,P0143,1,5.0,3.74
19696,O0016372,P0273,1,14.02,11.1
19697,O0016373,P0121,1,12.1,8.39
19698,O0016374,P0305,1,13.92,7.68
19699,O0016375,P0159,1,5.0,2.48
19700,O0016376,P0327,1,32.14,15.83
19701,O0016376,P0377,1,5.0,4.19
19702,O0016376,P0362,1,35.77,24.08
19703,O0016377,P0109,1,40.47,21.86
19704,O0016377,P0292,1,11.09,9.2
19705,O0016378,P0096,1,13.85,6.82
19706,O0016379,P0390,1,81.71,49.09
19707,O0016380,P0228,1,110.05,86.19
19708,O0016381,P0175,1,15.31,6.82
19709,O0016382,P0042,1,72.6,46.15
19710,O0016383,P0370,1,17.44,7.08
19711,O0016383,P0100,1,35.31,34.34
19712,O0016384,P0002,1,21.96,15.37
19713,O0016385,P0262,1,22.84,11.58
19714,O0016386,P0375,1,17.61,9.65
19715,O0016387,P0276,1,20.56,15.29
19716,O0016388,P0266,1,52.67,25.87
19717,O0016389,P0331,1,49.25,29.36
19718,O0016390,P0388,2,15.88,6.87
19719,O0016391,P0235,1,6.23,5.21
19720,O0016392,P0006,1,45.33,37.36
19721,O0016393,P0070,1,176.02,96.92
19722,O0016394,P0325,1,26.29,17.24
19723,O0016395,P0354,1,110.11,61.12
19724,O0016395,P0119,1,29.12,25.03
19725,O0016395,P0396,1,67.85,34.4
19726,O0016396,P0316,1,25.48,12.11
19727,O0016397,P0341,1,40.7,33.43
19728,O0016398,P0218,1,24.78,16.77
19729,O0016399,P0260,1,23.47,19.7
19730,O0016400,P0312,1,25.49,17.74
19731,O0016401,P0039,1,16.72,9.27
19732,O0016401,P0048,1,16.53,12.52
19733,O0016402,P0253,1,57.21,34.45
19734,O0016403,P0013,1,79.24,39.0
19735,O0016403,P0302,1,12.62,10.9
19736,O0016404,P0337,1,47.63,39.72
19737,O0016405,P0222,1,13.28,11.11
19738,O0016406,P0392,1,4.5,2.45
19739,O0016407,P0326,1,21.66,17.09
19740,O0016408,P0054,1,31.91,15.36
19741,O0016409,P0359,1,26.78,18.9
19742,O0016410,P0327,1,32.14,16.44
19743,O0016411,P0292,1,12.32,9.46
19744,O0016412,P0295,1,51.47,28.58
19745,O0016413,P0098,1,35.84,18.78
19746,O0016414,P0282,1,31.47,21.08
19747,O0016415,P0012,1,31.54,17.98
19748,O0016415,P0322,1,20.85,17.73
19749,O0016416,P0241,1,17.11,10.78
19750,O0016417,P0015,1,15.87,10.55
19751,O0016418,P0026,1,28.14,13.6
19752,O0016419,P0115,1,35.82,29.6
19753,O0016420,P0249,1,127.56,101.81
19754,O0016421,P0323,1,29.71,26.99
19755,O0016421,P0219,1,25.02,16.91
19756,O0016421,P0349,1,19.77,15.24
19757,O0016422,P0111,1,9.38,8.89
19758,O0016422,P0369,1,21.62,16.41
19759,O0016422,P0064,1,33.89,24.66
19760,O0016423,P0261,1,5.0,3.39
19761,O0016424,P0060,1,30.23,19.15
19762,O0016425,P0053,1,51.03,39.47
19763,O0016426,P0263,1,27.38,16.19
19764,O0016427,P0161,1,81.5,65.09
19765,O0016427,P0222,1,13.28,10.93
19766,O0016428,P0041,1,46.99,38.45
19767,O0016429,P0026,1,28.14,14.41
19768,O0016430,P0361,1,13.03,8.68
19769,O0016431,P0295,1,51.47,29.33
19770,O0016431,P0315,1,14.56,8.31
19771,O0016432,P0284,1,9.48,6.03
19772,O0016433,P0362,1,35.77,23.67
19773,O0016434,P0186,1,47.03,38.95
19774,O0016435,P0181,1,24.13,14.18
19775,O0016436,P0377,1,5.0,4.09
19776,O0016437,P0083,1,13.11,10.62
19777,O0016438,P0284,2,8.75,5.93
19778,O0016439,P0082,1,84.77,38.52
19779,O0016440,P0142,1,14.57,10.44
19780,O0016441,P0255,1,16.28,12.74
19781,O0016442,P0375,1,19.93,9.26
19782,O0016443,P0138,1,47.98,37.03
19783,O0016444,P0009,1,29.77,17.6
19784,O0016444,P0159,1,5.0,2.41
19785,O0016444,P0113,1,20.52,8.49
19786,O0016445,P0124,1,9.83,7.09
19787,O0016445,P0029,2,16.97,9.06
19788,O0016445,P0108,1,78.48,49.89
19789,O0016446,P0082,1,84.77,39.96
19790,O0016447,P0028,3,19.28,10.24
19791,O0016448,P0107,1,24.79,16.69
19792,O0016449,P0144,2,28.48,15.43
19793,O0016450,P0342,1,150.89,119.58
19794,O0016451,P0373,2,8.74,6.33
19795,O0016452,P0069,1,25.74,11.08
19796,O0016453,P0364,2,16.3,13.78
19797,O0016453,P0101,1,53.02,36.27
19798,O0016454,P0247,1,74.65,54.64
19799,O0016455,P0040,1,21.15,11.79
19800,O0016456,P0257,2,90.28,73.45
19801,O0016457,P0369,1,21.62,17.0
19802,O0016458,P0180,1,15.67,12.31
19803,O0016459,P0347,1,56.26,25.94
19804,O0016459,P0315,1,13.1,8.43
19805,O0016460,P0290,1,49.67,30.5
19806,O0016461,P0052,1,16.42,12.65
19807,O0016462,P0308,1,44.75,23.66
19808,O0016463,P0162,1,7.81,3.23
19809,O0016464,P0260,1,23.47,19.49
19810,O0016465,P0054,1,31.91,16.06
19811,O0016466,P0075,1,75.36,53.32
19812,O0016467,P0156,1,13.93,6.34
19813,O0016468,P0300,1,16.61,8.71
19814,O0016469,P0263,1,32.89,15.74
19815,O0016469,P0205,1,7.7,5.93
19816,O0016470,P0198,1,21.81,10.22
19817,O0016470,P0377,1,5.0,4.16
19818,O0016470,P0166,1,35.51,25.66
19819,O0016471,P0232,1,106.18,85.71
19820,O0016472,P0344,1,12.43,8.96
19821,O0016473,P0014,1,20.48,13.57
19822,O0016473,P0223,1,141.44,73.03
19823,O0016474,P0127,1,37.04,30.2
19824,O0016475,P0091,1,37.25,29.61
19825,O0016476,P0013,1,79.24,40.72
19826,O0016477,P0279,1,7.3,4.36
19827,O0016478,P0233,1,63.03,54.1
19828,O0016479,P0392,1,5.0,2.53
19829,O0016480,P0129,1,33.34,29.01
19830,O0016481,P0340,1,61.25,47.82
19831,O0016482,P0302,1,12.62,10.98
19832,O0016483,P0215,1,22.49,12.47
19833,O0016484,P0194,1,46.22,34.73
19834,O0016485,P0377,1,5.0,4.05
19835,O0016486,P0033,1,14.27,5.73
19836,O0016487,P0071,1,21.03,10.09
19837,O0016488,P0007,3,16.85,8.37
19838,O0016489,P0009,1,26.79,17.97
19839,O0016490,P0101,1,53.02,37.41
19840,O0016490,P0195,1,21.7,10.33
19841,O0016491,P0026,1,28.14,13.76
19842,O0016492,P0127,1,37.04,28.81
19843,O0016492,P0191,1,12.75,6.74
19844,O0016492,P0127,1,37.04,28.92
19845,O0016493,P0178,1,31.37,24.74
19846,O0016494,P0140,1,42.25,18.57
19847,O0016495,P0050,1,32.64,25.08
19848,O0016496,P0095,1,31.01,12.22
19849,O0016497,P0071,1,21.03,10.08
19850,O0016498,P0183,1,38.0,29.42
19851,O0016499,P0265,1,23.33,16.77
19852,O0016500,P0092,1,31.11,23.7
19853,O0016501,P0093,1,14.24,6.98
19854,O0016502,P0007,1,15.16,8.05
19855,O0016503,P0335,1,24.9,12.43
19856,O0016504,P0341,1,40.7,33.04
19857,O0016505,P0082,1,63.02,39.6
19858,O0016506,P0172,1,39.28,31.98
19859,O0016507,P0233,1,63.03,54.86
19860,O0016508,P0152,1,51.13,38.41
19861,O0016509,P0059,1,23.79,12.29
19862,O0016510,P0340,1,61.25,47.56
19863,O0016511,P0104,1,13.42,6.89
19864,O0016512,P0014,1,20.48,12.81
19865,O0016512,P0202,1,16.35,13.04
19866,O0016513,P0090,1,45.85,25.44
19867,O0016513,P0026,1,28.14,13.53
19868,O0016514,P0297,1,8.01,3.64
19869,O0016514,P0217,1,29.35,12.63
19870,O0016514,P0378,1,23.49,13.19
19871,O0016515,P0029,1,16.97,8.92
19872,O0016516,P0238,1,66.04,35.58
19873,O0016517,P0196,2,11.97,7.86
19874,O0016518,P0172,1,39.28,31.73
19875,O0016518,P0212,3,19.47,8.66
19876,O0016519,P0139,1,13.84,9.86
19877,O0016520,P0183,1,30.35,31.35
19878,O0016521,P0238,1,66.04,34.2
19879,O0016522,P0136,1,5.51,3.63
19880,O0016523,P0136,1,5.51,3.69
19881,O0016524,P0036,1,51.68,22.18
19882,O0016525,P0219,1,22.52,16.76
19883,O0016526,P0099,1,11.25,6.1
19884,O0016527,P0320,1,77.73,46.38
19885,O0016528,P0230,1,36.36,28.28
19886,O0016529,P0139,1,13.84,9.86
19887,O0016530,P0168,1,18.02,12.07
19888,O0016531,P0102,1,34.13,22.22
19889,O0016532,P0289,1,94.61,72.37
19890,O0016533,P0072,1,31.23,19.18
19891,O0016533,P0250,1,99.91,58.49
19892,O0016534,P0122,1,27.74,23.4
19893,O0016535,P0008,1,37.87,18.32
19894,O0016536,P0310,1,38.72,23.93
19895,O0016537,P0324,1,15.13,7.26
19896,O0016538,P0245,1,7.19,3.18
19897,O0016539,P0181,1,19.05,14.01
19898,O0016540,P0325,1,26.29,17.92
19899,O0016541,P0259,1,6.28,3.8
19900,O0016542,P0243,1,23.14,14.11
19901,O0016543,P0253,1,51.65,34.22
19902,O0016544,P0248,1,24.35,21.93
19903,O0016545,P0216,1,33.83,26.58
19904,O0016546,P0159,1,5.0,2.39
19905,O0016546,P0070,1,176.02,92.55
19906,O0016547,P0134,1,20.3,8.81
19907,O0016548,P0327,1,32.14,16.25
19908,O0016548,P0239,1,20.64,19.08
19909,O0016549,P0231,1,8.53,7.28
19910,O0016549,P0131,1,52.63,42.77
19911,O0016550,P0352,1,11.73,7.94
19912,O0016551,P0238,1,66.04,35.04
19913,O0016552,P0257,2,90.28,70.99
19914,O0016553,P0369,1,21.62,16.14
19915,O0016554,P0097,1,109.14,77.39
19916,O0016555,P0376,1,7.37,3.52
19917,O0016556,P0126,1,57.0,29.72
19918,O0016557,P0152,1,46.02,36.83
19919,O0016558,P0096,1,12.46,6.69
19920,O0016559,P0285,1,13.4,5.73
19921,O0016560,P0153,1,133.98,78.41
19922,O0016561,P0054,1,31.91,15.47
19923,O0016562,P0180,1,15.67,12.25
19924,O0016563,P0135,1,156.29,85.01
19925,O0016564,P0047,1,26.3,14.08
19926,O0016565,P0030,1,57.15,37.47
19927,O0016566,P0194,1,46.22,35.36
19928,O0016567,P0399,1,16.13,11.14
19929,O0016568,P0396,3,61.06,35.59
19930,O0016569,P0266,1,52.67,25.99
19931,O0016570,P0230,1,32.72,28.23
19932,O0016571,P0339,2,7.52,3.6
19933,O0016571,P0110,1,12.36,5.04
19934,O0016572,P0328,1,17.65,8.66
19935,O0016573,P0104,1,13.42,7.14
19936,O0016573,P0150,1,14.55,10.63
19937,O0016573,P0178,1,28.23,24.26
19938,O0016574,P0367,1,25.65,17.67
19939,O0016575,P0057,2,13.99,7.02
19940,O0016576,P0011,1,9.61,5.7
19941,O0016577,P0098,1,35.84,18.29
19942,O0016577,P0343,1,16.99,9.02
19943,O0016578,P0001,1,36.5,26.25
19944,O0016579,P0280,1,73.22,55.16
19945,O0016580,P0247,1,84.85,54.76
19946,O0016581,P0013,1,79.24,38.65
19947,O0016582,P0032,1,18.03,15.86
19948,O0016583,P0220,1,36.54,26.89
19949,O0016584,P0044,1,14.64,9.75
19950,O0016585,P0363,1,87.76,75.24
19951,O0016586,P0349,1,19.77,15.65
19952,O0016587,P0389,1,20.01,13.21
19953,O0016588,P0135,1,147.98,86.74
19954,O0016589,P0203,1,16.83,7.65
19955,O0016590,P0075,1,75.36,54.11
19956,O0016590,P0323,1,33.01,28.45
19957,O0016591,P0356,1,81.19,67.9
19958,O0016592,P0238,1,66.04,34.89
19959,O0016593,P0057,1,13.99,7.35
19960,O0016594,P0158,1,42.7,20.95
19961,O0016595,P0369,1,21.62,16.29
19962,O0016595,P0008,1,37.87,18.12
19963,O0016596,P0400,1,32.66,19.06
19964,O0016597,P0164,1,7.78,6.02
19965,O0016598,P0175,1,15.31,7.07
19966,O0016599,P0366,1,22.18,17.45
19967,O0016600,P0236,1,72.46,58.49
19968,O0016601,P0203,1,16.83,7.68
19969,O0016601,P0279,1,7.3,4.64
19970,O0016602,P0173,1,30.72,13.09
19971,O0016603,P0112,1,36.09,29.36
19972,O0016604,P0139,1,13.84,9.82
19973,O0016605,P0356,1,81.19,68.18
19974,O0016606,P0223,1,141.44,76.24
19975,O0016607,P0236,1,56.29,56.87
19976,O0016608,P0093,1,14.24,7.01
19977,O0016609,P0041,1,46.99,38.07
19978,O0016610,P0178,1,31.37,23.8
19979,O0016611,P0033,1,12.84,5.64
19980,O0016612,P0127,1,37.04,30.32
19981,O0016613,P0289,1,73.12,74.37
19982,O0016614,P0165,1,11.19,4.89
19983,O0016615,P0066,1,23.11,12.43
19984,O0016616,P0276,1,20.56,15.77
19985,O0016617,P0363,1,87.76,72.95
19986,O0016618,P0108,1,78.48,49.18
19987,O0016619,P0291,1,26.1,17.48
19988,O0016619,P0030,1,57.15,37.51
19989,O0016620,P0377,1,5.0,4.14
19990,O0016621,P0254,1,5.41,3.59
19991,O0016622,P0262,2,22.84,11.5
19992,O0016623,P0072,1,31.23,18.99
19993,O0016624,P0147,1,36.74,21.27
19994,O0016625,P0384,2,25.72,19.16
19995,O0016626,P0347,1,56.26,25.11
19996,O0016627,P0153,1,133.98,80.18
19997,O0016627,P0024,1,25.85,21.8
19998,O0016628,P0174,1,14.91,8.41
19999,O0016629,P0332,1,18.9,14.5
20000,O0016630,P0331,1,49.25,29.36
20001,O0016631,P0248,1,26.91,20.71
20002,O0016632,P0294,1,21.07,11.88
20003,O0016633,P0332,1,17.01,14.72
20004,O0016634,P0307,1,26.56,17.58
20005,O0016635,P0277,1,12.23,9.06
20006,O0016636,P0377,1,5.0,4.15
20007,O0016637,P0341,1,40.7,34.15
20008,O0016637,P0046,1,85.77,50.16
20009,O0016638,P0240,1,23.19,21.4
20010,O0016638,P0387,1,23.9,15.81
20011,O0016639,P0389,1,15.35,13.26
20012,O0016640,P0157,1,34.99,22.5
20013,O0016641,P0159,1,5.0,2.39
20014,O0016642,P0278,1,15.48,9.55
20015,O0016643,P0315,1,14.56,8.16
20016,O0016644,P0010,1,5.31,2.84
20017,O0016645,P0024,1,28.72,21.9
20018,O0016645,P0182,1,26.95,21.17
20019,O0016646,P0281,1,38.91,25.74
20020,O0016647,P0393,1,7.96,5.62
20021,O0016648,P0286,1,7.86,4.22
20022,O0016649,P0356,1,81.19,65.8
20023,O0016650,P0170,1,9.11,6.16
20024,O0016651,P0015,1,15.87,11.03
20025,O0016652,P0219,1,25.02,17.35
20026,O0016653,P0330,1,17.52,11.4
20027,O0016654,P0243,2,27.01,13.89
20028,O0016654,P0096,1,13.85,6.83
20029,O0016655,P0394,1,13.17,7.72
20030,O0016655,P0001,1,36.5,26.35
20031,O0016656,P0390,1,81.71,50.33
20032,O0016657,P0193,1,61.96,46.58
20033,O0016658,P0362,1,32.19,24.08
20034,O0016659,P0239,1,24.64,19.09
20035,O0016660,P0329,1,33.63,24.32
20036,O0016661,P0147,1,36.74,21.67
20037,O0016661,P0343,1,16.99,8.62
20038,O0016662,P0009,1,29.77,17.5
20039,O0016663,P0218,1,24.78,16.04
20040,O0016664,P0035,1,55.97,42.82
20041,O0016665,P0245,1,7.19,3.28
20042,O0016666,P0256,1,43.56,33.74
20043,O0016667,P0315,1,14.56,8.01
20044,O0016667,P0193,1,61.96,46.74
20045,O0016668,P0201,1,29.84,12.91
20046,O0016669,P0132,1,41.31,23.11
20047,O0016670,P0029,1,16.97,8.99
20048,O0016671,P0368,1,58.87,35.82
20049,O0016672,P0281,1,38.91,24.04
20050,O0016673,P0070,1,176.02,91.04
20051,O0016674,P0367,2,25.65,17.41
20052,O0016675,P0396,1,67.85,34.38
20053,O0016676,P0137,1,16.82,7.71
20054,O0016676,P0035,1,55.97,41.07
20055,O0016677,P0198,1,21.81,10.19
20056,O0016677,P0390,1,70.3,50.59
20057,O0016677,P0145,1,13.01,5.57
20058,O0016678,P0036,1,51.68,21.94
20059,O0016679,P0318,1,15.46,10.95
20060,O0016680,P0229,1,11.96,9.89
20061,O0016681,P0239,1,24.64,18.88
20062,O0016681,P0085,1,47.03,37.31
20063,O0016681,P0019,1,24.27,10.46
20064,O0016682,P0210,1,21.59,13.33
20065,O0016683,P0340,1,61.25,48.16
20066,O0016683,P0398,2,8.95,4.58
20067,O0016684,P0201,1,29.84,12.93
20068,O0016685,P0192,1,130.83,74.08
20069,O0016686,P0353,1,34.15,17.82
20070,O0016687,P0134,1,20.3,8.35
20071,O0016688,P0375,1,19.93,9.14
20072,O0016689,P0135,1,156.29,81.6
20073,O0016690,P0119,1,29.12,24.37
20074,O0016691,P0108,2,78.48,48.21
20075,O0016692,P0378,1,23.49,13.32
20076,O0016693,P0221,1,137.35,94.76
20077,O0016693,P0316,1,25.48,12.14
20078,O0016694,P0188,1,24.95,20.5
20079,O0016695,P0213,1,27.38,22.95
20080,O0016696,P0064,1,33.89,24.01
20081,O0016697,P0319,1,37.48,23.02
20082,O0016698,P0368,2,58.87,33.46
20083,O0016699,P0331,1,49.25,28.97
20084,O0016700,P0097,1,109.14,74.74
20085,O0016701,P0151,1,8.95,7.75
20086,O0016701,P0131,1,52.63,43.24
20087,O0016702,P0206,1,7.96,6.9
20088,O0016703,P0042,1,72.6,44.91
20089,O0016703,P0008,1,34.08,18.33
20090,O0016704,P0356,1,81.19,69.44
20091,O0016705,P0104,1,13.42,6.87
20092,O0016706,P0226,1,16.11,6.9
20093,O0016707,P0105,1,23.07,18.19
20094,O0016708,P0292,1,12.32,9.3
20095,O0016709,P0384,1,25.72,19.02
20096,O0016710,P0091,1,37.25,31.19
20097,O0016711,P0326,1,21.66,16.84
20098,O0016711,P0055,1,26.51,20.58
20099,O0016712,P0311,1,6.67,3.04
20100,O0016713,P0304,1,11.87,9.31
20101,O0016714,P0367,1,25.65,17.01
20102,O0016714,P0258,1,8.13,6.6
20103,O0016714,P0262,1,22.84,11.62
20104,O0016715,P0266,1,43.18,25.36
20105,O0016716,P0315,1,12.3,8.01
20106,O0016717,P0344,1,12.43,9.3
20107,O0016718,P0363,1,87.76,71.17
20108,O0016719,P0056,1,53.25,43.36
20109,O0016720,P0066,1,23.11,11.92
20110,O0016721,P0005,1,74.73,35.86
20111,O0016722,P0177,1,50.38,37.16
20112,O0016723,P0026,1,28.14,14.38
20113,O0016724,P0378,1,23.49,13.26
20114,O0016725,P0344,1,12.43,9.31
20115,O0016726,P0373,1,8.74,6.32
20116,O0016727,P0291,1,26.1,17.52
20117,O0016728,P0283,1,22.15,13.93
20118,O0016729,P0297,1,8.01,3.56
20119,O0016730,P0258,1,8.13,6.7
20120,O0016731,P0349,1,19.77,14.97
20121,O0016732,P0126,1,57.0,30.48
20122,O0016733,P0207,1,13.81,10.55
20123,O0016734,P0253,1,57.21,32.67
20124,O0016735,P0249,1,127.56,99.74
20125,O0016736,P0261,1,5.0,3.55
20126,O0016737,P0176,1,43.57,34.39
20127,O0016738,P0272,1,22.71,19.59
20128,O0016739,P0279,1,7.3,4.45
20129,O0016739,P0322,1,20.85,17.29
20130,O0016740,P0041,1,46.99,37.53
20131,O0016741,P0162,1,7.81,3.38
20132,O0016742,P0054,1,31.91,16.18
20133,O0016743,P0230,1,36.36,29.31
20134,O0016744,P0305,1,15.47,7.56
20135,O0016745,P0041,1,44.3,38.55
20136,O0016746,P0011,1,10.91,6.09
20137,O0016747,P0110,1,12.36,5.06
20138,O0016748,P0352,1,11.73,8.27
20139,O0016749,P0012,1,31.54,17.53
20140,O0016750,P0320,1,77.73,45.17
20141,O0016751,P0170,1,9.11,5.93
20142,O0016752,P0022,2,9.24,6.05
20143,O0016753,P0031,1,31.79,14.34
20144,O0016754,P0114,1,43.43,35.89
20145,O0016755,P0050,1,32.64,25.3
20146,O0016756,P0018,1,14.03,11.7
20147,O0016757,P0311,1,6.67,3.12
20148,O0016758,P0189,1,31.8,26.52
20149,O0016759,P0018,1,19.43,11.74
20150,O0016760,P0182,1,26.95,20.34
20151,O0016761,P0375,2,19.93,9.48
20152,O0016762,P0243,1,27.01,14.05
20153,O0016762,P0010,1,5.31,2.87
20154,O0016762,P0123,1,23.13,20.23
20155,O0016763,P0007,1,16.85,8.22
20156,O0016764,P0245,1,6.77,3.2
20157,O0016765,P0157,1,34.99,21.96
20158,O0016766,P0281,1,38.91,24.67
20159,O0016766,P0284,1,11.42,5.82
20160,O0016767,P0355,1,5.91,3.68
20161,O0016768,P0228,2,110.05,83.71
20162,O0016769,P0156,1,13.93,6.38
20163,O0016769,P0398,1,9.94,4.64
20164,O0016770,P0215,1,22.49,12.22
20165,O0016771,P0217,1,29.35,13.15
20166,O0016772,P0334,1,8.81,6.06
20167,O0016773,P0317,1,54.87,27.77
20168,O0016774,P0146,1,18.2,18.3
20169,O0016775,P0101,1,43.92,37.43
20170,O0016776,P0186,1,47.03,37.93
20171,O0016777,P0357,1,30.69,19.15
20172,O0016778,P0145,1,13.01,5.38
20173,O0016779,P0358,1,9.97,6.75
20174,O0016780,P0364,1,16.3,13.81
20175,O0016781,P0026,1,28.14,13.82
20176,O0016782,P0366,1,22.18,16.93
20177,O0016783,P0324,1,15.13,7.27
20178,O0016784,P0223,1,141.44,76.91
20179,O0016785,P0273,1,14.02,11.56
20180,O0016786,P0246,1,68.18,47.22
20181,O0016787,P0067,1,5.29,2.76
20182,O0016788,P0301,1,25.5,15.07
20183,O0016789,P0056,1,53.25,43.48
20184,O0016790,P0288,1,7.79,8.66
20185,O0016791,P0274,1,29.11,23.74
20186,O0016792,P0332,1,18.9,14.54
20187,O0016793,P0161,1,90.55,64.88
20188,O0016794,P0304,3,11.87,9.7
20189,O0016795,P0142,1,12.68,9.93
20190,O0016796,P0151,1,8.06,7.75
20191,O0016797,P0012,1,31.54,18.14
20192,O0016798,P0092,1,31.11,23.74
20193,O0016799,P0010,1,5.31,2.8
20194,O0016800,P0259,1,6.28,3.93
20195,O0016800,P0025,1,39.86,19.15
20196,O0016801,P0336,1,93.8,76.28
20197,O0016802,P0148,1,49.04,23.65
20198,O0016803,P0394,1,13.17,7.63
20199,O0016804,P0278,2,15.48,9.82
20200,O0016805,P0190,1,22.11,14.92
20201,O0016806,P0193,1,56.79,48.83
20202,O0016807,P0144,1,28.48,14.78
20203,O0016808,P0259,1,6.28,4.0
20204,O0016808,P0321,1,38.93,30.4
20205,O0016809,P0353,2,30.74,17.27
20206,O0016810,P0241,1,17.11,10.43
20207,O0016811,P0321,1,35.04,31.55
20208,O0016812,P0051,1,12.85,10.6
20209,O0016813,P0080,1,25.92,12.32
20210,O0016814,P0225,1,5.0,3.4
20211,O0016815,P0060,1,21.69,19.22
20212,O0016815,P0296,1,113.02,94.0
20213,O0016816,P0198,1,21.81,9.68
20214,O0016817,P0168,1,16.89,11.67
20215,O0016818,P0035,1,55.97,41.43
20216,O0016819,P0385,1,28.75,14.83
20217,O0016820,P0158,1,45.59,20.81
20218,O0016821,P0144,1,28.48,15.4
20219,O0016822,P0400,1,36.29,18.21
20220,O0016822,P0391,1,66.48,31.29
20221,O0016823,P0151,1,8.95,7.31
20222,O0016824,P0012,1,24.63,18.33
20223,O0016825,P0360,1,43.84,35.59
20224,O0016826,P0365,1,11.12,9.63
20225,O0016827,P0164,1,7.78,6.4
20226,O0016828,P0359,1,26.78,18.77
20227,O0016829,P0074,1,37.74,34.07
20228,O0016829,P0311,1,6.67,3.0
20229,O0016829,P0333,1,5.0,3.15
20230,O0016830,P0372,1,6.53,5.46
20231,O0016831,P0254,1,6.01,3.63
20232,O0016831,P0313,1,40.89,19.66
20233,O0016832,P0105,1,23.07,18.59
20234,O0016833,P0304,1,11.87,9.52
20235,O0016834,P0140,1,42.25,18.98
20236,O0016835,P0126,1,57.0,31.81
20237,O0016836,P0086,1,9.16,6.17
20238,O0016837,P0224,1,12.85,6.26
20239,O0016837,P0352,1,11.73,8.27
20240,O0016837,P0064,1,30.5,25.41
20241,O0016838,P0241,1,17.11,10.76
20242,O0016839,P0128,1,37.0,30.92
20243,O0016840,P0226,1,16.11,7.08
20244,O0016841,P0001,1,36.5,27.3
20245,O0016842,P0136,1,5.51,3.82
20246,O0016843,P0061,1,7.91,3.53
20247,O0016844,P0398,1,9.94,4.36
20248,O0016845,P0225,2,5.0,3.25
20249,O0016846,P0257,1,90.28,74.53
20250,O0016847,P0128,1,37.0,31.18
20251,O0016848,P0010,1,5.31,2.78
20252,O0016849,P0012,1,28.39,18.46
20253,O0016850,P0326,1,21.66,16.69
20254,O0016851,P0362,1,35.77,24.7
20255,O0016852,P0049,1,17.38,11.85
20256,O0016852,P0133,1,13.22,8.79
20257,O0016853,P0254,3,6.01,3.55
20258,O0016854,P0378,1,19.36,13.12
20259,O0016855,P0029,1,16.97,8.84
20260,O0016856,P0194,1,41.6,35.14
20261,O0016857,P0369,1,15.83,16.3
20262,O0016858,P0043,1,29.48,24.84
20263,O0016859,P0246,1,68.18,48.0
20264,O0016860,P0264,1,11.57,6.32
20265,O0016861,P0356,1,81.19,65.93
20266,O0016861,P0116,1,23.14,17.91
20267,O0016862,P0362,1,35.77,25.01
20268,O0016863,P0168,1,16.22,11.82
20269,O0016863,P0222,1,13.28,10.78
20270,O0016864,P0387,1,23.9,15.84
20271,O0016864,P0254,1,6.01,3.57
20272,O0016864,P0367,1,25.65,17.09
20273,O0016865,P0348,1,16.31,13.1
20274,O0016866,P0287,1,13.17,6.65
20275,O0016867,P0322,1,20.85,17.81
20276,O0016867,P0204,1,29.54,24.66
20277,O0016867,P0379,1,107.68,43.11
20278,O0016868,P0364,1,16.3,13.66
20279,O0016869,P0332,1,15.56,14.33
20280,O0016870,P0323,1,33.01,26.67
20281,O0016871,P0041,1,46.99,37.99
20282,O0016872,P0083,1,9.51,10.91
20283,O0016873,P0068,1,24.02,9.87
20284,O0016873,P0188,1,24.95,19.65
20285,O0016874,P0359,1,26.78,19.31
20286,O0016875,P0246,1,60.74,48.44
20287,O0016876,P0128,1,37.0,30.69
20288,O0016877,P0349,1,19.77,15.44
20289,O0016878,P0280,1,73.22,53.07
20290,O0016878,P0235,1,6.23,5.24
20291,O0016879,P0195,1,24.29,10.54
20292,O0016880,P0222,1,13.28,10.9
20293,O0016881,P0365,1,10.01,9.62
20294,O0016882,P0173,1,30.72,13.11
20295,O0016883,P0204,1,29.54,25.38
20296,O0016883,P0203,1,16.83,7.45
20297,O0016884,P0265,1,23.33,16.53
20298,O0016885,P0383,1,192.23,85.54
20299,O0016886,P0272,1,25.23,19.55
20300,O0016887,P0234,1,16.86,8.25
20301,O0016888,P0310,1,38.72,23.66
20302,O0016889,P0389,1,20.01,13.07
20303,O0016890,P0004,1,20.34,16.39
20304,O0016891,P0201,1,29.84,12.97
20305,O0016892,P0059,1,31.09,12.89
20306,O0016893,P0243,1,27.01,14.0
20307,O0016894,P0389,1,20.01,13.04
20308,O0016895,P0352,3,11.73,7.99
20309,O0016896,P0006,2,45.33,37.6
20310,O0016897,P0240,1,25.47,21.38
20311,O0016898,P0375,1,19.93,9.56
20312,O0016899,P0064,1,33.89,23.87
20313,O0016900,P0304,1,9.86,9.45
20314,O0016901,P0066,1,23.11,11.8
20315,O0016902,P0092,1,31.11,23.91
20316,O0016903,P0270,1,10.72,6.2
20317,O0016903,P0320,1,77.73,46.19
20318,O0016903,P0191,1,12.75,7.06
20319,O0016904,P0083,1,13.11,10.65
20320,O0016904,P0182,1,26.95,20.16
20321,O0016905,P0141,1,25.44,16.41
20322,O0016906,P0198,1,21.81,9.88
20323,O0016907,P0303,1,20.26,17.56
20324,O0016908,P0086,1,9.16,6.08
20325,O0016908,P0018,1,19.43,12.13
20326,O0016909,P0217,1,29.35,12.73
20327,O0016910,P0333,1,5.0,3.11
20328,O0016910,P0239,1,24.64,19.17
20329,O0016910,P0224,1,12.85,6.28
20330,O0016911,P0320,1,69.96,45.23
20331,O0016912,P0340,1,61.25,46.28
20332,O0016913,P0160,1,10.81,6.32
20333,O0016914,P0211,1,24.17,10.48
20334,O0016915,P0146,1,22.38,19.42
20335,O0016916,P0002,2,21.96,14.5
20336,O0016916,P0399,1,16.13,11.27
20337,O0016917,P0061,1,7.91,3.55
20338,O0016917,P0230,1,36.36,29.03
20339,O0016917,P0360,1,43.84,35.86
20340,O0016918,P0378,1,23.49,13.3
20341,O0016919,P0265,1,23.33,16.42
20342,O0016920,P0005,1,86.78,36.8
20343,O0016921,P0093,1,14.24,6.8
20344,O0016922,P0202,1,16.35,12.95
20345,O0016923,P0345,1,25.98,19.05
20346,O0016923,P0329,1,33.63,24.08
20347,O0016924,P0121,1,12.1,8.53
20348,O0016925,P0170,1,9.11,5.79
20349,O0016925,P0116,1,23.14,18.52
20350,O0016926,P0368,1,58.87,34.76
20351,O0016927,P0189,1,31.8,26.39
20352,O0016928,P0238,1,66.04,36.05
20353,O0016929,P0351,1,44.95,32.49
20354,O0016930,P0206,1,6.19,6.78
20355,O0016930,P0257,1,81.16,74.4
20356,O0016930,P0127,1,34.9,29.11
20357,O0016931,P0271,1,118.13,49.92
20358,O0016932,P0247,1,84.85,52.97
20359,O0016933,P0018,1,19.43,11.58
20360,O0016934,P0181,1,21.72,13.92
20361,O0016934,P0393,1,7.96,5.48
20362,O0016935,P0335,1,24.9,12.79
20363,O0016935,P0027,1,22.36,12.99
20364,O0016936,P0177,1,50.38,37.06
20365,O0016937,P0256,1,43.56,32.69
20366,O0016938,P0369,1,21.62,16.39
20367,O0016938,P0398,1,9.94,4.51
20368,O0016939,P0331,1,49.25,29.12
20369,O0016940,P0149,1,16.78,11.4
20370,O0016941,P0203,2,16.83,7.68
20371,O0016942,P0196,1,11.97,7.93
20372,O0016942,P0388,1,15.88,6.96
20373,O0016943,P0371,1,10.92,6.97
20374,O0016944,P0343,1,16.99,8.9
20375,O0016945,P0104,1,10.74,7.09
20376,O0016946,P0142,1,14.57,10.41
20377,O0016947,P0054,1,31.91,16.02
20378,O0016948,P0285,1,9.68,5.63
20379,O0016949,P0290,1,49.67,30.99
20380,O0016950,P0394,1,13.17,7.8
20381,O0016951,P0198,1,21.81,10.07
20382,O0016952,P0075,1,75.36,51.27
20383,O0016953,P0136,1,5.51,3.77
20384,O0016953,P0108,1,78.48,48.23
20385,O0016954,P0222,1,13.28,11.22
20386,O0016955,P0077,1,11.11,4.63
20387,O0016955,P0173,1,26.28,13.92
20388,O0016956,P0136,1,5.51,3.62
20389,O0016957,P0091,1,37.25,29.81
20390,O0016958,P0373,1,8.74,6.55
20391,O0016958,P0318,1,15.46,11.44
20392,O0016958,P0223,1,141.44,74.55
20393,O0016959,P0215,1,22.49,12.03
20394,O0016960,P0334,1,8.02,5.81
20395,O0016961,P0063,1,21.56,13.43
20396,O0016962,P0115,1,35.82,29.73
20397,O0016963,P0218,1,24.78,15.77
20398,O0016964,P0367,1,25.65,17.79
20399,O0016965,P0395,1,51.86,21.17
20400,O0016966,P0059,1,26.87,12.94
20401,O0016966,P0183,1,32.59,29.91
20402,O0016967,P0241,1,17.11,10.23
20403,O0016967,P0201,1,29.84,13.55
20404,O0016968,P0047,1,26.3,13.97
20405,O0016969,P0162,2,7.81,3.26
20406,O0016970,P0047,1,26.3,14.42
20407,O0016971,P0348,1,16.31,12.95
20408,O0016972,P0203,2,16.83,7.53
20409,O0016972,P0104,1,13.42,7.17
20410,O0016973,P0277,1,16.05,8.94
20411,O0016974,P0107,1,24.79,16.6
20412,O0016975,P0126,1,57.0,31.4
20413,O0016976,P0225,1,5.0,3.29
20414,O0016977,P0109,2,40.47,21.24
20415,O0016978,P0360,1,43.84,36.54
20416,O0016979,P0265,1,23.33,16.11
20417,O0016980,P0225,1,5.0,3.39
20418,O0016981,P0239,1,24.64,19.1
20419,O0016982,P0274,1,29.11,23.35
20420,O0016983,P0385,1,28.75,14.78
20421,O0016984,P0173,1,30.72,13.35
20422,O0016985,P0154,1,56.03,29.84
20423,O0016986,P0044,1,14.64,9.72
20424,O0016987,P0134,1,20.3,8.71
20425,O0016987,P0165,1,10.44,5.06
20426,O0016988,P0036,1,36.61,23.28
20427,O0016989,P0017,1,15.17,10.83
20428,O0016990,P0036,1,51.68,23.22
20429,O0016991,P0256,1,43.56,32.41
20430,O0016992,P0193,1,61.96,46.24
20431,O0016993,P0118,1,7.3,4.04
20432,O0016994,P0108,1,78.48,49.58
20433,O0016995,P0148,1,49.04,23.31
20434,O0016996,P0311,1,6.67,3.05
20435,O0016997,P0154,1,56.03,30.05
20436,O0016998,P0316,1,22.93,11.5
20437,O0016999,P0303,1,20.26,17.71
20438,O0017000,P0322,1,20.85,18.25
20439,O0017001,P0035,1,55.97,41.86
20440,O0017002,P0035,1,55.97,43.43
20441,O0017002,P0023,3,8.48,6.97
20442,O0017003,P0072,1,31.23,19.31
20443,O0017004,P0332,1,18.9,14.43
20444,O0017005,P0056,1,53.25,44.91
20445,O0017006,P0374,1,7.84,5.2
20446,O0017007,P0296,1,113.02,97.56
20447,O0017008,P0162,1,7.81,3.27
20448,O0017009,P0315,1,14.56,8.26
20449,O0017010,P0013,1,79.24,39.02
20450,O0017011,P0244,1,37.02,25.83
20451,O0017012,P0053,1,51.03,39.53
20452,O0017013,P0301,1,25.5,14.63
20453,O0017014,P0363,1,87.76,73.64
20454,O0017015,P0382,1,10.12,8.68
20455,O0017016,P0390,1,73.54,49.51
20456,O0017017,P0152,1,51.13,38.94
20457,O0017018,P0261,1,5.0,3.44
20458,O0017019,P0321,1,38.93,30.11
20459,O0017020,P0194,1,46.22,36.0
20460,O0017020,P0051,1,12.85,10.6
20461,O0017020,P0163,1,77.71,49.09
20462,O0017021,P0170,1,9.11,5.97
20463,O0017022,P0275,1,22.42,16.85
20464,O0017023,P0387,1,23.9,15.94
20465,O0017024,P0382,1,10.12,8.73
20466,O0017024,P0048,1,19.31,12.0
20467,O0017024,P0179,1,12.64,9.54
20468,O0017025,P0046,1,85.77,50.99
20469,O0017026,P0089,1,30.2,16.88
20470,O0017027,P0338,1,5.0,3.38
20471,O0017028,P0123,1,25.7,20.65
20472,O0017029,P0244,1,37.02,25.56
20473,O0017030,P0120,1,9.06,6.73
20474,O0017031,P0025,1,44.29,19.2
20475,O0017032,P0278,1,15.48,9.41
20476,O0017033,P0052,1,16.42,12.54
20477,O0017034,P0345,1,25.98,20.14
20478,O0017035,P0188,1,24.95,19.8
20479,O0017035,P0240,1,25.47,21.82
20480,O0017036,P0361,1,9.81,8.45
20481,O0017037,P0147,1,36.74,21.66
20482,O0017038,P0390,1,81.71,48.34
20483,O0017039,P0257,1,90.28,70.56
20484,O0017039,P0233,1,45.7,54.85
20485,O0017040,P0087,1,6.78,3.0
20486,O0017041,P0162,1,7.81,3.24
20487,O0017042,P0231,1,8.53,6.97
20488,O0017043,P0052,1,16.42,12.43
20489,O0017044,P0038,1,19.16,13.02
20490,O0017045,P0151,1,8.95,7.72
20491,O0017046,P0222,1,13.28,10.95
20492,O0017047,P0116,1,23.14,18.41
20493,O0017048,P0393,1,7.96,5.41
20494,O0017048,P0291,1,26.1,17.56
20495,O0017049,P0241,1,17.11,10.29
20496,O0017050,P0119,1,29.12,24.6
20497,O0017050,P0018,1,19.43,11.66
20498,O0017051,P0131,1,52.63,41.52
20499,O0017052,P0193,1,61.96,46.91
20500,O0017053,P0162,1,7.81,3.26
20501,O0017054,P0132,1,31.87,23.49
20502,O0017055,P0227,1,32.25,17.92
20503,O0017056,P0131,1,52.63,41.31
20504,O0017057,P0391,1,66.48,32.36
20505,O0017058,P0305,1,15.47,7.43
20506,O0017059,P0164,1,7.78,6.07
20507,O0017060,P0223,1,141.44,77.26
20508,O0017060,P0118,1,7.3,4.13
20509,O0017060,P0107,1,24.79,16.33
20510,O0017061,P0097,1,109.14,77.09
20511,O0017062,P0302,1,12.62,10.85
20512,O0017063,P0175,1,15.31,7.23
20513,O0017064,P0036,1,51.68,22.06
20514,O0017065,P0097,1,109.14,75.47
20515,O0017066,P0152,1,51.13,38.45
20516,O0017067,P0181,2,24.13,14.34
20517,O0017068,P0135,1,156.29,82.85
20518,O0017069,P0116,1,23.14,18.97
20519,O0017070,P0083,1,13.11,10.8
20520,O0017071,P0208,1,18.61,13.45
20521,O0017072,P0271,1,118.13,51.49
20522,O0017073,P0211,1,24.17,10.6
20523,O0017074,P0142,1,13.34,10.46
20524,O0017075,P0202,1,16.35,12.7
20525,O0017076,P0343,1,16.99,9.12
20526,O0017077,P0257,1,81.25,74.06
20527,O0017078,P0295,1,51.47,28.92
20528,O0017079,P0357,2,30.69,19.98
20529,O0017080,P0099,1,11.25,6.44
20530,O0017081,P0223,1,141.44,74.18
20531,O0017082,P0128,1,37.0,31.38
20532,O0017083,P0133,1,13.22,8.8
20533,O0017084,P0358,1,9.97,6.81
20534,O0017085,P0134,2,20.3,8.69
20535,O0017086,P0016,1,26.81,12.74
20536,O0017087,P0100,1,46.05,34.9
20537,O0017088,P0013,1,79.24,39.06
20538,O0017089,P0068,1,24.02,10.34
20539,O0017090,P0387,1,23.9,16.21
20540,O0017091,P0096,1,13.85,6.63
20541,O0017092,P0260,1,23.47,20.28
20542,O0017092,P0244,1,34.21,26.73
20543,O0017093,P0334,1,8.37,5.9
20544,O0017094,P0219,1,25.02,17.13
20545,O0017094,P0396,1,67.85,33.76
20546,O0017094,P0388,1,15.88,7.1
20547,O0017095,P0183,1,38.0,31.17
20548,O0017096,P0186,1,47.03,39.44
20549,O0017097,P0256,1,43.56,33.53
20550,O0017098,P0202,1,16.35,12.44
20551,O0017099,P0235,1,6.23,5.38
20552,O0017100,P0393,1,7.96,5.56
20553,O0017101,P0171,1,21.73,18.0
20554,O0017102,P0214,1,12.66,8.55
20555,O0017103,P0022,1,9.24,5.98
20556,O0017104,P0056,1,53.25,44.03
20557,O0017104,P0348,2,16.31,12.62
20558,O0017105,P0286,1,7.86,4.27
20559,O0017105,P0389,1,20.01,12.7
20560,O0017106,P0096,1,13.85,6.46
20561,O0017107,P0048,1,19.31,11.96
20562,O0017108,P0089,1,30.2,16.88
20563,O0017109,P0273,1,14.02,11.53
20564,O0017110,P0256,1,43.56,33.0
20565,O0017111,P0358,1,9.97,6.7
20566,O0017112,P0242,1,40.38,18.65
20567,O0017112,P0390,1,81.71,48.65
20568,O0017113,P0143,1,5.0,3.93
20569,O0017114,P0370,1,17.44,7.26
20570,O0017115,P0049,1,18.52,12.5
20571,O0017115,P0331,1,49.25,29.54
20572,O0017116,P0216,2,33.83,27.22
20573,O0017117,P0336,1,93.8,76.72
20574,O0017118,P0199,1,34.14,23.14
20575,O0017119,P0046,1,85.77,52.51
20576,O0017120,P0289,1,94.61,71.34
20577,O0017120,P0023,1,8.48,7.42
20578,O0017121,P0264,1,11.57,6.47
20579,O0017122,P0197,1,53.52,31.18
20580,O0017122,P0141,1,25.44,16.56
20581,O0017123,P0310,1,38.72,23.34
20582,O0017124,P0068,1,24.02,10.24
20583,O0017124,P0394,1,9.24,7.85
20584,O0017125,P0100,1,34.54,34.15
20585,O0017126,P0245,1,7.19,3.3
20586,O0017127,P0028,1,19.28,10.43
20587,O0017128,P0282,1,31.47,20.08
20588,O0017129,P0085,1,47.03,35.58
20589,O0017130,P0324,1,15.13,7.27
20590,O0017131,P0292,1,11.27,9.31
20591,O0017131,P0217,1,29.35,13.06
20592,O0017132,P0349,1,19.77,15.51
20593,O0017133,P0073,1,61.21,31.08
20594,O0017134,P0273,1,14.02,11.34
20595,O0017135,P0078,1,15.6,10.29
20596,O0017136,P0268,1,13.01,5.75
20597,O0017136,P0154,1,56.03,29.57
20598,O0017137,P0128,1,37.0,30.91
20599,O0017138,P0358,1,9.97,6.99
20600,O0017139,P0177,1,50.38,36.39
20601,O0017140,P0154,1,56.03,29.12
20602,O0017140,P0236,1,72.46,56.72
20603,O0017140,P0135,1,156.29,84.98
20604,O0017141,P0153,2,133.98,80.96
20605,O0017142,P0140,1,42.25,19.24
20606,O0017143,P0217,1,29.35,12.57
20607,O0017144,P0228,1,110.05,86.2
20608,O0017145,P0023,1,8.48,7.4
20609,O0017145,P0369,1,19.46,16.62
20610,O0017145,P0136,1,5.51,3.8
20611,O0017146,P0167,1,25.94,21.04
20612,O0017147,P0249,1,127.56,102.58
20613,O0017148,P0390,2,81.71,48.43
20614,O0017149,P0382,1,10.12,8.93
20615,O0017150,P0001,3,36.5,27.18
20616,O0017151,P0352,1,11.73,8.37
20617,O0017152,P0253,1,57.21,32.77
20618,O0017153,P0367,1,25.65,16.9
20619,O0017154,P0098,2,35.84,17.89
20620,O0017155,P0308,1,44.75,23.11
20621,O0017156,P0220,1,36.54,25.98
20622,O0017157,P0179,1,12.64,9.78
20623,O0017158,P0196,2,11.97,7.7
20624,O0017159,P0349,1,19.77,15.06
20625,O0017160,P0114,1,43.43,35.95
20626,O0017161,P0389,1,20.01,12.84
20627,O0017162,P0313,1,40.89,19.31
20628,O0017163,P0125,2,58.35,33.46
20629,O0017164,P0116,2,23.14,18.63
20630,O0017165,P0298,1,38.49,18.03
20631,O0017166,P0079,1,7.1,4.96
20632,O0017167,P0099,1,8.25,6.29
20633,O0017168,P0078,1,14.04,10.33
20634,O0017168,P0119,1,29.12,23.91
20635,O0017169,P0072,1,31.23,19.83
20636,O0017170,P0063,2,21.56,13.82
20637,O0017170,P0025,1,44.29,19.18
20638,O0017171,P0298,1,38.49,18.45
20639,O0017172,P0279,1,7.3,4.48
20640,O0017172,P0204,1,29.54,25.96
20641,O0017173,P0230,1,36.36,28.45
20642,O0017174,P0235,2,4.73,5.28
20643,O0017174,P0019,1,24.27,10.44
20644,O0017175,P0126,1,57.0,30.02
20645,O0017176,P0098,1,35.84,18.42
20646,O0017177,P0254,1,5.5,3.63
20647,O0017178,P0151,2,8.95,7.64
20648,O0017178,P0390,2,81.71,50.53
20649,O0017178,P0019,1,24.27,10.46
20650,O0017179,P0363,1,87.76,74.63
20651,O0017180,P0258,1,8.13,6.8
20652,O0017181,P0285,1,13.4,5.39
20653,O0017182,P0315,1,14.56,8.29
20654,O0017183,P0193,1,61.96,49.08
20655,O0017184,P0380,1,60.42,43.41
20656,O0017184,P0160,1,10.81,6.63
20657,O0017185,P0246,1,68.18,47.35
20658,O0017186,P0062,1,17.52,10.06
20659,O0017187,P0233,1,63.03,55.16
20660,O0017188,P0146,1,20.88,19.44
20661,O0017189,P0242,1,40.38,18.99
20662,O0017190,P0044,1,14.64,9.86
20663,O0017191,P0327,1,32.14,16.16
20664,O0017192,P0229,1,11.96,9.57
20665,O0017193,P0087,1,6.78,3.12
20666,O0017194,P0155,1,67.59,28.58
20667,O0017195,P0230,1,33.48,27.95
20668,O0017196,P0015,1,15.87,11.15
20669,O0017197,P0084,1,18.96,14.87
20670,O0017198,P0146,1,22.38,19.3
20671,O0017199,P0235,1,6.23,5.37
20672,O0017199,P0053,1,51.03,40.41
20673,O0017200,P0047,1,26.3,14.05
20674,O0017201,P0355,1,5.91,3.57
20675,O0017201,P0120,1,9.06,6.42
20676,O0017201,P0213,1,31.76,24.05
20677,O0017202,P0392,1,5.0,2.49
20678,O0017202,P0273,1,14.02,11.41
20679,O0017203,P0125,1,58.35,33.61
20680,O0017204,P0169,1,87.25,54.9
20681,O0017205,P0079,1,7.1,4.88
20682,O0017206,P0085,1,47.03,35.9
20683,O0017207,P0347,1,56.26,24.8
20684,O0017208,P0177,2,50.38,37.31
20685,O0017209,P0345,1,25.98,19.51
20686,O0017210,P0269,1,22.52,11.04
20687,O0017211,P0124,1,8.55,7.47
20688,O0017212,P0387,1,23.9,16.04
20689,O0017213,P0025,1,44.29,19.94
20690,O0017214,P0014,1,20.48,12.69
20691,O0017215,P0250,1,99.91,60.92
20692,O0017215,P0351,1,40.46,31.99
20693,O0017215,P0138,1,52.76,37.49
20694,O0017216,P0072,1,31.23,19.96
20695,O0017217,P0272,1,22.71,19.59
20696,O0017218,P0338,1,5.0,3.49
20697,O0017219,P0335,1,24.9,12.82
20698,O0017220,P0257,1,90.28,74.66
20699,O0017221,P0248,1,26.91,21.13
20700,O0017222,P0291,1,26.1,17.53
20701,O0017222,P0148,1,49.04,24.18
20702,O0017223,P0338,1,3.64,3.4
20703,O0017224,P0003,1,18.31,8.58
20704,O0017225,P0272,1,25.23,19.13
20705,O0017226,P0231,1,8.53,7.09
20706,O0017226,P0085,1,34.72,36.24
20707,O0017226,P0110,1,12.36,5.06
20708,O0017227,P0299,1,14.58,7.11
20709,O0017228,P0166,1,35.51,24.92
20710,O0017228,P0282,1,31.47,20.35
20711,O0017228,P0386,2,19.67,10.86
20712,O0017229,P0099,1,11.25,6.19
20713,O0017230,P0280,1,73.22,54.15
20714,O0017231,P0030,1,57.15,37.05
20715,O0017232,P0096,1,13.85,6.69
20716,O0017233,P0040,1,21.15,11.47
20717,O0017234,P0243,1,27.01,14.1
20718,O0017234,P0269,1,22.52,11.43
20719,O0017234,P0278,1,15.48,9.84
20720,O0017235,P0150,1,14.55,10.87
20721,O0017236,P0286,1,7.86,4.29
20722,O0017237,P0104,1,13.42,7.18
20723,O0017237,P0090,1,45.85,26.5
20724,O0017238,P0115,1,35.82,30.76
20725,O0017239,P0254,1,6.01,3.63
20726,O0017240,P0399,1,16.13,11.08
20727,O0017241,P0300,1,16.61,8.96
20728,O0017241,P0227,1,32.25,17.77
20729,O0017241,P0031,1,31.79,13.84
20730,O0017242,P0103,1,20.16,10.64
20731,O0017242,P0135,1,140.66,85.55
20732,O0017242,P0223,1,141.44,75.55
20733,O0017243,P0081,1,11.76,9.94
20734,O0017244,P0264,2,11.57,6.37
20735,O0017245,P0161,1,90.55,63.31
20736,O0017245,P0211,1,24.17,10.56
20737,O0017246,P0218,1,24.78,15.96
20738,O0017247,P0357,1,30.69,19.54
20739,O0017248,P0363,1,87.76,75.46
20740,O0017249,P0265,1,23.33,17.1
20741,O0017250,P0245,1,7.19,3.22
20742,O0017251,P0347,1,56.26,24.95
20743,O0017251,P0300,1,16.61,8.69
20744,O0017252,P0196,1,10.77,8.1
20745,O0017253,P0065,1,30.15,24.91
20746,O0017254,P0263,1,32.89,15.66
20747,O0017255,P0063,1,21.56,14.28
20748,O0017256,P0040,1,21.15,11.74
20749,O0017257,P0150,1,14.55,10.84
20750,O0017257,P0015,1,15.87,11.14
20751,O0017257,P0357,1,30.69,19.47
20752,O0017258,P0239,1,24.64,19.12
20753,O0017259,P0124,2,9.83,7.23
20754,O0017260,P0095,1,31.01,12.25
20755,O0017261,P0295,1,51.47,29.34
20756,O0017262,P0207,1,13.81,10.3
20757,O0017263,P0131,1,45.76,42.49
20758,O0017264,P0074,1,44.77,33.48
20759,O0017265,P0123,2,23.2,21.33
20760,O0017266,P0198,1,21.81,9.88
20761,O0017267,P0116,1,23.14,18.37
20762,O0017268,P0296,1,113.02,99.49
20763,O0017269,P0072,1,31.23,19.58
20764,O0017270,P0007,1,16.85,8.3
20765,O0017271,P0276,1,20.56,15.04
20766,O0017272,P0089,1,30.2,17.42
20767,O0017273,P0013,1,79.24,39.86
20768,O0017274,P0352,1,11.73,7.94
20769,O0017275,P0179,1,12.64,9.19
20770,O0017276,P0300,1,16.61,8.9
20771,O0017276,P0230,1,32.72,29.12
20772,O0017277,P0180,1,15.67,12.24
20773,O0017277,P0218,1,24.78,16.6
20774,O0017278,P0295,1,51.47,28.62
20775,O0017279,P0061,1,7.91,3.61
20776,O0017279,P0087,1,5.57,3.0
20777,O0017280,P0108,1,78.48,48.93
20778,O0017281,P0139,1,12.87,9.81
20779,O0017281,P0303,1,20.26,16.78
20780,O0017281,P0277,1,12.94,8.97
20781,O0017282,P0180,1,15.67,12.13
20782,O0017283,P0144,1,28.48,15.07
20783,O0017284,P0172,1,39.28,31.52
20784,O0017285,P0183,1,38.0,31.19
20785,O0017286,P0091,1,37.25,31.14
20786,O0017287,P0064,1,33.89,24.14
20787,O0017288,P0144,1,28.48,14.61
20788,O0017289,P0284,1,11.42,5.94
20789,O0017290,P0075,1,65.46,52.93
20790,O0017291,P0278,1,12.85,9.42
20791,O0017292,P0218,1,24.78,15.79
20792,O0017292,P0365,1,11.12,9.61
20793,O0017293,P0388,1,15.88,7.15
20794,O0017294,P0186,1,47.03,37.69
20795,O0017295,P0150,1,14.55,10.93
20796,O0017296,P0311,2,6.67,3.01
20797,O0017297,P0090,1,36.17,25.88
20798,O0017298,P0075,1,75.36,51.06
20799,O0017299,P0346,1,16.74,13.66
20800,O0017300,P0161,1,90.55,64.23
20801,O0017301,P0203,1,16.83,7.27
20802,O0017301,P0062,1,17.52,9.71
20803,O0017301,P0047,1,26.3,14.78
20804,O0017302,P0169,1,87.25,53.18
20805,O0017303,P0374,1,8.71,5.49
20806,O0017304,P0002,1,21.96,14.64
20807,O0017305,P0285,1,13.4,5.38
20808,O0017305,P0140,1,42.25,18.35
20809,O0017305,P0067,1,5.29,2.79
20810,O0017306,P0077,1,11.11,4.74
20811,O0017307,P0311,1,6.67,3.12
20812,O0017308,P0192,1,130.83,73.4
20813,O0017309,P0338,1,5.0,3.51
20814,O0017310,P0124,1,9.83,7.13
20815,O0017311,P0388,2,13.07,6.82
20816,O0017312,P0221,1,137.35,92.34
20817,O0017313,P0271,1,118.13,51.45
20818,O0017314,P0217,1,29.35,12.79
20819,O0017314,P0330,1,17.52,11.16
20820,O0017315,P0270,1,10.72,6.35
20821,O0017316,P0179,1,12.64,9.21
20822,O0017316,P0255,1,19.78,13.03
20823,O0017316,P0234,1,16.86,7.82
20824,O0017317,P0203,2,16.83,7.73
20825,O0017318,P0114,1,43.43,36.14
20826,O0017319,P0180,2,15.67,12.54
20827,O0017320,P0300,1,16.61,8.91
20828,O0017321,P0043,1,32.76,24.65
20829,O0017322,P0156,1,13.93,6.35
20830,O0017323,P0023,1,8.48,7.27
20831,O0017324,P0177,1,50.38,38.39
20832,O0017325,P0286,1,7.86,4.31
20833,O0017325,P0283,1,22.15,14.51
20834,O0017325,P0329,1,33.63,23.87
20835,O0017326,P0199,1,34.14,23.23
20836,O0017327,P0360,1,43.84,37.0
20837,O0017328,P0029,1,16.97,8.79
20838,O0017329,P0386,1,21.86,10.47
20839,O0017330,P0136,1,5.51,3.79
20840,O0017331,P0393,1,7.96,5.62
20841,O0017331,P0097,1,80.47,78.92
20842,O0017331,P0362,1,30.58,24.58
20843,O0017332,P0326,1,21.66,17.32
20844,O0017332,P0006,1,45.33,37.5
20845,O0017332,P0302,1,12.62,10.86
20846,O0017333,P0017,1,15.17,11.27
20847,O0017334,P0257,1,90.28,74.66
20848,O0017335,P0375,1,19.93,9.14
20849,O0017336,P0300,1,16.61,8.79
20850,O0017337,P0201,1,26.86,13.51
20851,O0017338,P0079,1,7.1,5.11
20852,O0017339,P0158,1,45.59,19.98
20853,O0017340,P0310,1,38.72,23.23
20854,O0017341,P0087,1,6.78,2.99
20855,O0017342,P0211,1,24.17,10.35
20856,O0017342,P0023,1,8.48,7.09
20857,O0017342,P0207,1,13.81,10.17
20858,O0017343,P0158,1,45.59,19.99
20859,O0017344,P0153,1,112.89,81.22
20860,O0017345,P0088,1,28.44,23.51
20861,O0017346,P0276,1,20.56,15.11
20862,O0017347,P0352,1,11.73,8.0
20863,O0017348,P0079,1,7.1,4.82
20864,O0017349,P0128,1,37.0,29.43
20865,O0017349,P0312,1,25.49,18.01
20866,O0017350,P0191,1,12.75,6.68
20867,O0017351,P0388,2,15.88,7.12
20868,O0017352,P0133,1,13.22,8.69
20869,O0017353,P0320,1,77.73,45.21
20870,O0017354,P0287,1,13.82,6.66
20871,O0017355,P0351,1,44.95,32.65
20872,O0017356,P0082,1,84.77,40.97
20873,O0017357,P0086,1,9.16,6.23
20874,O0017358,P0234,1,16.86,8.13
20875,O0017359,P0038,1,19.16,12.82
20876,O0017359,P0075,1,67.82,51.51
20877,O0017360,P0368,1,58.87,34.52
20878,O0017361,P0032,1,18.03,15.54
20879,O0017362,P0341,1,40.7,32.77
20880,O0017362,P0322,1,20.85,17.46
20881,O0017363,P0306,1,44.89,32.1
20882,O0017364,P0062,1,17.52,9.83
20883,O0017365,P0339,1,7.52,3.64
20884,O0017366,P0251,1,41.11,30.33
20885,O0017367,P0348,1,16.31,12.62
20886,O0017368,P0186,1,47.03,37.15
20887,O0017369,P0369,1,21.62,17.01
20888,O0017370,P0239,1,24.64,18.9
20889,O0017371,P0154,1,56.03,29.18
20890,O0017371,P0185,1,47.48,21.14
20891,O0017372,P0046,1,85.77,49.81
20892,O0017372,P0096,1,13.85,6.63
20893,O0017372,P0108,1,67.31,49.24
20894,O0017373,P0280,1,73.22,54.06
20895,O0017373,P0147,1,33.07,22.37
20896,O0017374,P0349,1,19.77,15.6
20897,O0017375,P0174,1,14.91,8.28
20898,O0017375,P0362,1,35.77,24.93
20899,O0017375,P0304,1,11.87,9.7
20900,O0017376,P0185,3,47.48,21.88
20901,O0017377,P0102,2,30.72,23.01
20902,O0017378,P0262,1,22.84,11.55
20903,O0017379,P0050,1,32.64,24.31
20904,O0017380,P0140,1,42.25,18.84
20905,O0017380,P0341,1,40.7,33.92
20906,O0017381,P0095,1,31.01,12.54
20907,O0017382,P0299,1,14.58,7.04
20908,O0017383,P0226,1,16.11,6.9
20909,O0017384,P0199,1,34.14,24.07
20910,O0017385,P0019,1,24.27,9.95
20911,O0017386,P0165,1,8.45,4.81
20912,O0017387,P0180,1,15.67,11.95
20913,O0017388,P0039,1,16.72,8.89
20914,O0017389,P0325,2,26.29,17.43
20915,O0017390,P0219,1,22.41,17.58
20916,O0017391,P0341,1,36.63,33.65
20917,O0017392,P0304,1,11.87,9.74
20918,O0017393,P0253,1,57.21,34.4
20919,O0017394,P0277,1,16.05,9.27
20920,O0017395,P0141,1,25.44,16.27
20921,O0017396,P0270,1,10.72,6.16
20922,O0017397,P0274,1,24.23,23.84
20923,O0017398,P0376,1,7.37,3.53
20924,O0017399,P0083,1,13.11,10.77
20925,O0017400,P0267,1,16.05,7.64
20926,O0017401,P0249,1,127.56,104.92
20927,O0017401,P0149,1,16.78,10.87
20928,O0017402,P0341,1,40.7,34.07
20929,O0017403,P0020,1,10.53,8.74
20930,O0017404,P0229,1,11.96,10.13
20931,O0017405,P0014,1,16.61,13.35
20932,O0017406,P0253,1,57.21,32.36
20933,O0017407,P0050,1,32.64,25.16
20934,O0017408,P0376,1,7.37,3.67
20935,O0017409,P0381,1,19.78,9.0
20936,O0017410,P0197,1,53.52,31.25
20937,O0017411,P0023,1,8.48,7.3
20938,O0017412,P0049,1,20.58,11.82
20939,O0017413,P0352,3,11.73,8.48
20940,O0017413,P0129,1,37.04,29.37
20941,O0017413,P0102,1,34.13,23.15
20942,O0017414,P0361,1,13.03,8.95
20943,O0017415,P0339,1,7.52,3.55
20944,O0017416,P0366,1,22.18,18.0
20945,O0017417,P0047,1,20.27,14.54
20946,O0017418,P0017,1,15.17,10.56
20947,O0017419,P0132,1,41.31,22.57
20948,O0017420,P0060,1,30.23,18.94
20949,O0017420,P0153,1,133.98,82.3
20950,O0017420,P0034,1,40.02,32.19
20951,O0017421,P0051,1,9.68,10.96
20952,O0017422,P0205,1,7.7,6.17
20953,O0017423,P0353,1,34.15,18.17
20954,O0017424,P0108,1,78.48,50.05
20955,O0017425,P0394,1,13.17,8.02
20956,O0017426,P0057,1,13.99,7.02
20957,O0017427,P0027,1,22.36,13.47
20958,O0017428,P0203,1,16.83,7.38
20959,O0017429,P0111,1,10.42,8.54
20960,O0017430,P0151,1,8.95,7.51
20961,O0017431,P0099,1,11.25,6.1
20962,O0017432,P0148,1,49.04,23.77
20963,O0017433,P0253,1,51.49,34.49
20964,O0017434,P0344,1,10.3,9.36
20965,O0017434,P0224,1,11.05,6.21
20966,O0017434,P0319,2,26.7,22.68
20967,O0017435,P0333,1,5.0,3.18
20968,O0017436,P0072,1,23.97,19.41
20969,O0017437,P0025,1,44.29,19.62
20970,O0017438,P0075,1,58.27,51.64
20971,O0017439,P0251,1,41.11,29.09
20972,O0017440,P0262,1,22.84,11.71
20973,O0017441,P0263,1,32.89,16.61
20974,O0017442,P0004,1,20.34,16.06
20975,O0017443,P0156,1,13.93,6.58
20976,O0017444,P0046,1,85.77,51.8
20977,O0017445,P0120,1,9.06,6.65
20978,O0017446,P0284,1,8.75,5.8
20979,O0017446,P0190,1,16.28,15.26
20980,O0017446,P0178,1,31.37,24.82
20981,O0017447,P0394,1,13.17,7.6
20982,O0017447,P0093,1,14.24,6.78
20983,O0017448,P0016,1,26.81,12.97
20984,O0017449,P0276,1,20.56,15.2
20985,O0017450,P0351,3,44.95,32.52
20986,O0017451,P0269,1,22.52,11.56
20987,O0017452,P0104,1,13.42,6.74
20988,O0017453,P0238,1,66.04,35.98
20989,O0017453,P0037,1,12.54,9.88
20990,O0017454,P0080,1,25.92,12.64
20991,O0017455,P0105,1,23.07,19.24
20992,O0017456,P0077,1,11.11,4.58
20993,O0017456,P0354,1,110.11,60.65
20994,O0017456,P0004,1,20.34,16.01
20995,O0017457,P0101,1,53.02,38.62
20996,O0017458,P0124,1,9.83,7.08
20997,O0017459,P0030,1,57.15,37.32
20998,O0017460,P0041,1,46.99,37.42
20999,O0017461,P0347,1,56.26,25.39
21000,O0017462,P0187,1,69.71,39.23
21001,O0017463,P0126,1,57.0,30.03
21002,O0017464,P0330,1,17.52,11.0
21003,O0017465,P0256,1,43.56,33.66
21004,O0017466,P0132,1,41.31,23.58
21005,O0017466,P0132,1,41.31,23.68
21006,O0017466,P0395,1,51.86,21.76
21007,O0017467,P0393,1,7.96,5.71
21008,O0017468,P0331,1,49.25,29.65
21009,O0017469,P0161,1,90.55,64.07
21010,O0017470,P0173,1,30.72,13.6
21011,O0017470,P0191,2,12.75,6.67
21012,O0017470,P0100,1,46.05,34.53
21013,O0017471,P0172,1,29.24,31.79
21014,O0017472,P0382,1,10.12,8.58
21015,O0017473,P0251,1,41.11,29.03
21016,O0017474,P0053,1,51.03,39.36
21017,O0017475,P0313,1,36.8,19.85
21018,O0017476,P0278,1,15.48,9.8
21019,O0017477,P0135,1,156.29,86.37
21020,O0017478,P0169,1,77.95,54.23
21021,O0017478,P0037,1,12.54,10.37
21022,O0017478,P0268,1,10.72,5.99
21023,O0017479,P0185,1,42.73,21.03
21024,O0017480,P0326,1,21.66,17.57
21025,O0017481,P0251,3,41.11,29.43
21026,O0017482,P0144,1,28.48,14.8
21027,O0017483,P0290,1,49.67,31.47
21028,O0017483,P0350,1,11.21,5.34
21029,O0017484,P0069,1,25.74,11.04
21030,O0017484,P0147,1,36.74,21.14
21031,O0017484,P0002,1,21.96,15.4
21032,O0017485,P0294,1,21.07,12.05
21033,O0017486,P0106,1,32.23,22.25
21034,O0017487,P0348,1,16.31,12.66
21035,O0017488,P0364,1,16.3,13.95
21036,O0017489,P0388,1,15.88,6.8
21037,O0017490,P0388,2,15.88,6.8
21038,O0017491,P0072,1,31.23,19.31
21039,O0017491,P0145,1,13.01,5.44
21040,O0017491,P0101,1,53.02,38.55
21041,O0017492,P0005,1,86.78,35.93
21042,O0017493,P0227,1,32.25,17.12
21043,O0017494,P0050,1,24.75,24.32
21044,O0017495,P0291,2,26.1,16.99
21045,O0017496,P0041,1,46.99,38.85
21046,O0017496,P0357,1,30.69,19.83
21047,O0017496,P0323,1,33.01,27.39
21048,O0017497,P0184,1,20.87,12.67
21049,O0017498,P0159,1,5.0,2.36
21050,O0017499,P0121,1,12.1,8.31
21051,O0017500,P0376,1,7.37,3.54
21052,O0017501,P0237,1,22.38,13.22
21053,O0017502,P0054,1,31.91,15.63
21054,O0017503,P0112,1,36.09,31.23
21055,O0017504,P0365,1,8.46,9.25
21056,O0017505,P0280,1,73.22,53.77
21057,O0017506,P0221,1,137.35,93.44
21058,O0017507,P0322,1,20.85,18.2
21059,O0017507,P0014,1,20.48,12.77
21060,O0017508,P0061,1,7.91,3.53
21061,O0017509,P0230,1,36.36,27.62
21062,O0017510,P0310,1,38.72,23.68
21063,O0017511,P0007,1,16.85,8.15
21064,O0017512,P0260,1,23.47,19.42
21065,O0017513,P0326,1,21.66,17.46
21066,O0017514,P0044,1,14.64,9.43
21067,O0017515,P0355,1,5.32,3.63
21068,O0017515,P0126,1,57.0,30.81
21069,O0017515,P0149,1,16.78,11.14
21070,O0017516,P0320,1,77.73,47.25
21071,O0017517,P0007,1,16.85,8.01
21072,O0017518,P0283,1,22.15,14.1
21073,O0017519,P0199,1,34.14,24.21
21074,O0017520,P0370,1,17.44,7.3
21075,O0017521,P0118,1,7.3,3.92
21076,O0017522,P0337,1,43.11,38.35
21077,O0017523,P0308,1,41.59,23.68
21078,O0017524,P0385,1,28.75,14.02
21079,O0017524,P0253,1,57.21,33.27
21080,O0017525,P0320,1,77.73,46.82
21081,O0017526,P0127,1,37.04,29.26
21082,O0017527,P0097,1,109.14,77.96
21083,O0017528,P0224,1,12.85,6.39
21084,O0017529,P0228,1,110.05,84.43
21085,O0017529,P0382,1,10.12,8.43
21086,O0017530,P0277,1,16.05,9.5
21087,O0017531,P0285,1,13.4,5.39
21088,O0017531,P0143,1,5.0,3.91
21089,O0017532,P0216,1,33.83,26.72
21090,O0017533,P0202,2,16.35,12.61
21091,O0017534,P0156,1,12.54,6.52
21092,O0017535,P0267,1,16.05,7.7
21093,O0017536,P0239,1,24.64,19.14
21094,O0017537,P0355,1,5.91,3.6
21095,O0017538,P0365,1,11.12,9.31
21096,O0017539,P0003,1,20.34,9.0
21097,O0017540,P0074,1,44.77,32.95
21098,O0017541,P0279,1,6.57,4.48
21099,O0017542,P0044,1,14.64,9.72
21100,O0017543,P0220,1,32.89,26.28
21101,O0017544,P0305,1,15.47,7.4
21102,O0017545,P0025,1,44.29,19.2
21103,O0017546,P0098,1,35.84,18.38
21104,O0017547,P0035,1,55.97,41.46
21105,O0017548,P0321,1,38.93,29.72
21106,O0017549,P0257,1,90.28,72.45
21107,O0017550,P0297,1,8.01,3.68
21108,O0017551,P0050,1,32.64,25.25
21109,O0017552,P0080,2,25.92,12.75
21110,O0017553,P0327,1,32.14,15.63
21111,O0017554,P0184,1,16.08,12.23
21112,O0017555,P0034,1,40.02,32.11
21113,O0017556,P0241,1,17.11,10.4
21114,O0017557,P0349,1,19.77,15.17
21115,O0017558,P0240,1,25.47,21.03
21116,O0017559,P0293,1,10.7,5.54
21117,O0017560,P0091,1,37.25,29.44
21118,O0017561,P0313,1,40.89,18.98
21119,O0017562,P0374,1,8.71,5.29
21120,O0017563,P0106,1,32.23,21.97
21121,O0017564,P0190,1,22.11,15.11
21122,O0017565,P0246,1,68.18,48.32
21123,O0017566,P0173,1,30.72,13.79
21124,O0017567,P0131,1,52.63,43.54
21125,O0017568,P0137,1,16.82,7.65
21126,O0017569,P0380,1,60.42,42.39
21127,O0017570,P0138,1,58.62,36.63
21128,O0017570,P0196,1,11.97,7.91
21129,O0017570,P0155,1,67.59,27.05
21130,O0017571,P0369,1,21.62,16.65
21131,O0017572,P0377,1,5.0,4.18
21132,O0017573,P0036,1,46.51,22.74
21133,O0017574,P0095,1,31.01,12.9
21134,O0017574,P0176,1,48.41,35.62
21135,O0017574,P0366,1,22.18,17.03
21136,O0017575,P0083,1,13.11,11.23
21137,O0017576,P0350,1,11.21,5.22
21138,O0017577,P0279,1,7.3,4.43
21139,O0017578,P0283,1,22.15,14.21
21140,O0017579,P0279,1,7.3,4.54
21141,O0017580,P0303,1,20.26,17.02
21142,O0017581,P0254,1,6.01,3.63
21143,O0017582,P0299,2,11.5,7.11
21144,O0017583,P0372,1,6.53,5.32
21145,O0017584,P0294,1,21.07,12.16
21146,O0017584,P0317,1,54.87,29.42
21147,O0017584,P0191,1,12.75,6.87
21148,O0017585,P0374,1,8.71,5.4
21149,O0017586,P0308,1,44.75,24.41
21150,O0017586,P0179,1,11.38,9.61
21151,O0017587,P0088,1,28.44,22.89
21152,O0017587,P0030,1,57.15,38.27
21153,O0017587,P0302,1,12.62,10.45
21154,O0017588,P0245,2,7.19,3.4
21155,O0017589,P0331,1,49.25,29.31
21156,O0017589,P0345,1,25.98,20.19
21157,O0017590,P0091,1,37.25,30.95
21158,O0017591,P0094,1,29.54,24.15
21159,O0017592,P0387,1,23.9,16.4
21160,O0017593,P0257,1,90.28,73.2
21161,O0017594,P0373,1,8.74,6.45
21162,O0017595,P0375,3,18.52,9.33
21163,O0017596,P0289,1,94.61,73.54
21164,O0017597,P0397,1,39.93,18.4
21165,O0017598,P0373,1,8.74,6.65
21166,O0017599,P0363,1,87.76,70.99
21167,O0017600,P0075,1,75.36,53.64
21168,O0017601,P0177,1,50.38,37.49
21169,O0017602,P0318,2,15.46,11.24
21170,O0017603,P0343,1,16.99,8.91
21171,O0017603,P0166,1,31.96,24.0
21172,O0017604,P0367,1,25.65,17.74
21173,O0017605,P0172,1,39.28,31.9
21174,O0017606,P0379,1,107.68,43.7
21175,O0017607,P0091,1,37.25,29.64
21176,O0017608,P0333,2,5.0,3.04
21177,O0017609,P0323,1,33.01,28.42
21178,O0017610,P0151,1,8.95,7.42
21179,O0017611,P0020,1,10.53,8.93
21180,O0017612,P0306,1,44.89,31.53
21181,O0017612,P0247,1,72.73,55.38
21182,O0017613,P0006,1,40.8,38.64
21183,O0017614,P0270,1,10.72,5.94
21184,O0017615,P0078,1,15.6,10.54
21185,O0017616,P0393,1,7.96,5.66
21186,O0017617,P0252,1,73.33,37.25
21187,O0017618,P0305,1,13.92,7.38
21188,O0017619,P0056,1,53.25,42.9
21189,O0017619,P0210,3,21.59,13.43
21190,O0017620,P0102,1,34.13,22.63
21191,O0017621,P0001,1,36.5,27.9
21192,O0017622,P0243,1,27.01,14.15
21193,O0017623,P0001,1,36.5,27.1
21194,O0017624,P0169,1,87.25,54.26
21195,O0017625,P0283,1,22.15,14.68
21196,O0017626,P0234,1,16.86,8.24
21197,O0017627,P0146,1,22.38,18.7
21198,O0017628,P0364,1,16.3,13.61
21199,O0017629,P0146,3,22.38,18.68
21200,O0017630,P0182,1,26.95,19.89
21201,O0017630,P0247,1,84.85,56.0
21202,O0017631,P0235,1,6.23,5.19
21203,O0017632,P0279,1,7.3,4.66
21204,O0017633,P0178,1,31.37,24.39
21205,O0017634,P0038,1,19.16,13.1
21206,O0017635,P0224,1,12.85,6.19
21207,O0017636,P0007,1,15.16,8.18
21208,O0017637,P0200,1,15.63,7.23
21209,O0017638,P0147,1,33.58,21.33
21210,O0017639,P0059,1,31.09,12.95
21211,O0017640,P0374,1,8.71,5.34
21212,O0017640,P0180,1,15.67,11.87
21213,O0017641,P0269,1,22.52,11.07
21214,O0017642,P0193,1,55.52,46.57
21215,O0017643,P0194,1,46.22,36.21
21216,O0017644,P0226,1,16.11,6.89
21217,O0017645,P0381,1,19.78,8.66
21218,O0017646,P0061,1,7.91,3.59
21219,O0017646,P0383,1,192.23,82.24
21220,O0017647,P0233,1,63.03,53.52
21221,O0017648,P0091,1,37.25,29.91
21222,O0017649,P0361,1,13.03,8.69
21223,O0017650,P0014,1,18.66,13.11
21224,O0017651,P0190,1,22.11,14.93
21225,O0017652,P0396,1,67.85,33.58
21226,O0017653,P0354,1,110.11,62.34
21227,O0017654,P0145,1,11.71,5.34
21228,O0017655,P0362,1,32.19,24.12
21229,O0017655,P0296,1,113.02,96.46
21230,O0017656,P0368,1,58.87,33.73
21231,O0017657,P0041,1,46.99,37.58
21232,O0017658,P0169,1,87.25,54.01
21233,O0017659,P0294,1,21.07,11.68
21234,O0017660,P0398,1,9.94,4.57
21235,O0017661,P0131,1,52.63,43.29
21236,O0017662,P0112,1,36.09,29.83
21237,O0017663,P0357,1,30.69,19.15
21238,O0017663,P0108,1,78.48,50.2
21239,O0017664,P0230,1,36.36,29.26
21240,O0017665,P0158,1,45.59,19.91
21241,O0017666,P0037,1,12.54,9.71
21242,O0017667,P0318,1,15.46,11.26
21243,O0017668,P0229,1,11.96,9.71
21244,O0017669,P0237,1,22.38,13.28
21245,O0017670,P0124,1,9.83,7.19
21246,O0017671,P0029,1,15.27,9.27
21247,O0017672,P0365,1,10.01,9.69
21248,O0017673,P0087,1,6.78,3.08
21249,O0017674,P0153,1,133.98,79.51
21250,O0017675,P0092,1,28.0,23.2
21251,O0017676,P0400,1,32.66,18.4
21252,O0017677,P0362,1,35.77,24.76
21253,O0017678,P0084,1,18.96,15.14
21254,O0017679,P0368,1,58.87,35.32
21255,O0017680,P0395,1,51.86,21.69
21256,O0017681,P0249,1,127.56,104.89
21257,O0017682,P0390,1,73.54,48.12
21258,O0017682,P0327,1,32.14,16.17
21259,O0017682,P0022,1,9.24,6.12
21260,O0017683,P0397,1,43.7,18.46
21261,O0017684,P0359,1,26.78,19.49
21262,O0017685,P0328,1,17.65,8.76
21263,O0017686,P0275,1,22.42,17.65
21264,O0017687,P0240,1,25.47,22.01
21265,O0017688,P0338,1,5.0,3.35
21266,O0017689,P0267,1,12.02,7.55
21267,O0017690,P0107,3,24.79,16.99
21268,O0017691,P0277,1,16.05,8.99
21269,O0017692,P0336,1,72.56,78.17
21270,O0017693,P0146,1,22.38,18.81
21271,O0017694,P0023,1,8.48,7.29
21272,O0017695,P0386,2,21.86,10.97
21273,O0017696,P0382,1,10.12,8.95
21274,O0017697,P0019,1,24.27,10.49
21275,O0017698,P0097,1,109.14,78.79
21276,O0017699,P0398,1,8.95,4.47
21277,O0017700,P0183,1,38.0,29.63
21278,O0017701,P0301,1,25.5,15.38
21279,O0017702,P0221,2,137.35,89.32
21280,O0017703,P0019,1,24.27,9.99
21281,O0017704,P0345,1,25.98,19.59
21282,O0017705,P0369,1,21.62,17.02
21283,O0017706,P0241,1,17.11,10.66
21284,O0017707,P0178,1,31.37,24.44
21285,O0017708,P0395,1,51.86,22.09
21286,O0017709,P0153,1,133.98,82.08
21287,O0017709,P0192,1,130.83,72.79
21288,O0017710,P0296,1,113.02,97.73
21289,O0017711,P0209,1,48.72,22.6
21290,O0017711,P0065,1,30.15,26.03
21291,O0017712,P0176,1,48.41,34.27
21292,O0017713,P0123,1,23.26,20.7
21293,O0017714,P0024,3,28.72,21.1
21294,O0017715,P0175,1,15.31,7.06
21295,O0017716,P0031,1,31.79,13.93
21296,O0017717,P0349,1,19.77,15.32
21297,O0017717,P0138,1,58.62,38.77
21298,O0017717,P0236,1,72.46,55.57
21299,O0017718,P0057,1,13.99,7.2
21300,O0017719,P0015,3,15.87,11.05
21301,O0017720,P0345,1,25.98,19.8
21302,O0017721,P0080,1,25.92,12.61
21303,O0017722,P0399,1,16.13,11.32
21304,O0017723,P0264,1,10.41,6.56
21305,O0017724,P0135,1,156.29,83.37
21306,O0017724,P0054,1,31.91,15.18
21307,O0017724,P0321,1,38.93,29.84
21308,O0017725,P0059,1,31.09,12.69
21309,O0017726,P0321,1,32.9,29.99
21310,O0017727,P0113,1,20.52,8.42
21311,O0017728,P0334,1,10.95,5.95
21312,O0017729,P0227,1,32.25,18.06
21313,O0017730,P0241,1,15.4,10.31
21314,O0017731,P0047,1,18.63,14.49
21315,O0017732,P0011,1,10.91,5.97
21316,O0017733,P0037,1,12.54,10.35
21317,O0017734,P0064,1,33.89,24.71
21318,O0017734,P0092,1,31.11,24.42
21319,O0017735,P0359,1,26.78,18.77
21320,O0017736,P0249,1,127.56,105.29
21321,O0017737,P0274,1,29.11,23.95
21322,O0017737,P0139,1,13.84,9.67
21323,O0017738,P0081,1,11.76,9.82
21324,O0017739,P0194,1,46.22,35.65
21325,O0017740,P0320,1,77.73,44.92
21326,O0017740,P0201,1,29.84,13.47
21327,O0017741,P0376,1,7.37,3.6
21328,O0017741,P0310,2,38.72,22.83
21329,O0017742,P0113,1,20.52,8.64
21330,O0017742,P0149,1,16.78,10.97
21331,O0017742,P0050,1,32.64,23.75
21332,O0017743,P0159,1,5.0,2.35
21333,O0017744,P0377,1,5.0,3.98
21334,O0017745,P0236,1,72.46,57.51
21335,O0017746,P0153,2,133.98,77.94
21336,O0017747,P0049,1,20.58,12.25
21337,O0017748,P0031,1,31.79,14.11
21338,O0017749,P0083,1,13.11,10.8
21339,O0017749,P0212,1,19.47,9.09
21340,O0017750,P0001,1,36.5,26.1
21341,O0017751,P0137,1,16.82,7.73
21342,O0017752,P0195,1,21.86,10.22
21343,O0017753,P0128,1,37.0,29.73
21344,O0017753,P0257,1,90.28,70.03
21345,O0017754,P0168,2,18.02,11.85
21346,O0017755,P0353,1,26.77,17.94
21347,O0017755,P0156,1,13.93,6.25
21348,O0017755,P0007,1,15.13,8.19
21349,O0017756,P0048,1,19.31,12.16
21350,O0017757,P0023,1,8.48,7.39
21351,O0017758,P0102,1,34.13,23.1
21352,O0017758,P0174,1,14.91,8.13
21353,O0017759,P0201,1,29.84,12.98
21354,O0017759,P0318,1,15.46,10.85
21355,O0017759,P0039,1,16.72,9.01
21356,O0017760,P0206,1,7.96,6.59
21357,O0017760,P0300,1,15.19,8.95
21358,O0017761,P0073,1,61.21,31.69
21359,O0017762,P0397,1,43.7,18.74
21360,O0017763,P0315,1,14.56,7.88
21361,O0017764,P0056,1,53.25,43.04
21362,O0017765,P0260,1,23.47,19.61
21363,O0017766,P0221,1,137.35,94.09
21364,O0017767,P0369,2,19.46,16.69
21365,O0017768,P0339,1,7.52,3.45
21366,O0017768,P0285,1,13.4,5.58
21367,O0017768,P0202,1,16.35,12.91
21368,O0017769,P0277,1,16.05,9.48
21369,O0017770,P0040,1,21.15,11.85
21370,O0017771,P0315,1,14.56,8.18
21371,O0017772,P0346,1,16.74,13.67
21372,O0017773,P0398,1,9.94,4.43
21373,O0017774,P0009,1,29.77,18.19
21374,O0017775,P0035,1,55.97,41.65
21375,O0017776,P0025,1,44.29,19.85
21376,O0017777,P0374,1,8.71,5.32
21377,O0017778,P0056,1,53.25,42.6
21378,O0017779,P0008,1,37.87,18.09
21379,O0017780,P0001,1,36.5,26.42
21380,O0017781,P0241,1,17.11,10.24
21381,O0017781,P0387,1,23.9,16.17
21382,O0017782,P0014,1,20.48,13.01
21383,O0017783,P0368,1,58.87,34.27
21384,O0017784,P0388,1,15.88,7.07
21385,O0017785,P0028,1,19.28,10.39
21386,O0017786,P0109,1,40.47,21.96
21387,O0017787,P0182,1,26.95,20.51
21388,O0017788,P0309,1,14.44,7.96
21389,O0017789,P0394,1,13.17,7.86
21390,O0017790,P0332,1,18.9,15.05
21391,O0017791,P0087,1,6.78,3.07
21392,O0017792,P0061,1,7.91,3.69
21393,O0017793,P0355,1,5.91,3.58
21394,O0017794,P0233,1,58.93,54.06
21395,O0017795,P0002,1,21.96,14.96
21396,O0017795,P0253,1,57.21,34.18
21397,O0017795,P0309,1,14.44,8.02
21398,O0017796,P0079,1,7.1,4.81
21399,O0017797,P0133,1,13.22,8.81
21400,O0017798,P0051,1,12.85,10.75
21401,O0017799,P0132,1,41.31,22.6
21402,O0017800,P0125,1,58.35,33.86
21403,O0017801,P0260,1,23.47,20.72
21404,O0017802,P0277,1,16.05,9.42
21405,O0017803,P0269,1,20.56,11.51
21406,O0017804,P0299,1,14.58,7.08
21407,O0017805,P0200,2,14.07,6.82
21408,O0017806,P0175,1,15.31,7.26
21409,O0017807,P0194,1,46.22,35.28
21410,O0017808,P0267,1,16.05,8.02
21411,O0017808,P0310,1,38.72,23.77
21412,O0017809,P0355,1,5.91,3.72
21413,O0017810,P0173,1,30.72,13.61
21414,O0017811,P0349,1,19.77,14.93
21415,O0017812,P0067,1,5.29,2.83
21416,O0017813,P0352,1,10.51,8.24
21417,O0017814,P0267,1,16.05,7.97
21418,O0017815,P0232,1,84.54,87.51
21419,O0017816,P0335,1,24.9,12.46
21420,O0017817,P0256,1,31.81,32.87
21421,O0017818,P0066,1,23.11,12.12
21422,O0017819,P0197,1,53.52,30.82
21423,O0017820,P0191,1,12.75,6.92
21424,O0017820,P0333,1,5.0,3.13
21425,O0017821,P0192,1,130.83,75.12
21426,O0017822,P0258,1,8.13,6.95
21427,O0017822,P0121,1,12.1,8.05
21428,O0017822,P0172,1,39.28,32.52
21429,O0017823,P0103,1,20.16,10.87
21430,O0017823,P0297,1,8.01,3.5
21431,O0017824,P0278,1,15.48,9.63
21432,O0017825,P0052,2,16.42,12.47
21433,O0017826,P0221,1,137.35,93.91
21434,O0017827,P0089,1,30.2,16.41
21435,O0017828,P0031,1,31.79,14.27
21436,O0017829,P0383,1,173.01,85.46
21437,O0017829,P0172,1,39.28,32.95
21438,O0017830,P0284,1,11.42,6.01
21439,O0017831,P0218,1,24.78,16.56
21440,O0017832,P0157,1,34.99,22.38
21441,O0017832,P0276,1,20.56,15.5
21442,O0017833,P0011,1,10.91,6.01
21443,O0017834,P0350,1,11.21,5.21
21444,O0017835,P0391,1,66.48,32.75
21445,O0017836,P0282,1,31.47,20.01
21446,O0017837,P0334,1,10.95,5.93
21447,O0017838,P0121,1,12.1,8.15
21448,O0017839,P0063,1,21.56,13.44
21449,O0017840,P0271,1,118.13,50.02
21450,O0017841,P0195,1,24.29,10.86
21451,O0017842,P0032,1,18.03,15.66
21452,O0017843,P0221,1,137.35,92.01
21453,O0017844,P0124,1,9.83,7.2
21454,O0017845,P0390,1,81.71,50.63
21455,O0017846,P0165,1,11.19,5.06
21456,O0017847,P0374,2,8.71,5.31
21457,O0017848,P0044,1,14.64,9.8
21458,O0017849,P0399,1,16.13,11.39
21459,O0017850,P0084,1,18.96,15.71
21460,O0017851,P0141,2,25.44,17.09
21461,O0017852,P0370,1,17.44,7.32
21462,O0017853,P0218,1,24.78,16.45
21463,O0017854,P0284,1,11.42,5.93
21464,O0017854,P0277,1,16.05,9.5
21465,O0017855,P0329,1,26.4,23.2
21466,O0017856,P0303,1,20.26,16.99
21467,O0017857,P0135,1,156.29,84.87
21468,O0017858,P0048,1,19.31,12.2
21469,O0017859,P0300,1,16.61,8.83
21470,O0017860,P0198,1,21.81,9.69
21471,O0017860,P0257,1,90.28,72.37
21472,O0017861,P0163,1,77.71,50.54
21473,O0017862,P0225,1,5.0,3.42
21474,O0017863,P0102,1,34.13,23.39
21475,O0017863,P0355,1,5.91,3.55
21476,O0017864,P0280,1,73.22,54.45
21477,O0017865,P0143,1,5.0,3.77
21478,O0017866,P0242,1,40.38,19.39
21479,O0017866,P0186,1,47.03,38.88
21480,O0017866,P0347,1,56.26,25.27
21481,O0017867,P0044,1,14.64,9.92
21482,O0017868,P0379,1,107.68,44.5
21483,O0017869,P0315,1,14.56,8.08
21484,O0017870,P0105,1,23.07,18.75
21485,O0017871,P0013,1,79.24,39.66
21486,O0017872,P0258,1,8.13,6.88
21487,O0017873,P0338,1,5.0,3.5
21488,O0017874,P0249,1,127.56,105.34
21489,O0017875,P0039,1,16.72,9.48
21490,O0017876,P0210,1,21.59,13.99
21491,O0017877,P0082,1,84.77,38.97
21492,O0017878,P0298,1,38.49,18.18
21493,O0017879,P0164,1,7.78,6.15
21494,O0017879,P0116,1,23.14,18.31
21495,O0017880,P0149,1,16.78,11.18
21496,O0017881,P0183,1,38.0,31.36
21497,O0017882,P0384,1,25.72,18.94
21498,O0017883,P0338,1,5.0,3.45
21499,O0017884,P0257,1,77.39,74.36
21500,O0017885,P0389,1,20.01,12.72
21501,O0017886,P0029,1,16.97,9.35
21502,O0017887,P0156,1,13.93,6.61
21503,O0017888,P0372,1,6.53,5.47
21504,O0017889,P0127,1,37.04,29.66
21505,O0017890,P0022,1,9.24,5.78
21506,O0017891,P0268,1,13.01,5.93
21507,O0017892,P0320,1,77.73,45.64
21508,O0017893,P0331,1,49.25,27.89
21509,O0017894,P0112,1,33.42,31.09
21510,O0017895,P0179,1,12.64,9.57
21511,O0017896,P0358,1,9.97,6.67
21512,O0017897,P0084,2,18.96,14.99
21513,O0017898,P0181,1,24.13,14.07
21514,O0017899,P0208,1,20.68,13.2
21515,O0017900,P0392,1,3.69,2.39
21516,O0017901,P0001,1,36.5,26.59
21517,O0017902,P0397,1,43.7,17.7
21518,O0017903,P0012,1,31.54,18.38
21519,O0017904,P0265,1,23.33,16.88
21520,O0017905,P0327,1,32.14,16.26
21521,O0017905,P0342,1,133.43,116.17
21522,O0017906,P0175,1,15.31,7.0
21523,O0017907,P0112,1,36.09,29.57
21524,O0017908,P0076,1,7.99,5.24
21525,O0017908,P0370,1,15.7,7.31
21526,O0017909,P0372,1,6.53,5.28
21527,O0017910,P0069,1,25.74,11.41
21528,O0017911,P0198,1,21.81,10.26
21529,O0017912,P0042,1,72.6,46.58
21530,O0017913,P0084,1,18.96,14.99
21531,O0017914,P0071,1,18.93,10.23
21532,O0017915,P0171,1,19.56,18.22
21533,O0017916,P0053,1,51.03,40.76
21534,O0017917,P0075,1,75.36,52.32
21535,O0017917,P0046,1,85.77,50.32
21536,O0017917,P0016,1,26.81,12.87
21537,O0017918,P0316,1,25.48,11.77
21538,O0017919,P0035,1,55.97,43.73
21539,O0017919,P0333,1,5.0,3.17
21540,O0017919,P0002,1,21.96,15.02
21541,O0017920,P0232,1,106.18,82.72
21542,O0017921,P0169,1,87.25,53.68
21543,O0017922,P0111,1,10.42,8.92
21544,O0017923,P0104,1,13.42,6.86
21545,O0017924,P0250,1,99.91,57.57
21546,O0017925,P0130,1,481.46,385.34
21547,O0017926,P0272,1,25.23,19.18
21548,O0017927,P0025,1,44.29,19.49
21549,O0017928,P0132,1,41.31,23.63
21550,O0017928,P0184,1,20.87,12.95
21551,O0017929,P0181,1,24.13,13.78
21552,O0017930,P0035,1,47.91,41.27
21553,O0017930,P0032,1,18.03,15.94
21554,O0017930,P0335,1,22.56,12.7
21555,O0017931,P0205,1,7.7,5.81
21556,O0017932,P0280,1,73.22,55.6
21557,O0017933,P0335,1,24.9,12.68
21558,O0017934,P0343,1,16.99,8.88
21559,O0017935,P0379,1,80.97,42.85
21560,O0017936,P0282,1,31.47,20.37
21561,O0017937,P0352,1,11.73,8.29
21562,O0017938,P0365,1,11.12,9.31
21563,O0017939,P0084,1,18.96,15.8
21564,O0017939,P0187,1,69.71,39.14
21565,O0017939,P0174,1,14.91,8.21
21566,O0017940,P0016,1,26.81,13.06
21567,O0017940,P0130,1,534.96,368.64
21568,O0017940,P0024,1,28.72,22.36
21569,O0017941,P0061,1,7.91,3.68
21570,O0017941,P0304,1,11.87,9.66
21571,O0017942,P0090,1,45.85,26.42
21572,O0017942,P0155,1,67.59,28.47
21573,O0017942,P0363,1,87.76,74.02
21574,O0017943,P0205,1,7.7,6.04
21575,O0017943,P0228,1,110.05,87.71
21576,O0017944,P0148,1,49.04,23.93
21577,O0017945,P0165,1,11.19,5.02
21578,O0017945,P0344,1,12.43,9.38
21579,O0017945,P0162,1,7.81,3.31
21580,O0017946,P0331,1,49.25,28.85
21581,O0017947,P0064,1,33.89,24.77
21582,O0017948,P0277,1,11.6,8.95
21583,O0017948,P0061,1,7.42,3.59
21584,O0017949,P0385,1,28.75,14.08
21585,O0017949,P0378,3,23.49,13.42
21586,O0017950,P0163,1,77.71,50.9
21587,O0017950,P0163,1,77.71,49.88
21588,O0017951,P0384,1,25.72,19.23
21589,O0017952,P0190,1,22.11,14.54
21590,O0017953,P0044,1,14.64,10.02
21591,O0017954,P0060,1,28.2,19.01
21592,O0017955,P0150,1,14.55,10.99
21593,O0017956,P0388,1,15.88,7.15
21594,O0017957,P0224,1,12.85,6.29
21595,O0017957,P0028,1,19.28,9.89
21596,O0017958,P0280,1,73.22,55.2
21597,O0017959,P0203,1,16.83,7.4
21598,O0017959,P0350,1,11.21,5.47
21599,O0017960,P0042,1,72.6,45.25
21600,O0017961,P0380,1,60.42,42.01
21601,O0017962,P0083,1,13.11,10.59
21602,O0017963,P0185,1,47.48,21.16
21603,O0017964,P0050,1,32.64,23.74
21604,O0017964,P0380,1,60.42,44.29
21605,O0017964,P0369,1,21.62,17.04
21606,O0017965,P0266,1,41.8,26.2
21607,O0017966,P0108,1,78.48,47.92
21608,O0017967,P0176,1,48.41,34.85
21609,O0017968,P0209,1,48.72,21.83
21610,O0017969,P0303,1,20.26,17.23
21611,O0017970,P0265,1,23.33,16.48
21612,O0017971,P0118,1,7.3,3.98
21613,O0017972,P0033,1,14.27,5.8
21614,O0017973,P0063,1,21.56,13.95
21615,O0017974,P0001,1,36.5,27.79
21616,O0017975,P0046,1,85.77,51.23
21617,O0017976,P0139,1,13.84,9.44
21618,O0017977,P0182,1,26.95,19.8
21619,O0017978,P0095,1,31.01,12.57
21620,O0017979,P0191,1,10.38,7.09
21621,O0017980,P0218,1,24.78,16.33
21622,O0017981,P0101,1,41.1,38.03
21623,O0017982,P0043,1,32.76,25.23
21624,O0017983,P0213,2,31.76,23.09
21625,O0017984,P0107,1,24.79,16.13
21626,O0017985,P0186,1,47.03,37.97
21627,O0017985,P0365,1,10.01,9.83
21628,O0017986,P0355,1,5.91,3.6
21629,O0017987,P0398,1,9.94,4.52
21630,O0017988,P0255,1,19.78,12.43
21631,O0017988,P0213,1,31.76,24.21
21632,O0017988,P0022,3,9.24,5.86
21633,O0017989,P0004,1,20.34,16.86
21634,O0017990,P0236,1,72.46,56.37
21635,O0017990,P0247,1,69.51,54.07
21636,O0017990,P0346,1,14.22,13.87
21637,O0017991,P0318,1,15.46,11.09
21638,O0017992,P0135,1,156.29,81.68
21639,O0017993,P0158,1,45.59,20.76
21640,O0017993,P0123,1,25.7,20.56
21641,O0017994,P0168,1,18.02,12.36
21642,O0017995,P0022,1,9.24,6.0
21643,O0017995,P0275,1,22.42,17.75
21644,O0017995,P0021,1,47.37,25.69
21645,O0017996,P0028,1,19.28,9.99
21646,O0017997,P0315,1,14.56,8.14
21647,O0017998,P0261,1,4.6,3.53
21648,O0017999,P0006,1,45.33,37.73
21649,O0018000,P0327,1,28.93,16.53
21650,O0018000,P0255,2,19.78,12.54
21651,O0018000,P0273,1,14.02,11.6
21652,O0018001,P0283,1,22.15,14.07
21653,O0018002,P0246,1,68.18,48.14
21654,O0018003,P0291,1,26.1,18.06
21655,O0018003,P0026,1,28.14,13.84
21656,O0018004,P0108,1,78.48,48.51
21657,O0018005,P0058,1,14.07,11.39
21658,O0018006,P0186,1,47.03,38.32
21659,O0018007,P0205,1,7.7,6.16
21660,O0018008,P0290,1,49.67,31.64
21661,O0018009,P0331,1,49.25,29.3
21662,O0018010,P0248,1,26.91,20.86
21663,O0018010,P0368,1,58.87,35.82
21664,O0018011,P0100,1,46.05,34.43
21665,O0018012,P0384,1,25.72,19.9
21666,O0018013,P0382,1,10.12,8.62
21667,O0018014,P0367,1,25.65,17.03
21668,O0018015,P0154,2,56.03,29.2
21669,O0018016,P0081,1,11.76,9.69
21670,O0018017,P0125,1,58.35,33.99
21671,O0018017,P0293,1,10.7,5.83
21672,O0018018,P0012,1,31.54,18.27
21673,O0018019,P0074,1,34.54,33.67
21674,O0018019,P0208,1,19.17,13.63
21675,O0018019,P0390,1,73.54,50.17
21676,O0018020,P0067,1,5.29,2.87
21677,O0018021,P0287,1,14.63,6.7
21678,O0018022,P0031,1,31.79,13.82
21679,O0018023,P0189,1,31.8,27.07
21680,O0018024,P0354,1,110.11,61.51
21681,O0018025,P0239,1,24.64,18.48
21682,O0018026,P0255,3,19.78,12.27
21683,O0018027,P0049,1,20.58,12.49
21684,O0018028,P0111,1,10.42,8.62
21685,O0018029,P0001,1,36.5,27.35
21686,O0018030,P0278,1,15.48,9.72
21687,O0018031,P0030,1,57.15,38.16
21688,O0018032,P0331,1,49.25,28.99
21689,O0018033,P0273,1,14.02,10.93
21690,O0018034,P0376,1,7.37,3.51
21691,O0018035,P0193,2,61.96,48.75
21692,O0018036,P0370,1,17.44,7.22
21693,O0018037,P0205,1,7.7,6.14
21694,O0018038,P0075,1,75.36,51.53
21695,O0018039,P0159,1,5.0,2.36
21696,O0018040,P0120,1,9.06,6.57
21697,O0018041,P0016,1,26.81,13.11
21698,O0018042,P0038,1,19.16,12.9
21699,O0018042,P0246,1,68.18,46.93
21700,O0018043,P0132,1,41.31,23.03
21701,O0018043,P0178,1,31.37,23.79
21702,O0018043,P0099,2,11.25,6.25
21703,O0018044,P0366,1,22.18,17.6
21704,O0018045,P0386,1,21.86,10.58
21705,O0018046,P0233,1,63.03,53.85
21706,O0018047,P0116,1,23.14,18.8
21707,O0018048,P0064,1,33.89,24.73
21708,O0018049,P0004,1,20.34,16.32
21709,O0018049,P0092,2,31.11,24.07
21710,O0018050,P0286,1,7.86,4.32
21711,O0018051,P0154,1,56.03,28.8
21712,O0018052,P0180,1,15.67,12.13
21713,O0018052,P0388,1,15.88,7.0
21714,O0018053,P0252,1,73.33,37.3
21715,O0018054,P0291,1,26.1,17.03
21716,O0018055,P0225,1,3.99,3.35
21717,O0018056,P0200,1,15.63,6.89
21718,O0018057,P0304,1,11.87,9.2
21719,O0018058,P0226,1,16.11,7.03
21720,O0018059,P0273,1,10.76,11.51
21721,O0018060,P0044,1,14.64,9.47
21722,O0018061,P0097,1,109.14,78.8
21723,O0018062,P0252,1,73.33,36.72
21724,O0018063,P0386,1,21.86,11.11
21725,O0018064,P0075,1,75.36,51.63
21726,O0018065,P0008,1,34.08,17.97
21727,O0018066,P0169,3,87.25,52.45
21728,O0018067,P0221,1,137.35,94.97
21729,O0018068,P0093,1,14.24,6.87
21730,O0018069,P0035,1,55.97,41.74
21731,O0018070,P0399,1,14.52,11.34
21732,O0018070,P0052,1,16.42,12.93
21733,O0018071,P0252,1,73.33,36.28
21734,O0018072,P0054,1,31.91,15.94
21735,O0018073,P0099,1,11.25,6.32
21736,O0018074,P0091,1,37.25,30.89
21737,O0018075,P0317,1,54.87,29.55
21738,O0018076,P0222,1,13.28,10.75
21739,O0018077,P0240,1,25.47,21.68
21740,O0018078,P0161,1,90.55,63.01
21741,O0018079,P0041,1,46.99,38.95
21742,O0018079,P0344,1,12.43,9.45
21743,O0018080,P0368,1,58.87,35.19
21744,O0018081,P0313,1,40.89,19.18
21745,O0018082,P0179,1,11.11,9.41
21746,O0018083,P0026,1,28.14,14.3
21747,O0018084,P0111,1,10.42,8.78
21748,O0018085,P0380,1,60.42,43.56
21749,O0018085,P0326,1,21.66,17.01
21750,O0018086,P0226,1,16.11,7.04
21751,O0018086,P0223,1,141.44,73.18
21752,O0018086,P0250,1,99.91,57.36
21753,O0018087,P0301,1,25.5,14.76
21754,O0018088,P0316,1,25.48,12.05
21755,O0018088,P0043,1,32.76,24.25
21756,O0018088,P0366,1,22.18,17.74
21757,O0018089,P0348,1,16.31,12.87
21758,O0018090,P0138,1,58.62,38.49
21759,O0018091,P0038,1,15.01,13.5
21760,O0018092,P0044,1,14.64,9.46
21761,O0018093,P0117,1,12.46,10.19
21762,O0018094,P0396,1,67.85,34.35
21763,O0018095,P0210,1,21.59,14.01
21764,O0018096,P0150,1,14.55,10.67
21765,O0018097,P0101,1,53.02,36.29
21766,O0018098,P0026,1,28.14,13.72
21767,O0018099,P0283,1,22.15,14.4
21768,O0018100,P0387,1,21.51,16.12
21769,O0018101,P0380,1,54.38,42.42
21770,O0018102,P0257,1,90.28,70.94
21771,O0018102,P0186,1,47.03,38.46
21772,O0018103,P0121,1,12.1,8.1
21773,O0018104,P0256,1,43.56,32.52
21774,O0018105,P0165,1,10.07,4.97
21775,O0018106,P0099,1,11.25,6.06
21776,O0018107,P0338,1,5.0,3.42
21777,O0018108,P0313,1,40.89,18.87
21778,O0018109,P0165,1,11.19,5.05
21779,O0018110,P0389,1,20.01,12.67
21780,O0018111,P0294,1,21.07,11.83
21781,O0018111,P0187,1,69.71,38.33
21782,O0018111,P0346,1,16.74,13.84
21783,O0018112,P0019,2,24.27,10.54
21784,O0018112,P0116,1,23.14,18.77
21785,O0018113,P0051,1,12.85,10.72
21786,O0018114,P0193,1,61.96,46.51
21787,O0018114,P0052,1,16.42,12.64
21788,O0018115,P0338,1,4.12,3.47
21789,O0018116,P0322,1,20.85,17.13
21790,O0018117,P0312,1,25.49,17.75
21791,O0018117,P0027,1,22.36,12.71
21792,O0018118,P0189,1,31.8,27.14
21793,O0018118,P0337,1,47.63,40.36
21794,O0018118,P0012,1,31.54,18.38
21795,O0018119,P0343,1,16.99,8.77
21796,O0018120,P0197,1,53.52,30.29
21797,O0018121,P0400,1,36.29,18.61
21798,O0018121,P0101,1,53.02,36.84
21799,O0018122,P0105,1,23.07,18.16
21800,O0018122,P0193,1,61.96,47.48
21801,O0018123,P0004,1,20.34,16.21
21802,O0018124,P0107,1,24.79,16.31
21803,O0018125,P0039,1,16.72,9.19
21804,O0018125,P0333,1,5.0,3.14
21805,O0018125,P0029,1,16.97,9.23
21806,O0018126,P0307,1,26.56,18.14
21807,O0018126,P0033,1,12.16,5.89
21808,O0018127,P0177,1,45.34,37.71
21809,O0018128,P0145,1,13.01,5.46
21810,O0018128,P0101,1,53.02,37.43
21811,O0018128,P0320,1,77.73,46.16
21812,O0018129,P0389,1,20.01,13.25
21813,O0018130,P0391,1,66.48,31.79
21814,O0018131,P0058,2,18.88,11.38
21815,O0018131,P0334,1,10.95,5.89
21816,O0018131,P0195,1,21.86,10.59
21817,O0018132,P0141,1,25.44,17.06
21818,O0018133,P0148,1,49.04,24.22
21819,O0018134,P0029,1,16.97,9.22
21820,O0018135,P0275,1,22.42,17.51
21821,O0018136,P0387,1,23.9,16.3
21822,O0018136,P0049,1,20.58,12.35
21823,O0018136,P0122,1,27.74,23.73
21824,O0018137,P0354,1,110.11,60.32
21825,O0018138,P0076,1,7.99,5.29
21826,O0018139,P0220,1,36.54,26.28
21827,O0018139,P0353,1,34.15,17.53
21828,O0018140,P0310,1,38.72,23.4
21829,O0018141,P0015,1,15.87,10.54
21830,O0018141,P0002,1,21.96,14.46
21831,O0018141,P0023,1,8.48,7.19
21832,O0018142,P0335,1,24.9,12.76
21833,O0018143,P0369,1,21.62,16.42
21834,O0018144,P0028,1,19.28,10.26
21835,O0018145,P0062,1,17.52,9.65
21836,O0018146,P0051,1,11.56,10.45
21837,O0018147,P0113,1,18.47,8.21
21838,O0018148,P0085,2,40.26,37.66
21839,O0018149,P0069,1,25.74,11.4
21840,O0018150,P0230,1,36.36,27.47
21841,O0018150,P0194,1,46.22,35.4
21842,O0018151,P0055,1,26.51,21.09
21843,O0018152,P0113,1,20.52,8.31
21844,O0018153,P0360,1,43.84,37.5
21845,O0018154,P0308,2,44.75,24.67
21846,O0018155,P0188,1,24.95,20.14
21847,O0018156,P0210,1,21.59,13.5
21848,O0018157,P0163,1,77.71,49.77
21849,O0018158,P0054,2,31.91,16.0
21850,O0018159,P0304,2,11.87,9.51
21851,O0018160,P0397,1,43.7,18.57
21852,O0018161,P0114,1,43.43,35.73
21853,O0018161,P0207,1,12.43,10.56
21854,O0018162,P0395,1,51.86,22.03
21855,O0018163,P0072,1,31.23,19.15
21856,O0018164,P0028,2,19.28,10.45
21857,O0018165,P0282,1,31.47,19.75
21858,O0018166,P0113,1,20.52,8.52
21859,O0018167,P0264,2,11.57,6.69
21860,O0018168,P0214,1,12.66,8.36
21861,O0018169,P0318,1,11.13,11.24
21862,O0018170,P0238,1,66.04,35.97
21863,O0018171,P0164,1,7.78,6.14
21864,O0018172,P0294,3,21.07,12.39
21865,O0018172,P0206,1,7.96,6.89
21866,O0018172,P0276,1,20.56,14.96
21867,O0018173,P0272,1,25.23,19.86
21868,O0018174,P0256,1,43.56,33.8
21869,O0018174,P0164,1,7.78,6.18
21870,O0018174,P0308,3,44.75,24.35
21871,O0018175,P0175,1,15.31,6.84
21872,O0018176,P0158,1,45.59,20.49
21873,O0018177,P0149,1,15.11,11.22
21874,O0018178,P0108,2,78.48,48.29
21875,O0018178,P0032,1,18.03,15.54
21876,O0018178,P0072,1,31.23,20.28
21877,O0018179,P0057,1,13.99,7.0
21878,O0018180,P0366,1,22.18,17.69
21879,O0018180,P0029,1,16.97,9.11
21880,O0018180,P0091,1,37.25,29.87
21881,O0018181,P0190,1,22.11,15.18
21882,O0018181,P0397,1,39.33,17.77
21883,O0018181,P0098,1,35.84,17.7
21884,O0018182,P0084,1,18.96,14.78
21885,O0018183,P0228,1,110.05,86.51
21886,O0018184,P0313,1,40.89,20.13
21887,O0018184,P0003,1,20.34,8.61
21888,O0018185,P0272,2,25.23,20.11
21889,O0018186,P0026,1,22.34,14.42
21890,O0018187,P0238,1,66.04,35.05
21891,O0018187,P0158,1,45.59,21.2
21892,O0018188,P0018,1,19.43,12.05
21893,O0018189,P0208,1,20.68,13.3
21894,O0018190,P0167,1,25.94,21.7
21895,O0018191,P0071,1,21.03,9.78
21896,O0018192,P0303,1,20.26,17.03
21897,O0018193,P0195,1,24.29,10.68
21898,O0018194,P0115,1,35.82,30.71
21899,O0018195,P0320,1,60.97,46.88
21900,O0018196,P0214,1,12.66,8.26
21901,O0018197,P0239,1,24.64,18.53
21902,O0018197,P0147,1,28.53,22.39
21903,O0018198,P0297,1,8.01,3.51
21904,O0018199,P0185,1,47.48,21.96
21905,O0018200,P0294,1,21.07,11.64
21906,O0018201,P0011,1,10.91,5.77
21907,O0018202,P0295,1,51.47,29.06
21908,O0018203,P0042,1,72.6,46.39
21909,O0018204,P0214,1,12.66,8.33
21910,O0018205,P0093,3,14.24,6.88
21911,O0018206,P0061,1,7.91,3.72
21912,O0018206,P0132,1,41.31,23.44
21913,O0018207,P0276,1,20.56,14.91
21914,O0018208,P0244,1,37.02,25.81
21915,O0018209,P0268,1,13.01,5.95
21916,O0018210,P0337,1,47.63,39.88
21917,O0018211,P0181,1,24.13,14.18
21918,O0018212,P0060,1,30.23,18.79
21919,O0018213,P0227,1,32.25,18.04
21920,O0018214,P0282,1,31.47,21.06
21921,O0018214,P0299,1,14.58,7.14
21922,O0018215,P0006,1,45.33,37.31
21923,O0018216,P0324,1,15.13,7.52
21924,O0018217,P0247,1,84.85,54.1
21925,O0018217,P0112,1,32.48,30.11
21926,O0018218,P0329,1,33.63,23.64
21927,O0018219,P0357,1,30.69,19.55
21928,O0018220,P0167,2,25.94,22.27
21929,O0018221,P0171,1,21.73,18.87
21930,O0018221,P0032,1,18.03,15.32
21931,O0018222,P0161,1,90.55,63.86
21932,O0018223,P0002,1,21.96,14.55
21933,O0018224,P0194,1,46.22,35.21
21934,O0018224,P0326,1,19.49,17.43
21935,O0018225,P0250,1,89.92,59.6
21936,O0018226,P0088,1,28.44,23.4
21937,O0018227,P0297,1,8.01,3.69
21938,O0018228,P0125,1,58.35,33.99
21939,O0018229,P0082,1,75.22,40.18
21940,O0018230,P0134,2,20.3,8.53
21941,O0018231,P0327,1,32.14,16.27
21942,O0018232,P0167,1,20.45,21.45
21943,O0018233,P0122,1,27.74,23.02
21944,O0018234,P0086,1,9.16,6.13
21945,O0018235,P0156,1,13.93,6.48
21946,O0018236,P0389,1,14.29,12.76
21947,O0018237,P0260,1,23.47,20.06
21948,O0018238,P0139,1,13.84,9.75
21949,O0018238,P0247,1,84.85,53.57
21950,O0018238,P0342,1,107.96,116.9
21951,O0018239,P0108,1,78.48,49.83
21952,O0018240,P0295,1,51.47,29.16
21953,O0018240,P0370,1,17.44,7.03
21954,O0018240,P0344,1,12.43,9.31
21955,O0018241,P0227,1,32.25,17.91
21956,O0018242,P0031,1,31.79,13.56
21957,O0018243,P0358,1,9.97,6.91
21958,O0018244,P0052,1,16.42,12.8
21959,O0018245,P0073,1,61.21,32.22
21960,O0018246,P0381,1,19.78,8.75
21961,O0018247,P0153,1,120.58,82.57
21962,O0018247,P0083,1,13.11,11.19
21963,O0018247,P0152,1,51.13,39.28
21964,O0018248,P0391,1,66.48,30.89
21965,O0018249,P0351,1,44.95,32.6
21966,O0018249,P0327,1,32.14,15.81
21967,O0018250,P0322,1,20.85,18.24
21968,O0018251,P0042,1,72.6,46.62
21969,O0018252,P0284,1,8.25,5.7
21970,O0018253,P0090,1,41.21,26.54
21971,O0018254,P0239,1,24.64,18.45
21972,O0018255,P0183,1,38.0,30.61
21973,O0018256,P0210,1,21.59,13.85
21974,O0018256,P0321,1,38.93,29.74
21975,O0018257,P0023,1,8.48,7.43
21976,O0018258,P0068,1,24.02,10.37
21977,O0018259,P0097,1,109.14,78.0
21978,O0018260,P0254,1,6.01,3.66
21979,O0018260,P0053,1,45.93,40.61
21980,O0018260,P0129,1,37.04,28.44
21981,O0018261,P0055,1,26.51,20.41
21982,O0018261,P0105,1,19.59,19.09
21983,O0018261,P0255,1,16.36,12.72
21984,O0018262,P0380,1,49.61,43.37
21985,O0018263,P0137,1,16.82,7.86
21986,O0018264,P0072,1,25.03,19.51
21987,O0018265,P0222,1,13.28,10.76
21988,O0018266,P0397,1,43.7,17.95
21989,O0018267,P0219,1,25.02,17.63
21990,O0018268,P0042,1,72.6,44.38
21991,O0018268,P0014,1,20.48,12.83
21992,O0018268,P0160,1,10.81,6.4
21993,O0018269,P0391,1,66.48,31.71
21994,O0018270,P0228,3,110.05,87.31
21995,O0018271,P0380,1,54.38,43.15
21996,O0018272,P0266,1,52.67,25.86
21997,O0018273,P0247,1,84.85,54.29
21998,O0018274,P0191,1,12.75,6.75
21999,O0018275,P0059,1,31.09,12.57
22000,O0018276,P0350,1,11.21,5.41
22001,O0018276,P0326,1,21.66,17.33
22002,O0018277,P0400,1,36.29,18.41
22003,O0018278,P0226,1,14.92,7.2
22004,O0018279,P0101,1,53.02,37.25
22005,O0018280,P0231,1,8.53,7.02
22006,O0018281,P0027,1,22.36,12.62
22007,O0018282,P0059,1,31.09,12.37
22008,O0018282,P0078,1,15.6,10.55
22009,O0018283,P0233,1,63.03,55.73
22010,O0018284,P0128,1,37.0,31.09
22011,O0018284,P0124,1,9.83,7.47
22012,O0018284,P0362,1,35.77,24.04
22013,O0018285,P0131,1,52.63,44.1
22014,O0018286,P0005,1,86.78,36.89
22015,O0018286,P0278,1,15.48,9.54
22016,O0018287,P0251,1,41.11,29.26
22017,O0018287,P0328,1,17.65,8.21
22018,O0018288,P0307,1,26.56,17.18
22019,O0018289,P0095,1,31.01,13.08
22020,O0018290,P0080,1,25.92,12.99
22021,O0018291,P0101,1,53.02,36.24
22022,O0018292,P0010,1,5.31,2.87
22023,O0018293,P0071,1,16.31,9.88
22024,O0018294,P0358,1,9.97,6.91
22025,O0018295,P0079,1,7.1,4.81
22026,O0018296,P0393,1,7.96,5.71
22027,O0018297,P0110,1,12.36,5.11
22028,O0018298,P0072,3,28.11,19.79
22029,O0018299,P0340,1,61.25,47.92
22030,O0018300,P0084,1,18.96,15.42
22031,O0018301,P0056,1,46.37,44.12
22032,O0018302,P0175,1,15.31,7.23
22033,O0018303,P0180,1,15.67,11.95
22034,O0018304,P0154,1,56.03,28.09
22035,O0018305,P0056,1,53.25,42.03
22036,O0018306,P0127,1,37.04,29.64
22037,O0018307,P0154,1,50.43,29.46
22038,O0018308,P0165,1,11.19,4.8
22039,O0018309,P0309,1,14.44,8.13
22040,O0018310,P0367,1,25.65,17.51
22041,O0018311,P0087,1,6.78,2.97
22042,O0018312,P0019,1,24.27,10.54
22043,O0018313,P0079,1,7.1,4.82
22044,O0018314,P0379,1,107.68,43.49
22045,O0018315,P0325,1,26.29,17.23
22046,O0018316,P0181,1,24.13,13.93
22047,O0018317,P0256,1,43.56,32.76
22048,O0018318,P0196,1,10.77,8.12
22049,O0018319,P0128,1,33.3,31.5
22050,O0018320,P0331,1,49.25,28.01
22051,O0018320,P0029,1,16.97,9.25
22052,O0018321,P0087,1,6.78,3.13
22053,O0018322,P0136,1,5.51,3.73
22054,O0018323,P0335,1,24.9,12.76
22055,O0018324,P0063,1,21.56,13.62
22056,O0018325,P0034,1,40.02,30.92
22057,O0018325,P0042,1,72.6,43.9
22058,O0018325,P0085,1,47.03,35.92
22059,O0018326,P0029,1,16.97,9.29
22060,O0018327,P0390,1,81.71,50.55
22061,O0018328,P0245,1,7.19,3.22
22062,O0018329,P0262,1,22.84,11.83
22063,O0018330,P0240,1,25.47,21.25
22064,O0018331,P0154,1,56.03,28.71
22065,O0018331,P0381,1,19.78,8.63
22066,O0018332,P0071,1,21.03,10.13
22067,O0018332,P0333,1,5.0,3.02
22068,O0018332,P0258,1,8.13,6.7
22069,O0018333,P0096,1,13.85,6.61
22070,O0018334,P0218,1,24.78,16.87
22071,O0018335,P0255,1,19.78,12.36
22072,O0018336,P0304,1,11.87,9.41
22073,O0018337,P0275,1,22.42,17.83
22074,O0018337,P0345,1,25.98,19.87
22075,O0018338,P0136,1,5.51,3.78
22076,O0018339,P0057,1,13.99,7.0
22077,O0018340,P0352,1,11.73,8.38
22078,O0018341,P0169,1,87.25,52.23
22079,O0018342,P0272,1,22.71,19.84
22080,O0018343,P0205,1,7.7,6.17
22081,O0018344,P0102,1,34.13,22.81
22082,O0018345,P0281,1,38.91,25.05
22083,O0018346,P0157,1,34.99,22.3
22084,O0018347,P0062,1,17.52,9.82
22085,O0018348,P0299,1,14.58,7.15
22086,O0018349,P0205,1,7.7,6.03
22087,O0018349,P0165,1,11.19,4.98
22088,O0018350,P0120,1,9.06,6.35
22089,O0018351,P0044,1,14.64,9.86
22090,O0018352,P0242,1,40.38,18.19
22091,O0018353,P0037,1,12.54,9.9
22092,O0018353,P0083,1,10.53,10.65
22093,O0018354,P0280,1,73.22,55.02
22094,O0018355,P0336,1,93.8,78.89
22095,O0018355,P0257,1,90.28,71.0
22096,O0018355,P0041,1,46.99,36.94
22097,O0018356,P0047,1,26.3,14.24
22098,O0018357,P0388,1,15.88,7.1
22099,O0018358,P0296,1,113.02,96.89
22100,O0018359,P0008,1,37.87,18.07
22101,O0018360,P0305,1,15.47,7.47
22102,O0018361,P0261,1,4.5,3.43
22103,O0018361,P0151,1,8.95,7.75
22104,O0018361,P0400,1,36.29,18.35
22105,O0018362,P0133,1,13.22,8.78
22106,O0018363,P0200,1,15.63,6.84
22107,O0018364,P0064,1,33.89,23.89
22108,O0018365,P0389,1,18.01,12.89
22109,O0018366,P0182,2,26.95,21.06
22110,O0018367,P0235,1,6.23,5.13
22111,O0018368,P0273,1,14.02,11.01
22112,O0018369,P0309,1,14.44,7.98
22113,O0018370,P0371,1,10.92,7.08
22114,O0018371,P0338,1,5.0,3.34
22115,O0018372,P0398,1,9.94,4.49
22116,O0018373,P0395,1,51.86,21.22
22117,O0018374,P0013,1,79.24,39.15
22118,O0018375,P0319,1,37.48,23.36
22119,O0018376,P0197,1,53.52,29.59
22120,O0018377,P0377,1,4.5,4.21
22121,O0018378,P0197,1,53.52,30.24
22122,O0018379,P0137,1,16.82,7.8
22123,O0018380,P0389,1,20.01,13.06
22124,O0018381,P0226,1,16.11,7.09
22125,O0018382,P0244,1,37.02,26.06
22126,O0018383,P0115,1,35.82,30.5
22127,O0018384,P0199,1,34.14,23.28
22128,O0018385,P0204,1,29.54,24.78
22129,O0018386,P0093,1,14.24,6.93
22130,O0018386,P0313,1,40.89,19.8
22131,O0018387,P0240,1,25.47,21.36
22132,O0018387,P0381,1,19.78,8.57
22133,O0018388,P0290,1,49.67,31.79
22134,O0018389,P0016,1,26.81,13.13
22135,O0018390,P0325,1,26.29,17.97
22136,O0018391,P0112,1,36.09,29.51
22137,O0018392,P0226,1,16.11,7.22
22138,O0018393,P0079,3,6.09,4.95
22139,O0018394,P0393,1,7.96,5.52
22140,O0018395,P0166,1,35.51,25.05
22141,O0018396,P0107,1,24.79,16.49
22142,O0018397,P0008,1,37.87,19.03
22143,O0018398,P0042,1,72.6,45.79
22144,O0018398,P0094,1,29.54,24.28
22145,O0018399,P0049,1,20.58,12.49
22146,O0018400,P0347,1,56.26,25.76
22147,O0018401,P0269,1,22.52,11.55
22148,O0018402,P0221,1,137.35,92.63
22149,O0018403,P0359,1,26.78,19.85
22150,O0018404,P0391,1,66.48,32.71
22151,O0018405,P0284,1,11.42,5.84
22152,O0018406,P0148,1,49.04,22.98
22153,O0018407,P0059,2,31.09,12.84
22154,O0018408,P0361,2,11.73,8.82
22155,O0018409,P0298,1,38.49,18.62
22156,O0018409,P0247,1,84.85,53.42
22157,O0018410,P0108,1,78.48,50.32
22158,O0018411,P0281,1,38.91,25.04
22159,O0018412,P0275,1,22.42,17.58
22160,O0018413,P0099,1,11.25,6.19
22161,O0018414,P0059,2,31.09,12.81
22162,O0018415,P0021,1,47.37,25.27
22163,O0018416,P0037,1,12.54,9.78
22164,O0018417,P0039,1,16.72,9.22
22165,O0018418,P0144,1,28.48,14.84
22166,O0018419,P0387,1,23.9,15.36
22167,O0018420,P0322,1,20.85,17.94
22168,O0018421,P0155,1,67.59,26.93
22169,O0018422,P0186,1,47.03,39.0
22170,O0018422,P0340,1,55.12,45.76
22171,O0018423,P0035,1,55.97,42.4
22172,O0018424,P0119,1,29.12,24.14
22173,O0018424,P0331,1,49.25,28.19
22174,O0018425,P0040,1,21.15,12.08
22175,O0018426,P0016,2,25.08,13.42
22176,O0018427,P0073,1,61.21,30.83
22177,O0018428,P0301,1,25.5,15.34
22178,O0018429,P0016,1,26.81,13.17
22179,O0018430,P0118,1,7.3,3.98
22180,O0018431,P0197,1,53.52,30.57
22181,O0018432,P0294,1,17.08,12.45
22182,O0018433,P0088,1,28.44,22.9
22183,O0018434,P0213,1,31.76,24.39
22184,O0018435,P0184,1,20.87,12.19
22185,O0018436,P0287,1,14.63,6.85
22186,O0018436,P0381,1,19.78,8.7
22187,O0018437,P0314,1,6.49,4.15
22188,O0018438,P0076,1,7.99,5.21
22189,O0018439,P0255,1,19.78,12.77
22190,O0018439,P0267,1,16.05,7.9
22191,O0018439,P0284,1,11.42,5.99
22192,O0018440,P0285,2,13.4,5.69
22193,O0018441,P0321,1,38.93,31.43
22194,O0018441,P0178,1,31.37,24.68
22195,O0018441,P0033,1,14.27,5.69
22196,O0018442,P0206,1,6.99,6.8
22197,O0018443,P0275,1,22.42,17.61
22198,O0018444,P0353,1,34.15,17.54
22199,O0018445,P0057,1,13.99,7.19
22200,O0018446,P0013,1,79.24,40.55
22201,O0018447,P0368,1,58.87,35.22
22202,O0018448,P0109,1,40.47,21.87
22203,O0018449,P0244,3,37.02,27.29
22204,O0018450,P0044,1,14.64,9.6
22205,O0018451,P0212,2,19.47,8.91
22206,O0018452,P0238,1,66.04,33.94
22207,O0018452,P0092,1,31.11,23.7
22208,O0018452,P0178,1,31.37,24.73
22209,O0018453,P0184,1,20.87,12.59
22210,O0018453,P0390,2,81.71,50.74
22211,O0018454,P0138,1,58.62,37.35
22212,O0018455,P0147,1,36.74,22.27
22213,O0018456,P0136,1,5.51,3.76
22214,O0018457,P0271,1,118.13,49.6
22215,O0018458,P0398,1,9.94,4.52
22216,O0018459,P0291,1,26.1,18.04
22217,O0018460,P0246,1,68.18,48.58
22218,O0018461,P0378,1,23.49,13.13
22219,O0018462,P0051,1,12.85,10.95
22220,O0018463,P0373,1,6.56,6.37
22221,O0018464,P0082,1,84.77,40.63
22222,O0018465,P0133,1,13.22,9.1
22223,O0018466,P0048,1,19.31,12.42
22224,O0018467,P0017,1,15.17,10.96
22225,O0018468,P0028,1,19.28,10.38
22226,O0018469,P0027,1,22.36,12.81
22227,O0018470,P0062,1,17.52,10.11
22228,O0018471,P0178,1,31.37,24.32
22229,O0018472,P0159,1,5.0,2.44
22230,O0018473,P0274,1,29.11,24.03
22231,O0018474,P0258,1,8.13,6.87
22232,O0018474,P0146,1,20.14,18.47
22233,O0018474,P0158,1,45.59,20.1
22234,O0018475,P0333,1,5.0,3.06
22235,O0018476,P0344,1,12.43,9.42
22236,O0018477,P0244,2,37.02,25.59
22237,O0018478,P0090,1,45.85,26.27
22238,O0018479,P0207,1,13.81,10.61
22239,O0018479,P0399,1,16.13,11.08
22240,O0018479,P0337,1,47.63,39.01
22241,O0018480,P0322,2,18.76,18.25
22242,O0018480,P0146,1,22.38,18.36
22243,O0018480,P0270,1,10.72,6.25
22244,O0018481,P0169,1,87.25,53.93
22245,O0018482,P0191,1,12.75,7.05
22246,O0018482,P0040,1,21.15,11.72
22247,O0018483,P0325,1,26.29,17.38
22248,O0018484,P0002,1,21.96,14.89
22249,O0018485,P0046,1,85.77,50.77
22250,O0018486,P0020,1,10.53,8.89
22251,O0018487,P0252,1,73.33,36.01
22252,O0018488,P0399,1,12.0,11.6
22253,O0018488,P0069,1,25.74,10.7
22254,O0018489,P0051,1,12.85,10.74
22255,O0018490,P0340,1,61.25,47.83
22256,O0018491,P0199,1,34.14,23.4
22257,O0018491,P0140,1,42.25,19.33
22258,O0018492,P0022,1,9.24,5.93
22259,O0018493,P0180,1,15.67,11.81
22260,O0018494,P0003,1,20.34,8.9
22261,O0018495,P0266,1,52.67,24.89
22262,O0018496,P0353,1,34.15,18.08
22263,O0018497,P0084,1,16.47,14.99
22264,O0018498,P0273,1,14.02,11.06
22265,O0018499,P0180,1,15.67,12.54
22266,O0018499,P0310,1,38.72,23.38
22267,O0018500,P0161,1,90.55,62.25
22268,O0018501,P0256,1,43.56,33.61
22269,O0018502,P0201,1,29.84,12.67
22270,O0018503,P0276,1,20.56,15.42
22271,O0018504,P0028,2,15.83,10.05
22272,O0018504,P0209,1,48.72,22.21
22273,O0018505,P0128,1,37.0,29.58
22274,O0018506,P0037,1,12.54,10.27
22275,O0018507,P0199,1,34.14,23.1
22276,O0018508,P0338,1,5.0,3.55
22277,O0018509,P0310,1,38.72,23.75
22278,O0018510,P0012,1,31.54,17.56
22279,O0018511,P0106,1,32.23,22.63
22280,O0018512,P0385,1,28.75,14.82
22281,O0018513,P0035,1,43.27,43.84
22282,O0018514,P0218,1,24.78,16.57
22283,O0018515,P0214,1,12.66,8.69
22284,O0018516,P0260,1,23.47,19.35
22285,O0018516,P0049,1,20.58,12.38
22286,O0018517,P0238,1,66.04,36.03
22287,O0018518,P0028,1,19.28,9.97
22288,O0018519,P0015,1,15.87,10.86
22289,O0018519,P0040,1,21.15,11.82
22290,O0018520,P0100,1,38.67,34.7
22291,O0018521,P0262,1,22.84,11.96
22292,O0018522,P0141,1,25.44,16.92
22293,O0018523,P0261,1,5.0,3.59
22294,O0018524,P0358,1,8.97,7.05
22295,O0018525,P0155,2,67.59,27.83
22296,O0018526,P0317,1,54.87,28.18
22297,O0018527,P0191,1,11.48,7.01
22298,O0018528,P0258,2,8.13,6.88
22299,O0018529,P0031,1,23.11,14.35
22300,O0018530,P0222,1,13.28,10.94
22301,O0018531,P0205,1,7.7,5.88
22302,O0018532,P0361,1,13.03,8.74
22303,O0018533,P0298,1,38.49,18.72
22304,O0018534,P0263,1,32.89,16.25
22305,O0018535,P0030,1,50.6,36.46
22306,O0018536,P0188,1,24.95,19.99
22307,O0018537,P0296,1,113.02,99.65
22308,O0018538,P0271,1,118.13,51.23
22309,O0018539,P0100,1,46.05,33.51
22310,O0018540,P0118,1,7.3,3.9
22311,O0018541,P0287,1,14.63,6.55
22312,O0018542,P0076,1,7.99,5.29
22313,O0018543,P0135,1,156.29,81.95
22314,O0018544,P0293,1,10.7,5.57
22315,O0018545,P0289,1,94.61,72.35
22316,O0018546,P0255,1,18.32,13.02
22317,O0018547,P0358,1,8.97,6.9
22318,O0018548,P0375,1,17.57,9.61
22319,O0018549,P0058,1,18.88,11.37
22320,O0018550,P0387,1,23.9,16.09
22321,O0018551,P0156,1,13.93,6.6
22322,O0018552,P0164,1,7.0,6.27
22323,O0018553,P0322,1,20.85,18.07
22324,O0018554,P0250,1,99.91,58.87
22325,O0018555,P0309,1,14.44,8.02
22326,O0018556,P0071,1,21.03,9.59
22327,O0018557,P0270,1,8.65,6.16
22328,O0018558,P0172,1,39.28,31.47
22329,O0018559,P0171,1,21.73,18.6
22330,O0018559,P0179,1,12.64,9.16
22331,O0018560,P0006,1,45.33,39.28
22332,O0018561,P0084,1,18.96,15.37
22333,O0018561,P0067,1,5.29,2.77
22334,O0018562,P0238,1,66.04,34.06
22335,O0018562,P0005,1,86.78,36.58
22336,O0018563,P0379,1,107.68,43.45
22337,O0018564,P0106,1,28.69,23.08
22338,O0018565,P0234,1,16.86,7.95
22339,O0018566,P0207,1,13.81,10.59
22340,O0018567,P0335,2,24.9,12.68
22341,O0018568,P0066,1,23.11,12.0
22342,O0018569,P0138,1,58.62,38.37
22343,O0018570,P0291,1,26.1,17.26
22344,O0018571,P0263,1,32.89,15.88
22345,O0018572,P0024,1,28.72,21.14
22346,O0018573,P0258,1,8.13,6.78
22347,O0018573,P0249,1,114.8,103.98
22348,O0018574,P0049,1,20.58,12.62
22349,O0018575,P0176,1,43.38,34.15
22350,O0018575,P0150,1,14.55,10.72
22351,O0018576,P0132,1,41.31,23.59
22352,O0018577,P0399,1,16.13,11.54
22353,O0018578,P0117,1,12.46,10.13
22354,O0018578,P0331,1,49.25,28.56
22355,O0018578,P0117,1,12.46,10.07
22356,O0018579,P0015,2,15.87,11.22
22357,O0018580,P0183,1,34.2,29.67
22358,O0018581,P0049,1,20.58,12.12
22359,O0018582,P0057,1,13.99,7.11
22360,O0018583,P0313,1,40.89,19.13
22361,O0018584,P0082,1,84.77,38.98
22362,O0018585,P0087,1,6.78,2.97
22363,O0018585,P0005,1,86.78,37.01
22364,O0018586,P0004,1,20.34,16.56
22365,O0018587,P0271,1,118.13,50.69
22366,O0018588,P0118,1,7.3,3.95
22367,O0018589,P0328,1,17.65,8.66
22368,O0018590,P0278,1,15.48,9.91
22369,O0018591,P0096,1,12.46,6.6
22370,O0018592,P0007,1,15.91,8.32
22371,O0018593,P0301,1,22.95,15.12
22372,O0018594,P0032,1,18.03,15.2
22373,O0018595,P0280,1,73.22,54.25
22374,O0018596,P0389,1,20.01,12.56
22375,O0018597,P0054,1,31.91,15.93
22376,O0018598,P0077,1,11.11,4.81
22377,O0018599,P0382,1,10.12,8.5
22378,O0018600,P0161,1,90.55,62.41
22379,O0018601,P0239,1,24.64,18.98
22380,O0018602,P0202,1,16.35,12.8
22381,O0018603,P0178,1,28.23,23.59
22382,O0018604,P0207,1,13.81,10.74
22383,O0018605,P0349,1,17.79,15.67
22384,O0018606,P0397,1,43.7,18.38
22385,O0018606,P0234,1,16.86,7.94
22386,O0018606,P0301,1,25.5,14.97
22387,O0018607,P0326,1,21.66,17.46
22388,O0018608,P0013,1,79.24,38.45
22389,O0018609,P0077,1,11.11,4.79
22390,O0018610,P0042,1,72.6,43.82
22391,O0018611,P0370,1,17.44,7.12
22392,O0018612,P0216,1,33.83,26.71
22393,O0018613,P0220,1,32.89,26.58
22394,O0018614,P0319,2,37.48,23.61
22395,O0018615,P0313,1,40.89,19.84
22396,O0018616,P0379,1,107.68,43.9
22397,O0018617,P0139,1,13.84,9.25
22398,O0018618,P0007,1,16.85,8.22
22399,O0018619,P0364,1,14.43,13.65
22400,O0018620,P0330,1,17.52,11.38
22401,O0018621,P0221,1,137.35,90.89
22402,O0018622,P0017,1,15.17,10.76
22403,O0018622,P0348,1,16.31,13.16
22404,O0018622,P0033,1,11.9,5.68
22405,O0018623,P0147,1,27.05,21.35
22406,O0018624,P0127,1,37.04,29.39
22407,O0018625,P0003,1,18.67,8.67
22408,O0018626,P0045,1,22.0,15.48
22409,O0018627,P0264,1,11.57,6.65
22410,O0018627,P0258,1,8.13,6.72
22411,O0018628,P0133,1,11.8,8.95
22412,O0018629,P0093,1,14.24,6.75
22413,O0018630,P0393,1,7.96,5.48
22414,O0018631,P0147,1,36.74,21.26
22415,O0018632,P0297,1,8.01,3.56
22416,O0018633,P0366,1,22.18,18.06
22417,O0018633,P0011,1,10.91,5.85
22418,O0018633,P0266,1,52.67,25.49
22419,O0018634,P0242,1,40.38,18.98
22420,O0018635,P0285,1,13.4,5.55
22421,O0018636,P0284,1,9.96,5.83
22422,O0018636,P0219,1,22.74,17.16
22423,O0018637,P0301,1,25.5,15.16
22424,O0018638,P0194,1,46.22,35.81
22425,O0018639,P0396,1,67.85,35.17
22426,O0018640,P0137,1,16.82,7.57
22427,O0018641,P0175,1,13.73,7.21
22428,O0018641,P0364,1,11.86,13.13
22429,O0018642,P0095,1,31.01,12.53
22430,O0018642,P0177,1,50.38,36.64
22431,O0018643,P0209,1,48.72,21.79
22432,O0018644,P0177,1,50.38,37.51
22433,O0018645,P0235,1,6.23,5.17
22434,O0018646,P0308,1,44.75,23.17
22435,O0018647,P0129,1,37.04,28.73
22436,O0018648,P0260,1,23.47,20.62
22437,O0018648,P0346,1,16.74,13.28
22438,O0018648,P0012,1,31.54,17.87
22439,O0018649,P0210,1,21.59,13.19
22440,O0018649,P0195,1,24.29,10.43
22441,O0018649,P0365,1,11.12,9.6
22442,O0018650,P0280,1,73.22,54.63
22443,O0018650,P0224,1,12.85,6.45
22444,O0018650,P0041,1,46.99,37.16
22445,O0018651,P0291,1,20.42,18.03
22446,O0018652,P0198,1,21.81,9.82
22447,O0018652,P0162,1,7.81,3.32
22448,O0018653,P0174,1,14.91,8.25
22449,O0018654,P0060,1,30.23,18.75
22450,O0018654,P0392,1,5.0,2.48
22451,O0018655,P0344,2,12.43,9.35
22452,O0018656,P0253,1,57.21,32.46
22453,O0018657,P0245,1,7.19,3.18
22454,O0018658,P0307,1,26.56,17.16
22455,O0018659,P0316,1,25.48,12.06
22456,O0018660,P0365,1,11.12,9.34
22457,O0018660,P0040,1,21.15,11.43
22458,O0018661,P0167,1,25.94,21.66
22459,O0018662,P0194,1,43.03,34.3
22460,O0018663,P0381,1,19.78,9.0
22461,O0018664,P0078,1,15.6,10.42
22462,O0018665,P0304,1,11.87,9.52
22463,O0018666,P0035,1,55.97,43.53
22464,O0018667,P0288,1,10.33,8.55
22465,O0018668,P0131,1,52.63,42.1
22466,O0018669,P0392,1,5.0,2.41
22467,O0018670,P0015,1,15.87,10.5
22468,O0018671,P0174,1,14.91,8.1
22469,O0018672,P0298,2,38.49,17.78
22470,O0018673,P0318,1,15.46,11.34
22471,O0018673,P0090,1,45.85,26.43
22472,O0018674,P0393,1,7.96,5.67
22473,O0018675,P0082,1,84.77,40.28
22474,O0018676,P0063,1,21.56,13.7
22475,O0018677,P0329,1,27.06,24.14
22476,O0018678,P0173,1,30.72,13.93
22477,O0018679,P0190,1,22.11,14.91
22478,O0018679,P0068,2,21.62,10.01
22479,O0018680,P0289,1,94.61,73.5
22480,O0018680,P0133,1,13.22,8.94
22481,O0018681,P0212,1,19.47,8.7
22482,O0018682,P0082,1,84.77,39.73
22483,O0018683,P0388,1,15.88,6.94
22484,O0018683,P0230,1,36.36,28.13
22485,O0018684,P0360,1,43.84,35.16
22486,O0018685,P0170,1,7.58,5.99
22487,O0018686,P0173,3,30.72,13.32
22488,O0018686,P0328,1,17.65,8.77
22489,O0018686,P0011,1,10.91,6.08
22490,O0018687,P0077,1,11.11,4.74
22491,O0018688,P0079,1,7.1,4.81
22492,O0018689,P0294,1,21.07,12.22
22493,O0018690,P0175,1,15.31,7.17
22494,O0018691,P0396,1,67.85,33.3
22495,O0018692,P0229,1,11.96,9.7
22496,O0018693,P0098,2,35.84,17.89
22497,O0018694,P0127,1,37.04,29.75
22498,O0018695,P0362,1,35.77,25.08
22499,O0018696,P0087,1,6.78,3.08
22500,O0018697,P0359,1,26.78,19.33
22501,O0018698,P0257,1,90.28,69.96
22502,O0018698,P0289,1,94.61,71.92
22503,O0018699,P0285,1,13.4,5.52
22504,O0018700,P0386,1,16.37,11.0
22505,O0018700,P0177,3,50.38,36.69
22506,O0018701,P0345,1,25.98,19.64
22507,O0018702,P0325,1,26.29,17.91
22508,O0018703,P0249,1,127.56,100.49
22509,O0018704,P0131,1,52.63,43.98
22510,O0018705,P0078,1,14.04,10.58
22511,O0018706,P0033,3,14.27,6.0
22512,O0018707,P0308,1,41.49,24.32
22513,O0018708,P0247,1,84.85,54.26
22514,O0018709,P0396,1,67.85,34.32
22515,O0018710,P0354,1,110.11,63.49
22516,O0018711,P0088,1,28.44,23.27
22517,O0018712,P0307,1,26.56,17.59
22518,O0018713,P0134,1,20.3,8.86
22519,O0018714,P0192,1,130.83,70.35
22520,O0018715,P0286,1,7.86,4.43
22521,O0018715,P0182,1,26.95,20.29
22522,O0018715,P0332,1,18.9,14.22
22523,O0018716,P0380,1,60.42,43.15
22524,O0018717,P0332,1,14.59,14.25
22525,O0018718,P0286,1,7.86,4.48
22526,O0018719,P0282,1,28.32,20.62
22527,O0018720,P0072,1,31.23,20.21
22528,O0018721,P0096,1,13.85,6.6
22529,O0018722,P0031,1,31.79,13.7
22530,O0018723,P0094,1,26.59,24.37
22531,O0018724,P0163,1,77.71,49.01
22532,O0018725,P0258,1,8.13,6.89
22533,O0018726,P0183,1,38.0,30.82
22534,O0018727,P0343,1,15.35,8.96
22535,O0018728,P0031,1,31.79,13.59
22536,O0018729,P0221,1,137.35,91.47
22537,O0018730,P0304,1,11.87,9.82
22538,O0018731,P0133,2,13.22,8.8
22539,O0018731,P0307,1,26.56,18.0
22540,O0018731,P0128,2,37.0,29.8
22541,O0018732,P0051,1,12.85,10.85
22542,O0018733,P0098,1,35.84,18.16
22543,O0018734,P0143,1,5.0,3.76
22544,O0018735,P0004,1,20.34,15.75
22545,O0018736,P0017,1,15.17,11.09
22546,O0018736,P0219,1,25.02,17.53
22547,O0018737,P0391,1,66.48,31.22
22548,O0018738,P0195,1,24.29,10.47
22549,O0018739,P0129,1,37.04,28.83
22550,O0018739,P0337,1,47.63,38.41
22551,O0018740,P0256,1,43.56,33.12
22552,O0018741,P0055,1,26.51,20.46
22553,O0018742,P0258,1,8.13,6.92
22554,O0018743,P0311,1,6.67,3.15
22555,O0018744,P0215,1,22.49,12.06
22556,O0018745,P0265,1,23.33,16.43
22557,O0018746,P0156,1,13.93,6.54
22558,O0018747,P0172,1,39.28,31.58
22559,O0018748,P0096,2,13.85,6.49
22560,O0018749,P0363,1,87.76,73.68
22561,O0018750,P0040,1,19.04,12.11
22562,O0018751,P0106,1,32.23,22.25
22563,O0018752,P0097,1,109.14,79.4
22564,O0018752,P0393,1,7.96,5.42
22565,O0018753,P0164,1,6.62,6.34
22566,O0018754,P0281,1,38.91,25.05
22567,O0018755,P0392,1,5.0,2.51
22568,O0018756,P0226,1,16.11,7.17
22569,O0018757,P0329,1,33.63,23.97
22570,O0018758,P0012,1,31.54,18.44
22571,O0018759,P0091,1,37.25,29.38
22572,O0018760,P0074,1,44.77,32.91
22573,O0018761,P0271,1,118.13,48.96
22574,O0018762,P0358,1,9.97,6.69
22575,O0018763,P0119,1,26.21,23.96
22576,O0018764,P0123,2,25.7,20.95
22577,O0018765,P0094,1,29.54,23.9
22578,O0018766,P0035,1,55.97,43.33
22579,O0018767,P0111,1,8.58,8.57
22580,O0018768,P0306,1,44.89,32.56
22581,O0018769,P0389,1,15.17,12.76
22582,O0018770,P0245,1,7.19,3.37
22583,O0018771,P0232,2,106.18,83.28
22584,O0018771,P0359,1,26.78,18.94
22585,O0018772,P0147,1,36.74,21.52
22586,O0018773,P0095,1,31.01,13.05
22587,O0018774,P0226,1,16.11,7.34
22588,O0018775,P0118,1,7.3,4.14
22589,O0018776,P0278,1,15.48,9.63
22590,O0018777,P0028,1,19.28,10.55
22591,O0018778,P0157,1,34.99,21.75
22592,O0018779,P0247,2,84.85,54.56
22593,O0018780,P0156,1,13.93,6.42
22594,O0018781,P0011,1,9.82,5.71
22595,O0018781,P0247,1,84.85,56.02
22596,O0018781,P0007,1,16.85,7.97
22597,O0018782,P0126,1,57.0,31.11
22598,O0018783,P0077,1,10.55,4.85
22599,O0018784,P0240,1,25.47,21.1
22600,O0018785,P0086,2,9.16,6.01
22601,O0018786,P0358,1,9.97,6.93
22602,O0018787,P0315,1,14.56,7.91
22603,O0018788,P0235,1,6.23,5.46
22604,O0018788,P0368,1,58.87,33.77
22605,O0018789,P0232,1,106.18,87.02
22606,O0018790,P0005,1,86.78,36.93
22607,O0018790,P0174,1,14.91,8.01
22608,O0018791,P0008,1,37.87,18.26
22609,O0018792,P0320,1,77.73,47.34
22610,O0018793,P0173,1,30.72,13.6
22611,O0018793,P0250,1,99.91,57.08
22612,O0018794,P0100,1,46.05,34.1
22613,O0018795,P0023,1,8.48,7.14
22614,O0018795,P0263,1,32.89,16.33
22615,O0018796,P0059,1,31.09,12.86
22616,O0018797,P0044,1,14.64,9.73
22617,O0018798,P0096,1,13.85,6.56
22618,O0018799,P0271,1,118.13,50.51
22619,O0018800,P0108,1,78.48,47.92
22620,O0018800,P0270,1,10.72,6.26
22621,O0018800,P0055,3,26.51,20.58
22622,O0018801,P0188,1,24.95,19.82
22623,O0018802,P0282,1,31.47,20.18
22624,O0018803,P0052,1,16.42,12.98
22625,O0018803,P0190,1,22.11,14.84
22626,O0018804,P0339,1,7.52,3.63
22627,O0018805,P0072,1,31.23,19.36
22628,O0018806,P0237,1,20.14,12.92
22629,O0018807,P0142,1,14.57,9.91
22630,O0018808,P0007,1,16.85,8.36
22631,O0018809,P0190,1,22.11,15.2
22632,O0018809,P0400,1,36.29,18.88
22633,O0018810,P0335,1,24.9,13.1
22634,O0018811,P0081,1,11.76,9.48
22635,O0018812,P0286,1,7.86,4.36
22636,O0018813,P0145,1,13.01,5.5
22637,O0018814,P0222,1,13.28,10.85
22638,O0018815,P0270,1,10.72,6.29
22639,O0018816,P0036,1,51.68,22.02
22640,O0018817,P0073,1,61.21,31.7
22641,O0018818,P0088,1,28.44,23.38
22642,O0018819,P0022,1,9.24,5.87
22643,O0018820,P0373,1,8.74,6.52
22644,O0018821,P0199,1,34.14,23.71
22645,O0018822,P0310,1,38.72,23.49
22646,O0018823,P0082,1,84.77,39.33
22647,O0018824,P0029,1,16.97,8.96
22648,O0018825,P0284,1,11.42,6.1
22649,O0018826,P0211,1,24.17,10.5
22650,O0018826,P0096,1,13.85,6.42
22651,O0018827,P0284,1,11.42,6.0
22652,O0018828,P0089,1,27.18,17.46
22653,O0018829,P0370,1,17.44,7.19
22654,O0018830,P0070,1,176.02,91.85
22655,O0018831,P0004,1,20.34,16.25
22656,O0018832,P0016,1,26.81,12.78
22657,O0018832,P0264,1,11.57,6.51
22658,O0018832,P0015,1,15.87,10.51
22659,O0018833,P0300,1,16.61,8.69
22660,O0018834,P0282,1,31.47,20.74
22661,O0018835,P0224,1,12.85,6.46
22662,O0018835,P0010,1,5.31,2.79
22663,O0018836,P0235,1,5.55,5.41
22664,O0018837,P0228,1,110.05,84.45
22665,O0018838,P0367,1,25.65,16.76
22666,O0018839,P0223,1,141.44,76.07
22667,O0018840,P0108,1,78.48,48.68
22668,O0018841,P0327,1,32.14,16.2
22669,O0018842,P0324,3,15.13,7.32
22670,O0018843,P0003,1,20.34,8.65
22671,O0018844,P0253,1,57.21,33.2
22672,O0018845,P0292,1,9.03,9.38
22673,O0018846,P0059,1,31.09,12.83
22674,O0018846,P0128,1,37.0,31.09
22675,O0018846,P0385,3,28.75,14.24
22676,O0018847,P0250,1,99.91,57.48
22677,O0018848,P0279,1,6.63,4.49
22678,O0018849,P0084,1,18.96,15.14
22679,O0018850,P0142,1,13.11,9.89
22680,O0018851,P0017,1,15.17,10.84
22681,O0018851,P0209,1,48.72,21.93
22682,O0018852,P0133,1,13.22,9.06
22683,O0018853,P0240,1,25.47,20.93
22684,O0018853,P0169,1,87.25,53.79
22685,O0018853,P0154,1,50.43,28.81
22686,O0018854,P0297,1,8.01,3.51
22687,O0018855,P0092,1,31.11,24.28
22688,O0018856,P0300,1,16.61,9.14
22689,O0018857,P0321,1,38.93,30.87
22690,O0018858,P0099,1,11.25,6.14
22691,O0018859,P0092,1,31.11,23.12
22692,O0018860,P0400,1,36.29,19.29
22693,O0018861,P0034,1,40.02,31.92
22694,O0018862,P0256,1,33.77,33.89
22695,O0018862,P0024,1,28.72,21.98
22696,O0018863,P0359,1,26.78,19.76
22697,O0018864,P0055,1,26.51,20.56
22698,O0018865,P0135,1,156.29,83.82
22699,O0018866,P0015,1,15.87,11.13
22700,O0018867,P0030,1,57.15,37.2
22701,O0018868,P0032,1,18.03,14.94
22702,O0018869,P0242,1,40.38,18.27
22703,O0018870,P0104,1,13.42,6.93
22704,O0018871,P0241,1,15.4,10.65
22705,O0018872,P0358,1,9.97,6.66
22706,O0018873,P0347,1,56.26,26.39
22707,O0018873,P0053,1,51.03,39.13
22708,O0018873,P0087,1,6.78,2.96
22709,O0018874,P0203,1,16.83,7.65
22710,O0018875,P0280,1,73.22,54.43
22711,O0018876,P0284,1,11.42,5.95
22712,O0018877,P0366,1,22.18,17.12
22713,O0018878,P0381,1,19.78,9.01
22714,O0018879,P0044,1,14.64,9.6
22715,O0018880,P0146,1,22.38,19.34
22716,O0018881,P0360,1,43.84,37.31
22717,O0018882,P0010,1,4.78,2.91
22718,O0018883,P0378,1,23.49,13.16
22719,O0018884,P0293,1,10.7,5.63
22720,O0018885,P0229,2,11.96,9.86
22721,O0018886,P0162,1,7.81,3.22
22722,O0018887,P0107,1,24.79,16.24
22723,O0018888,P0178,1,24.83,23.6
22724,O0018889,P0194,1,46.22,35.36
22725,O0018890,P0022,1,9.24,6.07
22726,O0018891,P0332,1,18.9,14.55
22727,O0018892,P0209,1,48.72,21.7
22728,O0018893,P0148,1,49.04,23.84
22729,O0018893,P0219,2,25.02,16.85
22730,O0018894,P0035,1,55.97,43.05
22731,O0018894,P0341,1,40.7,34.25
22732,O0018895,P0280,1,73.22,55.02
22733,O0018896,P0290,1,49.67,31.96
22734,O0018897,P0043,1,32.76,24.24
22735,O0018897,P0080,1,25.92,12.95
22736,O0018897,P0117,1,12.46,9.93
22737,O0018898,P0217,1,29.35,12.96
22738,O0018899,P0193,1,61.96,48.27
22739,O0018900,P0248,1,26.91,20.92
22740,O0018900,P0375,1,17.94,9.59
22741,O0018901,P0182,1,26.95,20.65
22742,O0018902,P0085,1,47.03,35.99
22743,O0018903,P0039,2,16.72,9.12
22744,O0018904,P0265,1,23.33,16.2
22745,O0018905,P0310,1,38.72,23.99
22746,O0018905,P0176,1,48.41,34.32
22747,O0018906,P0098,1,35.84,18.7
22748,O0018906,P0338,1,5.0,3.5
22749,O0018907,P0172,1,39.28,31.23
22750,O0018908,P0246,1,68.18,47.96
22751,O0018909,P0058,1,18.88,11.54
22752,O0018910,P0068,3,24.02,10.17
22753,O0018911,P0256,1,43.56,34.42
22754,O0018912,P0229,1,11.96,9.89
22755,O0018913,P0133,1,13.22,8.63
22756,O0018914,P0390,1,81.71,50.86
22757,O0018915,P0264,1,11.57,6.47
22758,O0018916,P0299,1,14.58,7.0
22759,O0018917,P0168,1,18.02,11.65
22760,O0018918,P0009,1,29.77,17.57
22761,O0018919,P0166,1,31.96,25.32
22762,O0018920,P0315,1,14.56,8.02
22763,O0018921,P0007,1,16.85,8.31
22764,O0018922,P0112,1,36.09,31.16
22765,O0018922,P0304,1,10.68,9.79
22766,O0018922,P0329,1,33.63,23.92
22767,O0018923,P0154,1,56.03,29.32
22768,O0018923,P0327,1,32.14,16.36
22769,O0018924,P0084,1,18.96,15.49
22770,O0018925,P0314,1,6.49,4.16
22771,O0018926,P0018,1,19.43,12.17
22772,O0018927,P0323,1,33.01,26.65
22773,O0018927,P0088,1,28.44,23.76
22774,O0018928,P0232,1,106.18,84.43
22775,O0018929,P0324,1,15.13,7.58
22776,O0018930,P0161,1,90.55,61.69
22777,O0018931,P0102,1,30.72,23.35
22778,O0018932,P0017,1,15.17,10.95
22779,O0018933,P0070,1,176.02,96.95
22780,O0018934,P0029,1,16.97,9.25
22781,O0018935,P0011,1,10.91,5.8
22782,O0018936,P0067,1,5.29,2.87
22783,O0018937,P0202,1,16.35,12.84
22784,O0018938,P0212,1,19.47,8.83
22785,O0018939,P0339,1,7.52,3.41
22786,O0018940,P0378,1,23.49,13.57
22787,O0018941,P0054,1,31.91,15.71
22788,O0018942,P0136,2,5.51,3.77
22789,O0018943,P0034,1,40.02,31.47
22790,O0018944,P0257,1,90.28,74.48
22791,O0018945,P0272,1,25.23,19.12
22792,O0018946,P0283,1,22.15,14.28
22793,O0018947,P0127,1,37.04,30.64
22794,O0018947,P0399,1,16.13,11.28
22795,O0018948,P0262,1,22.84,12.16
22796,O0018949,P0121,1,11.09,8.32
22797,O0018949,P0208,1,16.45,14.09
22798,O0018950,P0257,1,90.28,72.03
22799,O0018951,P0177,1,45.34,37.43
22800,O0018952,P0118,2,7.3,3.99
22801,O0018952,P0201,1,29.84,13.42
22802,O0018952,P0122,1,27.74,23.47
22803,O0018953,P0240,1,25.47,21.08
22804,O0018954,P0040,1,21.15,11.64
22805,O0018955,P0237,1,22.38,13.27
22806,O0018956,P0368,1,58.87,35.54
22807,O0018957,P0251,1,41.11,30.28
22808,O0018957,P0344,1,12.43,9.18
22809,O0018957,P0282,1,28.32,19.8
22810,O0018958,P0097,1,109.14,78.25
22811,O0018959,P0209,1,48.72,22.97
22812,O0018959,P0117,1,11.21,9.87
22813,O0018960,P0320,1,67.54,45.65
22814,O0018961,P0258,1,8.13,6.62
22815,O0018962,P0354,1,110.11,62.41
22816,O0018963,P0121,1,12.1,8.22
22817,O0018964,P0247,1,84.85,55.31
22818,O0018965,P0298,1,38.49,18.72
22819,O0018965,P0096,1,13.85,6.8
22820,O0018966,P0392,1,5.0,2.49
22821,O0018967,P0155,1,67.59,27.14
22822,O0018967,P0223,1,141.44,76.65
22823,O0018967,P0008,1,37.87,19.16
22824,O0018968,P0154,1,56.03,28.46
22825,O0018969,P0003,1,20.34,8.55
22826,O0018970,P0274,1,29.11,23.3
22827,O0018971,P0022,1,9.24,6.02
22828,O0018972,P0279,1,7.3,4.35
22829,O0018973,P0042,1,72.6,45.29
22830,O0018974,P0194,2,46.22,34.75
22831,O0018975,P0224,1,12.85,6.52
22832,O0018976,P0049,1,20.58,11.96
22833,O0018977,P0056,1,53.25,43.09
22834,O0018978,P0358,1,7.6,6.84
22835,O0018979,P0366,2,22.18,17.26
22836,O0018980,P0167,1,25.94,21.59
22837,O0018981,P0381,1,19.78,8.56
22838,O0018982,P0372,1,6.53,5.43
22839,O0018983,P0037,1,12.54,9.84
22840,O0018984,P0396,1,67.85,34.97
22841,O0018985,P0284,1,11.42,5.74
22842,O0018985,P0178,1,31.37,24.24
22843,O0018986,P0005,1,86.78,35.49
22844,O0018987,P0229,1,11.96,9.56
22845,O0018988,P0335,1,22.41,13.04
22846,O0018988,P0024,1,25.85,22.04
22847,O0018988,P0192,1,123.77,71.84
22848,O0018989,P0223,1,127.3,76.4
22849,O0018990,P0077,1,11.11,4.59
22850,O0018991,P0319,1,37.48,23.45
22851,O0018992,P0318,1,15.46,10.96
22852,O0018993,P0015,1,15.87,10.86
22853,O0018993,P0126,1,57.0,30.09
22854,O0018994,P0075,1,75.36,53.64
22855,O0018995,P0123,1,25.7,20.21
22856,O0018996,P0168,1,18.02,12.05
22857,O0018997,P0132,1,41.31,23.35
22858,O0018998,P0058,1,18.88,11.4
22859,O0018999,P0235,1,4.62,5.18
22860,O0018999,P0197,1,53.52,29.47
22861,O0018999,P0247,1,84.85,54.1
22862,O0019000,P0341,1,40.7,33.05
22863,O0019001,P0328,2,17.65,8.59
22864,O0019002,P0382,2,10.12,8.94
22865,O0019003,P0082,1,84.77,40.62
22866,O0019004,P0186,1,47.03,39.79
22867,O0019005,P0209,1,48.72,22.19
22868,O0019006,P0244,1,33.32,25.94
22869,O0019007,P0100,1,46.05,35.44
22870,O0019008,P0091,1,37.25,30.41
22871,O0019009,P0023,1,8.48,7.3
22872,O0019009,P0395,1,51.86,21.32
22873,O0019010,P0181,1,24.13,14.03
22874,O0019011,P0321,1,38.93,29.93
22875,O0019012,P0190,1,22.11,14.62
22876,O0019013,P0232,1,106.18,86.11
22877,O0019014,P0163,1,77.71,48.9
22878,O0019015,P0087,1,6.78,3.03
22879,O0019015,P0045,1,23.84,14.91
22880,O0019015,P0013,2,79.24,39.75
22881,O0019016,P0202,1,16.35,13.16
22882,O0019017,P0015,1,15.87,10.75
22883,O0019018,P0001,1,36.5,27.0
22884,O0019019,P0142,1,14.57,10.16
22885,O0019020,P0315,1,13.46,7.88
22886,O0019021,P0357,1,30.69,19.78
22887,O0019022,P0288,1,10.33,8.27
22888,O0019023,P0180,1,13.6,12.2
22889,O0019024,P0152,1,51.13,37.89
22890,O0019025,P0051,1,12.85,11.02
22891,O0019026,P0023,1,6.26,7.15
22892,O0019027,P0239,1,24.64,18.59
22893,O0019028,P0286,1,7.07,4.25
22894,O0019029,P0105,1,23.07,18.7
22895,O0019030,P0016,1,26.81,13.23
22896,O0019031,P0299,1,14.58,7.09
22897,O0019032,P0055,1,26.51,20.65
22898,O0019033,P0293,1,10.7,5.87
22899,O0019033,P0063,1,21.56,14.1
22900,O0019033,P0220,2,36.54,27.2
22901,O0019034,P0185,1,47.48,21.29
22902,O0019035,P0180,1,15.67,12.39
22903,O0019035,P0308,2,44.75,23.43
22904,O0019035,P0333,1,5.0,3.02
22905,O0019036,P0400,1,36.29,18.89
22906,O0019037,P0189,1,31.8,27.51
22907,O0019038,P0136,1,3.91,3.78
22908,O0019039,P0072,1,31.23,19.11
22909,O0019040,P0338,1,5.0,3.47
22910,O0019041,P0308,1,44.75,23.14
22911,O0019042,P0069,1,25.74,11.02
22912,O0019043,P0023,1,8.48,7.36
22913,O0019044,P0289,1,94.61,74.38
22914,O0019045,P0339,1,7.52,3.44
22915,O0019045,P0340,1,61.25,47.33
22916,O0019045,P0328,1,17.65,8.38
22917,O0019046,P0017,2,12.27,10.79
22918,O0019047,P0360,1,43.84,36.83
22919,O0019048,P0004,1,20.34,16.85
22920,O0019049,P0078,1,15.6,10.54
22921,O0019050,P0397,2,43.7,18.3
22922,O0019051,P0277,1,16.05,9.54
22923,O0019052,P0016,1,26.81,13.36
22924,O0019053,P0279,1,7.3,4.64
22925,O0019054,P0121,1,12.1,8.26
22926,O0019055,P0147,1,30.48,21.33
22927,O0019055,P0356,1,57.86,69.63
22928,O0019055,P0096,1,9.87,6.69
22929,O0019056,P0317,1,54.87,29.31
22930,O0019057,P0034,1,40.02,31.84
22931,O0019058,P0177,1,50.38,37.64
22932,O0019059,P0099,1,8.87,6.12
22933,O0019060,P0023,1,8.48,7.1
22934,O0019061,P0216,1,33.83,27.06
22935,O0019062,P0297,1,8.01,3.64
22936,O0019063,P0036,1,51.68,23.03
22937,O0019064,P0341,1,40.7,33.59
22938,O0019065,P0047,1,26.3,14.35
22939,O0019066,P0025,1,44.29,19.64
22940,O0019067,P0141,1,25.44,16.16
22941,O0019068,P0064,1,33.89,24.92
22942,O0019069,P0272,1,25.23,19.23
22943,O0019070,P0259,1,6.28,3.87
22944,O0019071,P0026,1,28.14,13.9
22945,O0019072,P0252,1,73.33,37.95
22946,O0019073,P0297,1,8.01,3.66
22947,O0019074,P0344,1,12.43,9.02
22948,O0019075,P0007,1,16.85,8.4
22949,O0019076,P0031,1,31.79,13.96
22950,O0019076,P0131,1,52.63,42.58
22951,O0019077,P0165,3,11.19,4.77
22952,O0019078,P0234,1,16.86,7.95
22953,O0019079,P0227,2,30.61,17.06
22954,O0019080,P0292,1,10.47,9.32
22955,O0019081,P0222,1,13.28,11.14
22956,O0019081,P0116,1,23.14,18.35
22957,O0019082,P0306,1,44.89,32.05
22958,O0019083,P0348,1,16.31,12.59
22959,O0019084,P0395,1,51.86,21.71
22960,O0019085,P0331,1,43.57,29.31
22961,O0019086,P0351,1,44.95,32.84
22962,O0019087,P0023,1,8.48,7.24
22963,O0019088,P0018,1,19.43,11.59
22964,O0019089,P0063,1,21.56,13.53
22965,O0019090,P0284,1,11.42,6.01
22966,O0019091,P0398,1,9.94,4.6
22967,O0019092,P0228,1,110.05,87.54
22968,O0019092,P0273,1,14.02,11.63
22969,O0019092,P0108,1,78.48,49.04
22970,O0019093,P0033,1,14.27,5.92
22971,O0019093,P0041,1,46.99,36.9
22972,O0019093,P0173,1,30.72,13.57
22973,O0019094,P0069,1,25.74,10.71
22974,O0019095,P0324,1,12.99,7.63
22975,O0019096,P0178,1,28.23,24.96
22976,O0019097,P0240,1,25.47,21.2
22977,O0019098,P0339,1,7.52,3.43
22978,O0019099,P0285,1,13.4,5.43
22979,O0019099,P0031,1,31.79,13.86
22980,O0019100,P0365,1,11.12,9.59
22981,O0019101,P0165,1,11.19,4.78
22982,O0019102,P0156,1,10.18,6.43
22983,O0019103,P0369,1,21.62,16.93
22984,O0019104,P0105,1,23.07,18.42
22985,O0019105,P0354,1,110.11,62.54
22986,O0019106,P0145,1,13.01,5.46
22987,O0019107,P0065,1,30.15,25.59
22988,O0019108,P0356,1,81.19,67.07
22989,O0019109,P0352,1,11.73,8.33
22990,O0019109,P0103,1,20.16,10.52
22991,O0019109,P0194,1,46.22,36.11
22992,O0019110,P0348,2,16.31,12.81
22993,O0019111,P0033,1,12.84,5.73
22994,O0019111,P0098,1,31.87,18.61
22995,O0019111,P0268,1,13.01,5.96
22996,O0019112,P0088,1,28.44,22.47
22997,O0019112,P0200,1,15.63,7.02
22998,O0019113,P0005,1,69.8,35.9
22999,O0019114,P0368,1,58.87,33.97
23000,O0019115,P0271,1,118.13,48.51
23001,O0019116,P0085,1,44.63,36.88
23002,O0019117,P0163,1,77.71,48.04
23003,O0019118,P0154,1,56.03,29.05
23004,O0019119,P0203,1,16.83,7.49
23005,O0019119,P0138,1,52.76,37.82
23006,O0019120,P0081,2,11.76,9.86
23007,O0019121,P0330,1,17.52,11.06
23008,O0019122,P0035,1,55.97,42.08
23009,O0019123,P0342,1,150.89,113.49
23010,O0019124,P0134,1,20.3,8.71
23011,O0019125,P0042,1,72.6,44.65
23012,O0019126,P0223,1,141.44,74.28
23013,O0019127,P0223,1,127.3,73.57
23014,O0019128,P0200,1,15.63,6.86
23015,O0019128,P0287,1,14.63,6.65
23016,O0019128,P0364,1,16.3,13.49
23017,O0019129,P0227,1,32.25,17.18
23018,O0019129,P0328,2,17.65,8.7
23019,O0019130,P0107,1,22.31,17.06
23020,O0019131,P0338,1,5.0,3.37
23021,O0019131,P0259,1,6.28,3.89
23022,O0019131,P0382,1,10.12,8.53
23023,O0019132,P0107,1,24.79,17.05
23024,O0019133,P0010,2,5.31,2.95
23025,O0019134,P0273,1,12.01,11.32
23026,O0019135,P0090,1,40.87,26.74
23027,O0019135,P0244,1,37.02,27.01
23028,O0019135,P0250,1,99.91,58.19
23029,O0019136,P0330,1,17.52,11.35
23030,O0019137,P0157,1,34.99,22.06
23031,O0019137,P0025,1,44.29,19.96
23032,O0019137,P0244,1,37.02,26.61
23033,O0019138,P0248,1,26.91,20.86
23034,O0019139,P0127,1,37.04,30.34
23035,O0019140,P0268,1,13.01,5.79
23036,O0019141,P0266,1,52.67,25.94
23037,O0019142,P0032,1,18.03,15.75
23038,O0019143,P0158,1,45.59,20.6
23039,O0019144,P0003,1,20.34,8.61
23040,O0019145,P0320,1,58.89,45.21
23041,O0019146,P0065,1,30.15,25.31
23042,O0019147,P0046,1,85.77,51.95
23043,O0019148,P0034,1,40.02,31.26
23044,O0019148,P0118,1,7.3,3.92
23045,O0019149,P0075,2,75.36,51.48
23046,O0019150,P0291,1,26.1,17.76
23047,O0019150,P0048,1,14.74,12.53
23048,O0019150,P0320,1,61.14,47.17
23049,O0019151,P0389,1,20.01,12.91
23050,O0019152,P0170,1,9.11,5.94
23051,O0019153,P0184,2,20.87,12.76
23052,O0019154,P0283,1,22.15,13.89
23053,O0019155,P0244,1,37.02,25.93
23054,O0019156,P0049,1,20.58,12.13
23055,O0019156,P0274,1,29.11,24.45
23056,O0019157,P0090,1,41.26,26.78
23057,O0019158,P0044,1,13.18,9.99
23058,O0019158,P0149,1,16.78,11.32
23059,O0019159,P0287,1,14.63,6.85
23060,O0019160,P0167,1,25.94,22.15
23061,O0019161,P0383,1,192.23,85.12
23062,O0019162,P0325,1,26.29,17.78
23063,O0019163,P0152,1,51.13,37.35
23064,O0019164,P0045,1,23.84,15.35
23065,O0019165,P0215,1,19.09,11.8
23066,O0019166,P0309,2,14.44,8.09
23067,O0019167,P0314,1,6.49,4.09
23068,O0019168,P0379,1,107.68,44.52
23069,O0019169,P0095,1,31.01,12.4
23070,O0019170,P0111,1,10.42,8.75
23071,O0019171,P0235,1,6.23,5.41
23072,O0019172,P0242,2,40.38,18.34
23073,O0019173,P0264,1,11.57,6.73
23074,O0019173,P0016,2,26.81,12.87
23075,O0019174,P0185,1,47.48,20.82
23076,O0019175,P0157,1,34.99,22.23
23077,O0019176,P0247,1,84.85,55.99
23078,O0019177,P0057,1,13.99,7.08
23079,O0019178,P0292,1,12.32,8.92
23080,O0019179,P0387,1,23.9,15.82
23081,O0019180,P0029,1,16.97,9.28
23082,O0019181,P0070,1,176.02,92.28
23083,O0019182,P0005,1,86.78,36.36
23084,O0019183,P0094,1,29.54,24.39
23085,O0019184,P0082,3,84.77,38.44
23086,O0019185,P0335,1,24.9,12.82
23087,O0019186,P0315,1,14.56,8.11
23088,O0019186,P0200,1,12.26,7.0
23089,O0019187,P0392,1,5.0,2.51
23090,O0019188,P0325,1,26.29,18.07
23091,O0019189,P0382,1,10.12,8.97
23092,O0019189,P0338,1,3.97,3.45
23093,O0019189,P0356,1,64.3,67.91
23094,O0019190,P0145,2,13.01,5.35
23095,O0019191,P0084,1,18.96,15.1
23096,O0019192,P0330,1,17.52,11.29
23097,O0019193,P0083,1,13.11,10.94
23098,O0019194,P0214,1,12.66,8.67
23099,O0019195,P0324,1,15.13,7.65
23100,O0019196,P0371,1,10.92,6.96
23101,O0019197,P0262,1,22.84,11.9
23102,O0019198,P0280,1,73.22,54.56
23103,O0019199,P0192,1,130.83,71.96
23104,O0019200,P0004,1,20.34,16.42
23105,O0019201,P0023,1,8.48,7.11
23106,O0019202,P0132,1,37.52,22.97
23107,O0019203,P0078,1,15.6,10.24
23108,O0019204,P0188,1,22.8,20.06
23109,O0019205,P0258,1,8.13,6.86
23110,O0019205,P0252,1,73.33,36.38
23111,O0019205,P0041,1,46.99,38.73
23112,O0019206,P0115,2,35.82,31.05
23113,O0019206,P0126,1,57.0,31.4
23114,O0019206,P0095,1,31.01,12.33
23115,O0019207,P0290,1,49.67,31.74
23116,O0019207,P0148,1,49.04,23.61
23117,O0019208,P0152,1,51.13,38.52
23118,O0019209,P0356,1,81.19,67.99
23119,O0019209,P0135,1,140.66,83.66
23120,O0019210,P0006,1,45.33,39.39
23121,O0019211,P0173,1,30.72,13.01
23122,O0019212,P0288,1,10.33,8.4
23123,O0019213,P0257,1,90.28,73.1
23124,O0019214,P0122,1,27.74,23.89
23125,O0019214,P0050,1,32.64,24.3
23126,O0019214,P0140,2,38.02,18.44
23127,O0019215,P0003,1,20.34,8.75
23128,O0019216,P0071,1,21.03,10.0
23129,O0019217,P0269,2,17.65,11.59
23130,O0019217,P0155,1,51.3,27.97
23131,O0019218,P0118,1,7.3,3.89
23132,O0019219,P0107,1,24.79,16.11
23133,O0019220,P0069,2,25.74,11.36
23134,O0019220,P0348,1,16.31,12.73
23135,O0019220,P0345,1,25.98,19.0
23136,O0019221,P0133,1,13.22,8.79
23137,O0019222,P0222,1,13.28,10.85
23138,O0019223,P0046,1,85.77,51.99
23139,O0019224,P0300,1,16.61,8.73
23140,O0019225,P0014,1,18.01,12.81
23141,O0019226,P0231,1,8.53,6.9
23142,O0019227,P0388,1,15.88,6.85
23143,O0019228,P0068,1,24.02,10.43
23144,O0019229,P0170,1,9.11,6.14
23145,O0019230,P0085,1,47.03,36.63
23146,O0019231,P0244,1,37.02,26.04
23147,O0019232,P0353,1,34.15,17.34
23148,O0019232,P0268,1,13.01,5.91
23149,O0019233,P0276,1,18.5,15.33
23150,O0019234,P0145,1,10.21,5.41
23151,O0019234,P0098,1,32.48,18.53
23152,O0019235,P0309,1,14.44,8.05
23153,O0019236,P0285,1,13.4,5.69
23154,O0019237,P0382,1,10.12,9.01
23155,O0019238,P0209,1,48.72,22.05
23156,O0019239,P0349,1,19.77,14.79
23157,O0019240,P0149,1,16.78,11.16
23158,O0019241,P0331,1,49.25,29.11
23159,O0019242,P0365,1,11.12,9.58
23160,O0019243,P0337,1,47.63,40.39
23161,O0019244,P0194,1,46.22,35.41
23162,O0019245,P0031,1,28.61,13.86
23163,O0019246,P0288,1,10.33,8.24
23164,O0019247,P0119,1,29.12,24.63
23165,O0019248,P0067,3,5.29,2.81
23166,O0019249,P0184,1,20.87,12.57
23167,O0019250,P0190,1,22.11,14.4
23168,O0019251,P0364,1,16.3,13.65
23169,O0019251,P0094,1,29.54,24.18
23170,O0019252,P0165,1,11.19,4.95
23171,O0019253,P0302,1,12.62,10.92
23172,O0019254,P0264,1,11.57,6.52
23173,O0019255,P0230,1,36.36,28.24
23174,O0019255,P0123,1,19.63,21.34
23175,O0019256,P0376,1,7.37,3.47
23176,O0019257,P0324,1,15.13,7.41
23177,O0019258,P0366,1,22.18,18.06
23178,O0019259,P0199,1,34.14,23.94
23179,O0019260,P0241,1,17.11,10.42
23180,O0019260,P0089,1,30.2,16.99
23181,O0019261,P0075,1,75.36,50.94
23182,O0019262,P0287,1,14.63,6.69
23183,O0019262,P0180,1,15.67,12.32
23184,O0019263,P0072,1,31.23,19.04
23185,O0019264,P0030,1,57.15,37.1
23186,O0019265,P0109,1,40.47,21.6
23187,O0019266,P0049,1,20.58,12.23
23188,O0019266,P0137,1,16.82,7.86
23189,O0019266,P0377,1,5.0,4.24
23190,O0019267,P0281,1,38.91,24.75
23191,O0019268,P0358,1,9.97,6.72
23192,O0019268,P0108,1,78.48,47.84
23193,O0019269,P0003,1,20.34,8.71
23194,O0019270,P0303,1,20.26,16.93
23195,O0019271,P0295,1,51.47,30.24
23196,O0019271,P0115,1,35.82,30.11
23197,O0019272,P0043,1,32.76,25.45
23198,O0019273,P0375,1,19.93,9.34
23199,O0019274,P0188,1,24.95,20.39
23200,O0019275,P0036,1,51.68,22.29
23201,O0019276,P0188,1,24.95,20.68
23202,O0019277,P0182,1,26.95,19.86
23203,O0019278,P0107,1,24.79,17.15
23204,O0019278,P0261,1,5.0,3.45
23205,O0019278,P0359,1,26.78,19.69
23206,O0019279,P0208,1,20.68,13.54
23207,O0019280,P0344,1,12.43,9.09
23208,O0019280,P0392,1,4.5,2.48
23209,O0019281,P0328,1,17.65,8.22
23210,O0019282,P0221,1,137.35,90.36
23211,O0019283,P0124,1,9.83,7.15
23212,O0019283,P0248,1,26.91,20.95
23213,O0019284,P0320,1,77.73,45.32
23214,O0019285,P0379,1,107.68,45.44
23215,O0019286,P0176,1,48.41,34.87
23216,O0019287,P0055,1,26.51,20.11
23217,O0019288,P0256,1,43.56,33.03
23218,O0019289,P0153,1,133.98,78.1
23219,O0019290,P0263,1,23.55,16.0
23220,O0019291,P0314,2,6.49,3.94
23221,O0019291,P0323,1,33.01,26.68
23222,O0019291,P0127,1,37.04,30.18
23223,O0019292,P0292,2,12.32,9.03
23224,O0019293,P0326,1,19.49,16.68
23225,O0019294,P0135,1,115.72,85.15
23226,O0019295,P0158,1,45.59,21.22
23227,O0019296,P0278,1,15.48,9.81
23228,O0019297,P0276,1,20.56,15.29
23229,O0019298,P0173,1,30.72,13.16
23230,O0019299,P0144,1,23.74,14.96
23231,O0019300,P0355,1,5.91,3.75
23232,O0019301,P0261,1,5.0,3.47
23233,O0019302,P0329,3,33.63,24.11
23234,O0019302,P0386,1,21.86,10.65
23235,O0019303,P0162,1,7.81,3.24
23236,O0019304,P0085,1,47.03,36.04
23237,O0019305,P0236,2,72.46,58.3
23238,O0019306,P0017,2,15.17,10.58
23239,O0019307,P0057,1,13.99,7.08
23240,O0019308,P0267,1,16.05,7.89
23241,O0019309,P0057,1,10.85,7.25
23242,O0019310,P0060,1,27.21,18.85
23243,O0019311,P0318,1,15.46,11.07
23244,O0019311,P0068,1,24.02,10.15
23245,O0019311,P0082,1,84.77,40.68
23246,O0019312,P0122,1,27.74,23.8
23247,O0019313,P0307,1,26.56,17.63
23248,O0019314,P0010,2,5.31,2.88
23249,O0019314,P0160,1,10.81,6.72
23250,O0019315,P0150,1,14.55,10.52
23251,O0019316,P0321,2,38.93,29.86
23252,O0019317,P0325,1,24.35,17.07
23253,O0019318,P0224,1,12.85,6.45
23254,O0019319,P0253,1,57.21,33.15
23255,O0019320,P0222,1,13.28,11.02
23256,O0019321,P0015,1,15.87,10.55
23257,O0019322,P0309,1,14.44,7.87
23258,O0019323,P0114,1,43.43,36.4
23259,O0019324,P0346,1,16.74,13.19
23260,O0019325,P0280,1,73.22,55.9
23261,O0019325,P0281,1,38.91,25.05
23262,O0019325,P0157,1,34.99,21.29
23263,O0019326,P0215,1,22.49,11.78
23264,O0019327,P0250,1,99.91,57.67
23265,O0019328,P0178,1,31.37,23.81
23266,O0019328,P0011,1,10.91,6.0
23267,O0019328,P0226,1,16.11,6.94
23268,O0019329,P0191,1,12.75,6.91
23269,O0019330,P0359,1,26.78,19.1
23270,O0019331,P0267,1,16.05,8.06
23271,O0019332,P0045,1,23.84,15.15
23272,O0019333,P0179,1,12.64,9.57
23273,O0019334,P0052,1,15.41,13.09
23274,O0019335,P0088,1,28.44,23.6
23275,O0019336,P0043,1,32.76,25.36
23276,O0019337,P0397,1,43.7,17.86
23277,O0019337,P0187,1,69.71,37.41
23278,O0019338,P0291,1,23.49,17.53
23279,O0019339,P0344,1,12.43,9.35
23280,O0019340,P0212,1,19.47,8.68
23281,O0019341,P0189,1,31.8,26.88
23282,O0019342,P0329,1,33.63,24.52
23283,O0019343,P0057,1,12.78,7.26
23284,O0019344,P0297,1,6.58,3.62
23285,O0019345,P0045,1,16.86,14.86
23286,O0019346,P0126,1,57.0,31.79
23287,O0019347,P0367,1,25.65,16.76
23288,O0019348,P0312,1,25.49,17.45
23289,O0019349,P0274,1,29.11,24.52
23290,O0019350,P0111,1,10.42,8.42
23291,O0019350,P0209,1,48.72,21.98
23292,O0019350,P0086,1,9.16,6.22
23293,O0019351,P0256,1,43.56,32.39
23294,O0019352,P0101,1,53.02,37.0
23295,O0019353,P0205,1,7.7,5.98
23296,O0019354,P0199,1,34.14,24.07
23297,O0019355,P0354,1,110.11,60.31
23298,O0019356,P0032,1,18.03,15.44
23299,O0019357,P0231,1,8.53,7.31
23300,O0019358,P0054,1,31.91,15.55
23301,O0019359,P0375,1,19.93,9.47
23302,O0019359,P0108,1,67.31,50.35
23303,O0019360,P0168,1,16.22,11.98
23304,O0019361,P0033,1,14.27,5.82
23305,O0019362,P0029,1,16.97,9.13
23306,O0019363,P0380,1,60.42,42.82
23307,O0019364,P0097,1,109.14,78.46
23308,O0019365,P0137,1,16.82,7.57
23309,O0019366,P0091,1,37.25,31.11
23310,O0019366,P0164,1,7.78,6.21
23311,O0019366,P0199,1,34.14,23.85
23312,O0019367,P0262,1,22.84,11.85
23313,O0019367,P0186,1,42.33,39.56
23314,O0019368,P0098,1,35.84,18.24
23315,O0019369,P0296,1,113.02,96.6
23316,O0019370,P0038,1,19.16,13.56
23317,O0019371,P0392,1,5.0,2.38
23318,O0019371,P0022,2,9.24,5.94
23319,O0019372,P0033,1,14.27,6.0
23320,O0019373,P0075,1,75.36,51.15
23321,O0019374,P0046,1,85.77,52.66
23322,O0019374,P0289,1,94.61,73.84
23323,O0019375,P0274,1,29.11,23.72
23324,O0019376,P0228,1,110.05,83.09
23325,O0019377,P0267,1,16.05,7.94
23326,O0019378,P0300,1,16.61,9.0
23327,O0019379,P0206,1,7.96,6.87
23328,O0019380,P0003,1,20.34,8.73
23329,O0019381,P0097,1,109.14,78.22
23330,O0019382,P0315,3,14.56,8.06
23331,O0019383,P0239,1,24.64,18.93
23332,O0019384,P0247,1,84.85,54.96
23333,O0019384,P0010,1,4.78,2.89
23334,O0019384,P0143,1,5.0,3.97
23335,O0019385,P0048,1,19.31,12.65
23336,O0019386,P0040,1,18.8,11.62
23337,O0019387,P0108,1,78.48,48.16
23338,O0019388,P0312,1,25.49,17.23
23339,O0019389,P0357,1,30.69,18.91
23340,O0019390,P0219,1,25.02,17.07
23341,O0019391,P0024,1,28.72,21.86
23342,O0019392,P0373,2,6.3,6.37
23343,O0019393,P0016,1,26.81,13.22
23344,O0019394,P0282,1,31.47,20.56
23345,O0019394,P0240,1,25.47,21.45
23346,O0019394,P0331,1,49.25,28.49
23347,O0019395,P0066,1,23.11,11.8
23348,O0019396,P0224,1,12.85,6.16
23349,O0019397,P0181,1,24.13,14.04
23350,O0019398,P0314,1,6.49,4.11
23351,O0019399,P0344,1,12.43,9.31
23352,O0019400,P0369,1,21.62,17.09
23353,O0019401,P0211,1,24.17,10.4
23354,O0019402,P0316,1,25.48,12.02
23355,O0019403,P0100,1,46.05,35.49
23356,O0019404,P0143,2,5.0,3.77
23357,O0019405,P0171,1,19.56,18.68
23358,O0019406,P0265,1,23.33,16.04
23359,O0019407,P0133,1,13.22,8.68
23360,O0019408,P0104,1,11.71,6.84
23361,O0019409,P0394,1,13.17,7.86
23362,O0019410,P0252,1,73.33,35.97
23363,O0019411,P0304,1,11.87,9.7
23364,O0019412,P0230,1,36.36,28.77
23365,O0019413,P0382,1,10.12,9.0
23366,O0019414,P0001,1,32.97,26.37
23367,O0019415,P0218,1,24.78,16.06
23368,O0019416,P0235,1,6.23,5.28
23369,O0019417,P0361,1,13.03,8.58
23370,O0019417,P0056,1,47.92,43.84
23371,O0019417,P0258,1,7.32,6.63
23372,O0019418,P0294,1,16.1,12.07
23373,O0019419,P0236,1,72.46,55.97
23374,O0019420,P0071,1,21.03,9.75
23375,O0019421,P0225,1,4.5,3.27
23376,O0019422,P0063,1,21.56,13.89
23377,O0019423,P0355,1,5.91,3.68
23378,O0019424,P0151,1,8.95,7.64
23379,O0019425,P0230,1,36.36,27.68
23380,O0019426,P0122,1,27.74,23.26
23381,O0019427,P0314,1,6.49,4.19
23382,O0019427,P0312,1,25.49,17.99
23383,O0019428,P0342,1,150.89,112.26
23384,O0019428,P0058,1,18.88,11.48
23385,O0019429,P0299,1,14.58,7.2
23386,O0019430,P0037,1,12.54,9.71
23387,O0019430,P0291,1,26.1,17.55
23388,O0019430,P0399,1,16.13,11.28
23389,O0019431,P0123,1,25.7,20.32
23390,O0019432,P0028,1,19.28,10.54
23391,O0019433,P0261,1,5.0,3.48
23392,O0019434,P0182,1,26.95,21.15
23393,O0019435,P0189,2,31.8,26.1
23394,O0019436,P0270,1,10.72,5.96
23395,O0019437,P0077,1,11.11,4.59
23396,O0019438,P0037,1,12.54,10.16
23397,O0019439,P0120,1,8.15,6.75
23398,O0019440,P0166,1,35.51,25.56
23399,O0019441,P0056,1,53.25,43.77
23400,O0019442,P0235,1,6.23,5.32
23401,O0019443,P0128,1,29.03,31.25
23402,O0019444,P0253,1,57.21,33.9
23403,O0019445,P0007,1,16.85,8.06
23404,O0019446,P0256,1,43.56,34.23
23405,O0019447,P0226,1,16.11,7.31
23406,O0019448,P0318,1,15.46,11.33
23407,O0019449,P0377,1,5.0,4.23
23408,O0019450,P0353,1,34.15,18.14
23409,O0019451,P0345,1,25.98,19.01
23410,O0019452,P0159,1,5.0,2.49
23411,O0019452,P0091,1,37.25,29.2
23412,O0019453,P0155,1,61.06,28.21
23413,O0019454,P0296,1,113.02,95.53
23414,O0019455,P0266,1,52.67,25.31
23415,O0019456,P0198,1,21.81,10.15
23416,O0019457,P0007,1,16.85,8.07
23417,O0019458,P0196,1,11.97,8.06
23418,O0019459,P0363,1,87.76,73.75
23419,O0019460,P0004,2,20.34,16.76
23420,O0019461,P0309,1,14.44,7.95
23421,O0019462,P0170,1,9.11,5.99
23422,O0019463,P0211,1,24.17,10.52
23423,O0019464,P0038,1,19.16,13.63
23424,O0019465,P0282,1,31.47,20.18
23425,O0019466,P0151,1,8.95,7.6
23426,O0019467,P0321,1,38.93,30.81
23427,O0019468,P0242,1,40.38,19.35
23428,O0019468,P0152,1,51.13,37.62
23429,O0019469,P0289,1,94.61,70.08
23430,O0019470,P0088,1,28.44,23.59
23431,O0019470,P0078,1,15.6,10.76
23432,O0019471,P0042,1,72.6,46.14
23433,O0019472,P0274,1,29.11,23.57
23434,O0019473,P0255,1,19.78,12.64
23435,O0019474,P0243,1,27.01,13.51
23436,O0019475,P0367,1,25.65,17.56
23437,O0019476,P0045,1,23.84,15.5
23438,O0019477,P0144,1,28.48,14.83
23439,O0019478,P0063,1,21.56,13.92
23440,O0019478,P0078,1,15.6,10.67
23441,O0019478,P0139,3,13.84,9.4
23442,O0019479,P0099,1,11.25,6.4
23443,O0019480,P0290,1,49.67,30.86
23444,O0019481,P0077,1,11.11,4.73
23445,O0019481,P0392,3,5.0,2.42
23446,O0019481,P0289,2,94.61,71.56
23447,O0019482,P0239,1,22.82,19.07
23448,O0019483,P0122,1,27.74,24.02
23449,O0019484,P0311,1,6.67,3.08
23450,O0019485,P0252,1,73.33,37.53
23451,O0019486,P0286,1,7.86,4.37
23452,O0019487,P0201,1,29.84,13.43
23453,O0019488,P0352,1,11.73,8.47
23454,O0019489,P0318,1,15.46,11.37
23455,O0019490,P0093,1,14.24,6.89
23456,O0019491,P0291,1,26.1,16.98
23457,O0019492,P0004,1,20.34,16.28
23458,O0019493,P0205,1,7.7,5.94
23459,O0019494,P0230,1,36.36,27.57
23460,O0019495,P0116,1,23.14,18.14
23461,O0019496,P0073,1,51.0,32.52
23462,O0019496,P0396,1,67.85,33.73
23463,O0019496,P0085,2,47.03,37.43
23464,O0019497,P0323,1,33.01,27.71
23465,O0019498,P0010,1,5.31,2.83
23466,O0019499,P0373,1,8.74,6.58
23467,O0019500,P0386,1,21.86,10.56
23468,O0019501,P0075,1,62.35,50.7
23469,O0019502,P0258,1,8.13,6.78
23470,O0019502,P0187,1,69.71,38.02
23471,O0019502,P0011,1,10.91,5.73
23472,O0019503,P0389,1,20.01,12.66
23473,O0019503,P0217,1,29.35,12.86
23474,O0019504,P0193,1,61.96,47.64
23475,O0019505,P0252,1,73.33,36.91
23476,O0019505,P0337,1,47.63,38.86
23477,O0019506,P0235,1,6.23,5.17
23478,O0019507,P0159,1,5.0,2.42
23479,O0019508,P0163,1,77.71,49.64
23480,O0019509,P0225,1,5.0,3.46
23481,O0019510,P0055,1,26.51,20.85
23482,O0019511,P0035,1,55.97,43.86
23483,O0019512,P0127,1,37.04,29.1
23484,O0019513,P0399,1,16.13,11.46
23485,O0019514,P0039,1,15.05,8.97
23486,O0019514,P0265,1,20.69,16.55
23487,O0019514,P0086,1,8.37,6.09
23488,O0019515,P0176,1,48.41,35.4
23489,O0019516,P0310,1,38.72,23.72
23490,O0019516,P0168,1,18.02,12.3
23491,O0019517,P0336,1,85.69,75.26
23492,O0019518,P0187,1,69.71,37.95
23493,O0019518,P0172,1,39.28,31.92
23494,O0019519,P0294,1,21.07,12.42
23495,O0019520,P0046,3,85.77,50.27
23496,O0019521,P0386,3,21.86,10.7
23497,O0019522,P0195,1,24.29,10.6
23498,O0019523,P0030,1,57.15,36.31
23499,O0019524,P0006,1,45.33,38.85
23500,O0019525,P0208,1,20.68,14.01
23501,O0019526,P0009,1,29.77,17.98
23502,O0019526,P0030,1,57.15,37.32
23503,O0019527,P0165,1,11.19,4.99
23504,O0019528,P0389,1,20.01,13.26
23505,O0019528,P0375,1,19.93,9.53
23506,O0019529,P0357,1,30.69,19.39
23507,O0019530,P0265,1,23.33,16.71
23508,O0019531,P0250,1,99.91,59.49
23509,O0019532,P0171,1,21.73,17.99
23510,O0019533,P0246,1,68.18,48.29
23511,O0019534,P0122,1,27.74,24.14
23512,O0019534,P0240,1,25.47,22.04
23513,O0019535,P0139,1,13.84,9.53
23514,O0019536,P0216,1,33.83,26.61
23515,O0019537,P0186,1,47.03,37.61
23516,O0019537,P0249,1,127.56,105.85
23517,O0019538,P0255,1,19.78,12.72
23518,O0019539,P0273,1,14.02,11.27
23519,O0019540,P0164,1,7.78,6.28
23520,O0019540,P0043,1,32.76,25.38
23521,O0019541,P0138,1,58.62,38.95
23522,O0019542,P0190,1,22.11,14.77
23523,O0019543,P0093,1,14.24,6.63
23524,O0019544,P0361,2,13.03,8.76
23525,O0019545,P0260,1,23.47,20.18
23526,O0019546,P0244,1,37.02,26.1
23527,O0019547,P0008,1,37.87,18.11
23528,O0019548,P0201,1,29.84,12.85
23529,O0019549,P0067,1,5.29,2.74
23530,O0019550,P0240,1,25.47,21.68
23531,O0019551,P0224,1,12.85,6.14
23532,O0019552,P0362,1,35.77,24.15
23533,O0019553,P0157,1,34.99,22.25
23534,O0019554,P0299,1,12.88,7.26
23535,O0019555,P0275,1,17.24,17.51
23536,O0019556,P0289,1,94.61,74.34
23537,O0019557,P0139,1,13.84,9.39
23538,O0019558,P0187,1,69.71,39.55
23539,O0019559,P0128,1,37.0,30.83
23540,O0019560,P0205,1,7.7,6.15
23541,O0019561,P0092,1,31.11,23.72
23542,O0019562,P0181,1,24.13,13.51
23543,O0019563,P0176,1,39.24,35.83
23544,O0019564,P0226,1,16.11,7.17
23545,O0019564,P0169,1,87.25,53.1
23546,O0019565,P0163,1,77.71,49.08
23547,O0019566,P0334,1,10.95,6.01
23548,O0019567,P0044,1,14.64,9.8
23549,O0019568,P0386,1,21.86,10.88
23550,O0019568,P0196,1,11.97,8.12
23551,O0019569,P0227,1,32.25,17.47
23552,O0019570,P0001,1,32.85,26.22
23553,O0019571,P0311,1,6.67,3.08
23554,O0019572,P0212,1,19.47,9.21
23555,O0019573,P0112,1,36.09,30.94
23556,O0019574,P0180,1,15.67,12.34
23557,O0019575,P0048,1,19.31,12.74
23558,O0019576,P0087,1,6.78,3.09
23559,O0019576,P0271,1,118.13,48.41
23560,O0019577,P0215,1,19.23,12.16
23561,O0019578,P0324,1,15.13,7.47
23562,O0019578,P0280,1,65.9,52.92
23563,O0019578,P0042,1,72.6,46.17
23564,O0019579,P0129,1,37.04,28.08
23565,O0019580,P0225,1,5.0,3.3
23566,O0019581,P0213,1,31.76,24.53
23567,O0019582,P0067,1,5.29,2.89
23568,O0019583,P0255,1,19.78,12.85
23569,O0019583,P0100,1,46.05,33.34
23570,O0019583,P0137,1,16.82,7.7
23571,O0019584,P0279,1,7.3,4.36
23572,O0019585,P0115,1,35.82,30.59
23573,O0019586,P0056,1,53.25,44.82
23574,O0019587,P0105,1,23.07,18.58
23575,O0019588,P0176,1,48.41,35.03
23576,O0019589,P0392,1,4.5,2.42
23577,O0019590,P0145,1,13.01,5.55
23578,O0019591,P0121,1,12.1,8.13
23579,O0019591,P0340,1,61.25,48.2
23580,O0019592,P0078,1,15.6,10.59
23581,O0019593,P0248,1,26.91,22.13
23582,O0019594,P0185,1,47.48,21.26
23583,O0019595,P0324,1,15.13,7.57
23584,O0019596,P0332,1,18.9,15.01
23585,O0019597,P0349,1,19.77,15.14
23586,O0019598,P0110,1,12.36,5.07
23587,O0019598,P0362,1,35.77,24.21
23588,O0019599,P0309,1,14.44,8.21
23589,O0019599,P0248,1,26.91,21.43
23590,O0019599,P0266,1,52.67,25.24
23591,O0019600,P0079,1,7.1,4.83
23592,O0019601,P0154,1,46.58,29.35
23593,O0019602,P0262,1,22.84,12.0
23594,O0019603,P0133,1,13.22,8.62
23595,O0019603,P0082,1,84.77,39.44
23596,O0019604,P0392,1,5.0,2.36
23597,O0019605,P0148,1,49.04,23.05
23598,O0019606,P0062,1,17.52,10.09
23599,O0019606,P0231,1,8.53,7.07
23600,O0019607,P0086,1,9.16,5.85
23601,O0019608,P0314,1,5.51,4.08
23602,O0019609,P0079,1,7.1,4.88
23603,O0019610,P0119,1,29.12,24.53
23604,O0019611,P0370,1,17.44,7.03
23605,O0019612,P0148,1,49.04,23.67
23606,O0019612,P0190,1,22.11,15.08
23607,O0019613,P0304,1,10.5,9.75
23608,O0019613,P0289,1,94.61,72.16
23609,O0019613,P0246,1,59.9,48.05
23610,O0019614,P0178,1,31.37,25.06
23611,O0019615,P0045,1,23.84,15.58
23612,O0019616,P0101,1,53.02,38.67
23613,O0019617,P0133,1,13.22,8.74
23614,O0019618,P0138,1,58.62,37.28
23615,O0019619,P0194,1,46.22,34.37
23616,O0019620,P0222,1,13.28,11.21
23617,O0019621,P0016,1,26.81,13.4
23618,O0019622,P0221,1,123.62,92.84
23619,O0019623,P0226,1,16.11,7.22
23620,O0019624,P0117,1,12.46,10.15
23621,O0019625,P0254,1,6.01,3.65
23622,O0019626,P0397,1,43.7,18.32
23623,O0019627,P0033,1,14.27,5.63
23624,O0019628,P0056,1,53.25,42.83
23625,O0019629,P0061,1,5.63,3.68
23626,O0019630,P0369,2,21.62,17.04
23627,O0019631,P0130,1,534.96,368.24
23628,O0019632,P0204,1,29.54,25.43
23629,O0019633,P0048,1,19.31,12.65
23630,O0019634,P0314,1,5.96,4.15
23631,O0019635,P0247,1,84.85,53.8
23632,O0019636,P0093,1,12.71,6.82
23633,O0019637,P0234,1,16.86,8.05
23634,O0019637,P0115,1,35.82,30.55
23635,O0019637,P0376,1,7.37,3.52
23636,O0019638,P0115,1,35.82,30.62
23637,O0019639,P0073,1,61.21,31.56
23638,O0019640,P0082,1,84.77,39.01
23639,O0019641,P0141,2,25.44,17.11
23640,O0019642,P0185,1,47.48,22.06
23641,O0019643,P0100,1,46.05,34.95
23642,O0019644,P0243,1,20.43,13.73
23643,O0019645,P0384,1,19.42,19.79
23644,O0019646,P0198,1,21.81,10.07
23645,O0019646,P0216,1,33.83,26.79
23646,O0019647,P0124,1,9.83,7.18
23647,O0019647,P0363,1,87.76,74.52
23648,O0019647,P0374,1,8.71,5.5
23649,O0019648,P0294,1,21.07,11.71
23650,O0019649,P0300,1,13.32,8.88
23651,O0019650,P0316,1,25.48,11.77
23652,O0019651,P0315,1,14.56,8.22
23653,O0019652,P0166,1,35.51,24.56
23654,O0019652,P0102,1,34.13,22.19
23655,O0019652,P0152,1,51.13,37.82
23656,O0019653,P0374,2,7.84,5.45
23657,O0019654,P0343,1,16.99,9.03
23658,O0019655,P0364,1,16.3,13.23
23659,O0019656,P0300,1,16.61,8.92
23660,O0019657,P0177,1,50.38,38.21
23661,O0019657,P0183,2,38.0,30.95
23662,O0019657,P0137,1,16.82,8.07
23663,O0019658,P0308,1,44.75,24.16
23664,O0019659,P0075,1,75.36,51.12
23665,O0019660,P0245,1,7.19,3.27
23666,O0019661,P0235,1,6.23,5.45
23667,O0019662,P0251,1,41.11,30.77
23668,O0019663,P0197,1,53.52,31.15
23669,O0019664,P0115,1,35.82,29.82
23670,O0019664,P0271,1,118.13,51.1
23671,O0019664,P0329,1,33.63,24.07
23672,O0019665,P0377,1,4.5,4.23
23673,O0019666,P0098,1,35.84,17.87
23674,O0019667,P0098,1,35.84,17.64
23675,O0019668,P0124,2,9.83,7.48
23676,O0019669,P0244,1,37.02,26.87
23677,O0019670,P0228,1,110.05,86.07
23678,O0019671,P0041,1,35.73,38.5
23679,O0019672,P0137,1,16.82,7.83
23680,O0019673,P0216,1,29.47,27.41
23681,O0019674,P0095,2,31.01,12.49
23682,O0019675,P0115,1,35.82,31.09
23683,O0019676,P0227,1,32.25,18.0
23684,O0019677,P0037,1,12.54,9.95
23685,O0019678,P0128,1,37.0,29.64
23686,O0019678,P0221,1,137.35,94.98
23687,O0019679,P0304,2,11.87,9.77
23688,O0019680,P0147,1,36.74,21.99
23689,O0019681,P0037,1,12.54,10.3
23690,O0019682,P0040,1,17.95,11.96
23691,O0019683,P0099,1,11.25,6.21
23692,O0019684,P0008,1,37.87,18.93
23693,O0019685,P0090,1,45.85,25.4
23694,O0019685,P0348,1,16.31,13.08
23695,O0019685,P0280,1,73.22,55.78
23696,O0019686,P0357,1,30.69,18.89
23697,O0019686,P0130,1,534.96,366.74
23698,O0019687,P0009,1,29.77,17.82
23699,O0019688,P0300,1,16.61,8.85
23700,O0019688,P0379,1,107.68,43.03
23701,O0019689,P0150,1,14.55,10.76
23702,O0019690,P0033,1,14.27,5.9
23703,O0019691,P0394,1,10.34,8.07
23704,O0019692,P0336,1,93.8,74.74
23705,O0019693,P0237,1,22.38,13.1
23706,O0019694,P0295,1,51.47,29.97
23707,O0019695,P0082,1,76.29,39.86
23708,O0019696,P0395,1,51.86,22.05
23709,O0019697,P0205,1,7.7,5.86
23710,O0019698,P0056,1,42.12,42.86
23711,O0019699,P0380,1,60.42,42.1
23712,O0019700,P0292,2,12.32,9.14
23713,O0019701,P0227,1,32.25,18.1
23714,O0019702,P0297,1,8.01,3.71
23715,O0019702,P0102,1,34.13,22.26
23716,O0019703,P0364,1,16.3,13.81
23717,O0019703,P0075,1,75.36,53.16
23718,O0019704,P0050,1,29.38,23.72
23719,O0019704,P0274,1,29.11,24.0
23720,O0019705,P0160,1,9.73,6.51
23721,O0019706,P0234,1,16.86,7.92
23722,O0019707,P0158,1,45.59,19.9
23723,O0019708,P0328,1,16.14,8.55
23724,O0019709,P0138,1,58.62,37.55
23725,O0019710,P0184,1,20.87,12.93
23726,O0019711,P0206,2,7.96,6.61
23727,O0019712,P0193,1,61.96,49.0
23728,O0019713,P0346,1,16.74,13.39
23729,O0019714,P0126,1,47.46,30.83
23730,O0019715,P0198,1,21.81,9.93
23731,O0019716,P0369,1,21.62,17.0
23732,O0019717,P0366,1,22.18,18.08
23733,O0019718,P0264,1,10.41,6.58
23734,O0019719,P0261,1,4.59,3.38
23735,O0019719,P0065,1,30.15,25.26
23736,O0019720,P0103,1,20.16,10.61
23737,O0019721,P0090,3,45.85,26.21
23738,O0019722,P0122,1,27.74,23.79
23739,O0019723,P0150,1,14.55,10.56
23740,O0019724,P0288,1,10.33,8.41
23741,O0019725,P0037,1,12.54,9.82
23742,O0019726,P0357,1,30.69,18.88
23743,O0019727,P0355,1,5.91,3.56
23744,O0019727,P0349,1,19.77,15.68
23745,O0019728,P0376,1,7.37,3.7
23746,O0019728,P0232,1,106.18,87.97
23747,O0019729,P0339,1,7.52,3.54
23748,O0019730,P0031,1,31.79,14.25
23749,O0019730,P0253,1,57.21,33.76
23750,O0019731,P0069,1,25.74,10.89
23751,O0019732,P0010,1,4.78,2.93
23752,O0019733,P0300,1,16.61,8.93
23753,O0019734,P0186,1,47.03,37.47
23754,O0019735,P0341,1,40.7,33.98
23755,O0019736,P0099,1,11.25,6.44
23756,O0019737,P0341,1,40.7,32.45
23757,O0019737,P0301,1,25.5,14.82
23758,O0019738,P0327,1,32.14,16.14
23759,O0019739,P0293,1,10.7,5.76
23760,O0019740,P0372,1,6.53,5.21
23761,O0019741,P0314,1,5.96,3.94
23762,O0019742,P0189,1,31.8,25.82
23763,O0019743,P0022,1,9.24,5.95
23764,O0019744,P0296,1,113.02,98.08
23765,O0019745,P0136,1,5.51,3.85
23766,O0019746,P0336,1,93.8,76.5
23767,O0019747,P0242,1,40.38,18.77
23768,O0019748,P0239,1,24.64,19.07
23769,O0019749,P0354,1,110.11,64.22
23770,O0019750,P0201,1,29.84,13.51
23771,O0019751,P0073,1,61.21,30.57
23772,O0019751,P0173,1,30.72,13.61
23773,O0019752,P0184,1,20.87,12.26
23774,O0019753,P0359,1,26.78,20.04
23775,O0019754,P0230,1,36.36,29.13
23776,O0019755,P0382,1,10.12,8.67
23777,O0019756,P0055,3,26.51,20.16
23778,O0019757,P0009,1,29.77,17.57
23779,O0019757,P0337,1,47.63,38.07
23780,O0019758,P0353,1,34.15,17.55
23781,O0019758,P0316,1,25.48,11.52
23782,O0019758,P0290,1,49.67,30.89
23783,O0019759,P0006,2,45.33,38.83
23784,O0019759,P0085,1,47.03,36.8
23785,O0019760,P0212,1,19.47,8.81
23786,O0019761,P0141,1,25.44,17.06
23787,O0019762,P0137,1,16.82,7.86
23788,O0019763,P0205,1,7.7,5.95
23789,O0019764,P0019,1,24.27,10.24
23790,O0019765,P0107,1,24.79,16.91
23791,O0019766,P0045,1,23.84,15.15
23792,O0019767,P0178,1,31.37,24.87
23793,O0019767,P0057,1,13.99,6.95
23794,O0019767,P0044,1,14.64,9.38
23795,O0019768,P0234,1,16.86,8.25
23796,O0019768,P0360,1,43.84,36.45
23797,O0019768,P0112,1,36.09,29.99
23798,O0019769,P0219,1,22.52,17.3
23799,O0019770,P0162,1,7.81,3.25
23800,O0019771,P0330,1,17.52,11.02
23801,O0019772,P0161,1,90.55,62.69
23802,O0019773,P0034,1,40.02,31.1
23803,O0019774,P0214,1,9.16,8.66
23804,O0019775,P0106,1,32.23,22.77
23805,O0019776,P0371,1,10.92,6.96
23806,O0019777,P0355,1,5.91,3.68
23807,O0019778,P0329,1,33.63,23.72
23808,O0019779,P0096,2,13.85,6.78
23809,O0019780,P0388,1,15.88,6.97
23810,O0019781,P0066,1,23.11,11.83
23811,O0019782,P0330,1,17.52,11.45
23812,O0019783,P0389,1,20.01,13.23
23813,O0019784,P0298,1,27.86,18.64
23814,O0019785,P0303,1,20.26,17.43
23815,O0019786,P0189,1,25.14,26.53
23816,O0019787,P0272,1,25.23,19.25
23817,O0019788,P0020,1,10.53,8.43
23818,O0019789,P0121,1,12.1,8.38
23819,O0019790,P0245,1,7.19,3.34
23820,O0019791,P0029,1,16.97,9.24
23821,O0019792,P0324,1,15.13,7.62
23822,O0019793,P0117,1,12.46,9.86
23823,O0019794,P0352,1,11.73,8.38
23824,O0019795,P0214,1,12.66,8.33
23825,O0019796,P0388,1,15.88,7.1
23826,O0019797,P0122,1,27.74,23.78
23827,O0019798,P0080,1,25.92,12.25
23828,O0019799,P0092,1,31.11,23.36
23829,O0019800,P0297,1,7.21,3.6
23830,O0019800,P0054,1,31.91,15.87
23831,O0019801,P0271,1,118.13,48.77
23832,O0019802,P0357,1,30.69,19.51
23833,O0019803,P0131,1,52.63,42.94
23834,O0019804,P0136,1,5.51,3.61
23835,O0019804,P0032,1,18.03,15.41
23836,O0019805,P0191,1,12.75,6.85
23837,O0019806,P0232,1,106.18,87.71
23838,O0019807,P0030,1,57.15,36.8
23839,O0019808,P0246,1,68.18,49.39
23840,O0019808,P0356,1,81.19,67.73
23841,O0019809,P0122,1,27.74,23.53
23842,O0019810,P0108,1,78.48,49.25
23843,O0019811,P0023,1,8.48,7.05
23844,O0019812,P0039,1,14.81,9.24
23845,O0019813,P0315,1,14.56,8.33
23846,O0019814,P0242,1,40.38,18.14
23847,O0019815,P0332,1,18.9,15.0
23848,O0019816,P0244,1,37.02,26.36
23849,O0019817,P0123,2,25.7,21.08
23850,O0019818,P0174,1,13.42,7.97
23851,O0019819,P0191,1,12.75,6.8
23852,O0019820,P0336,1,93.8,76.66
23853,O0019821,P0278,1,15.48,9.45
23854,O0019821,P0391,1,66.48,31.54
23855,O0019822,P0372,1,6.53,5.3
23856,O0019823,P0034,1,40.02,30.2
23857,O0019824,P0105,1,18.17,18.4
23858,O0019825,P0024,1,28.72,21.13
23859,O0019826,P0149,1,16.78,10.93
23860,O0019827,P0168,1,18.02,11.77
23861,O0019827,P0315,1,14.56,8.38
23862,O0019828,P0069,2,25.74,11.08
23863,O0019828,P0274,1,29.11,23.58
23864,O0019828,P0137,1,16.82,7.76
23865,O0019829,P0278,1,15.48,9.43
23866,O0019830,P0382,1,10.12,8.66
23867,O0019831,P0392,1,5.0,2.38
23868,O0019832,P0004,1,20.34,16.55
23869,O0019833,P0387,1,23.9,15.84
23870,O0019833,P0266,1,52.67,25.17
23871,O0019833,P0154,1,56.03,29.61
23872,O0019834,P0148,1,49.04,23.09
23873,O0019835,P0163,1,77.71,49.9
23874,O0019836,P0115,1,35.82,29.56
23875,O0019837,P0029,1,16.97,8.95
23876,O0019837,P0206,1,7.96,6.89
23877,O0019838,P0375,1,19.93,9.39
23878,O0019839,P0061,1,7.91,3.65
23879,O0019840,P0095,1,31.01,12.3
23880,O0019841,P0228,1,110.05,84.64
23881,O0019842,P0129,2,37.04,27.96
23882,O0019843,P0292,1,12.32,9.26
23883,O0019844,P0086,2,9.16,6.01
23884,O0019845,P0230,1,36.36,27.8
23885,O0019846,P0099,1,11.25,6.21
23886,O0019847,P0051,1,12.85,10.55
23887,O0019848,P0019,1,24.27,9.98
23888,O0019849,P0269,1,20.99,11.49
23889,O0019850,P0072,1,31.23,19.5
23890,O0019851,P0341,1,40.7,32.57
23891,O0019851,P0257,1,90.28,74.15
23892,O0019851,P0067,1,5.29,2.75
23893,O0019852,P0347,3,56.26,26.37
23894,O0019853,P0332,1,18.9,14.74
23895,O0019854,P0042,1,65.34,46.26
23896,O0019855,P0121,1,9.78,8.17
23897,O0019856,P0213,1,31.76,23.37
23898,O0019856,P0007,1,16.85,8.18
23899,O0019857,P0130,1,534.96,379.99
23900,O0019858,P0272,2,25.23,19.99
23901,O0019859,P0069,1,25.74,11.16
23902,O0019860,P0062,1,17.52,9.66
23903,O0019861,P0144,1,28.48,14.84
23904,O0019861,P0170,1,9.11,6.15
23905,O0019861,P0310,1,38.72,23.73
23906,O0019862,P0333,1,4.67,3.17
23907,O0019863,P0094,1,29.54,24.34
23908,O0019864,P0008,1,37.87,18.25
23909,O0019865,P0378,1,23.49,13.5
23910,O0019866,P0130,1,385.18,384.3
23911,O0019867,P0250,1,99.91,60.15
23912,O0019868,P0339,1,7.52,3.42
23913,O0019869,P0012,1,31.54,17.81
23914,O0019870,P0136,1,5.51,3.7
23915,O0019871,P0172,1,39.28,33.06
23916,O0019872,P0050,1,29.38,23.88
23917,O0019873,P0096,1,13.85,6.59
23918,O0019874,P0349,1,19.77,14.72
23919,O0019875,P0114,1,39.09,35.65
23920,O0019876,P0297,1,8.01,3.64
23921,O0019877,P0376,1,7.37,3.59
23922,O0019877,P0017,1,13.65,11.06
23923,O0019877,P0181,1,24.13,13.46
23924,O0019878,P0229,3,11.96,9.95
23925,O0019879,P0386,1,21.86,10.74
23926,O0019880,P0262,1,22.84,12.15
23927,O0019881,P0282,1,31.47,20.11
23928,O0019882,P0236,1,72.46,56.86
23929,O0019883,P0226,1,16.11,7.34
23930,O0019884,P0075,1,67.82,53.15
23931,O0019885,P0040,1,21.15,11.48
23932,O0019886,P0257,1,90.28,70.71
23933,O0019887,P0211,1,17.98,10.24
23934,O0019888,P0289,1,94.61,74.49
23935,O0019889,P0256,1,43.56,33.81
23936,O0019890,P0270,1,10.72,6.22
23937,O0019891,P0025,1,44.29,20.37
23938,O0019892,P0358,1,8.97,7.07
23939,O0019893,P0046,1,85.77,51.14
23940,O0019894,P0141,1,25.44,16.5
23941,O0019895,P0381,1,19.78,8.64
23942,O0019896,P0147,1,36.74,22.05
23943,O0019897,P0248,1,26.91,21.02
23944,O0019898,P0111,1,10.42,8.6
23945,O0019899,P0216,1,33.83,26.48
23946,O0019900,P0157,1,34.99,21.49
23947,O0019901,P0007,1,16.85,8.13
23948,O0019901,P0214,1,12.66,8.25
23949,O0019901,P0063,1,21.56,13.86
23950,O0019902,P0065,2,30.15,26.02
23951,O0019903,P0210,1,21.59,13.63
23952,O0019904,P0074,2,44.77,34.15
23953,O0019905,P0358,1,9.97,7.0
23954,O0019906,P0388,1,13.87,6.99
23955,O0019906,P0082,1,84.77,39.35
23956,O0019907,P0225,1,3.92,3.39
23957,O0019908,P0170,1,9.11,5.83
23958,O0019909,P0207,1,13.81,10.48
23959,O0019910,P0221,1,137.35,90.66
23960,O0019911,P0095,1,31.01,12.71
23961,O0019912,P0331,1,49.25,28.41
23962,O0019913,P0076,1,7.99,5.24
23963,O0019914,P0297,1,8.01,3.57
23964,O0019915,P0388,1,15.88,7.05
23965,O0019916,P0338,1,5.0,3.49
23966,O0019916,P0362,1,35.77,24.79
23967,O0019917,P0017,1,13.78,10.65
23968,O0019918,P0201,1,29.84,13.52
23969,O0019919,P0091,1,37.25,29.91
23970,O0019920,P0070,1,176.02,96.49
23971,O0019921,P0001,1,36.5,26.36
23972,O0019922,P0224,1,12.85,6.25
23973,O0019923,P0060,1,30.23,18.76
23974,O0019924,P0303,1,20.26,16.8
23975,O0019925,P0345,1,25.98,19.46
23976,O0019926,P0038,1,19.16,13.08
23977,O0019927,P0032,1,18.03,15.37
23978,O0019928,P0386,1,21.86,11.12
23979,O0019929,P0068,1,24.02,10.23
23980,O0019930,P0234,1,16.86,7.82
23981,O0019931,P0108,1,78.48,48.91
23982,O0019932,P0018,1,19.43,12.16
23983,O0019933,P0106,1,32.23,21.84
23984,O0019933,P0184,1,20.87,12.29
23985,O0019933,P0165,1,11.19,4.91
23986,O0019934,P0143,1,5.0,3.96
23987,O0019935,P0018,1,19.43,11.64
23988,O0019936,P0208,1,18.3,13.65
23989,O0019937,P0272,1,25.23,19.0
23990,O0019938,P0024,2,28.72,22.53
23991,O0019938,P0064,1,33.89,25.37
23992,O0019939,P0245,1,6.56,3.36
23993,O0019940,P0003,1,20.34,8.86
23994,O0019941,P0161,1,90.55,62.84
23995,O0019942,P0067,1,5.29,2.92
23996,O0019943,P0249,1,127.56,101.15
23997,O0019944,P0094,1,29.54,23.52
23998,O0019944,P0182,1,24.26,20.59
23999,O0019945,P0098,1,35.84,17.74
24000,O0019946,P0013,1,79.24,39.34
24001,O0019947,P0002,1,21.96,14.7
24002,O0019947,P0137,1,16.82,7.66
24003,O0019947,P0297,1,8.01,3.52
24004,O0019948,P0122,1,27.74,23.22
24005,O0019948,P0331,1,49.25,29.34
24006,O0019948,P0017,1,15.17,10.55
24007,O0019949,P0249,1,127.56,101.32
24008,O0019949,P0271,2,118.13,50.07
24009,O0019949,P0120,1,9.06,6.52
24010,O0019950,P0358,1,9.97,6.88
24011,O0019950,P0326,1,21.66,17.31
24012,O0019950,P0267,1,14.44,7.9
24013,O0019951,P0075,1,75.36,54.02
24014,O0019951,P0368,1,58.87,34.31
24015,O0019951,P0302,1,12.62,10.44
24016,O0019952,P0065,2,30.15,24.82
24017,O0019953,P0313,1,40.89,19.95
24018,O0019954,P0392,1,5.0,2.51
24019,O0019955,P0221,1,96.47,93.82
24020,O0019956,P0237,1,22.38,13.12
24021,O0019957,P0373,1,7.55,6.69
24022,O0019958,P0291,1,26.1,17.52
24023,O0019959,P0066,1,23.11,12.32
24024,O0019960,P0188,1,24.95,19.85
24025,O0019961,P0084,1,18.96,15.82
24026,O0019962,P0191,1,12.75,6.69
24027,O0019963,P0393,1,7.21,5.47
24028,O0019964,P0288,1,10.33,8.17
24029,O0019965,P0133,1,13.22,9.04
24030,O0019966,P0347,1,56.26,25.63
24031,O0019967,P0302,1,12.62,10.51
24032,O0019968,P0250,1,99.91,58.49
24033,O0019969,P0283,1,22.15,13.96
24034,O0019970,P0068,1,24.02,9.97
24035,O0019971,P0117,1,12.46,9.59
24036,O0019972,P0323,1,33.01,27.35
24037,O0019972,P0333,1,5.0,3.12
24038,O0019972,P0037,1,12.54,10.07
24039,O0019973,P0337,1,47.63,39.79
24040,O0019974,P0146,1,22.38,18.45
24041,O0019975,P0078,1,15.6,10.76
24042,O0019976,P0137,1,16.82,7.63
24043,O0019977,P0272,1,25.23,19.71
24044,O0019978,P0207,1,13.81,10.71
24045,O0019979,P0184,1,20.87,12.66
24046,O0019980,P0359,1,26.78,20.06
24047,O0019981,P0195,1,24.29,10.32
24048,O0019982,P0157,1,34.99,22.34
24049,O0019983,P0207,1,13.81,10.59
24050,O0019984,P0107,1,24.79,16.49
24051,O0019985,P0378,1,23.49,13.16
24052,O0019986,P0129,1,26.77,27.72
24053,O0019986,P0261,1,3.64,3.37
24054,O0019986,P0316,1,25.48,11.74
24055,O0019987,P0282,1,31.47,20.79
24056,O0019987,P0377,1,5.0,4.06
24057,O0019988,P0210,1,21.59,13.25
24058,O0019989,P0275,1,20.18,17.14
24059,O0019990,P0273,1,14.02,11.35
24060,O0019990,P0092,1,31.11,23.37
24061,O0019991,P0235,1,6.23,5.46
24062,O0019992,P0284,1,11.42,5.78
24063,O0019993,P0242,1,40.38,18.44
24064,O0019994,P0352,1,11.73,8.33
24065,O0019995,P0080,1,25.92,12.18
24066,O0019996,P0250,1,99.91,59.42
24067,O0019996,P0012,1,31.54,18.4
24068,O0019997,P0378,1,23.49,13.27
24069,O0019998,P0052,1,16.42,12.56
24070,O0019999,P0372,1,5.14,5.45
24071,O0020000,P0094,1,29.54,23.77
24072,O0020000,P0395,1,51.86,21.33
24073,O0020000,P0076,1,7.99,5.13
